Copyright 1986-2022 Xilinx, Inc. All Rights Reserved. Copyright 2022-2025 Advanced Micro Devices, Inc. All Rights Reserved.
-----------------------------------------------------------------------------------------------------------------------------------------------------------------------------------
| Tool Version : Vivado v.2025.1 (win64) Build 6140274 Thu May 22 00:12:29 MDT 2025
| Date         : Mon Aug 17 15:04:06 2026
| Host         : LAPTOP-7VHB4FBR running 64-bit major release  (build 9200)
| Command      : report_timing_summary -delay_type max -max_paths 20 -report_unconstrained -check_timing_verbose -file D:/_codex_dma_mmu/reports/ddr3_controller/timing_routed.rpt
| Design       : axi_ddr3_controller
| Device       : 7vx485t-ffg1761
| Speed File   : -2  PRODUCTION 1.12 2014-09-11
| Design State : Physopt postRoute
-----------------------------------------------------------------------------------------------------------------------------------------------------------------------------------

Timing Summary Report

------------------------------------------------------------------------------------------------
| Timer Settings
| --------------
------------------------------------------------------------------------------------------------

  Enable Multi Corner Analysis               :  Yes
  Enable Pessimism Removal                   :  Yes
  Pessimism Removal Resolution               :  Nearest Common Node
  Enable Input Delay Default Clock           :  No
  Enable Preset / Clear Arcs                 :  No
  Disable Flight Delays                      :  No
  Ignore I/O Paths                           :  No
  Timing Early Launch at Borrowing Latches   :  No
  Borrow Time for Max Delay Exceptions       :  Yes
  Merge Timing Exceptions                    :  Yes
  Inter-SLR Compensation                     :  Conservative

  Corner  Analyze    Analyze    
  Name    Max Paths  Min Paths  
  ------  ---------  ---------  
  Slow    Yes        Yes        
  Fast    Yes        Yes        


------------------------------------------------------------------------------------------------
| Report Methodology
| ------------------
------------------------------------------------------------------------------------------------

No report available as report_methodology has not been run prior. Run report_methodology on the current design for the summary of methodology violations.



check_timing report

Table of Contents
-----------------
1. checking no_clock (0)
2. checking constant_clock (0)
3. checking pulse_width_clock (0)
4. checking unconstrained_internal_endpoints (0)
5. checking no_input_delay (182)
6. checking no_output_delay (150)
7. checking multiple_clock (0)
8. checking generated_clocks (0)
9. checking loops (0)
10. checking partial_input_delay (0)
11. checking partial_output_delay (0)
12. checking latch_loops (0)

1. checking no_clock (0)
------------------------
 There are 0 register/latch pins with no clock.


2. checking constant_clock (0)
------------------------------
 There are 0 register/latch pins with constant_clock.


3. checking pulse_width_clock (0)
---------------------------------
 There are 0 register/latch pins which need pulse_width check


4. checking unconstrained_internal_endpoints (0)
------------------------------------------------
 There are 0 pins that are not constrained for maximum delay.

 There are 0 pins that are not constrained for maximum delay due to constant clock.


5. checking no_input_delay (182)
--------------------------------
 There are 181 input ports with no input delay specified. (HIGH)

dfi_cmd_ready_i
dfi_error_i
dfi_rddata_i[0]
dfi_rddata_i[10]
dfi_rddata_i[11]
dfi_rddata_i[12]
dfi_rddata_i[13]
dfi_rddata_i[14]
dfi_rddata_i[15]
dfi_rddata_i[16]
dfi_rddata_i[17]
dfi_rddata_i[18]
dfi_rddata_i[19]
dfi_rddata_i[1]
dfi_rddata_i[20]
dfi_rddata_i[21]
dfi_rddata_i[22]
dfi_rddata_i[23]
dfi_rddata_i[24]
dfi_rddata_i[25]
dfi_rddata_i[26]
dfi_rddata_i[27]
dfi_rddata_i[28]
dfi_rddata_i[29]
dfi_rddata_i[2]
dfi_rddata_i[30]
dfi_rddata_i[31]
dfi_rddata_i[3]
dfi_rddata_i[4]
dfi_rddata_i[5]
dfi_rddata_i[6]
dfi_rddata_i[7]
dfi_rddata_i[8]
dfi_rddata_i[9]
dfi_rddata_valid_i
phy_calib_done_i
phy_calib_error_i
s_axi_araddr[0]
s_axi_araddr[10]
s_axi_araddr[11]
s_axi_araddr[12]
s_axi_araddr[13]
s_axi_araddr[14]
s_axi_araddr[15]
s_axi_araddr[16]
s_axi_araddr[17]
s_axi_araddr[18]
s_axi_araddr[19]
s_axi_araddr[1]
s_axi_araddr[20]
s_axi_araddr[21]
s_axi_araddr[22]
s_axi_araddr[23]
s_axi_araddr[24]
s_axi_araddr[25]
s_axi_araddr[26]
s_axi_araddr[27]
s_axi_araddr[28]
s_axi_araddr[29]
s_axi_araddr[2]
s_axi_araddr[30]
s_axi_araddr[31]
s_axi_araddr[3]
s_axi_araddr[4]
s_axi_araddr[5]
s_axi_araddr[6]
s_axi_araddr[7]
s_axi_araddr[8]
s_axi_araddr[9]
s_axi_arburst[0]
s_axi_arburst[1]
s_axi_arid[0]
s_axi_arid[1]
s_axi_arid[2]
s_axi_arid[3]
s_axi_arid[4]
s_axi_arid[5]
s_axi_arlen[0]
s_axi_arlen[1]
s_axi_arlen[2]
s_axi_arlen[3]
s_axi_arlen[4]
s_axi_arlen[5]
s_axi_arlen[6]
s_axi_arlen[7]
s_axi_arsize[0]
s_axi_arsize[1]
s_axi_arsize[2]
s_axi_arvalid
s_axi_awaddr[0]
s_axi_awaddr[10]
s_axi_awaddr[11]
s_axi_awaddr[12]
s_axi_awaddr[13]
s_axi_awaddr[14]
s_axi_awaddr[15]
s_axi_awaddr[16]
s_axi_awaddr[17]
s_axi_awaddr[18]
s_axi_awaddr[19]
s_axi_awaddr[1]
s_axi_awaddr[20]
s_axi_awaddr[21]
s_axi_awaddr[22]
s_axi_awaddr[23]
s_axi_awaddr[24]
s_axi_awaddr[25]
s_axi_awaddr[26]
s_axi_awaddr[27]
s_axi_awaddr[28]
s_axi_awaddr[29]
s_axi_awaddr[2]
s_axi_awaddr[30]
s_axi_awaddr[31]
s_axi_awaddr[3]
s_axi_awaddr[4]
s_axi_awaddr[5]
s_axi_awaddr[6]
s_axi_awaddr[7]
s_axi_awaddr[8]
s_axi_awaddr[9]
s_axi_awburst[0]
s_axi_awburst[1]
s_axi_awid[0]
s_axi_awid[1]
s_axi_awid[2]
s_axi_awid[3]
s_axi_awid[4]
s_axi_awid[5]
s_axi_awlen[0]
s_axi_awlen[1]
s_axi_awlen[2]
s_axi_awlen[3]
s_axi_awlen[4]
s_axi_awlen[5]
s_axi_awlen[6]
s_axi_awlen[7]
s_axi_awsize[0]
s_axi_awsize[1]
s_axi_awsize[2]
s_axi_awvalid
s_axi_bready
s_axi_rready
s_axi_wdata[0]
s_axi_wdata[10]
s_axi_wdata[11]
s_axi_wdata[12]
s_axi_wdata[13]
s_axi_wdata[14]
s_axi_wdata[15]
s_axi_wdata[16]
s_axi_wdata[17]
s_axi_wdata[18]
s_axi_wdata[19]
s_axi_wdata[1]
s_axi_wdata[20]
s_axi_wdata[21]
s_axi_wdata[22]
s_axi_wdata[23]
s_axi_wdata[24]
s_axi_wdata[25]
s_axi_wdata[26]
s_axi_wdata[27]
s_axi_wdata[28]
s_axi_wdata[29]
s_axi_wdata[2]
s_axi_wdata[30]
s_axi_wdata[31]
s_axi_wdata[3]
s_axi_wdata[4]
s_axi_wdata[5]
s_axi_wdata[6]
s_axi_wdata[7]
s_axi_wdata[8]
s_axi_wdata[9]
s_axi_wlast
s_axi_wstrb[0]
s_axi_wstrb[1]
s_axi_wstrb[2]
s_axi_wstrb[3]
s_axi_wvalid

 There is 1 input port with no input delay but user has a false path constraint. (MEDIUM)

aresetn


6. checking no_output_delay (150)
---------------------------------
 There are 150 ports with no output delay specified. (HIGH)

calib_done_o
calib_error_o
dfi_addr_o[0]
dfi_addr_o[10]
dfi_addr_o[11]
dfi_addr_o[12]
dfi_addr_o[13]
dfi_addr_o[14]
dfi_addr_o[15]
dfi_addr_o[1]
dfi_addr_o[2]
dfi_addr_o[3]
dfi_addr_o[4]
dfi_addr_o[5]
dfi_addr_o[6]
dfi_addr_o[7]
dfi_addr_o[8]
dfi_addr_o[9]
dfi_bank_o[0]
dfi_bank_o[1]
dfi_bank_o[2]
dfi_cmd_o[0]
dfi_cmd_o[1]
dfi_cmd_o[2]
dfi_cmd_valid_o
dfi_wrdata_o[0]
dfi_wrdata_o[10]
dfi_wrdata_o[11]
dfi_wrdata_o[12]
dfi_wrdata_o[13]
dfi_wrdata_o[14]
dfi_wrdata_o[15]
dfi_wrdata_o[16]
dfi_wrdata_o[17]
dfi_wrdata_o[18]
dfi_wrdata_o[19]
dfi_wrdata_o[1]
dfi_wrdata_o[20]
dfi_wrdata_o[21]
dfi_wrdata_o[22]
dfi_wrdata_o[23]
dfi_wrdata_o[24]
dfi_wrdata_o[25]
dfi_wrdata_o[26]
dfi_wrdata_o[27]
dfi_wrdata_o[28]
dfi_wrdata_o[29]
dfi_wrdata_o[2]
dfi_wrdata_o[30]
dfi_wrdata_o[31]
dfi_wrdata_o[3]
dfi_wrdata_o[4]
dfi_wrdata_o[5]
dfi_wrdata_o[6]
dfi_wrdata_o[7]
dfi_wrdata_o[8]
dfi_wrdata_o[9]
dfi_wrmask_o[0]
dfi_wrmask_o[1]
dfi_wrmask_o[2]
dfi_wrmask_o[3]
init_done_o
phy_calib_start_o
refresh_busy_o
refresh_count_o[0]
refresh_count_o[10]
refresh_count_o[11]
refresh_count_o[12]
refresh_count_o[13]
refresh_count_o[14]
refresh_count_o[15]
refresh_count_o[16]
refresh_count_o[17]
refresh_count_o[18]
refresh_count_o[19]
refresh_count_o[1]
refresh_count_o[20]
refresh_count_o[21]
refresh_count_o[22]
refresh_count_o[23]
refresh_count_o[24]
refresh_count_o[25]
refresh_count_o[26]
refresh_count_o[27]
refresh_count_o[28]
refresh_count_o[29]
refresh_count_o[2]
refresh_count_o[30]
refresh_count_o[31]
refresh_count_o[3]
refresh_count_o[4]
refresh_count_o[5]
refresh_count_o[6]
refresh_count_o[7]
refresh_count_o[8]
refresh_count_o[9]
s_axi_arready
s_axi_awready
s_axi_bid[0]
s_axi_bid[1]
s_axi_bid[2]
s_axi_bid[3]
s_axi_bid[4]
s_axi_bid[5]
s_axi_bresp[0]
s_axi_bresp[1]
s_axi_bvalid
s_axi_rdata[0]
s_axi_rdata[10]
s_axi_rdata[11]
s_axi_rdata[12]
s_axi_rdata[13]
s_axi_rdata[14]
s_axi_rdata[15]
s_axi_rdata[16]
s_axi_rdata[17]
s_axi_rdata[18]
s_axi_rdata[19]
s_axi_rdata[1]
s_axi_rdata[20]
s_axi_rdata[21]
s_axi_rdata[22]
s_axi_rdata[23]
s_axi_rdata[24]
s_axi_rdata[25]
s_axi_rdata[26]
s_axi_rdata[27]
s_axi_rdata[28]
s_axi_rdata[29]
s_axi_rdata[2]
s_axi_rdata[30]
s_axi_rdata[31]
s_axi_rdata[3]
s_axi_rdata[4]
s_axi_rdata[5]
s_axi_rdata[6]
s_axi_rdata[7]
s_axi_rdata[8]
s_axi_rdata[9]
s_axi_rid[0]
s_axi_rid[1]
s_axi_rid[2]
s_axi_rid[3]
s_axi_rid[4]
s_axi_rid[5]
s_axi_rlast
s_axi_rresp[0]
s_axi_rresp[1]
s_axi_rvalid
s_axi_wready

 There are 0 ports with no output delay but user has a false path constraint

 There are 0 ports with no output delay but with a timing clock defined on it or propagating through it


7. checking multiple_clock (0)
------------------------------
 There are 0 register/latch pins with multiple clocks.


8. checking generated_clocks (0)
--------------------------------
 There are 0 generated clocks that are not connected to a clock source.


9. checking loops (0)
---------------------
 There are 0 combinational loops in the design.


10. checking partial_input_delay (0)
------------------------------------
 There are 0 input ports with partial input delay specified.


11. checking partial_output_delay (0)
-------------------------------------
 There are 0 ports with partial output delay specified.


12. checking latch_loops (0)
----------------------------
 There are 0 combinational latch loops in the design through latch input



------------------------------------------------------------------------------------------------
| Design Timing Summary
| ---------------------
------------------------------------------------------------------------------------------------

    WNS(ns)      TNS(ns)  TNS Failing Endpoints  TNS Total Endpoints     WPWS(ns)     TPWS(ns)  TPWS Failing Endpoints  TPWS Total Endpoints  
    -------      -------  ---------------------  -------------------     --------     --------  ----------------------  --------------------  
      0.204        0.000                      0                 1063        1.100        0.000                       0                   576  


All user specified timing constraints are met.


------------------------------------------------------------------------------------------------
| Clock Summary
| -------------
------------------------------------------------------------------------------------------------

Clock    Waveform(ns)         Period(ns)      Frequency(MHz)
-----    ------------         ----------      --------------
axi_clk  {0.000 1.500}        3.000           333.333         


------------------------------------------------------------------------------------------------
| Intra Clock Table
| -----------------
------------------------------------------------------------------------------------------------

Clock             WNS(ns)      TNS(ns)  TNS Failing Endpoints  TNS Total Endpoints     WPWS(ns)     TPWS(ns)  TPWS Failing Endpoints  TPWS Total Endpoints  
-----             -------      -------  ---------------------  -------------------     --------     --------  ----------------------  --------------------  
axi_clk             0.204        0.000                      0                 1063        1.100        0.000                       0                   576  


------------------------------------------------------------------------------------------------
| Inter Clock Table
| -----------------
------------------------------------------------------------------------------------------------

From Clock    To Clock          WNS(ns)      TNS(ns)  TNS Failing Endpoints  TNS Total Endpoints  
----------    --------          -------      -------  ---------------------  -------------------  


------------------------------------------------------------------------------------------------
| Other Path Groups Table
| -----------------------
------------------------------------------------------------------------------------------------

Path Group    From Clock    To Clock          WNS(ns)      TNS(ns)  TNS Failing Endpoints  TNS Total Endpoints  
----------    ----------    --------          -------      -------  ---------------------  -------------------  


------------------------------------------------------------------------------------------------
| User Ignored Path Table
| -----------------------
------------------------------------------------------------------------------------------------

Path Group    From Clock    To Clock    
----------    ----------    --------    
(none)                      axi_clk       


------------------------------------------------------------------------------------------------
| Unconstrained Path Table
| ------------------------
------------------------------------------------------------------------------------------------

Path Group    From Clock    To Clock    
----------    ----------    --------    
(none)                                    
(none)        axi_clk                     
(none)                      axi_clk       


------------------------------------------------------------------------------------------------
| Timing Details
| --------------
------------------------------------------------------------------------------------------------


---------------------------------------------------------------------------------------------------
From Clock:  axi_clk
  To Clock:  axi_clk

Setup :            0  Failing Endpoints,  Worst Slack        0.204ns,  Total Violation        0.000ns
Hold  :           NA  Failing Endpoints,  Worst Slack           NA  ,  Total Violation           NA
PW    :            0  Failing Endpoints,  Worst Slack        1.100ns,  Total Violation        0.000ns
---------------------------------------------------------------------------------------------------


Max Delay Paths
--------------------------------------------------------------------------------------
Slack (MET) :             0.204ns  (required time - arrival time)
  Source:                 wr_len_q_reg[3]/C
                            (rising edge-triggered cell FDCE clocked by axi_clk  {rise@0.000ns fall@1.500ns period=3.000ns})
  Destination:            wr_addr_q_reg[14]/CE
                            (rising edge-triggered cell FDCE clocked by axi_clk  {rise@0.000ns fall@1.500ns period=3.000ns})
  Path Group:             axi_clk
  Path Type:              Setup (Max at Slow Process Corner)
  Requirement:            3.000ns  (axi_clk rise@3.000ns - axi_clk rise@0.000ns)
  Data Path Delay:        2.456ns  (logic 0.481ns (19.582%)  route 1.975ns (80.418%))
  Logic Levels:           6  (LUT2=2 LUT3=1 LUT4=1 LUT6=2)
  Clock Path Skew:        -0.103ns (DCD - SCD + CPR)
    Destination Clock Delay (DCD):    1.234ns = ( 4.234 - 3.000 ) 
    Source Clock Delay      (SCD):    1.422ns
    Clock Pessimism Removal (CPR):    0.085ns
  Clock Uncertainty:      0.035ns  ((TSJ^2 + TIJ^2)^1/2 + DJ) / 2 + PE
    Total System Jitter     (TSJ):    0.071ns
    Total Input Jitter      (TIJ):    0.000ns
    Discrete Jitter          (DJ):    0.000ns
    Phase Error              (PE):    0.000ns

    Location             Delay type                Incr(ns)  Path(ns)    Netlist Resource(s)
  -------------------------------------------------------------------    -------------------
                         (clock axi_clk rise edge)    0.000     0.000 r  
                                                      0.000     0.000 r  aclk (IN)
                         net (fo=575, unset)          1.422     1.422    aclk
    SLICE_X43Y180        FDCE                                         r  wr_len_q_reg[3]/C
  -------------------------------------------------------------------    -------------------
    SLICE_X43Y180        FDCE (Prop_fdce_C_Q)         0.223     1.645 r  wr_len_q_reg[3]/Q
                         net (fo=7, routed)           0.565     2.210    controller_core_inst/wr_expected_last_q_reg_0[3]
    SLICE_X43Y179        LUT6 (Prop_lut6_I0_O)        0.043     2.253 f  controller_core_inst/wr_expected_last_q_i_4/O
                         net (fo=1, routed)           0.099     2.351    controller_core_inst/wr_expected_last_q_i_4_n_0
    SLICE_X43Y179        LUT6 (Prop_lut6_I5_O)        0.043     2.394 r  controller_core_inst/wr_expected_last_q_i_2/O
                         net (fo=2, routed)           0.206     2.600    controller_core_inst/wr_active_q2
    SLICE_X41Y180        LUT2 (Prop_lut2_I1_O)        0.043     2.643 r  controller_core_inst/bid_q[5]_i_3/O
                         net (fo=3, routed)           0.204     2.846    controller_core_inst/bid_q[5]_i_3_n_0
    SLICE_X41Y180        LUT3 (Prop_lut3_I1_O)        0.043     2.889 r  controller_core_inst/wr_beat_q[7]_i_6/O
                         net (fo=5, routed)           0.236     3.125    controller_core_inst/wr_beat_q[7]_i_6_n_0
    SLICE_X41Y181        LUT2 (Prop_lut2_I0_O)        0.043     3.168 r  controller_core_inst/wr_beat_q[7]_i_3/O
                         net (fo=37, routed)          0.297     3.465    controller_core_inst/wr_beat_q[7]_i_3_n_0
    SLICE_X41Y181        LUT4 (Prop_lut4_I1_O)        0.043     3.508 r  controller_core_inst/wr_addr_q[30]_i_1/O
                         net (fo=31, routed)          0.370     3.878    controller_core_inst_n_48
    SLICE_X44Y181        FDCE                                         r  wr_addr_q_reg[14]/CE
  -------------------------------------------------------------------    -------------------

                         (clock axi_clk rise edge)    3.000     3.000 r  
                                                      0.000     3.000 r  aclk (IN)
                         net (fo=575, unset)          1.234     4.234    aclk
    SLICE_X44Y181        FDCE                                         r  wr_addr_q_reg[14]/C
                         clock pessimism              0.085     4.319    
                         clock uncertainty           -0.035     4.284    
    SLICE_X44Y181        FDCE (Setup_fdce_C_CE)      -0.201     4.083    wr_addr_q_reg[14]
  -------------------------------------------------------------------
                         required time                          4.083    
                         arrival time                          -3.878    
  -------------------------------------------------------------------
                         slack                                  0.204    

Slack (MET) :             0.204ns  (required time - arrival time)
  Source:                 wr_len_q_reg[3]/C
                            (rising edge-triggered cell FDCE clocked by axi_clk  {rise@0.000ns fall@1.500ns period=3.000ns})
  Destination:            wr_addr_q_reg[24]/CE
                            (rising edge-triggered cell FDCE clocked by axi_clk  {rise@0.000ns fall@1.500ns period=3.000ns})
  Path Group:             axi_clk
  Path Type:              Setup (Max at Slow Process Corner)
  Requirement:            3.000ns  (axi_clk rise@3.000ns - axi_clk rise@0.000ns)
  Data Path Delay:        2.456ns  (logic 0.481ns (19.582%)  route 1.975ns (80.418%))
  Logic Levels:           6  (LUT2=2 LUT3=1 LUT4=1 LUT6=2)
  Clock Path Skew:        -0.103ns (DCD - SCD + CPR)
    Destination Clock Delay (DCD):    1.234ns = ( 4.234 - 3.000 ) 
    Source Clock Delay      (SCD):    1.422ns
    Clock Pessimism Removal (CPR):    0.085ns
  Clock Uncertainty:      0.035ns  ((TSJ^2 + TIJ^2)^1/2 + DJ) / 2 + PE
    Total System Jitter     (TSJ):    0.071ns
    Total Input Jitter      (TIJ):    0.000ns
    Discrete Jitter          (DJ):    0.000ns
    Phase Error              (PE):    0.000ns

    Location             Delay type                Incr(ns)  Path(ns)    Netlist Resource(s)
  -------------------------------------------------------------------    -------------------
                         (clock axi_clk rise edge)    0.000     0.000 r  
                                                      0.000     0.000 r  aclk (IN)
                         net (fo=575, unset)          1.422     1.422    aclk
    SLICE_X43Y180        FDCE                                         r  wr_len_q_reg[3]/C
  -------------------------------------------------------------------    -------------------
    SLICE_X43Y180        FDCE (Prop_fdce_C_Q)         0.223     1.645 r  wr_len_q_reg[3]/Q
                         net (fo=7, routed)           0.565     2.210    controller_core_inst/wr_expected_last_q_reg_0[3]
    SLICE_X43Y179        LUT6 (Prop_lut6_I0_O)        0.043     2.253 f  controller_core_inst/wr_expected_last_q_i_4/O
                         net (fo=1, routed)           0.099     2.351    controller_core_inst/wr_expected_last_q_i_4_n_0
    SLICE_X43Y179        LUT6 (Prop_lut6_I5_O)        0.043     2.394 r  controller_core_inst/wr_expected_last_q_i_2/O
                         net (fo=2, routed)           0.206     2.600    controller_core_inst/wr_active_q2
    SLICE_X41Y180        LUT2 (Prop_lut2_I1_O)        0.043     2.643 r  controller_core_inst/bid_q[5]_i_3/O
                         net (fo=3, routed)           0.204     2.846    controller_core_inst/bid_q[5]_i_3_n_0
    SLICE_X41Y180        LUT3 (Prop_lut3_I1_O)        0.043     2.889 r  controller_core_inst/wr_beat_q[7]_i_6/O
                         net (fo=5, routed)           0.236     3.125    controller_core_inst/wr_beat_q[7]_i_6_n_0
    SLICE_X41Y181        LUT2 (Prop_lut2_I0_O)        0.043     3.168 r  controller_core_inst/wr_beat_q[7]_i_3/O
                         net (fo=37, routed)          0.297     3.465    controller_core_inst/wr_beat_q[7]_i_3_n_0
    SLICE_X41Y181        LUT4 (Prop_lut4_I1_O)        0.043     3.508 r  controller_core_inst/wr_addr_q[30]_i_1/O
                         net (fo=31, routed)          0.370     3.878    controller_core_inst_n_48
    SLICE_X44Y181        FDCE                                         r  wr_addr_q_reg[24]/CE
  -------------------------------------------------------------------    -------------------

                         (clock axi_clk rise edge)    3.000     3.000 r  
                                                      0.000     3.000 r  aclk (IN)
                         net (fo=575, unset)          1.234     4.234    aclk
    SLICE_X44Y181        FDCE                                         r  wr_addr_q_reg[24]/C
                         clock pessimism              0.085     4.319    
                         clock uncertainty           -0.035     4.284    
    SLICE_X44Y181        FDCE (Setup_fdce_C_CE)      -0.201     4.083    wr_addr_q_reg[24]
  -------------------------------------------------------------------
                         required time                          4.083    
                         arrival time                          -3.878    
  -------------------------------------------------------------------
                         slack                                  0.204    

Slack (MET) :             0.204ns  (required time - arrival time)
  Source:                 wr_len_q_reg[3]/C
                            (rising edge-triggered cell FDCE clocked by axi_clk  {rise@0.000ns fall@1.500ns period=3.000ns})
  Destination:            wr_addr_q_reg[26]/CE
                            (rising edge-triggered cell FDCE clocked by axi_clk  {rise@0.000ns fall@1.500ns period=3.000ns})
  Path Group:             axi_clk
  Path Type:              Setup (Max at Slow Process Corner)
  Requirement:            3.000ns  (axi_clk rise@3.000ns - axi_clk rise@0.000ns)
  Data Path Delay:        2.456ns  (logic 0.481ns (19.582%)  route 1.975ns (80.418%))
  Logic Levels:           6  (LUT2=2 LUT3=1 LUT4=1 LUT6=2)
  Clock Path Skew:        -0.103ns (DCD - SCD + CPR)
    Destination Clock Delay (DCD):    1.234ns = ( 4.234 - 3.000 ) 
    Source Clock Delay      (SCD):    1.422ns
    Clock Pessimism Removal (CPR):    0.085ns
  Clock Uncertainty:      0.035ns  ((TSJ^2 + TIJ^2)^1/2 + DJ) / 2 + PE
    Total System Jitter     (TSJ):    0.071ns
    Total Input Jitter      (TIJ):    0.000ns
    Discrete Jitter          (DJ):    0.000ns
    Phase Error              (PE):    0.000ns

    Location             Delay type                Incr(ns)  Path(ns)    Netlist Resource(s)
  -------------------------------------------------------------------    -------------------
                         (clock axi_clk rise edge)    0.000     0.000 r  
                                                      0.000     0.000 r  aclk (IN)
                         net (fo=575, unset)          1.422     1.422    aclk
    SLICE_X43Y180        FDCE                                         r  wr_len_q_reg[3]/C
  -------------------------------------------------------------------    -------------------
    SLICE_X43Y180        FDCE (Prop_fdce_C_Q)         0.223     1.645 r  wr_len_q_reg[3]/Q
                         net (fo=7, routed)           0.565     2.210    controller_core_inst/wr_expected_last_q_reg_0[3]
    SLICE_X43Y179        LUT6 (Prop_lut6_I0_O)        0.043     2.253 f  controller_core_inst/wr_expected_last_q_i_4/O
                         net (fo=1, routed)           0.099     2.351    controller_core_inst/wr_expected_last_q_i_4_n_0
    SLICE_X43Y179        LUT6 (Prop_lut6_I5_O)        0.043     2.394 r  controller_core_inst/wr_expected_last_q_i_2/O
                         net (fo=2, routed)           0.206     2.600    controller_core_inst/wr_active_q2
    SLICE_X41Y180        LUT2 (Prop_lut2_I1_O)        0.043     2.643 r  controller_core_inst/bid_q[5]_i_3/O
                         net (fo=3, routed)           0.204     2.846    controller_core_inst/bid_q[5]_i_3_n_0
    SLICE_X41Y180        LUT3 (Prop_lut3_I1_O)        0.043     2.889 r  controller_core_inst/wr_beat_q[7]_i_6/O
                         net (fo=5, routed)           0.236     3.125    controller_core_inst/wr_beat_q[7]_i_6_n_0
    SLICE_X41Y181        LUT2 (Prop_lut2_I0_O)        0.043     3.168 r  controller_core_inst/wr_beat_q[7]_i_3/O
                         net (fo=37, routed)          0.297     3.465    controller_core_inst/wr_beat_q[7]_i_3_n_0
    SLICE_X41Y181        LUT4 (Prop_lut4_I1_O)        0.043     3.508 r  controller_core_inst/wr_addr_q[30]_i_1/O
                         net (fo=31, routed)          0.370     3.878    controller_core_inst_n_48
    SLICE_X44Y181        FDCE                                         r  wr_addr_q_reg[26]/CE
  -------------------------------------------------------------------    -------------------

                         (clock axi_clk rise edge)    3.000     3.000 r  
                                                      0.000     3.000 r  aclk (IN)
                         net (fo=575, unset)          1.234     4.234    aclk
    SLICE_X44Y181        FDCE                                         r  wr_addr_q_reg[26]/C
                         clock pessimism              0.085     4.319    
                         clock uncertainty           -0.035     4.284    
    SLICE_X44Y181        FDCE (Setup_fdce_C_CE)      -0.201     4.083    wr_addr_q_reg[26]
  -------------------------------------------------------------------
                         required time                          4.083    
                         arrival time                          -3.878    
  -------------------------------------------------------------------
                         slack                                  0.204    

Slack (MET) :             0.242ns  (required time - arrival time)
  Source:                 wr_len_q_reg[3]/C
                            (rising edge-triggered cell FDCE clocked by axi_clk  {rise@0.000ns fall@1.500ns period=3.000ns})
  Destination:            wr_addr_q_reg[15]/CE
                            (rising edge-triggered cell FDCE clocked by axi_clk  {rise@0.000ns fall@1.500ns period=3.000ns})
  Path Group:             axi_clk
  Path Type:              Setup (Max at Slow Process Corner)
  Requirement:            3.000ns  (axi_clk rise@3.000ns - axi_clk rise@0.000ns)
  Data Path Delay:        2.482ns  (logic 0.481ns (19.376%)  route 2.001ns (80.623%))
  Logic Levels:           6  (LUT2=2 LUT3=1 LUT4=1 LUT6=2)
  Clock Path Skew:        -0.039ns (DCD - SCD + CPR)
    Destination Clock Delay (DCD):    1.298ns = ( 4.298 - 3.000 ) 
    Source Clock Delay      (SCD):    1.422ns
    Clock Pessimism Removal (CPR):    0.085ns
  Clock Uncertainty:      0.035ns  ((TSJ^2 + TIJ^2)^1/2 + DJ) / 2 + PE
    Total System Jitter     (TSJ):    0.071ns
    Total Input Jitter      (TIJ):    0.000ns
    Discrete Jitter          (DJ):    0.000ns
    Phase Error              (PE):    0.000ns

    Location             Delay type                Incr(ns)  Path(ns)    Netlist Resource(s)
  -------------------------------------------------------------------    -------------------
                         (clock axi_clk rise edge)    0.000     0.000 r  
                                                      0.000     0.000 r  aclk (IN)
                         net (fo=575, unset)          1.422     1.422    aclk
    SLICE_X43Y180        FDCE                                         r  wr_len_q_reg[3]/C
  -------------------------------------------------------------------    -------------------
    SLICE_X43Y180        FDCE (Prop_fdce_C_Q)         0.223     1.645 r  wr_len_q_reg[3]/Q
                         net (fo=7, routed)           0.565     2.210    controller_core_inst/wr_expected_last_q_reg_0[3]
    SLICE_X43Y179        LUT6 (Prop_lut6_I0_O)        0.043     2.253 f  controller_core_inst/wr_expected_last_q_i_4/O
                         net (fo=1, routed)           0.099     2.351    controller_core_inst/wr_expected_last_q_i_4_n_0
    SLICE_X43Y179        LUT6 (Prop_lut6_I5_O)        0.043     2.394 r  controller_core_inst/wr_expected_last_q_i_2/O
                         net (fo=2, routed)           0.206     2.600    controller_core_inst/wr_active_q2
    SLICE_X41Y180        LUT2 (Prop_lut2_I1_O)        0.043     2.643 r  controller_core_inst/bid_q[5]_i_3/O
                         net (fo=3, routed)           0.204     2.846    controller_core_inst/bid_q[5]_i_3_n_0
    SLICE_X41Y180        LUT3 (Prop_lut3_I1_O)        0.043     2.889 r  controller_core_inst/wr_beat_q[7]_i_6/O
                         net (fo=5, routed)           0.236     3.125    controller_core_inst/wr_beat_q[7]_i_6_n_0
    SLICE_X41Y181        LUT2 (Prop_lut2_I0_O)        0.043     3.168 r  controller_core_inst/wr_beat_q[7]_i_3/O
                         net (fo=37, routed)          0.297     3.465    controller_core_inst/wr_beat_q[7]_i_3_n_0
    SLICE_X41Y181        LUT4 (Prop_lut4_I1_O)        0.043     3.508 r  controller_core_inst/wr_addr_q[30]_i_1/O
                         net (fo=31, routed)          0.396     3.904    controller_core_inst_n_48
    SLICE_X35Y181        FDCE                                         r  wr_addr_q_reg[15]/CE
  -------------------------------------------------------------------    -------------------

                         (clock axi_clk rise edge)    3.000     3.000 r  
                                                      0.000     3.000 r  aclk (IN)
                         net (fo=575, unset)          1.298     4.298    aclk
    SLICE_X35Y181        FDCE                                         r  wr_addr_q_reg[15]/C
                         clock pessimism              0.085     4.383    
                         clock uncertainty           -0.035     4.348    
    SLICE_X35Y181        FDCE (Setup_fdce_C_CE)      -0.201     4.147    wr_addr_q_reg[15]
  -------------------------------------------------------------------
                         required time                          4.147    
                         arrival time                          -3.904    
  -------------------------------------------------------------------
                         slack                                  0.242    

Slack (MET) :             0.242ns  (required time - arrival time)
  Source:                 wr_len_q_reg[3]/C
                            (rising edge-triggered cell FDCE clocked by axi_clk  {rise@0.000ns fall@1.500ns period=3.000ns})
  Destination:            wr_addr_q_reg[29]/CE
                            (rising edge-triggered cell FDCE clocked by axi_clk  {rise@0.000ns fall@1.500ns period=3.000ns})
  Path Group:             axi_clk
  Path Type:              Setup (Max at Slow Process Corner)
  Requirement:            3.000ns  (axi_clk rise@3.000ns - axi_clk rise@0.000ns)
  Data Path Delay:        2.482ns  (logic 0.481ns (19.376%)  route 2.001ns (80.623%))
  Logic Levels:           6  (LUT2=2 LUT3=1 LUT4=1 LUT6=2)
  Clock Path Skew:        -0.039ns (DCD - SCD + CPR)
    Destination Clock Delay (DCD):    1.298ns = ( 4.298 - 3.000 ) 
    Source Clock Delay      (SCD):    1.422ns
    Clock Pessimism Removal (CPR):    0.085ns
  Clock Uncertainty:      0.035ns  ((TSJ^2 + TIJ^2)^1/2 + DJ) / 2 + PE
    Total System Jitter     (TSJ):    0.071ns
    Total Input Jitter      (TIJ):    0.000ns
    Discrete Jitter          (DJ):    0.000ns
    Phase Error              (PE):    0.000ns

    Location             Delay type                Incr(ns)  Path(ns)    Netlist Resource(s)
  -------------------------------------------------------------------    -------------------
                         (clock axi_clk rise edge)    0.000     0.000 r  
                                                      0.000     0.000 r  aclk (IN)
                         net (fo=575, unset)          1.422     1.422    aclk
    SLICE_X43Y180        FDCE                                         r  wr_len_q_reg[3]/C
  -------------------------------------------------------------------    -------------------
    SLICE_X43Y180        FDCE (Prop_fdce_C_Q)         0.223     1.645 r  wr_len_q_reg[3]/Q
                         net (fo=7, routed)           0.565     2.210    controller_core_inst/wr_expected_last_q_reg_0[3]
    SLICE_X43Y179        LUT6 (Prop_lut6_I0_O)        0.043     2.253 f  controller_core_inst/wr_expected_last_q_i_4/O
                         net (fo=1, routed)           0.099     2.351    controller_core_inst/wr_expected_last_q_i_4_n_0
    SLICE_X43Y179        LUT6 (Prop_lut6_I5_O)        0.043     2.394 r  controller_core_inst/wr_expected_last_q_i_2/O
                         net (fo=2, routed)           0.206     2.600    controller_core_inst/wr_active_q2
    SLICE_X41Y180        LUT2 (Prop_lut2_I1_O)        0.043     2.643 r  controller_core_inst/bid_q[5]_i_3/O
                         net (fo=3, routed)           0.204     2.846    controller_core_inst/bid_q[5]_i_3_n_0
    SLICE_X41Y180        LUT3 (Prop_lut3_I1_O)        0.043     2.889 r  controller_core_inst/wr_beat_q[7]_i_6/O
                         net (fo=5, routed)           0.236     3.125    controller_core_inst/wr_beat_q[7]_i_6_n_0
    SLICE_X41Y181        LUT2 (Prop_lut2_I0_O)        0.043     3.168 r  controller_core_inst/wr_beat_q[7]_i_3/O
                         net (fo=37, routed)          0.297     3.465    controller_core_inst/wr_beat_q[7]_i_3_n_0
    SLICE_X41Y181        LUT4 (Prop_lut4_I1_O)        0.043     3.508 r  controller_core_inst/wr_addr_q[30]_i_1/O
                         net (fo=31, routed)          0.396     3.904    controller_core_inst_n_48
    SLICE_X35Y181        FDCE                                         r  wr_addr_q_reg[29]/CE
  -------------------------------------------------------------------    -------------------

                         (clock axi_clk rise edge)    3.000     3.000 r  
                                                      0.000     3.000 r  aclk (IN)
                         net (fo=575, unset)          1.298     4.298    aclk
    SLICE_X35Y181        FDCE                                         r  wr_addr_q_reg[29]/C
                         clock pessimism              0.085     4.383    
                         clock uncertainty           -0.035     4.348    
    SLICE_X35Y181        FDCE (Setup_fdce_C_CE)      -0.201     4.147    wr_addr_q_reg[29]
  -------------------------------------------------------------------
                         required time                          4.147    
                         arrival time                          -3.904    
  -------------------------------------------------------------------
                         slack                                  0.242    

Slack (MET) :             0.258ns  (required time - arrival time)
  Source:                 wr_len_q_reg[1]/C
                            (rising edge-triggered cell FDCE clocked by axi_clk  {rise@0.000ns fall@1.500ns period=3.000ns})
  Destination:            wr_addr_q_reg[29]/D
                            (rising edge-triggered cell FDCE clocked by axi_clk  {rise@0.000ns fall@1.500ns period=3.000ns})
  Path Group:             axi_clk
  Path Type:              Setup (Max at Slow Process Corner)
  Requirement:            3.000ns  (axi_clk rise@3.000ns - axi_clk rise@0.000ns)
  Data Path Delay:        2.702ns  (logic 0.645ns (23.870%)  route 2.057ns (76.130%))
  Logic Levels:           6  (CARRY4=2 LUT4=2 LUT6=2)
  Clock Path Skew:        -0.038ns (DCD - SCD + CPR)
    Destination Clock Delay (DCD):    1.298ns = ( 4.298 - 3.000 ) 
    Source Clock Delay      (SCD):    1.421ns
    Clock Pessimism Removal (CPR):    0.085ns
  Clock Uncertainty:      0.035ns  ((TSJ^2 + TIJ^2)^1/2 + DJ) / 2 + PE
    Total System Jitter     (TSJ):    0.071ns
    Total Input Jitter      (TIJ):    0.000ns
    Discrete Jitter          (DJ):    0.000ns
    Phase Error              (PE):    0.000ns

    Location             Delay type                Incr(ns)  Path(ns)    Netlist Resource(s)
  -------------------------------------------------------------------    -------------------
                         (clock axi_clk rise edge)    0.000     0.000 r  
                                                      0.000     0.000 r  aclk (IN)
                         net (fo=575, unset)          1.421     1.421    aclk
    SLICE_X43Y179        FDCE                                         r  wr_len_q_reg[1]/C
  -------------------------------------------------------------------    -------------------
    SLICE_X43Y179        FDCE (Prop_fdce_C_Q)         0.223     1.644 f  wr_len_q_reg[1]/Q
                         net (fo=15, routed)          0.528     2.172    controller_core_inst/wr_expected_last_q_reg_0[1]
    SLICE_X44Y179        LUT4 (Prop_lut4_I2_O)        0.043     2.215 r  controller_core_inst/wr_addr_q[12]_i_19/O
                         net (fo=2, routed)           0.192     2.407    controller_core_inst/wr_addr_q[12]_i_19_n_0
    SLICE_X47Y180        LUT4 (Prop_lut4_I3_O)        0.043     2.450 f  controller_core_inst/wr_addr_q[12]_i_12/O
                         net (fo=4, routed)           0.407     2.857    controller_core_inst/wr_addr_q[12]_i_12_n_0
    SLICE_X47Y182        LUT6 (Prop_lut6_I0_O)        0.043     2.900 r  controller_core_inst/wr_addr_q[12]_i_4/O
                         net (fo=1, routed)           0.191     3.091    controller_core_inst/wr_addr_q[12]_i_4_n_0
    SLICE_X45Y182        CARRY4 (Prop_carry4_DI[2]_CO[3])
                                                      0.197     3.288 r  controller_core_inst/wr_addr_q_reg[12]_i_2/CO[3]
                         net (fo=1, routed)           0.000     3.288    controller_core_inst/wr_addr_q_reg[12]_i_2_n_0
    SLICE_X45Y183        CARRY4 (Prop_carry4_CI_CO[3])
                                                      0.053     3.341 r  controller_core_inst/wr_addr_q_reg[30]_i_5/CO[3]
                         net (fo=15, routed)          0.740     4.080    controller_core_inst/wr_addr_q_reg[30]_i_5_n_0
    SLICE_X35Y181        LUT6 (Prop_lut6_I4_O)        0.043     4.123 r  controller_core_inst/wr_addr_q[29]_i_1/O
                         net (fo=1, routed)           0.000     4.123    controller_core_inst_n_97
    SLICE_X35Y181        FDCE                                         r  wr_addr_q_reg[29]/D
  -------------------------------------------------------------------    -------------------

                         (clock axi_clk rise edge)    3.000     3.000 r  
                                                      0.000     3.000 r  aclk (IN)
                         net (fo=575, unset)          1.298     4.298    aclk
    SLICE_X35Y181        FDCE                                         r  wr_addr_q_reg[29]/C
                         clock pessimism              0.085     4.383    
                         clock uncertainty           -0.035     4.348    
    SLICE_X35Y181        FDCE (Setup_fdce_C_D)        0.034     4.382    wr_addr_q_reg[29]
  -------------------------------------------------------------------
                         required time                          4.382    
                         arrival time                          -4.123    
  -------------------------------------------------------------------
                         slack                                  0.258    

Slack (MET) :             0.282ns  (required time - arrival time)
  Source:                 wr_len_q_reg[1]/C
                            (rising edge-triggered cell FDCE clocked by axi_clk  {rise@0.000ns fall@1.500ns period=3.000ns})
  Destination:            wr_addr_q_reg[15]/D
                            (rising edge-triggered cell FDCE clocked by axi_clk  {rise@0.000ns fall@1.500ns period=3.000ns})
  Path Group:             axi_clk
  Path Type:              Setup (Max at Slow Process Corner)
  Requirement:            3.000ns  (axi_clk rise@3.000ns - axi_clk rise@0.000ns)
  Data Path Delay:        2.678ns  (logic 0.782ns (29.203%)  route 1.896ns (70.797%))
  Logic Levels:           6  (CARRY4=2 LUT4=2 LUT6=2)
  Clock Path Skew:        -0.038ns (DCD - SCD + CPR)
    Destination Clock Delay (DCD):    1.298ns = ( 4.298 - 3.000 ) 
    Source Clock Delay      (SCD):    1.421ns
    Clock Pessimism Removal (CPR):    0.085ns
  Clock Uncertainty:      0.035ns  ((TSJ^2 + TIJ^2)^1/2 + DJ) / 2 + PE
    Total System Jitter     (TSJ):    0.071ns
    Total Input Jitter      (TIJ):    0.000ns
    Discrete Jitter          (DJ):    0.000ns
    Phase Error              (PE):    0.000ns

    Location             Delay type                Incr(ns)  Path(ns)    Netlist Resource(s)
  -------------------------------------------------------------------    -------------------
                         (clock axi_clk rise edge)    0.000     0.000 r  
                                                      0.000     0.000 r  aclk (IN)
                         net (fo=575, unset)          1.421     1.421    aclk
    SLICE_X43Y179        FDCE                                         r  wr_len_q_reg[1]/C
  -------------------------------------------------------------------    -------------------
    SLICE_X43Y179        FDCE (Prop_fdce_C_Q)         0.223     1.644 f  wr_len_q_reg[1]/Q
                         net (fo=15, routed)          0.528     2.172    controller_core_inst/wr_expected_last_q_reg_0[1]
    SLICE_X44Y179        LUT4 (Prop_lut4_I2_O)        0.043     2.215 r  controller_core_inst/wr_addr_q[12]_i_19/O
                         net (fo=2, routed)           0.192     2.407    controller_core_inst/wr_addr_q[12]_i_19_n_0
    SLICE_X47Y180        LUT4 (Prop_lut4_I3_O)        0.043     2.450 f  controller_core_inst/wr_addr_q[12]_i_12/O
                         net (fo=4, routed)           0.407     2.857    controller_core_inst/wr_addr_q[12]_i_12_n_0
    SLICE_X47Y182        LUT6 (Prop_lut6_I0_O)        0.043     2.900 r  controller_core_inst/wr_addr_q[12]_i_4/O
                         net (fo=1, routed)           0.191     3.091    controller_core_inst/wr_addr_q[12]_i_4_n_0
    SLICE_X45Y182        CARRY4 (Prop_carry4_DI[2]_CO[3])
                                                      0.197     3.288 r  controller_core_inst/wr_addr_q_reg[12]_i_2/CO[3]
                         net (fo=1, routed)           0.000     3.288    controller_core_inst/wr_addr_q_reg[12]_i_2_n_0
    SLICE_X45Y183        CARRY4 (Prop_carry4_CI_O[2])
                                                      0.111     3.399 r  controller_core_inst/wr_addr_q_reg[30]_i_5/O[2]
                         net (fo=1, routed)           0.578     3.977    controller_core_inst/next_addr3[15]
    SLICE_X35Y181        LUT6 (Prop_lut6_I3_O)        0.122     4.099 r  controller_core_inst/wr_addr_q[15]_i_1/O
                         net (fo=1, routed)           0.000     4.099    controller_core_inst_n_111
    SLICE_X35Y181        FDCE                                         r  wr_addr_q_reg[15]/D
  -------------------------------------------------------------------    -------------------

                         (clock axi_clk rise edge)    3.000     3.000 r  
                                                      0.000     3.000 r  aclk (IN)
                         net (fo=575, unset)          1.298     4.298    aclk
    SLICE_X35Y181        FDCE                                         r  wr_addr_q_reg[15]/C
                         clock pessimism              0.085     4.383    
                         clock uncertainty           -0.035     4.348    
    SLICE_X35Y181        FDCE (Setup_fdce_C_D)        0.033     4.381    wr_addr_q_reg[15]
  -------------------------------------------------------------------
                         required time                          4.381    
                         arrival time                          -4.099    
  -------------------------------------------------------------------
                         slack                                  0.282    

Slack (MET) :             0.287ns  (required time - arrival time)
  Source:                 wr_len_q_reg[3]/C
                            (rising edge-triggered cell FDCE clocked by axi_clk  {rise@0.000ns fall@1.500ns period=3.000ns})
  Destination:            wr_addr_q_reg[17]/CE
                            (rising edge-triggered cell FDCE clocked by axi_clk  {rise@0.000ns fall@1.500ns period=3.000ns})
  Path Group:             axi_clk
  Path Type:              Setup (Max at Slow Process Corner)
  Requirement:            3.000ns  (axi_clk rise@3.000ns - axi_clk rise@0.000ns)
  Data Path Delay:        2.451ns  (logic 0.481ns (19.621%)  route 1.970ns (80.379%))
  Logic Levels:           6  (LUT2=2 LUT3=1 LUT4=1 LUT6=2)
  Clock Path Skew:        -0.048ns (DCD - SCD + CPR)
    Destination Clock Delay (DCD):    1.289ns = ( 4.289 - 3.000 ) 
    Source Clock Delay      (SCD):    1.422ns
    Clock Pessimism Removal (CPR):    0.085ns
  Clock Uncertainty:      0.035ns  ((TSJ^2 + TIJ^2)^1/2 + DJ) / 2 + PE
    Total System Jitter     (TSJ):    0.071ns
    Total Input Jitter      (TIJ):    0.000ns
    Discrete Jitter          (DJ):    0.000ns
    Phase Error              (PE):    0.000ns

    Location             Delay type                Incr(ns)  Path(ns)    Netlist Resource(s)
  -------------------------------------------------------------------    -------------------
                         (clock axi_clk rise edge)    0.000     0.000 r  
                                                      0.000     0.000 r  aclk (IN)
                         net (fo=575, unset)          1.422     1.422    aclk
    SLICE_X43Y180        FDCE                                         r  wr_len_q_reg[3]/C
  -------------------------------------------------------------------    -------------------
    SLICE_X43Y180        FDCE (Prop_fdce_C_Q)         0.223     1.645 r  wr_len_q_reg[3]/Q
                         net (fo=7, routed)           0.565     2.210    controller_core_inst/wr_expected_last_q_reg_0[3]
    SLICE_X43Y179        LUT6 (Prop_lut6_I0_O)        0.043     2.253 f  controller_core_inst/wr_expected_last_q_i_4/O
                         net (fo=1, routed)           0.099     2.351    controller_core_inst/wr_expected_last_q_i_4_n_0
    SLICE_X43Y179        LUT6 (Prop_lut6_I5_O)        0.043     2.394 r  controller_core_inst/wr_expected_last_q_i_2/O
                         net (fo=2, routed)           0.206     2.600    controller_core_inst/wr_active_q2
    SLICE_X41Y180        LUT2 (Prop_lut2_I1_O)        0.043     2.643 r  controller_core_inst/bid_q[5]_i_3/O
                         net (fo=3, routed)           0.204     2.846    controller_core_inst/bid_q[5]_i_3_n_0
    SLICE_X41Y180        LUT3 (Prop_lut3_I1_O)        0.043     2.889 r  controller_core_inst/wr_beat_q[7]_i_6/O
                         net (fo=5, routed)           0.236     3.125    controller_core_inst/wr_beat_q[7]_i_6_n_0
    SLICE_X41Y181        LUT2 (Prop_lut2_I0_O)        0.043     3.168 r  controller_core_inst/wr_beat_q[7]_i_3/O
                         net (fo=37, routed)          0.297     3.465    controller_core_inst/wr_beat_q[7]_i_3_n_0
    SLICE_X41Y181        LUT4 (Prop_lut4_I1_O)        0.043     3.508 r  controller_core_inst/wr_addr_q[30]_i_1/O
                         net (fo=31, routed)          0.365     3.873    controller_core_inst_n_48
    SLICE_X38Y176        FDCE                                         r  wr_addr_q_reg[17]/CE
  -------------------------------------------------------------------    -------------------

                         (clock axi_clk rise edge)    3.000     3.000 r  
                                                      0.000     3.000 r  aclk (IN)
                         net (fo=575, unset)          1.289     4.289    aclk
    SLICE_X38Y176        FDCE                                         r  wr_addr_q_reg[17]/C
                         clock pessimism              0.085     4.374    
                         clock uncertainty           -0.035     4.339    
    SLICE_X38Y176        FDCE (Setup_fdce_C_CE)      -0.178     4.161    wr_addr_q_reg[17]
  -------------------------------------------------------------------
                         required time                          4.161    
                         arrival time                          -3.873    
  -------------------------------------------------------------------
                         slack                                  0.287    

Slack (MET) :             0.287ns  (required time - arrival time)
  Source:                 wr_len_q_reg[3]/C
                            (rising edge-triggered cell FDCE clocked by axi_clk  {rise@0.000ns fall@1.500ns period=3.000ns})
  Destination:            wr_addr_q_reg[18]/CE
                            (rising edge-triggered cell FDCE clocked by axi_clk  {rise@0.000ns fall@1.500ns period=3.000ns})
  Path Group:             axi_clk
  Path Type:              Setup (Max at Slow Process Corner)
  Requirement:            3.000ns  (axi_clk rise@3.000ns - axi_clk rise@0.000ns)
  Data Path Delay:        2.451ns  (logic 0.481ns (19.621%)  route 1.970ns (80.379%))
  Logic Levels:           6  (LUT2=2 LUT3=1 LUT4=1 LUT6=2)
  Clock Path Skew:        -0.048ns (DCD - SCD + CPR)
    Destination Clock Delay (DCD):    1.289ns = ( 4.289 - 3.000 ) 
    Source Clock Delay      (SCD):    1.422ns
    Clock Pessimism Removal (CPR):    0.085ns
  Clock Uncertainty:      0.035ns  ((TSJ^2 + TIJ^2)^1/2 + DJ) / 2 + PE
    Total System Jitter     (TSJ):    0.071ns
    Total Input Jitter      (TIJ):    0.000ns
    Discrete Jitter          (DJ):    0.000ns
    Phase Error              (PE):    0.000ns

    Location             Delay type                Incr(ns)  Path(ns)    Netlist Resource(s)
  -------------------------------------------------------------------    -------------------
                         (clock axi_clk rise edge)    0.000     0.000 r  
                                                      0.000     0.000 r  aclk (IN)
                         net (fo=575, unset)          1.422     1.422    aclk
    SLICE_X43Y180        FDCE                                         r  wr_len_q_reg[3]/C
  -------------------------------------------------------------------    -------------------
    SLICE_X43Y180        FDCE (Prop_fdce_C_Q)         0.223     1.645 r  wr_len_q_reg[3]/Q
                         net (fo=7, routed)           0.565     2.210    controller_core_inst/wr_expected_last_q_reg_0[3]
    SLICE_X43Y179        LUT6 (Prop_lut6_I0_O)        0.043     2.253 f  controller_core_inst/wr_expected_last_q_i_4/O
                         net (fo=1, routed)           0.099     2.351    controller_core_inst/wr_expected_last_q_i_4_n_0
    SLICE_X43Y179        LUT6 (Prop_lut6_I5_O)        0.043     2.394 r  controller_core_inst/wr_expected_last_q_i_2/O
                         net (fo=2, routed)           0.206     2.600    controller_core_inst/wr_active_q2
    SLICE_X41Y180        LUT2 (Prop_lut2_I1_O)        0.043     2.643 r  controller_core_inst/bid_q[5]_i_3/O
                         net (fo=3, routed)           0.204     2.846    controller_core_inst/bid_q[5]_i_3_n_0
    SLICE_X41Y180        LUT3 (Prop_lut3_I1_O)        0.043     2.889 r  controller_core_inst/wr_beat_q[7]_i_6/O
                         net (fo=5, routed)           0.236     3.125    controller_core_inst/wr_beat_q[7]_i_6_n_0
    SLICE_X41Y181        LUT2 (Prop_lut2_I0_O)        0.043     3.168 r  controller_core_inst/wr_beat_q[7]_i_3/O
                         net (fo=37, routed)          0.297     3.465    controller_core_inst/wr_beat_q[7]_i_3_n_0
    SLICE_X41Y181        LUT4 (Prop_lut4_I1_O)        0.043     3.508 r  controller_core_inst/wr_addr_q[30]_i_1/O
                         net (fo=31, routed)          0.365     3.873    controller_core_inst_n_48
    SLICE_X38Y176        FDCE                                         r  wr_addr_q_reg[18]/CE
  -------------------------------------------------------------------    -------------------

                         (clock axi_clk rise edge)    3.000     3.000 r  
                                                      0.000     3.000 r  aclk (IN)
                         net (fo=575, unset)          1.289     4.289    aclk
    SLICE_X38Y176        FDCE                                         r  wr_addr_q_reg[18]/C
                         clock pessimism              0.085     4.374    
                         clock uncertainty           -0.035     4.339    
    SLICE_X38Y176        FDCE (Setup_fdce_C_CE)      -0.178     4.161    wr_addr_q_reg[18]
  -------------------------------------------------------------------
                         required time                          4.161    
                         arrival time                          -3.873    
  -------------------------------------------------------------------
                         slack                                  0.287    

Slack (MET) :             0.287ns  (required time - arrival time)
  Source:                 wr_len_q_reg[3]/C
                            (rising edge-triggered cell FDCE clocked by axi_clk  {rise@0.000ns fall@1.500ns period=3.000ns})
  Destination:            wr_addr_q_reg[27]/CE
                            (rising edge-triggered cell FDCE clocked by axi_clk  {rise@0.000ns fall@1.500ns period=3.000ns})
  Path Group:             axi_clk
  Path Type:              Setup (Max at Slow Process Corner)
  Requirement:            3.000ns  (axi_clk rise@3.000ns - axi_clk rise@0.000ns)
  Data Path Delay:        2.451ns  (logic 0.481ns (19.621%)  route 1.970ns (80.379%))
  Logic Levels:           6  (LUT2=2 LUT3=1 LUT4=1 LUT6=2)
  Clock Path Skew:        -0.048ns (DCD - SCD + CPR)
    Destination Clock Delay (DCD):    1.289ns = ( 4.289 - 3.000 ) 
    Source Clock Delay      (SCD):    1.422ns
    Clock Pessimism Removal (CPR):    0.085ns
  Clock Uncertainty:      0.035ns  ((TSJ^2 + TIJ^2)^1/2 + DJ) / 2 + PE
    Total System Jitter     (TSJ):    0.071ns
    Total Input Jitter      (TIJ):    0.000ns
    Discrete Jitter          (DJ):    0.000ns
    Phase Error              (PE):    0.000ns

    Location             Delay type                Incr(ns)  Path(ns)    Netlist Resource(s)
  -------------------------------------------------------------------    -------------------
                         (clock axi_clk rise edge)    0.000     0.000 r  
                                                      0.000     0.000 r  aclk (IN)
                         net (fo=575, unset)          1.422     1.422    aclk
    SLICE_X43Y180        FDCE                                         r  wr_len_q_reg[3]/C
  -------------------------------------------------------------------    -------------------
    SLICE_X43Y180        FDCE (Prop_fdce_C_Q)         0.223     1.645 r  wr_len_q_reg[3]/Q
                         net (fo=7, routed)           0.565     2.210    controller_core_inst/wr_expected_last_q_reg_0[3]
    SLICE_X43Y179        LUT6 (Prop_lut6_I0_O)        0.043     2.253 f  controller_core_inst/wr_expected_last_q_i_4/O
                         net (fo=1, routed)           0.099     2.351    controller_core_inst/wr_expected_last_q_i_4_n_0
    SLICE_X43Y179        LUT6 (Prop_lut6_I5_O)        0.043     2.394 r  controller_core_inst/wr_expected_last_q_i_2/O
                         net (fo=2, routed)           0.206     2.600    controller_core_inst/wr_active_q2
    SLICE_X41Y180        LUT2 (Prop_lut2_I1_O)        0.043     2.643 r  controller_core_inst/bid_q[5]_i_3/O
                         net (fo=3, routed)           0.204     2.846    controller_core_inst/bid_q[5]_i_3_n_0
    SLICE_X41Y180        LUT3 (Prop_lut3_I1_O)        0.043     2.889 r  controller_core_inst/wr_beat_q[7]_i_6/O
                         net (fo=5, routed)           0.236     3.125    controller_core_inst/wr_beat_q[7]_i_6_n_0
    SLICE_X41Y181        LUT2 (Prop_lut2_I0_O)        0.043     3.168 r  controller_core_inst/wr_beat_q[7]_i_3/O
                         net (fo=37, routed)          0.297     3.465    controller_core_inst/wr_beat_q[7]_i_3_n_0
    SLICE_X41Y181        LUT4 (Prop_lut4_I1_O)        0.043     3.508 r  controller_core_inst/wr_addr_q[30]_i_1/O
                         net (fo=31, routed)          0.365     3.873    controller_core_inst_n_48
    SLICE_X38Y176        FDCE                                         r  wr_addr_q_reg[27]/CE
  -------------------------------------------------------------------    -------------------

                         (clock axi_clk rise edge)    3.000     3.000 r  
                                                      0.000     3.000 r  aclk (IN)
                         net (fo=575, unset)          1.289     4.289    aclk
    SLICE_X38Y176        FDCE                                         r  wr_addr_q_reg[27]/C
                         clock pessimism              0.085     4.374    
                         clock uncertainty           -0.035     4.339    
    SLICE_X38Y176        FDCE (Setup_fdce_C_CE)      -0.178     4.161    wr_addr_q_reg[27]
  -------------------------------------------------------------------
                         required time                          4.161    
                         arrival time                          -3.873    
  -------------------------------------------------------------------
                         slack                                  0.287    

Slack (MET) :             0.309ns  (required time - arrival time)
  Source:                 wr_len_q_reg[3]/C
                            (rising edge-triggered cell FDCE clocked by axi_clk  {rise@0.000ns fall@1.500ns period=3.000ns})
  Destination:            wr_addr_q_reg[20]/CE
                            (rising edge-triggered cell FDCE clocked by axi_clk  {rise@0.000ns fall@1.500ns period=3.000ns})
  Path Group:             axi_clk
  Path Type:              Setup (Max at Slow Process Corner)
  Requirement:            3.000ns  (axi_clk rise@3.000ns - axi_clk rise@0.000ns)
  Data Path Delay:        2.437ns  (logic 0.481ns (19.737%)  route 1.956ns (80.263%))
  Logic Levels:           6  (LUT2=2 LUT3=1 LUT4=1 LUT6=2)
  Clock Path Skew:        -0.018ns (DCD - SCD + CPR)
    Destination Clock Delay (DCD):    1.293ns = ( 4.293 - 3.000 ) 
    Source Clock Delay      (SCD):    1.422ns
    Clock Pessimism Removal (CPR):    0.111ns
  Clock Uncertainty:      0.035ns  ((TSJ^2 + TIJ^2)^1/2 + DJ) / 2 + PE
    Total System Jitter     (TSJ):    0.071ns
    Total Input Jitter      (TIJ):    0.000ns
    Discrete Jitter          (DJ):    0.000ns
    Phase Error              (PE):    0.000ns

    Location             Delay type                Incr(ns)  Path(ns)    Netlist Resource(s)
  -------------------------------------------------------------------    -------------------
                         (clock axi_clk rise edge)    0.000     0.000 r  
                                                      0.000     0.000 r  aclk (IN)
                         net (fo=575, unset)          1.422     1.422    aclk
    SLICE_X43Y180        FDCE                                         r  wr_len_q_reg[3]/C
  -------------------------------------------------------------------    -------------------
    SLICE_X43Y180        FDCE (Prop_fdce_C_Q)         0.223     1.645 r  wr_len_q_reg[3]/Q
                         net (fo=7, routed)           0.565     2.210    controller_core_inst/wr_expected_last_q_reg_0[3]
    SLICE_X43Y179        LUT6 (Prop_lut6_I0_O)        0.043     2.253 f  controller_core_inst/wr_expected_last_q_i_4/O
                         net (fo=1, routed)           0.099     2.351    controller_core_inst/wr_expected_last_q_i_4_n_0
    SLICE_X43Y179        LUT6 (Prop_lut6_I5_O)        0.043     2.394 r  controller_core_inst/wr_expected_last_q_i_2/O
                         net (fo=2, routed)           0.206     2.600    controller_core_inst/wr_active_q2
    SLICE_X41Y180        LUT2 (Prop_lut2_I1_O)        0.043     2.643 r  controller_core_inst/bid_q[5]_i_3/O
                         net (fo=3, routed)           0.204     2.846    controller_core_inst/bid_q[5]_i_3_n_0
    SLICE_X41Y180        LUT3 (Prop_lut3_I1_O)        0.043     2.889 r  controller_core_inst/wr_beat_q[7]_i_6/O
                         net (fo=5, routed)           0.236     3.125    controller_core_inst/wr_beat_q[7]_i_6_n_0
    SLICE_X41Y181        LUT2 (Prop_lut2_I0_O)        0.043     3.168 r  controller_core_inst/wr_beat_q[7]_i_3/O
                         net (fo=37, routed)          0.297     3.465    controller_core_inst/wr_beat_q[7]_i_3_n_0
    SLICE_X41Y181        LUT4 (Prop_lut4_I1_O)        0.043     3.508 r  controller_core_inst/wr_addr_q[30]_i_1/O
                         net (fo=31, routed)          0.351     3.859    controller_core_inst_n_48
    SLICE_X43Y185        FDCE                                         r  wr_addr_q_reg[20]/CE
  -------------------------------------------------------------------    -------------------

                         (clock axi_clk rise edge)    3.000     3.000 r  
                                                      0.000     3.000 r  aclk (IN)
                         net (fo=575, unset)          1.293     4.293    aclk
    SLICE_X43Y185        FDCE                                         r  wr_addr_q_reg[20]/C
                         clock pessimism              0.111     4.404    
                         clock uncertainty           -0.035     4.369    
    SLICE_X43Y185        FDCE (Setup_fdce_C_CE)      -0.201     4.168    wr_addr_q_reg[20]
  -------------------------------------------------------------------
                         required time                          4.168    
                         arrival time                          -3.859    
  -------------------------------------------------------------------
                         slack                                  0.309    

Slack (MET) :             0.309ns  (required time - arrival time)
  Source:                 wr_len_q_reg[3]/C
                            (rising edge-triggered cell FDCE clocked by axi_clk  {rise@0.000ns fall@1.500ns period=3.000ns})
  Destination:            wr_addr_q_reg[25]/CE
                            (rising edge-triggered cell FDCE clocked by axi_clk  {rise@0.000ns fall@1.500ns period=3.000ns})
  Path Group:             axi_clk
  Path Type:              Setup (Max at Slow Process Corner)
  Requirement:            3.000ns  (axi_clk rise@3.000ns - axi_clk rise@0.000ns)
  Data Path Delay:        2.437ns  (logic 0.481ns (19.737%)  route 1.956ns (80.263%))
  Logic Levels:           6  (LUT2=2 LUT3=1 LUT4=1 LUT6=2)
  Clock Path Skew:        -0.018ns (DCD - SCD + CPR)
    Destination Clock Delay (DCD):    1.293ns = ( 4.293 - 3.000 ) 
    Source Clock Delay      (SCD):    1.422ns
    Clock Pessimism Removal (CPR):    0.111ns
  Clock Uncertainty:      0.035ns  ((TSJ^2 + TIJ^2)^1/2 + DJ) / 2 + PE
    Total System Jitter     (TSJ):    0.071ns
    Total Input Jitter      (TIJ):    0.000ns
    Discrete Jitter          (DJ):    0.000ns
    Phase Error              (PE):    0.000ns

    Location             Delay type                Incr(ns)  Path(ns)    Netlist Resource(s)
  -------------------------------------------------------------------    -------------------
                         (clock axi_clk rise edge)    0.000     0.000 r  
                                                      0.000     0.000 r  aclk (IN)
                         net (fo=575, unset)          1.422     1.422    aclk
    SLICE_X43Y180        FDCE                                         r  wr_len_q_reg[3]/C
  -------------------------------------------------------------------    -------------------
    SLICE_X43Y180        FDCE (Prop_fdce_C_Q)         0.223     1.645 r  wr_len_q_reg[3]/Q
                         net (fo=7, routed)           0.565     2.210    controller_core_inst/wr_expected_last_q_reg_0[3]
    SLICE_X43Y179        LUT6 (Prop_lut6_I0_O)        0.043     2.253 f  controller_core_inst/wr_expected_last_q_i_4/O
                         net (fo=1, routed)           0.099     2.351    controller_core_inst/wr_expected_last_q_i_4_n_0
    SLICE_X43Y179        LUT6 (Prop_lut6_I5_O)        0.043     2.394 r  controller_core_inst/wr_expected_last_q_i_2/O
                         net (fo=2, routed)           0.206     2.600    controller_core_inst/wr_active_q2
    SLICE_X41Y180        LUT2 (Prop_lut2_I1_O)        0.043     2.643 r  controller_core_inst/bid_q[5]_i_3/O
                         net (fo=3, routed)           0.204     2.846    controller_core_inst/bid_q[5]_i_3_n_0
    SLICE_X41Y180        LUT3 (Prop_lut3_I1_O)        0.043     2.889 r  controller_core_inst/wr_beat_q[7]_i_6/O
                         net (fo=5, routed)           0.236     3.125    controller_core_inst/wr_beat_q[7]_i_6_n_0
    SLICE_X41Y181        LUT2 (Prop_lut2_I0_O)        0.043     3.168 r  controller_core_inst/wr_beat_q[7]_i_3/O
                         net (fo=37, routed)          0.297     3.465    controller_core_inst/wr_beat_q[7]_i_3_n_0
    SLICE_X41Y181        LUT4 (Prop_lut4_I1_O)        0.043     3.508 r  controller_core_inst/wr_addr_q[30]_i_1/O
                         net (fo=31, routed)          0.351     3.859    controller_core_inst_n_48
    SLICE_X43Y185        FDCE                                         r  wr_addr_q_reg[25]/CE
  -------------------------------------------------------------------    -------------------

                         (clock axi_clk rise edge)    3.000     3.000 r  
                                                      0.000     3.000 r  aclk (IN)
                         net (fo=575, unset)          1.293     4.293    aclk
    SLICE_X43Y185        FDCE                                         r  wr_addr_q_reg[25]/C
                         clock pessimism              0.111     4.404    
                         clock uncertainty           -0.035     4.369    
    SLICE_X43Y185        FDCE (Setup_fdce_C_CE)      -0.201     4.168    wr_addr_q_reg[25]
  -------------------------------------------------------------------
                         required time                          4.168    
                         arrival time                          -3.859    
  -------------------------------------------------------------------
                         slack                                  0.309    

Slack (MET) :             0.309ns  (required time - arrival time)
  Source:                 wr_len_q_reg[3]/C
                            (rising edge-triggered cell FDCE clocked by axi_clk  {rise@0.000ns fall@1.500ns period=3.000ns})
  Destination:            wr_addr_q_reg[28]/CE
                            (rising edge-triggered cell FDCE clocked by axi_clk  {rise@0.000ns fall@1.500ns period=3.000ns})
  Path Group:             axi_clk
  Path Type:              Setup (Max at Slow Process Corner)
  Requirement:            3.000ns  (axi_clk rise@3.000ns - axi_clk rise@0.000ns)
  Data Path Delay:        2.437ns  (logic 0.481ns (19.737%)  route 1.956ns (80.263%))
  Logic Levels:           6  (LUT2=2 LUT3=1 LUT4=1 LUT6=2)
  Clock Path Skew:        -0.018ns (DCD - SCD + CPR)
    Destination Clock Delay (DCD):    1.293ns = ( 4.293 - 3.000 ) 
    Source Clock Delay      (SCD):    1.422ns
    Clock Pessimism Removal (CPR):    0.111ns
  Clock Uncertainty:      0.035ns  ((TSJ^2 + TIJ^2)^1/2 + DJ) / 2 + PE
    Total System Jitter     (TSJ):    0.071ns
    Total Input Jitter      (TIJ):    0.000ns
    Discrete Jitter          (DJ):    0.000ns
    Phase Error              (PE):    0.000ns

    Location             Delay type                Incr(ns)  Path(ns)    Netlist Resource(s)
  -------------------------------------------------------------------    -------------------
                         (clock axi_clk rise edge)    0.000     0.000 r  
                                                      0.000     0.000 r  aclk (IN)
                         net (fo=575, unset)          1.422     1.422    aclk
    SLICE_X43Y180        FDCE                                         r  wr_len_q_reg[3]/C
  -------------------------------------------------------------------    -------------------
    SLICE_X43Y180        FDCE (Prop_fdce_C_Q)         0.223     1.645 r  wr_len_q_reg[3]/Q
                         net (fo=7, routed)           0.565     2.210    controller_core_inst/wr_expected_last_q_reg_0[3]
    SLICE_X43Y179        LUT6 (Prop_lut6_I0_O)        0.043     2.253 f  controller_core_inst/wr_expected_last_q_i_4/O
                         net (fo=1, routed)           0.099     2.351    controller_core_inst/wr_expected_last_q_i_4_n_0
    SLICE_X43Y179        LUT6 (Prop_lut6_I5_O)        0.043     2.394 r  controller_core_inst/wr_expected_last_q_i_2/O
                         net (fo=2, routed)           0.206     2.600    controller_core_inst/wr_active_q2
    SLICE_X41Y180        LUT2 (Prop_lut2_I1_O)        0.043     2.643 r  controller_core_inst/bid_q[5]_i_3/O
                         net (fo=3, routed)           0.204     2.846    controller_core_inst/bid_q[5]_i_3_n_0
    SLICE_X41Y180        LUT3 (Prop_lut3_I1_O)        0.043     2.889 r  controller_core_inst/wr_beat_q[7]_i_6/O
                         net (fo=5, routed)           0.236     3.125    controller_core_inst/wr_beat_q[7]_i_6_n_0
    SLICE_X41Y181        LUT2 (Prop_lut2_I0_O)        0.043     3.168 r  controller_core_inst/wr_beat_q[7]_i_3/O
                         net (fo=37, routed)          0.297     3.465    controller_core_inst/wr_beat_q[7]_i_3_n_0
    SLICE_X41Y181        LUT4 (Prop_lut4_I1_O)        0.043     3.508 r  controller_core_inst/wr_addr_q[30]_i_1/O
                         net (fo=31, routed)          0.351     3.859    controller_core_inst_n_48
    SLICE_X43Y185        FDCE                                         r  wr_addr_q_reg[28]/CE
  -------------------------------------------------------------------    -------------------

                         (clock axi_clk rise edge)    3.000     3.000 r  
                                                      0.000     3.000 r  aclk (IN)
                         net (fo=575, unset)          1.293     4.293    aclk
    SLICE_X43Y185        FDCE                                         r  wr_addr_q_reg[28]/C
                         clock pessimism              0.111     4.404    
                         clock uncertainty           -0.035     4.369    
    SLICE_X43Y185        FDCE (Setup_fdce_C_CE)      -0.201     4.168    wr_addr_q_reg[28]
  -------------------------------------------------------------------
                         required time                          4.168    
                         arrival time                          -3.859    
  -------------------------------------------------------------------
                         slack                                  0.309    

Slack (MET) :             0.309ns  (required time - arrival time)
  Source:                 wr_len_q_reg[3]/C
                            (rising edge-triggered cell FDCE clocked by axi_clk  {rise@0.000ns fall@1.500ns period=3.000ns})
  Destination:            wr_addr_q_reg[30]/CE
                            (rising edge-triggered cell FDCE clocked by axi_clk  {rise@0.000ns fall@1.500ns period=3.000ns})
  Path Group:             axi_clk
  Path Type:              Setup (Max at Slow Process Corner)
  Requirement:            3.000ns  (axi_clk rise@3.000ns - axi_clk rise@0.000ns)
  Data Path Delay:        2.437ns  (logic 0.481ns (19.737%)  route 1.956ns (80.263%))
  Logic Levels:           6  (LUT2=2 LUT3=1 LUT4=1 LUT6=2)
  Clock Path Skew:        -0.018ns (DCD - SCD + CPR)
    Destination Clock Delay (DCD):    1.293ns = ( 4.293 - 3.000 ) 
    Source Clock Delay      (SCD):    1.422ns
    Clock Pessimism Removal (CPR):    0.111ns
  Clock Uncertainty:      0.035ns  ((TSJ^2 + TIJ^2)^1/2 + DJ) / 2 + PE
    Total System Jitter     (TSJ):    0.071ns
    Total Input Jitter      (TIJ):    0.000ns
    Discrete Jitter          (DJ):    0.000ns
    Phase Error              (PE):    0.000ns

    Location             Delay type                Incr(ns)  Path(ns)    Netlist Resource(s)
  -------------------------------------------------------------------    -------------------
                         (clock axi_clk rise edge)    0.000     0.000 r  
                                                      0.000     0.000 r  aclk (IN)
                         net (fo=575, unset)          1.422     1.422    aclk
    SLICE_X43Y180        FDCE                                         r  wr_len_q_reg[3]/C
  -------------------------------------------------------------------    -------------------
    SLICE_X43Y180        FDCE (Prop_fdce_C_Q)         0.223     1.645 r  wr_len_q_reg[3]/Q
                         net (fo=7, routed)           0.565     2.210    controller_core_inst/wr_expected_last_q_reg_0[3]
    SLICE_X43Y179        LUT6 (Prop_lut6_I0_O)        0.043     2.253 f  controller_core_inst/wr_expected_last_q_i_4/O
                         net (fo=1, routed)           0.099     2.351    controller_core_inst/wr_expected_last_q_i_4_n_0
    SLICE_X43Y179        LUT6 (Prop_lut6_I5_O)        0.043     2.394 r  controller_core_inst/wr_expected_last_q_i_2/O
                         net (fo=2, routed)           0.206     2.600    controller_core_inst/wr_active_q2
    SLICE_X41Y180        LUT2 (Prop_lut2_I1_O)        0.043     2.643 r  controller_core_inst/bid_q[5]_i_3/O
                         net (fo=3, routed)           0.204     2.846    controller_core_inst/bid_q[5]_i_3_n_0
    SLICE_X41Y180        LUT3 (Prop_lut3_I1_O)        0.043     2.889 r  controller_core_inst/wr_beat_q[7]_i_6/O
                         net (fo=5, routed)           0.236     3.125    controller_core_inst/wr_beat_q[7]_i_6_n_0
    SLICE_X41Y181        LUT2 (Prop_lut2_I0_O)        0.043     3.168 r  controller_core_inst/wr_beat_q[7]_i_3/O
                         net (fo=37, routed)          0.297     3.465    controller_core_inst/wr_beat_q[7]_i_3_n_0
    SLICE_X41Y181        LUT4 (Prop_lut4_I1_O)        0.043     3.508 r  controller_core_inst/wr_addr_q[30]_i_1/O
                         net (fo=31, routed)          0.351     3.859    controller_core_inst_n_48
    SLICE_X43Y185        FDCE                                         r  wr_addr_q_reg[30]/CE
  -------------------------------------------------------------------    -------------------

                         (clock axi_clk rise edge)    3.000     3.000 r  
                                                      0.000     3.000 r  aclk (IN)
                         net (fo=575, unset)          1.293     4.293    aclk
    SLICE_X43Y185        FDCE                                         r  wr_addr_q_reg[30]/C
                         clock pessimism              0.111     4.404    
                         clock uncertainty           -0.035     4.369    
    SLICE_X43Y185        FDCE (Setup_fdce_C_CE)      -0.201     4.168    wr_addr_q_reg[30]
  -------------------------------------------------------------------
                         required time                          4.168    
                         arrival time                          -3.859    
  -------------------------------------------------------------------
                         slack                                  0.309    

Slack (MET) :             0.324ns  (required time - arrival time)
  Source:                 wr_len_q_reg[3]/C
                            (rising edge-triggered cell FDCE clocked by axi_clk  {rise@0.000ns fall@1.500ns period=3.000ns})
  Destination:            wr_addr_q_reg[1]/CE
                            (rising edge-triggered cell FDCE clocked by axi_clk  {rise@0.000ns fall@1.500ns period=3.000ns})
  Path Group:             axi_clk
  Path Type:              Setup (Max at Slow Process Corner)
  Requirement:            3.000ns  (axi_clk rise@3.000ns - axi_clk rise@0.000ns)
  Data Path Delay:        2.393ns  (logic 0.481ns (20.102%)  route 1.912ns (79.898%))
  Logic Levels:           6  (LUT2=2 LUT3=1 LUT4=1 LUT6=2)
  Clock Path Skew:        -0.047ns (DCD - SCD + CPR)
    Destination Clock Delay (DCD):    1.290ns = ( 4.290 - 3.000 ) 
    Source Clock Delay      (SCD):    1.422ns
    Clock Pessimism Removal (CPR):    0.085ns
  Clock Uncertainty:      0.035ns  ((TSJ^2 + TIJ^2)^1/2 + DJ) / 2 + PE
    Total System Jitter     (TSJ):    0.071ns
    Total Input Jitter      (TIJ):    0.000ns
    Discrete Jitter          (DJ):    0.000ns
    Phase Error              (PE):    0.000ns

    Location             Delay type                Incr(ns)  Path(ns)    Netlist Resource(s)
  -------------------------------------------------------------------    -------------------
                         (clock axi_clk rise edge)    0.000     0.000 r  
                                                      0.000     0.000 r  aclk (IN)
                         net (fo=575, unset)          1.422     1.422    aclk
    SLICE_X43Y180        FDCE                                         r  wr_len_q_reg[3]/C
  -------------------------------------------------------------------    -------------------
    SLICE_X43Y180        FDCE (Prop_fdce_C_Q)         0.223     1.645 r  wr_len_q_reg[3]/Q
                         net (fo=7, routed)           0.565     2.210    controller_core_inst/wr_expected_last_q_reg_0[3]
    SLICE_X43Y179        LUT6 (Prop_lut6_I0_O)        0.043     2.253 f  controller_core_inst/wr_expected_last_q_i_4/O
                         net (fo=1, routed)           0.099     2.351    controller_core_inst/wr_expected_last_q_i_4_n_0
    SLICE_X43Y179        LUT6 (Prop_lut6_I5_O)        0.043     2.394 r  controller_core_inst/wr_expected_last_q_i_2/O
                         net (fo=2, routed)           0.206     2.600    controller_core_inst/wr_active_q2
    SLICE_X41Y180        LUT2 (Prop_lut2_I1_O)        0.043     2.643 r  controller_core_inst/bid_q[5]_i_3/O
                         net (fo=3, routed)           0.204     2.846    controller_core_inst/bid_q[5]_i_3_n_0
    SLICE_X41Y180        LUT3 (Prop_lut3_I1_O)        0.043     2.889 r  controller_core_inst/wr_beat_q[7]_i_6/O
                         net (fo=5, routed)           0.236     3.125    controller_core_inst/wr_beat_q[7]_i_6_n_0
    SLICE_X41Y181        LUT2 (Prop_lut2_I0_O)        0.043     3.168 r  controller_core_inst/wr_beat_q[7]_i_3/O
                         net (fo=37, routed)          0.297     3.465    controller_core_inst/wr_beat_q[7]_i_3_n_0
    SLICE_X41Y181        LUT4 (Prop_lut4_I1_O)        0.043     3.508 r  controller_core_inst/wr_addr_q[30]_i_1/O
                         net (fo=31, routed)          0.307     3.815    controller_core_inst_n_48
    SLICE_X41Y179        FDCE                                         r  wr_addr_q_reg[1]/CE
  -------------------------------------------------------------------    -------------------

                         (clock axi_clk rise edge)    3.000     3.000 r  
                                                      0.000     3.000 r  aclk (IN)
                         net (fo=575, unset)          1.290     4.290    aclk
    SLICE_X41Y179        FDCE                                         r  wr_addr_q_reg[1]/C
                         clock pessimism              0.085     4.375    
                         clock uncertainty           -0.035     4.340    
    SLICE_X41Y179        FDCE (Setup_fdce_C_CE)      -0.201     4.139    wr_addr_q_reg[1]
  -------------------------------------------------------------------
                         required time                          4.139    
                         arrival time                          -3.815    
  -------------------------------------------------------------------
                         slack                                  0.324    

Slack (MET) :             0.324ns  (required time - arrival time)
  Source:                 wr_len_q_reg[3]/C
                            (rising edge-triggered cell FDCE clocked by axi_clk  {rise@0.000ns fall@1.500ns period=3.000ns})
  Destination:            wr_addr_q_reg[22]/CE
                            (rising edge-triggered cell FDCE clocked by axi_clk  {rise@0.000ns fall@1.500ns period=3.000ns})
  Path Group:             axi_clk
  Path Type:              Setup (Max at Slow Process Corner)
  Requirement:            3.000ns  (axi_clk rise@3.000ns - axi_clk rise@0.000ns)
  Data Path Delay:        2.393ns  (logic 0.481ns (20.102%)  route 1.912ns (79.898%))
  Logic Levels:           6  (LUT2=2 LUT3=1 LUT4=1 LUT6=2)
  Clock Path Skew:        -0.047ns (DCD - SCD + CPR)
    Destination Clock Delay (DCD):    1.290ns = ( 4.290 - 3.000 ) 
    Source Clock Delay      (SCD):    1.422ns
    Clock Pessimism Removal (CPR):    0.085ns
  Clock Uncertainty:      0.035ns  ((TSJ^2 + TIJ^2)^1/2 + DJ) / 2 + PE
    Total System Jitter     (TSJ):    0.071ns
    Total Input Jitter      (TIJ):    0.000ns
    Discrete Jitter          (DJ):    0.000ns
    Phase Error              (PE):    0.000ns

    Location             Delay type                Incr(ns)  Path(ns)    Netlist Resource(s)
  -------------------------------------------------------------------    -------------------
                         (clock axi_clk rise edge)    0.000     0.000 r  
                                                      0.000     0.000 r  aclk (IN)
                         net (fo=575, unset)          1.422     1.422    aclk
    SLICE_X43Y180        FDCE                                         r  wr_len_q_reg[3]/C
  -------------------------------------------------------------------    -------------------
    SLICE_X43Y180        FDCE (Prop_fdce_C_Q)         0.223     1.645 r  wr_len_q_reg[3]/Q
                         net (fo=7, routed)           0.565     2.210    controller_core_inst/wr_expected_last_q_reg_0[3]
    SLICE_X43Y179        LUT6 (Prop_lut6_I0_O)        0.043     2.253 f  controller_core_inst/wr_expected_last_q_i_4/O
                         net (fo=1, routed)           0.099     2.351    controller_core_inst/wr_expected_last_q_i_4_n_0
    SLICE_X43Y179        LUT6 (Prop_lut6_I5_O)        0.043     2.394 r  controller_core_inst/wr_expected_last_q_i_2/O
                         net (fo=2, routed)           0.206     2.600    controller_core_inst/wr_active_q2
    SLICE_X41Y180        LUT2 (Prop_lut2_I1_O)        0.043     2.643 r  controller_core_inst/bid_q[5]_i_3/O
                         net (fo=3, routed)           0.204     2.846    controller_core_inst/bid_q[5]_i_3_n_0
    SLICE_X41Y180        LUT3 (Prop_lut3_I1_O)        0.043     2.889 r  controller_core_inst/wr_beat_q[7]_i_6/O
                         net (fo=5, routed)           0.236     3.125    controller_core_inst/wr_beat_q[7]_i_6_n_0
    SLICE_X41Y181        LUT2 (Prop_lut2_I0_O)        0.043     3.168 r  controller_core_inst/wr_beat_q[7]_i_3/O
                         net (fo=37, routed)          0.297     3.465    controller_core_inst/wr_beat_q[7]_i_3_n_0
    SLICE_X41Y181        LUT4 (Prop_lut4_I1_O)        0.043     3.508 r  controller_core_inst/wr_addr_q[30]_i_1/O
                         net (fo=31, routed)          0.307     3.815    controller_core_inst_n_48
    SLICE_X41Y179        FDCE                                         r  wr_addr_q_reg[22]/CE
  -------------------------------------------------------------------    -------------------

                         (clock axi_clk rise edge)    3.000     3.000 r  
                                                      0.000     3.000 r  aclk (IN)
                         net (fo=575, unset)          1.290     4.290    aclk
    SLICE_X41Y179        FDCE                                         r  wr_addr_q_reg[22]/C
                         clock pessimism              0.085     4.375    
                         clock uncertainty           -0.035     4.340    
    SLICE_X41Y179        FDCE (Setup_fdce_C_CE)      -0.201     4.139    wr_addr_q_reg[22]
  -------------------------------------------------------------------
                         required time                          4.139    
                         arrival time                          -3.815    
  -------------------------------------------------------------------
                         slack                                  0.324    

Slack (MET) :             0.324ns  (required time - arrival time)
  Source:                 wr_len_q_reg[3]/C
                            (rising edge-triggered cell FDCE clocked by axi_clk  {rise@0.000ns fall@1.500ns period=3.000ns})
  Destination:            wr_addr_q_reg[8]/CE
                            (rising edge-triggered cell FDCE clocked by axi_clk  {rise@0.000ns fall@1.500ns period=3.000ns})
  Path Group:             axi_clk
  Path Type:              Setup (Max at Slow Process Corner)
  Requirement:            3.000ns  (axi_clk rise@3.000ns - axi_clk rise@0.000ns)
  Data Path Delay:        2.393ns  (logic 0.481ns (20.102%)  route 1.912ns (79.898%))
  Logic Levels:           6  (LUT2=2 LUT3=1 LUT4=1 LUT6=2)
  Clock Path Skew:        -0.047ns (DCD - SCD + CPR)
    Destination Clock Delay (DCD):    1.290ns = ( 4.290 - 3.000 ) 
    Source Clock Delay      (SCD):    1.422ns
    Clock Pessimism Removal (CPR):    0.085ns
  Clock Uncertainty:      0.035ns  ((TSJ^2 + TIJ^2)^1/2 + DJ) / 2 + PE
    Total System Jitter     (TSJ):    0.071ns
    Total Input Jitter      (TIJ):    0.000ns
    Discrete Jitter          (DJ):    0.000ns
    Phase Error              (PE):    0.000ns

    Location             Delay type                Incr(ns)  Path(ns)    Netlist Resource(s)
  -------------------------------------------------------------------    -------------------
                         (clock axi_clk rise edge)    0.000     0.000 r  
                                                      0.000     0.000 r  aclk (IN)
                         net (fo=575, unset)          1.422     1.422    aclk
    SLICE_X43Y180        FDCE                                         r  wr_len_q_reg[3]/C
  -------------------------------------------------------------------    -------------------
    SLICE_X43Y180        FDCE (Prop_fdce_C_Q)         0.223     1.645 r  wr_len_q_reg[3]/Q
                         net (fo=7, routed)           0.565     2.210    controller_core_inst/wr_expected_last_q_reg_0[3]
    SLICE_X43Y179        LUT6 (Prop_lut6_I0_O)        0.043     2.253 f  controller_core_inst/wr_expected_last_q_i_4/O
                         net (fo=1, routed)           0.099     2.351    controller_core_inst/wr_expected_last_q_i_4_n_0
    SLICE_X43Y179        LUT6 (Prop_lut6_I5_O)        0.043     2.394 r  controller_core_inst/wr_expected_last_q_i_2/O
                         net (fo=2, routed)           0.206     2.600    controller_core_inst/wr_active_q2
    SLICE_X41Y180        LUT2 (Prop_lut2_I1_O)        0.043     2.643 r  controller_core_inst/bid_q[5]_i_3/O
                         net (fo=3, routed)           0.204     2.846    controller_core_inst/bid_q[5]_i_3_n_0
    SLICE_X41Y180        LUT3 (Prop_lut3_I1_O)        0.043     2.889 r  controller_core_inst/wr_beat_q[7]_i_6/O
                         net (fo=5, routed)           0.236     3.125    controller_core_inst/wr_beat_q[7]_i_6_n_0
    SLICE_X41Y181        LUT2 (Prop_lut2_I0_O)        0.043     3.168 r  controller_core_inst/wr_beat_q[7]_i_3/O
                         net (fo=37, routed)          0.297     3.465    controller_core_inst/wr_beat_q[7]_i_3_n_0
    SLICE_X41Y181        LUT4 (Prop_lut4_I1_O)        0.043     3.508 r  controller_core_inst/wr_addr_q[30]_i_1/O
                         net (fo=31, routed)          0.307     3.815    controller_core_inst_n_48
    SLICE_X41Y179        FDCE                                         r  wr_addr_q_reg[8]/CE
  -------------------------------------------------------------------    -------------------

                         (clock axi_clk rise edge)    3.000     3.000 r  
                                                      0.000     3.000 r  aclk (IN)
                         net (fo=575, unset)          1.290     4.290    aclk
    SLICE_X41Y179        FDCE                                         r  wr_addr_q_reg[8]/C
                         clock pessimism              0.085     4.375    
                         clock uncertainty           -0.035     4.340    
    SLICE_X41Y179        FDCE (Setup_fdce_C_CE)      -0.201     4.139    wr_addr_q_reg[8]
  -------------------------------------------------------------------
                         required time                          4.139    
                         arrival time                          -3.815    
  -------------------------------------------------------------------
                         slack                                  0.324    

Slack (MET) :             0.324ns  (required time - arrival time)
  Source:                 wr_len_q_reg[3]/C
                            (rising edge-triggered cell FDCE clocked by axi_clk  {rise@0.000ns fall@1.500ns period=3.000ns})
  Destination:            wr_addr_q_reg[12]/CE
                            (rising edge-triggered cell FDCE clocked by axi_clk  {rise@0.000ns fall@1.500ns period=3.000ns})
  Path Group:             axi_clk
  Path Type:              Setup (Max at Slow Process Corner)
  Requirement:            3.000ns  (axi_clk rise@3.000ns - axi_clk rise@0.000ns)
  Data Path Delay:        2.418ns  (logic 0.481ns (19.889%)  route 1.937ns (80.111%))
  Logic Levels:           6  (LUT2=2 LUT3=1 LUT4=1 LUT6=2)
  Clock Path Skew:        -0.021ns (DCD - SCD + CPR)
    Destination Clock Delay (DCD):    1.290ns = ( 4.290 - 3.000 ) 
    Source Clock Delay      (SCD):    1.422ns
    Clock Pessimism Removal (CPR):    0.111ns
  Clock Uncertainty:      0.035ns  ((TSJ^2 + TIJ^2)^1/2 + DJ) / 2 + PE
    Total System Jitter     (TSJ):    0.071ns
    Total Input Jitter      (TIJ):    0.000ns
    Discrete Jitter          (DJ):    0.000ns
    Phase Error              (PE):    0.000ns

    Location             Delay type                Incr(ns)  Path(ns)    Netlist Resource(s)
  -------------------------------------------------------------------    -------------------
                         (clock axi_clk rise edge)    0.000     0.000 r  
                                                      0.000     0.000 r  aclk (IN)
                         net (fo=575, unset)          1.422     1.422    aclk
    SLICE_X43Y180        FDCE                                         r  wr_len_q_reg[3]/C
  -------------------------------------------------------------------    -------------------
    SLICE_X43Y180        FDCE (Prop_fdce_C_Q)         0.223     1.645 r  wr_len_q_reg[3]/Q
                         net (fo=7, routed)           0.565     2.210    controller_core_inst/wr_expected_last_q_reg_0[3]
    SLICE_X43Y179        LUT6 (Prop_lut6_I0_O)        0.043     2.253 f  controller_core_inst/wr_expected_last_q_i_4/O
                         net (fo=1, routed)           0.099     2.351    controller_core_inst/wr_expected_last_q_i_4_n_0
    SLICE_X43Y179        LUT6 (Prop_lut6_I5_O)        0.043     2.394 r  controller_core_inst/wr_expected_last_q_i_2/O
                         net (fo=2, routed)           0.206     2.600    controller_core_inst/wr_active_q2
    SLICE_X41Y180        LUT2 (Prop_lut2_I1_O)        0.043     2.643 r  controller_core_inst/bid_q[5]_i_3/O
                         net (fo=3, routed)           0.204     2.846    controller_core_inst/bid_q[5]_i_3_n_0
    SLICE_X41Y180        LUT3 (Prop_lut3_I1_O)        0.043     2.889 r  controller_core_inst/wr_beat_q[7]_i_6/O
                         net (fo=5, routed)           0.236     3.125    controller_core_inst/wr_beat_q[7]_i_6_n_0
    SLICE_X41Y181        LUT2 (Prop_lut2_I0_O)        0.043     3.168 r  controller_core_inst/wr_beat_q[7]_i_3/O
                         net (fo=37, routed)          0.297     3.465    controller_core_inst/wr_beat_q[7]_i_3_n_0
    SLICE_X41Y181        LUT4 (Prop_lut4_I1_O)        0.043     3.508 r  controller_core_inst/wr_addr_q[30]_i_1/O
                         net (fo=31, routed)          0.332     3.840    controller_core_inst_n_48
    SLICE_X43Y182        FDCE                                         r  wr_addr_q_reg[12]/CE
  -------------------------------------------------------------------    -------------------

                         (clock axi_clk rise edge)    3.000     3.000 r  
                                                      0.000     3.000 r  aclk (IN)
                         net (fo=575, unset)          1.290     4.290    aclk
    SLICE_X43Y182        FDCE                                         r  wr_addr_q_reg[12]/C
                         clock pessimism              0.111     4.401    
                         clock uncertainty           -0.035     4.366    
    SLICE_X43Y182        FDCE (Setup_fdce_C_CE)      -0.201     4.165    wr_addr_q_reg[12]
  -------------------------------------------------------------------
                         required time                          4.165    
                         arrival time                          -3.840    
  -------------------------------------------------------------------
                         slack                                  0.324    

Slack (MET) :             0.324ns  (required time - arrival time)
  Source:                 wr_len_q_reg[3]/C
                            (rising edge-triggered cell FDCE clocked by axi_clk  {rise@0.000ns fall@1.500ns period=3.000ns})
  Destination:            wr_addr_q_reg[13]/CE
                            (rising edge-triggered cell FDCE clocked by axi_clk  {rise@0.000ns fall@1.500ns period=3.000ns})
  Path Group:             axi_clk
  Path Type:              Setup (Max at Slow Process Corner)
  Requirement:            3.000ns  (axi_clk rise@3.000ns - axi_clk rise@0.000ns)
  Data Path Delay:        2.418ns  (logic 0.481ns (19.889%)  route 1.937ns (80.111%))
  Logic Levels:           6  (LUT2=2 LUT3=1 LUT4=1 LUT6=2)
  Clock Path Skew:        -0.021ns (DCD - SCD + CPR)
    Destination Clock Delay (DCD):    1.290ns = ( 4.290 - 3.000 ) 
    Source Clock Delay      (SCD):    1.422ns
    Clock Pessimism Removal (CPR):    0.111ns
  Clock Uncertainty:      0.035ns  ((TSJ^2 + TIJ^2)^1/2 + DJ) / 2 + PE
    Total System Jitter     (TSJ):    0.071ns
    Total Input Jitter      (TIJ):    0.000ns
    Discrete Jitter          (DJ):    0.000ns
    Phase Error              (PE):    0.000ns

    Location             Delay type                Incr(ns)  Path(ns)    Netlist Resource(s)
  -------------------------------------------------------------------    -------------------
                         (clock axi_clk rise edge)    0.000     0.000 r  
                                                      0.000     0.000 r  aclk (IN)
                         net (fo=575, unset)          1.422     1.422    aclk
    SLICE_X43Y180        FDCE                                         r  wr_len_q_reg[3]/C
  -------------------------------------------------------------------    -------------------
    SLICE_X43Y180        FDCE (Prop_fdce_C_Q)         0.223     1.645 r  wr_len_q_reg[3]/Q
                         net (fo=7, routed)           0.565     2.210    controller_core_inst/wr_expected_last_q_reg_0[3]
    SLICE_X43Y179        LUT6 (Prop_lut6_I0_O)        0.043     2.253 f  controller_core_inst/wr_expected_last_q_i_4/O
                         net (fo=1, routed)           0.099     2.351    controller_core_inst/wr_expected_last_q_i_4_n_0
    SLICE_X43Y179        LUT6 (Prop_lut6_I5_O)        0.043     2.394 r  controller_core_inst/wr_expected_last_q_i_2/O
                         net (fo=2, routed)           0.206     2.600    controller_core_inst/wr_active_q2
    SLICE_X41Y180        LUT2 (Prop_lut2_I1_O)        0.043     2.643 r  controller_core_inst/bid_q[5]_i_3/O
                         net (fo=3, routed)           0.204     2.846    controller_core_inst/bid_q[5]_i_3_n_0
    SLICE_X41Y180        LUT3 (Prop_lut3_I1_O)        0.043     2.889 r  controller_core_inst/wr_beat_q[7]_i_6/O
                         net (fo=5, routed)           0.236     3.125    controller_core_inst/wr_beat_q[7]_i_6_n_0
    SLICE_X41Y181        LUT2 (Prop_lut2_I0_O)        0.043     3.168 r  controller_core_inst/wr_beat_q[7]_i_3/O
                         net (fo=37, routed)          0.297     3.465    controller_core_inst/wr_beat_q[7]_i_3_n_0
    SLICE_X41Y181        LUT4 (Prop_lut4_I1_O)        0.043     3.508 r  controller_core_inst/wr_addr_q[30]_i_1/O
                         net (fo=31, routed)          0.332     3.840    controller_core_inst_n_48
    SLICE_X43Y182        FDCE                                         r  wr_addr_q_reg[13]/CE
  -------------------------------------------------------------------    -------------------

                         (clock axi_clk rise edge)    3.000     3.000 r  
                                                      0.000     3.000 r  aclk (IN)
                         net (fo=575, unset)          1.290     4.290    aclk
    SLICE_X43Y182        FDCE                                         r  wr_addr_q_reg[13]/C
                         clock pessimism              0.111     4.401    
                         clock uncertainty           -0.035     4.366    
    SLICE_X43Y182        FDCE (Setup_fdce_C_CE)      -0.201     4.165    wr_addr_q_reg[13]
  -------------------------------------------------------------------
                         required time                          4.165    
                         arrival time                          -3.840    
  -------------------------------------------------------------------
                         slack                                  0.324    

Slack (MET) :             0.324ns  (required time - arrival time)
  Source:                 wr_len_q_reg[3]/C
                            (rising edge-triggered cell FDCE clocked by axi_clk  {rise@0.000ns fall@1.500ns period=3.000ns})
  Destination:            wr_addr_q_reg[19]/CE
                            (rising edge-triggered cell FDCE clocked by axi_clk  {rise@0.000ns fall@1.500ns period=3.000ns})
  Path Group:             axi_clk
  Path Type:              Setup (Max at Slow Process Corner)
  Requirement:            3.000ns  (axi_clk rise@3.000ns - axi_clk rise@0.000ns)
  Data Path Delay:        2.418ns  (logic 0.481ns (19.889%)  route 1.937ns (80.111%))
  Logic Levels:           6  (LUT2=2 LUT3=1 LUT4=1 LUT6=2)
  Clock Path Skew:        -0.021ns (DCD - SCD + CPR)
    Destination Clock Delay (DCD):    1.290ns = ( 4.290 - 3.000 ) 
    Source Clock Delay      (SCD):    1.422ns
    Clock Pessimism Removal (CPR):    0.111ns
  Clock Uncertainty:      0.035ns  ((TSJ^2 + TIJ^2)^1/2 + DJ) / 2 + PE
    Total System Jitter     (TSJ):    0.071ns
    Total Input Jitter      (TIJ):    0.000ns
    Discrete Jitter          (DJ):    0.000ns
    Phase Error              (PE):    0.000ns

    Location             Delay type                Incr(ns)  Path(ns)    Netlist Resource(s)
  -------------------------------------------------------------------    -------------------
                         (clock axi_clk rise edge)    0.000     0.000 r  
                                                      0.000     0.000 r  aclk (IN)
                         net (fo=575, unset)          1.422     1.422    aclk
    SLICE_X43Y180        FDCE                                         r  wr_len_q_reg[3]/C
  -------------------------------------------------------------------    -------------------
    SLICE_X43Y180        FDCE (Prop_fdce_C_Q)         0.223     1.645 r  wr_len_q_reg[3]/Q
                         net (fo=7, routed)           0.565     2.210    controller_core_inst/wr_expected_last_q_reg_0[3]
    SLICE_X43Y179        LUT6 (Prop_lut6_I0_O)        0.043     2.253 f  controller_core_inst/wr_expected_last_q_i_4/O
                         net (fo=1, routed)           0.099     2.351    controller_core_inst/wr_expected_last_q_i_4_n_0
    SLICE_X43Y179        LUT6 (Prop_lut6_I5_O)        0.043     2.394 r  controller_core_inst/wr_expected_last_q_i_2/O
                         net (fo=2, routed)           0.206     2.600    controller_core_inst/wr_active_q2
    SLICE_X41Y180        LUT2 (Prop_lut2_I1_O)        0.043     2.643 r  controller_core_inst/bid_q[5]_i_3/O
                         net (fo=3, routed)           0.204     2.846    controller_core_inst/bid_q[5]_i_3_n_0
    SLICE_X41Y180        LUT3 (Prop_lut3_I1_O)        0.043     2.889 r  controller_core_inst/wr_beat_q[7]_i_6/O
                         net (fo=5, routed)           0.236     3.125    controller_core_inst/wr_beat_q[7]_i_6_n_0
    SLICE_X41Y181        LUT2 (Prop_lut2_I0_O)        0.043     3.168 r  controller_core_inst/wr_beat_q[7]_i_3/O
                         net (fo=37, routed)          0.297     3.465    controller_core_inst/wr_beat_q[7]_i_3_n_0
    SLICE_X41Y181        LUT4 (Prop_lut4_I1_O)        0.043     3.508 r  controller_core_inst/wr_addr_q[30]_i_1/O
                         net (fo=31, routed)          0.332     3.840    controller_core_inst_n_48
    SLICE_X43Y182        FDCE                                         r  wr_addr_q_reg[19]/CE
  -------------------------------------------------------------------    -------------------

                         (clock axi_clk rise edge)    3.000     3.000 r  
                                                      0.000     3.000 r  aclk (IN)
                         net (fo=575, unset)          1.290     4.290    aclk
    SLICE_X43Y182        FDCE                                         r  wr_addr_q_reg[19]/C
                         clock pessimism              0.111     4.401    
                         clock uncertainty           -0.035     4.366    
    SLICE_X43Y182        FDCE (Setup_fdce_C_CE)      -0.201     4.165    wr_addr_q_reg[19]
  -------------------------------------------------------------------
                         required time                          4.165    
                         arrival time                          -3.840    
  -------------------------------------------------------------------
                         slack                                  0.324    





Pulse Width Checks
--------------------------------------------------------------------------------------
Clock Name:         axi_clk
Waveform(ns):       { 0.000 1.500 }
Period(ns):         3.000
Sources:            { aclk }

Check Type        Corner  Lib Pin  Reference Pin  Required(ns)  Actual(ns)  Slack(ns)  Location       Pin
Min Period        n/a     FDCE/C   n/a            0.750         3.000       2.250      SLICE_X40Y177  rd_active_q_reg/C
Min Period        n/a     FDCE/C   n/a            0.750         3.000       2.250      SLICE_X36Y178  rd_beat_q_reg[3]/C
Min Period        n/a     FDCE/C   n/a            0.750         3.000       2.250      SLICE_X37Y178  rd_beat_q_reg[5]/C
Min Period        n/a     FDCE/C   n/a            0.750         3.000       2.250      SLICE_X40Y178  rd_beat_q_reg[7]/C
Min Period        n/a     FDCE/C   n/a            0.750         3.000       2.250      SLICE_X40Y174  rdata_q_reg[11]/C
Min Period        n/a     FDCE/C   n/a            0.750         3.000       2.250      SLICE_X42Y174  rdata_q_reg[13]/C
Min Period        n/a     FDCE/C   n/a            0.750         3.000       2.250      SLICE_X39Y172  rdata_q_reg[15]/C
Min Period        n/a     FDCE/C   n/a            0.750         3.000       2.250      SLICE_X38Y177  rdata_q_reg[17]/C
Min Period        n/a     FDCE/C   n/a            0.750         3.000       2.250      SLICE_X42Y174  rdata_q_reg[19]/C
Min Period        n/a     FDCE/C   n/a            0.750         3.000       2.250      SLICE_X42Y174  rdata_q_reg[21]/C
Min Period        n/a     FDCE/C   n/a            0.750         3.000       2.250      SLICE_X39Y172  rdata_q_reg[23]/C
Min Period        n/a     FDCE/C   n/a            0.750         3.000       2.250      SLICE_X40Y174  rdata_q_reg[25]/C
Min Period        n/a     FDCE/C   n/a            0.750         3.000       2.250      SLICE_X38Y173  rdata_q_reg[27]/C
Min Period        n/a     FDCE/C   n/a            0.750         3.000       2.250      SLICE_X42Y174  rdata_q_reg[29]/C
Min Period        n/a     FDCE/C   n/a            0.750         3.000       2.250      SLICE_X39Y172  rdata_q_reg[31]/C
Min Period        n/a     FDCE/C   n/a            0.750         3.000       2.250      SLICE_X40Y174  rdata_q_reg[3]/C
Min Period        n/a     FDCE/C   n/a            0.750         3.000       2.250      SLICE_X41Y175  rdata_q_reg[5]/C
Min Period        n/a     FDCE/C   n/a            0.750         3.000       2.250      SLICE_X38Y177  rdata_q_reg[7]/C
Min Period        n/a     FDCE/C   n/a            0.750         3.000       2.250      SLICE_X39Y172  rdata_q_reg[9]/C
Min Period        n/a     FDCE/C   n/a            0.750         3.000       2.250      SLICE_X40Y180  request_wdata_q_reg[0]/C
Low Pulse Width   Slow    FDCE/C   n/a            0.400         1.500       1.100      SLICE_X40Y177  rd_active_q_reg/C
Low Pulse Width   Fast    FDCE/C   n/a            0.400         1.500       1.100      SLICE_X40Y177  rd_active_q_reg/C
Low Pulse Width   Slow    FDCE/C   n/a            0.400         1.500       1.100      SLICE_X36Y178  rd_beat_q_reg[3]/C
Low Pulse Width   Fast    FDCE/C   n/a            0.400         1.500       1.100      SLICE_X36Y178  rd_beat_q_reg[3]/C
Low Pulse Width   Slow    FDCE/C   n/a            0.400         1.500       1.100      SLICE_X37Y178  rd_beat_q_reg[5]/C
Low Pulse Width   Fast    FDCE/C   n/a            0.400         1.500       1.100      SLICE_X37Y178  rd_beat_q_reg[5]/C
Low Pulse Width   Slow    FDCE/C   n/a            0.400         1.500       1.100      SLICE_X40Y178  rd_beat_q_reg[7]/C
Low Pulse Width   Fast    FDCE/C   n/a            0.400         1.500       1.100      SLICE_X40Y178  rd_beat_q_reg[7]/C
Low Pulse Width   Slow    FDCE/C   n/a            0.400         1.500       1.100      SLICE_X40Y174  rdata_q_reg[11]/C
Low Pulse Width   Fast    FDCE/C   n/a            0.400         1.500       1.100      SLICE_X40Y174  rdata_q_reg[11]/C
Low Pulse Width   Slow    FDCE/C   n/a            0.400         1.500       1.100      SLICE_X42Y174  rdata_q_reg[13]/C
Low Pulse Width   Fast    FDCE/C   n/a            0.400         1.500       1.100      SLICE_X42Y174  rdata_q_reg[13]/C
Low Pulse Width   Slow    FDCE/C   n/a            0.400         1.500       1.100      SLICE_X39Y172  rdata_q_reg[15]/C
Low Pulse Width   Fast    FDCE/C   n/a            0.400         1.500       1.100      SLICE_X39Y172  rdata_q_reg[15]/C
Low Pulse Width   Slow    FDCE/C   n/a            0.400         1.500       1.100      SLICE_X38Y177  rdata_q_reg[17]/C
Low Pulse Width   Fast    FDCE/C   n/a            0.400         1.500       1.100      SLICE_X38Y177  rdata_q_reg[17]/C
Low Pulse Width   Slow    FDCE/C   n/a            0.400         1.500       1.100      SLICE_X42Y174  rdata_q_reg[19]/C
Low Pulse Width   Fast    FDCE/C   n/a            0.400         1.500       1.100      SLICE_X42Y174  rdata_q_reg[19]/C
Low Pulse Width   Slow    FDCE/C   n/a            0.400         1.500       1.100      SLICE_X42Y174  rdata_q_reg[21]/C
Low Pulse Width   Fast    FDCE/C   n/a            0.400         1.500       1.100      SLICE_X42Y174  rdata_q_reg[21]/C
High Pulse Width  Slow    FDPE/C   n/a            0.350         1.500       1.150      SLICE_X44Y182  arb_write_q_reg/C
High Pulse Width  Fast    FDPE/C   n/a            0.350         1.500       1.150      SLICE_X44Y182  arb_write_q_reg/C
High Pulse Width  Slow    FDCE/C   n/a            0.350         1.500       1.150      SLICE_X43Y178  bid_q_reg[0]/C
High Pulse Width  Fast    FDCE/C   n/a            0.350         1.500       1.150      SLICE_X43Y178  bid_q_reg[0]/C
High Pulse Width  Slow    FDCE/C   n/a            0.350         1.500       1.150      SLICE_X43Y178  bid_q_reg[1]/C
High Pulse Width  Fast    FDCE/C   n/a            0.350         1.500       1.150      SLICE_X43Y178  bid_q_reg[1]/C
High Pulse Width  Slow    FDCE/C   n/a            0.350         1.500       1.150      SLICE_X45Y179  bid_q_reg[2]/C
High Pulse Width  Fast    FDCE/C   n/a            0.350         1.500       1.150      SLICE_X45Y179  bid_q_reg[2]/C
High Pulse Width  Slow    FDCE/C   n/a            0.350         1.500       1.150      SLICE_X43Y178  bid_q_reg[3]/C
High Pulse Width  Fast    FDCE/C   n/a            0.350         1.500       1.150      SLICE_X43Y178  bid_q_reg[3]/C
High Pulse Width  Slow    FDCE/C   n/a            0.350         1.500       1.150      SLICE_X45Y179  bid_q_reg[4]/C
High Pulse Width  Fast    FDCE/C   n/a            0.350         1.500       1.150      SLICE_X45Y179  bid_q_reg[4]/C
High Pulse Width  Slow    FDCE/C   n/a            0.350         1.500       1.150      SLICE_X43Y178  bid_q_reg[5]/C
High Pulse Width  Fast    FDCE/C   n/a            0.350         1.500       1.150      SLICE_X43Y178  bid_q_reg[5]/C
High Pulse Width  Slow    FDCE/C   n/a            0.350         1.500       1.150      SLICE_X43Y176  bresp_q_reg[0]/C
High Pulse Width  Fast    FDCE/C   n/a            0.350         1.500       1.150      SLICE_X43Y176  bresp_q_reg[0]/C
High Pulse Width  Slow    FDCE/C   n/a            0.350         1.500       1.150      SLICE_X43Y176  bresp_q_reg[1]/C
High Pulse Width  Fast    FDCE/C   n/a            0.350         1.500       1.150      SLICE_X43Y176  bresp_q_reg[1]/C
High Pulse Width  Slow    FDCE/C   n/a            0.350         1.500       1.150      SLICE_X40Y177  bvalid_q_reg/C
High Pulse Width  Fast    FDCE/C   n/a            0.350         1.500       1.150      SLICE_X40Y177  bvalid_q_reg/C



--------------------------------------------------------------------------------------
Path Group:  (none)
From Clock:  
  To Clock:  axi_clk

Max Delay           576 Endpoints
Min Delay             0 Endpoints
--------------------------------------------------------------------------------------


Max Delay Paths
--------------------------------------------------------------------------------------
Slack:                    inf
  Source:                 aresetn
                            (input port)
  Destination:            controller_core_inst/open_row_q_reg[4][2]/CLR
                            (recovery check against rising-edge clock axi_clk  {rise@0.000ns fall@1.500ns period=3.000ns})
  Path Group:             (none)
  Path Type:              Recovery (Max at Slow Process Corner)
  Data Path Delay:        3.204ns  (logic 0.043ns (1.342%)  route 3.161ns (98.658%))
  Logic Levels:           1  (LUT1=1)
  Clock Path Skew:        1.299ns (DCD - SCD + CPR)
    Destination Clock Delay (DCD):    1.299ns
    Source Clock Delay      (SCD):    0.000ns
    Clock Pessimism Removal (CPR):    0.000ns
  Clock Uncertainty:      0.025ns  ((TSJ^2 + TIJ^2)^1/2 + DJ) / 2 + PE
    Total System Jitter     (TSJ):    0.050ns
    Total Input Jitter      (TIJ):    0.000ns
    Discrete Jitter          (DJ):    0.000ns
    Phase Error              (PE):    0.000ns
  Timing Exception:       False Path

    Location             Delay type                Incr(ns)  Path(ns)    Netlist Resource(s)
  -------------------------------------------------------------------    -------------------
                                                      0.000     0.000 r  aresetn (IN)
                         net (fo=0)                   0.537     0.537    controller_core_inst/aresetn
    SLICE_X32Y186        LUT1 (Prop_lut1_I0_O)        0.043     0.580 f  controller_core_inst/bid_q[5]_i_2/O
                         net (fo=576, routed)         2.624     3.204    controller_core_inst/aresetn_0
    SLICE_X39Y187        FDCE                                         f  controller_core_inst/open_row_q_reg[4][2]/CLR
  -------------------------------------------------------------------    -------------------

                         (clock axi_clk rise edge)    0.000     0.000 r  
                                                      0.000     0.000 r  aclk (IN)
                         net (fo=575, unset)          1.299     1.299    controller_core_inst/aclk
    SLICE_X39Y187        FDCE                                         r  controller_core_inst/open_row_q_reg[4][2]/C

Slack:                    inf
  Source:                 aresetn
                            (input port)
  Destination:            controller_core_inst/open_row_q_reg[4][4]/CLR
                            (recovery check against rising-edge clock axi_clk  {rise@0.000ns fall@1.500ns period=3.000ns})
  Path Group:             (none)
  Path Type:              Recovery (Max at Slow Process Corner)
  Data Path Delay:        3.204ns  (logic 0.043ns (1.342%)  route 3.161ns (98.658%))
  Logic Levels:           1  (LUT1=1)
  Clock Path Skew:        1.299ns (DCD - SCD + CPR)
    Destination Clock Delay (DCD):    1.299ns
    Source Clock Delay      (SCD):    0.000ns
    Clock Pessimism Removal (CPR):    0.000ns
  Clock Uncertainty:      0.025ns  ((TSJ^2 + TIJ^2)^1/2 + DJ) / 2 + PE
    Total System Jitter     (TSJ):    0.050ns
    Total Input Jitter      (TIJ):    0.000ns
    Discrete Jitter          (DJ):    0.000ns
    Phase Error              (PE):    0.000ns
  Timing Exception:       False Path

    Location             Delay type                Incr(ns)  Path(ns)    Netlist Resource(s)
  -------------------------------------------------------------------    -------------------
                                                      0.000     0.000 r  aresetn (IN)
                         net (fo=0)                   0.537     0.537    controller_core_inst/aresetn
    SLICE_X32Y186        LUT1 (Prop_lut1_I0_O)        0.043     0.580 f  controller_core_inst/bid_q[5]_i_2/O
                         net (fo=576, routed)         2.624     3.204    controller_core_inst/aresetn_0
    SLICE_X39Y187        FDCE                                         f  controller_core_inst/open_row_q_reg[4][4]/CLR
  -------------------------------------------------------------------    -------------------

                         (clock axi_clk rise edge)    0.000     0.000 r  
                                                      0.000     0.000 r  aclk (IN)
                         net (fo=575, unset)          1.299     1.299    controller_core_inst/aclk
    SLICE_X39Y187        FDCE                                         r  controller_core_inst/open_row_q_reg[4][4]/C

Slack:                    inf
  Source:                 aresetn
                            (input port)
  Destination:            controller_core_inst/open_row_q_reg[4][15]/CLR
                            (recovery check against rising-edge clock axi_clk  {rise@0.000ns fall@1.500ns period=3.000ns})
  Path Group:             (none)
  Path Type:              Recovery (Max at Slow Process Corner)
  Data Path Delay:        3.076ns  (logic 0.043ns (1.398%)  route 3.033ns (98.602%))
  Logic Levels:           1  (LUT1=1)
  Clock Path Skew:        1.295ns (DCD - SCD + CPR)
    Destination Clock Delay (DCD):    1.295ns
    Source Clock Delay      (SCD):    0.000ns
    Clock Pessimism Removal (CPR):    0.000ns
  Clock Uncertainty:      0.025ns  ((TSJ^2 + TIJ^2)^1/2 + DJ) / 2 + PE
    Total System Jitter     (TSJ):    0.050ns
    Total Input Jitter      (TIJ):    0.000ns
    Discrete Jitter          (DJ):    0.000ns
    Phase Error              (PE):    0.000ns
  Timing Exception:       False Path

    Location             Delay type                Incr(ns)  Path(ns)    Netlist Resource(s)
  -------------------------------------------------------------------    -------------------
                                                      0.000     0.000 r  aresetn (IN)
                         net (fo=0)                   0.537     0.537    controller_core_inst/aresetn
    SLICE_X32Y186        LUT1 (Prop_lut1_I0_O)        0.043     0.580 f  controller_core_inst/bid_q[5]_i_2/O
                         net (fo=576, routed)         2.496     3.076    controller_core_inst/aresetn_0
    SLICE_X42Y189        FDCE                                         f  controller_core_inst/open_row_q_reg[4][15]/CLR
  -------------------------------------------------------------------    -------------------

                         (clock axi_clk rise edge)    0.000     0.000 r  
                                                      0.000     0.000 r  aclk (IN)
                         net (fo=575, unset)          1.295     1.295    controller_core_inst/aclk
    SLICE_X42Y189        FDCE                                         r  controller_core_inst/open_row_q_reg[4][15]/C

Slack:                    inf
  Source:                 aresetn
                            (input port)
  Destination:            controller_core_inst/open_row_q_reg[4][13]/CLR
                            (recovery check against rising-edge clock axi_clk  {rise@0.000ns fall@1.500ns period=3.000ns})
  Path Group:             (none)
  Path Type:              Recovery (Max at Slow Process Corner)
  Data Path Delay:        2.990ns  (logic 0.043ns (1.438%)  route 2.947ns (98.562%))
  Logic Levels:           1  (LUT1=1)
  Clock Path Skew:        1.294ns (DCD - SCD + CPR)
    Destination Clock Delay (DCD):    1.294ns
    Source Clock Delay      (SCD):    0.000ns
    Clock Pessimism Removal (CPR):    0.000ns
  Clock Uncertainty:      0.025ns  ((TSJ^2 + TIJ^2)^1/2 + DJ) / 2 + PE
    Total System Jitter     (TSJ):    0.050ns
    Total Input Jitter      (TIJ):    0.000ns
    Discrete Jitter          (DJ):    0.000ns
    Phase Error              (PE):    0.000ns
  Timing Exception:       False Path

    Location             Delay type                Incr(ns)  Path(ns)    Netlist Resource(s)
  -------------------------------------------------------------------    -------------------
                                                      0.000     0.000 r  aresetn (IN)
                         net (fo=0)                   0.537     0.537    controller_core_inst/aresetn
    SLICE_X32Y186        LUT1 (Prop_lut1_I0_O)        0.043     0.580 f  controller_core_inst/bid_q[5]_i_2/O
                         net (fo=576, routed)         2.410     2.990    controller_core_inst/aresetn_0
    SLICE_X42Y188        FDCE                                         f  controller_core_inst/open_row_q_reg[4][13]/CLR
  -------------------------------------------------------------------    -------------------

                         (clock axi_clk rise edge)    0.000     0.000 r  
                                                      0.000     0.000 r  aclk (IN)
                         net (fo=575, unset)          1.294     1.294    controller_core_inst/aclk
    SLICE_X42Y188        FDCE                                         r  controller_core_inst/open_row_q_reg[4][13]/C

Slack:                    inf
  Source:                 aresetn
                            (input port)
  Destination:            wr_burst_q_reg[0]/CLR
                            (recovery check against rising-edge clock axi_clk  {rise@0.000ns fall@1.500ns period=3.000ns})
  Path Group:             (none)
  Path Type:              Recovery (Max at Slow Process Corner)
  Data Path Delay:        2.934ns  (logic 0.043ns (1.466%)  route 2.891ns (98.534%))
  Logic Levels:           1  (LUT1=1)
  Clock Path Skew:        1.237ns (DCD - SCD + CPR)
    Destination Clock Delay (DCD):    1.237ns
    Source Clock Delay      (SCD):    0.000ns
    Clock Pessimism Removal (CPR):    0.000ns
  Clock Uncertainty:      0.025ns  ((TSJ^2 + TIJ^2)^1/2 + DJ) / 2 + PE
    Total System Jitter     (TSJ):    0.050ns
    Total Input Jitter      (TIJ):    0.000ns
    Discrete Jitter          (DJ):    0.000ns
    Phase Error              (PE):    0.000ns
  Timing Exception:       False Path

    Location             Delay type                Incr(ns)  Path(ns)    Netlist Resource(s)
  -------------------------------------------------------------------    -------------------
                                                      0.000     0.000 r  aresetn (IN)
                         net (fo=0)                   0.537     0.537    controller_core_inst/aresetn
    SLICE_X32Y186        LUT1 (Prop_lut1_I0_O)        0.043     0.580 f  controller_core_inst/bid_q[5]_i_2/O
                         net (fo=576, routed)         2.354     2.934    controller_core_inst_n_0
    SLICE_X44Y184        FDCE                                         f  wr_burst_q_reg[0]/CLR
  -------------------------------------------------------------------    -------------------

                         (clock axi_clk rise edge)    0.000     0.000 r  
                                                      0.000     0.000 r  aclk (IN)
                         net (fo=575, unset)          1.237     1.237    aclk
    SLICE_X44Y184        FDCE                                         r  wr_burst_q_reg[0]/C

Slack:                    inf
  Source:                 aresetn
                            (input port)
  Destination:            wr_burst_q_reg[1]/CLR
                            (recovery check against rising-edge clock axi_clk  {rise@0.000ns fall@1.500ns period=3.000ns})
  Path Group:             (none)
  Path Type:              Recovery (Max at Slow Process Corner)
  Data Path Delay:        2.934ns  (logic 0.043ns (1.466%)  route 2.891ns (98.534%))
  Logic Levels:           1  (LUT1=1)
  Clock Path Skew:        1.237ns (DCD - SCD + CPR)
    Destination Clock Delay (DCD):    1.237ns
    Source Clock Delay      (SCD):    0.000ns
    Clock Pessimism Removal (CPR):    0.000ns
  Clock Uncertainty:      0.025ns  ((TSJ^2 + TIJ^2)^1/2 + DJ) / 2 + PE
    Total System Jitter     (TSJ):    0.050ns
    Total Input Jitter      (TIJ):    0.000ns
    Discrete Jitter          (DJ):    0.000ns
    Phase Error              (PE):    0.000ns
  Timing Exception:       False Path

    Location             Delay type                Incr(ns)  Path(ns)    Netlist Resource(s)
  -------------------------------------------------------------------    -------------------
                                                      0.000     0.000 r  aresetn (IN)
                         net (fo=0)                   0.537     0.537    controller_core_inst/aresetn
    SLICE_X32Y186        LUT1 (Prop_lut1_I0_O)        0.043     0.580 f  controller_core_inst/bid_q[5]_i_2/O
                         net (fo=576, routed)         2.354     2.934    controller_core_inst_n_0
    SLICE_X44Y184        FDCE                                         f  wr_burst_q_reg[1]/CLR
  -------------------------------------------------------------------    -------------------

                         (clock axi_clk rise edge)    0.000     0.000 r  
                                                      0.000     0.000 r  aclk (IN)
                         net (fo=575, unset)          1.237     1.237    aclk
    SLICE_X44Y184        FDCE                                         r  wr_burst_q_reg[1]/C

Slack:                    inf
  Source:                 aresetn
                            (input port)
  Destination:            controller_core_inst/open_row_q_reg[4][8]/CLR
                            (recovery check against rising-edge clock axi_clk  {rise@0.000ns fall@1.500ns period=3.000ns})
  Path Group:             (none)
  Path Type:              Recovery (Max at Slow Process Corner)
  Data Path Delay:        2.901ns  (logic 0.043ns (1.482%)  route 2.858ns (98.518%))
  Logic Levels:           1  (LUT1=1)
  Clock Path Skew:        1.294ns (DCD - SCD + CPR)
    Destination Clock Delay (DCD):    1.294ns
    Source Clock Delay      (SCD):    0.000ns
    Clock Pessimism Removal (CPR):    0.000ns
  Clock Uncertainty:      0.025ns  ((TSJ^2 + TIJ^2)^1/2 + DJ) / 2 + PE
    Total System Jitter     (TSJ):    0.050ns
    Total Input Jitter      (TIJ):    0.000ns
    Discrete Jitter          (DJ):    0.000ns
    Phase Error              (PE):    0.000ns
  Timing Exception:       False Path

    Location             Delay type                Incr(ns)  Path(ns)    Netlist Resource(s)
  -------------------------------------------------------------------    -------------------
                                                      0.000     0.000 r  aresetn (IN)
                         net (fo=0)                   0.537     0.537    controller_core_inst/aresetn
    SLICE_X32Y186        LUT1 (Prop_lut1_I0_O)        0.043     0.580 f  controller_core_inst/bid_q[5]_i_2/O
                         net (fo=576, routed)         2.321     2.901    controller_core_inst/aresetn_0
    SLICE_X42Y187        FDCE                                         f  controller_core_inst/open_row_q_reg[4][8]/CLR
  -------------------------------------------------------------------    -------------------

                         (clock axi_clk rise edge)    0.000     0.000 r  
                                                      0.000     0.000 r  aclk (IN)
                         net (fo=575, unset)          1.294     1.294    controller_core_inst/aclk
    SLICE_X42Y187        FDCE                                         r  controller_core_inst/open_row_q_reg[4][8]/C

Slack:                    inf
  Source:                 aresetn
                            (input port)
  Destination:            wr_id_q_reg[4]/CLR
                            (recovery check against rising-edge clock axi_clk  {rise@0.000ns fall@1.500ns period=3.000ns})
  Path Group:             (none)
  Path Type:              Recovery (Max at Slow Process Corner)
  Data Path Delay:        2.836ns  (logic 0.043ns (1.516%)  route 2.793ns (98.484%))
  Logic Levels:           1  (LUT1=1)
  Clock Path Skew:        1.233ns (DCD - SCD + CPR)
    Destination Clock Delay (DCD):    1.233ns
    Source Clock Delay      (SCD):    0.000ns
    Clock Pessimism Removal (CPR):    0.000ns
  Clock Uncertainty:      0.025ns  ((TSJ^2 + TIJ^2)^1/2 + DJ) / 2 + PE
    Total System Jitter     (TSJ):    0.050ns
    Total Input Jitter      (TIJ):    0.000ns
    Discrete Jitter          (DJ):    0.000ns
    Phase Error              (PE):    0.000ns
  Timing Exception:       False Path

    Location             Delay type                Incr(ns)  Path(ns)    Netlist Resource(s)
  -------------------------------------------------------------------    -------------------
                                                      0.000     0.000 r  aresetn (IN)
                         net (fo=0)                   0.537     0.537    controller_core_inst/aresetn
    SLICE_X32Y186        LUT1 (Prop_lut1_I0_O)        0.043     0.580 f  controller_core_inst/bid_q[5]_i_2/O
                         net (fo=576, routed)         2.256     2.836    controller_core_inst_n_0
    SLICE_X44Y179        FDCE                                         f  wr_id_q_reg[4]/CLR
  -------------------------------------------------------------------    -------------------

                         (clock axi_clk rise edge)    0.000     0.000 r  
                                                      0.000     0.000 r  aclk (IN)
                         net (fo=575, unset)          1.233     1.233    aclk
    SLICE_X44Y179        FDCE                                         r  wr_id_q_reg[4]/C

Slack:                    inf
  Source:                 aresetn
                            (input port)
  Destination:            wr_len_q_reg[4]/CLR
                            (recovery check against rising-edge clock axi_clk  {rise@0.000ns fall@1.500ns period=3.000ns})
  Path Group:             (none)
  Path Type:              Recovery (Max at Slow Process Corner)
  Data Path Delay:        2.836ns  (logic 0.043ns (1.516%)  route 2.793ns (98.484%))
  Logic Levels:           1  (LUT1=1)
  Clock Path Skew:        1.233ns (DCD - SCD + CPR)
    Destination Clock Delay (DCD):    1.233ns
    Source Clock Delay      (SCD):    0.000ns
    Clock Pessimism Removal (CPR):    0.000ns
  Clock Uncertainty:      0.025ns  ((TSJ^2 + TIJ^2)^1/2 + DJ) / 2 + PE
    Total System Jitter     (TSJ):    0.050ns
    Total Input Jitter      (TIJ):    0.000ns
    Discrete Jitter          (DJ):    0.000ns
    Phase Error              (PE):    0.000ns
  Timing Exception:       False Path

    Location             Delay type                Incr(ns)  Path(ns)    Netlist Resource(s)
  -------------------------------------------------------------------    -------------------
                                                      0.000     0.000 r  aresetn (IN)
                         net (fo=0)                   0.537     0.537    controller_core_inst/aresetn
    SLICE_X32Y186        LUT1 (Prop_lut1_I0_O)        0.043     0.580 f  controller_core_inst/bid_q[5]_i_2/O
                         net (fo=576, routed)         2.256     2.836    controller_core_inst_n_0
    SLICE_X44Y179        FDCE                                         f  wr_len_q_reg[4]/CLR
  -------------------------------------------------------------------    -------------------

                         (clock axi_clk rise edge)    0.000     0.000 r  
                                                      0.000     0.000 r  aclk (IN)
                         net (fo=575, unset)          1.233     1.233    aclk
    SLICE_X44Y179        FDCE                                         r  wr_len_q_reg[4]/C

Slack:                    inf
  Source:                 aresetn
                            (input port)
  Destination:            wr_len_q_reg[5]/CLR
                            (recovery check against rising-edge clock axi_clk  {rise@0.000ns fall@1.500ns period=3.000ns})
  Path Group:             (none)
  Path Type:              Recovery (Max at Slow Process Corner)
  Data Path Delay:        2.836ns  (logic 0.043ns (1.516%)  route 2.793ns (98.484%))
  Logic Levels:           1  (LUT1=1)
  Clock Path Skew:        1.233ns (DCD - SCD + CPR)
    Destination Clock Delay (DCD):    1.233ns
    Source Clock Delay      (SCD):    0.000ns
    Clock Pessimism Removal (CPR):    0.000ns
  Clock Uncertainty:      0.025ns  ((TSJ^2 + TIJ^2)^1/2 + DJ) / 2 + PE
    Total System Jitter     (TSJ):    0.050ns
    Total Input Jitter      (TIJ):    0.000ns
    Discrete Jitter          (DJ):    0.000ns
    Phase Error              (PE):    0.000ns
  Timing Exception:       False Path

    Location             Delay type                Incr(ns)  Path(ns)    Netlist Resource(s)
  -------------------------------------------------------------------    -------------------
                                                      0.000     0.000 r  aresetn (IN)
                         net (fo=0)                   0.537     0.537    controller_core_inst/aresetn
    SLICE_X32Y186        LUT1 (Prop_lut1_I0_O)        0.043     0.580 f  controller_core_inst/bid_q[5]_i_2/O
                         net (fo=576, routed)         2.256     2.836    controller_core_inst_n_0
    SLICE_X44Y179        FDCE                                         f  wr_len_q_reg[5]/CLR
  -------------------------------------------------------------------    -------------------

                         (clock axi_clk rise edge)    0.000     0.000 r  
                                                      0.000     0.000 r  aclk (IN)
                         net (fo=575, unset)          1.233     1.233    aclk
    SLICE_X44Y179        FDCE                                         r  wr_len_q_reg[5]/C

Slack:                    inf
  Source:                 aresetn
                            (input port)
  Destination:            wr_size_q_reg[0]/CLR
                            (recovery check against rising-edge clock axi_clk  {rise@0.000ns fall@1.500ns period=3.000ns})
  Path Group:             (none)
  Path Type:              Recovery (Max at Slow Process Corner)
  Data Path Delay:        2.836ns  (logic 0.043ns (1.516%)  route 2.793ns (98.484%))
  Logic Levels:           1  (LUT1=1)
  Clock Path Skew:        1.233ns (DCD - SCD + CPR)
    Destination Clock Delay (DCD):    1.233ns
    Source Clock Delay      (SCD):    0.000ns
    Clock Pessimism Removal (CPR):    0.000ns
  Clock Uncertainty:      0.025ns  ((TSJ^2 + TIJ^2)^1/2 + DJ) / 2 + PE
    Total System Jitter     (TSJ):    0.050ns
    Total Input Jitter      (TIJ):    0.000ns
    Discrete Jitter          (DJ):    0.000ns
    Phase Error              (PE):    0.000ns
  Timing Exception:       False Path

    Location             Delay type                Incr(ns)  Path(ns)    Netlist Resource(s)
  -------------------------------------------------------------------    -------------------
                                                      0.000     0.000 r  aresetn (IN)
                         net (fo=0)                   0.537     0.537    controller_core_inst/aresetn
    SLICE_X32Y186        LUT1 (Prop_lut1_I0_O)        0.043     0.580 f  controller_core_inst/bid_q[5]_i_2/O
                         net (fo=576, routed)         2.256     2.836    controller_core_inst_n_0
    SLICE_X44Y179        FDCE                                         f  wr_size_q_reg[0]/CLR
  -------------------------------------------------------------------    -------------------

                         (clock axi_clk rise edge)    0.000     0.000 r  
                                                      0.000     0.000 r  aclk (IN)
                         net (fo=575, unset)          1.233     1.233    aclk
    SLICE_X44Y179        FDCE                                         r  wr_size_q_reg[0]/C

Slack:                    inf
  Source:                 aresetn
                            (input port)
  Destination:            bid_q_reg[2]/CLR
                            (recovery check against rising-edge clock axi_clk  {rise@0.000ns fall@1.500ns period=3.000ns})
  Path Group:             (none)
  Path Type:              Recovery (Max at Slow Process Corner)
  Data Path Delay:        2.834ns  (logic 0.043ns (1.517%)  route 2.791ns (98.483%))
  Logic Levels:           1  (LUT1=1)
  Clock Path Skew:        1.233ns (DCD - SCD + CPR)
    Destination Clock Delay (DCD):    1.233ns
    Source Clock Delay      (SCD):    0.000ns
    Clock Pessimism Removal (CPR):    0.000ns
  Clock Uncertainty:      0.025ns  ((TSJ^2 + TIJ^2)^1/2 + DJ) / 2 + PE
    Total System Jitter     (TSJ):    0.050ns
    Total Input Jitter      (TIJ):    0.000ns
    Discrete Jitter          (DJ):    0.000ns
    Phase Error              (PE):    0.000ns
  Timing Exception:       False Path

    Location             Delay type                Incr(ns)  Path(ns)    Netlist Resource(s)
  -------------------------------------------------------------------    -------------------
                                                      0.000     0.000 r  aresetn (IN)
                         net (fo=0)                   0.537     0.537    controller_core_inst/aresetn
    SLICE_X32Y186        LUT1 (Prop_lut1_I0_O)        0.043     0.580 f  controller_core_inst/bid_q[5]_i_2/O
                         net (fo=576, routed)         2.254     2.834    controller_core_inst_n_0
    SLICE_X45Y179        FDCE                                         f  bid_q_reg[2]/CLR
  -------------------------------------------------------------------    -------------------

                         (clock axi_clk rise edge)    0.000     0.000 r  
                                                      0.000     0.000 r  aclk (IN)
                         net (fo=575, unset)          1.233     1.233    aclk
    SLICE_X45Y179        FDCE                                         r  bid_q_reg[2]/C

Slack:                    inf
  Source:                 aresetn
                            (input port)
  Destination:            bid_q_reg[4]/CLR
                            (recovery check against rising-edge clock axi_clk  {rise@0.000ns fall@1.500ns period=3.000ns})
  Path Group:             (none)
  Path Type:              Recovery (Max at Slow Process Corner)
  Data Path Delay:        2.834ns  (logic 0.043ns (1.517%)  route 2.791ns (98.483%))
  Logic Levels:           1  (LUT1=1)
  Clock Path Skew:        1.233ns (DCD - SCD + CPR)
    Destination Clock Delay (DCD):    1.233ns
    Source Clock Delay      (SCD):    0.000ns
    Clock Pessimism Removal (CPR):    0.000ns
  Clock Uncertainty:      0.025ns  ((TSJ^2 + TIJ^2)^1/2 + DJ) / 2 + PE
    Total System Jitter     (TSJ):    0.050ns
    Total Input Jitter      (TIJ):    0.000ns
    Discrete Jitter          (DJ):    0.000ns
    Phase Error              (PE):    0.000ns
  Timing Exception:       False Path

    Location             Delay type                Incr(ns)  Path(ns)    Netlist Resource(s)
  -------------------------------------------------------------------    -------------------
                                                      0.000     0.000 r  aresetn (IN)
                         net (fo=0)                   0.537     0.537    controller_core_inst/aresetn
    SLICE_X32Y186        LUT1 (Prop_lut1_I0_O)        0.043     0.580 f  controller_core_inst/bid_q[5]_i_2/O
                         net (fo=576, routed)         2.254     2.834    controller_core_inst_n_0
    SLICE_X45Y179        FDCE                                         f  bid_q_reg[4]/CLR
  -------------------------------------------------------------------    -------------------

                         (clock axi_clk rise edge)    0.000     0.000 r  
                                                      0.000     0.000 r  aclk (IN)
                         net (fo=575, unset)          1.233     1.233    aclk
    SLICE_X45Y179        FDCE                                         r  bid_q_reg[4]/C

Slack:                    inf
  Source:                 aresetn
                            (input port)
  Destination:            request_addr_q_reg[13]/CLR
                            (recovery check against rising-edge clock axi_clk  {rise@0.000ns fall@1.500ns period=3.000ns})
  Path Group:             (none)
  Path Type:              Recovery (Max at Slow Process Corner)
  Data Path Delay:        2.807ns  (logic 0.043ns (1.532%)  route 2.764ns (98.468%))
  Logic Levels:           1  (LUT1=1)
  Clock Path Skew:        1.294ns (DCD - SCD + CPR)
    Destination Clock Delay (DCD):    1.294ns
    Source Clock Delay      (SCD):    0.000ns
    Clock Pessimism Removal (CPR):    0.000ns
  Clock Uncertainty:      0.025ns  ((TSJ^2 + TIJ^2)^1/2 + DJ) / 2 + PE
    Total System Jitter     (TSJ):    0.050ns
    Total Input Jitter      (TIJ):    0.000ns
    Discrete Jitter          (DJ):    0.000ns
    Phase Error              (PE):    0.000ns
  Timing Exception:       False Path

    Location             Delay type                Incr(ns)  Path(ns)    Netlist Resource(s)
  -------------------------------------------------------------------    -------------------
                                                      0.000     0.000 r  aresetn (IN)
                         net (fo=0)                   0.537     0.537    controller_core_inst/aresetn
    SLICE_X32Y186        LUT1 (Prop_lut1_I0_O)        0.043     0.580 f  controller_core_inst/bid_q[5]_i_2/O
                         net (fo=576, routed)         2.227     2.807    controller_core_inst_n_0
    SLICE_X43Y186        FDCE                                         f  request_addr_q_reg[13]/CLR
  -------------------------------------------------------------------    -------------------

                         (clock axi_clk rise edge)    0.000     0.000 r  
                                                      0.000     0.000 r  aclk (IN)
                         net (fo=575, unset)          1.294     1.294    aclk
    SLICE_X43Y186        FDCE                                         r  request_addr_q_reg[13]/C

Slack:                    inf
  Source:                 aresetn
                            (input port)
  Destination:            request_wdata_q_reg[11]/CLR
                            (recovery check against rising-edge clock axi_clk  {rise@0.000ns fall@1.500ns period=3.000ns})
  Path Group:             (none)
  Path Type:              Recovery (Max at Slow Process Corner)
  Data Path Delay:        2.807ns  (logic 0.043ns (1.532%)  route 2.764ns (98.468%))
  Logic Levels:           1  (LUT1=1)
  Clock Path Skew:        1.294ns (DCD - SCD + CPR)
    Destination Clock Delay (DCD):    1.294ns
    Source Clock Delay      (SCD):    0.000ns
    Clock Pessimism Removal (CPR):    0.000ns
  Clock Uncertainty:      0.025ns  ((TSJ^2 + TIJ^2)^1/2 + DJ) / 2 + PE
    Total System Jitter     (TSJ):    0.050ns
    Total Input Jitter      (TIJ):    0.000ns
    Discrete Jitter          (DJ):    0.000ns
    Phase Error              (PE):    0.000ns
  Timing Exception:       False Path

    Location             Delay type                Incr(ns)  Path(ns)    Netlist Resource(s)
  -------------------------------------------------------------------    -------------------
                                                      0.000     0.000 r  aresetn (IN)
                         net (fo=0)                   0.537     0.537    controller_core_inst/aresetn
    SLICE_X32Y186        LUT1 (Prop_lut1_I0_O)        0.043     0.580 f  controller_core_inst/bid_q[5]_i_2/O
                         net (fo=576, routed)         2.227     2.807    controller_core_inst_n_0
    SLICE_X43Y186        FDCE                                         f  request_wdata_q_reg[11]/CLR
  -------------------------------------------------------------------    -------------------

                         (clock axi_clk rise edge)    0.000     0.000 r  
                                                      0.000     0.000 r  aclk (IN)
                         net (fo=575, unset)          1.294     1.294    aclk
    SLICE_X43Y186        FDCE                                         r  request_wdata_q_reg[11]/C

Slack:                    inf
  Source:                 aresetn
                            (input port)
  Destination:            wr_error_q_reg[1]/CLR
                            (recovery check against rising-edge clock axi_clk  {rise@0.000ns fall@1.500ns period=3.000ns})
  Path Group:             (none)
  Path Type:              Recovery (Max at Slow Process Corner)
  Data Path Delay:        2.807ns  (logic 0.043ns (1.532%)  route 2.764ns (98.468%))
  Logic Levels:           1  (LUT1=1)
  Clock Path Skew:        1.228ns (DCD - SCD + CPR)
    Destination Clock Delay (DCD):    1.228ns
    Source Clock Delay      (SCD):    0.000ns
    Clock Pessimism Removal (CPR):    0.000ns
  Clock Uncertainty:      0.025ns  ((TSJ^2 + TIJ^2)^1/2 + DJ) / 2 + PE
    Total System Jitter     (TSJ):    0.050ns
    Total Input Jitter      (TIJ):    0.000ns
    Discrete Jitter          (DJ):    0.000ns
    Phase Error              (PE):    0.000ns
  Timing Exception:       False Path

    Location             Delay type                Incr(ns)  Path(ns)    Netlist Resource(s)
  -------------------------------------------------------------------    -------------------
                                                      0.000     0.000 r  aresetn (IN)
                         net (fo=0)                   0.537     0.537    controller_core_inst/aresetn
    SLICE_X32Y186        LUT1 (Prop_lut1_I0_O)        0.043     0.580 f  controller_core_inst/bid_q[5]_i_2/O
                         net (fo=576, routed)         2.227     2.807    controller_core_inst_n_0
    SLICE_X47Y174        FDCE                                         f  wr_error_q_reg[1]/CLR
  -------------------------------------------------------------------    -------------------

                         (clock axi_clk rise edge)    0.000     0.000 r  
                                                      0.000     0.000 r  aclk (IN)
                         net (fo=575, unset)          1.228     1.228    aclk
    SLICE_X47Y174        FDCE                                         r  wr_error_q_reg[1]/C

Slack:                    inf
  Source:                 aresetn
                            (input port)
  Destination:            arb_write_q_reg/PRE
                            (recovery check against rising-edge clock axi_clk  {rise@0.000ns fall@1.500ns period=3.000ns})
  Path Group:             (none)
  Path Type:              Recovery (Max at Slow Process Corner)
  Data Path Delay:        2.763ns  (logic 0.043ns (1.556%)  route 2.720ns (98.444%))
  Logic Levels:           1  (LUT1=1)
  Clock Path Skew:        1.235ns (DCD - SCD + CPR)
    Destination Clock Delay (DCD):    1.235ns
    Source Clock Delay      (SCD):    0.000ns
    Clock Pessimism Removal (CPR):    0.000ns
  Clock Uncertainty:      0.025ns  ((TSJ^2 + TIJ^2)^1/2 + DJ) / 2 + PE
    Total System Jitter     (TSJ):    0.050ns
    Total Input Jitter      (TIJ):    0.000ns
    Discrete Jitter          (DJ):    0.000ns
    Phase Error              (PE):    0.000ns
  Timing Exception:       False Path

    Location             Delay type                Incr(ns)  Path(ns)    Netlist Resource(s)
  -------------------------------------------------------------------    -------------------
                                                      0.000     0.000 r  aresetn (IN)
                         net (fo=0)                   0.537     0.537    controller_core_inst/aresetn
    SLICE_X32Y186        LUT1 (Prop_lut1_I0_O)        0.043     0.580 f  controller_core_inst/bid_q[5]_i_2/O
                         net (fo=576, routed)         2.183     2.763    controller_core_inst_n_0
    SLICE_X44Y182        FDPE                                         f  arb_write_q_reg/PRE
  -------------------------------------------------------------------    -------------------

                         (clock axi_clk rise edge)    0.000     0.000 r  
                                                      0.000     0.000 r  aclk (IN)
                         net (fo=575, unset)          1.235     1.235    aclk
    SLICE_X44Y182        FDPE                                         r  arb_write_q_reg/C

Slack:                    inf
  Source:                 aresetn
                            (input port)
  Destination:            wr_size_q_reg[2]/CLR
                            (recovery check against rising-edge clock axi_clk  {rise@0.000ns fall@1.500ns period=3.000ns})
  Path Group:             (none)
  Path Type:              Recovery (Max at Slow Process Corner)
  Data Path Delay:        2.761ns  (logic 0.043ns (1.557%)  route 2.718ns (98.443%))
  Logic Levels:           1  (LUT1=1)
  Clock Path Skew:        1.235ns (DCD - SCD + CPR)
    Destination Clock Delay (DCD):    1.235ns
    Source Clock Delay      (SCD):    0.000ns
    Clock Pessimism Removal (CPR):    0.000ns
  Clock Uncertainty:      0.025ns  ((TSJ^2 + TIJ^2)^1/2 + DJ) / 2 + PE
    Total System Jitter     (TSJ):    0.050ns
    Total Input Jitter      (TIJ):    0.000ns
    Discrete Jitter          (DJ):    0.000ns
    Phase Error              (PE):    0.000ns
  Timing Exception:       False Path

    Location             Delay type                Incr(ns)  Path(ns)    Netlist Resource(s)
  -------------------------------------------------------------------    -------------------
                                                      0.000     0.000 r  aresetn (IN)
                         net (fo=0)                   0.537     0.537    controller_core_inst/aresetn
    SLICE_X32Y186        LUT1 (Prop_lut1_I0_O)        0.043     0.580 f  controller_core_inst/bid_q[5]_i_2/O
                         net (fo=576, routed)         2.181     2.761    controller_core_inst_n_0
    SLICE_X45Y182        FDCE                                         f  wr_size_q_reg[2]/CLR
  -------------------------------------------------------------------    -------------------

                         (clock axi_clk rise edge)    0.000     0.000 r  
                                                      0.000     0.000 r  aclk (IN)
                         net (fo=575, unset)          1.235     1.235    aclk
    SLICE_X45Y182        FDCE                                         r  wr_size_q_reg[2]/C

Slack:                    inf
  Source:                 aresetn
                            (input port)
  Destination:            wr_len_q_reg[2]/CLR
                            (recovery check against rising-edge clock axi_clk  {rise@0.000ns fall@1.500ns period=3.000ns})
  Path Group:             (none)
  Path Type:              Recovery (Max at Slow Process Corner)
  Data Path Delay:        2.755ns  (logic 0.043ns (1.561%)  route 2.712ns (98.439%))
  Logic Levels:           1  (LUT1=1)
  Clock Path Skew:        1.234ns (DCD - SCD + CPR)
    Destination Clock Delay (DCD):    1.234ns
    Source Clock Delay      (SCD):    0.000ns
    Clock Pessimism Removal (CPR):    0.000ns
  Clock Uncertainty:      0.025ns  ((TSJ^2 + TIJ^2)^1/2 + DJ) / 2 + PE
    Total System Jitter     (TSJ):    0.050ns
    Total Input Jitter      (TIJ):    0.000ns
    Discrete Jitter          (DJ):    0.000ns
    Phase Error              (PE):    0.000ns
  Timing Exception:       False Path

    Location             Delay type                Incr(ns)  Path(ns)    Netlist Resource(s)
  -------------------------------------------------------------------    -------------------
                                                      0.000     0.000 r  aresetn (IN)
                         net (fo=0)                   0.537     0.537    controller_core_inst/aresetn
    SLICE_X32Y186        LUT1 (Prop_lut1_I0_O)        0.043     0.580 f  controller_core_inst/bid_q[5]_i_2/O
                         net (fo=576, routed)         2.175     2.755    controller_core_inst_n_0
    SLICE_X44Y180        FDCE                                         f  wr_len_q_reg[2]/CLR
  -------------------------------------------------------------------    -------------------

                         (clock axi_clk rise edge)    0.000     0.000 r  
                                                      0.000     0.000 r  aclk (IN)
                         net (fo=575, unset)          1.234     1.234    aclk
    SLICE_X44Y180        FDCE                                         r  wr_len_q_reg[2]/C

Slack:                    inf
  Source:                 aresetn
                            (input port)
  Destination:            wr_size_q_reg[1]/CLR
                            (recovery check against rising-edge clock axi_clk  {rise@0.000ns fall@1.500ns period=3.000ns})
  Path Group:             (none)
  Path Type:              Recovery (Max at Slow Process Corner)
  Data Path Delay:        2.753ns  (logic 0.043ns (1.562%)  route 2.710ns (98.438%))
  Logic Levels:           1  (LUT1=1)
  Clock Path Skew:        1.234ns (DCD - SCD + CPR)
    Destination Clock Delay (DCD):    1.234ns
    Source Clock Delay      (SCD):    0.000ns
    Clock Pessimism Removal (CPR):    0.000ns
  Clock Uncertainty:      0.025ns  ((TSJ^2 + TIJ^2)^1/2 + DJ) / 2 + PE
    Total System Jitter     (TSJ):    0.050ns
    Total Input Jitter      (TIJ):    0.000ns
    Discrete Jitter          (DJ):    0.000ns
    Phase Error              (PE):    0.000ns
  Timing Exception:       False Path

    Location             Delay type                Incr(ns)  Path(ns)    Netlist Resource(s)
  -------------------------------------------------------------------    -------------------
                                                      0.000     0.000 r  aresetn (IN)
                         net (fo=0)                   0.537     0.537    controller_core_inst/aresetn
    SLICE_X32Y186        LUT1 (Prop_lut1_I0_O)        0.043     0.580 f  controller_core_inst/bid_q[5]_i_2/O
                         net (fo=576, routed)         2.173     2.753    controller_core_inst_n_0
    SLICE_X45Y180        FDCE                                         f  wr_size_q_reg[1]/CLR
  -------------------------------------------------------------------    -------------------

                         (clock axi_clk rise edge)    0.000     0.000 r  
                                                      0.000     0.000 r  aclk (IN)
                         net (fo=575, unset)          1.234     1.234    aclk
    SLICE_X45Y180        FDCE                                         r  wr_size_q_reg[1]/C





--------------------------------------------------------------------------------------
Path Group:  (none)
From Clock:  
  To Clock:  

Max Delay             1 Endpoint
Min Delay             0 Endpoints
--------------------------------------------------------------------------------------


Max Delay Paths
--------------------------------------------------------------------------------------
Slack:                    inf
  Source:                 s_axi_wvalid
                            (input port)
  Destination:            s_axi_wready
                            (output port)
  Path Group:             (none)
  Path Type:              Max at Slow Process Corner
  Data Path Delay:        1.868ns  (logic 0.129ns (6.906%)  route 1.739ns (93.094%))
  Logic Levels:           3  (LUT4=1 LUT6=2)

    Location             Delay type                Incr(ns)  Path(ns)    Netlist Resource(s)
  -------------------------------------------------------------------    -------------------
                                                      0.000     0.000 r  s_axi_wvalid (IN)
                         net (fo=1, unset)            0.537     0.537    controller_core_inst/s_axi_wvalid
    SLICE_X42Y177        LUT4 (Prop_lut4_I0_O)        0.043     0.580 r  controller_core_inst/s_axi_wready_INST_0_i_3/O
                         net (fo=1, routed)           0.184     0.764    controller_core_inst/s_axi_wready_INST_0_i_3_n_0
    SLICE_X43Y178        LUT6 (Prop_lut6_I5_O)        0.043     0.807 r  controller_core_inst/s_axi_wready_INST_0_i_1/O
                         net (fo=74, routed)          0.481     1.288    wr_wait_q0
    SLICE_X42Y177        LUT6 (Prop_lut6_I0_O)        0.043     1.331 r  s_axi_wready_INST_0/O
                         net (fo=0)                   0.537     1.868    s_axi_wready
                                                                      r  s_axi_wready (OUT)
  -------------------------------------------------------------------    -------------------





--------------------------------------------------------------------------------------
Path Group:  (none)
From Clock:  axi_clk
  To Clock:  

Max Delay           150 Endpoints
Min Delay             0 Endpoints
--------------------------------------------------------------------------------------


Max Delay Paths
--------------------------------------------------------------------------------------
Slack:                    inf
  Source:                 controller_core_inst/FSM_onehot_state_q_reg[13]/C
                            (rising edge-triggered cell FDCE clocked by axi_clk  {rise@0.000ns fall@1.500ns period=3.000ns})
  Destination:            dfi_bank_o[1]
                            (output port)
  Path Group:             (none)
  Path Type:              Max at Slow Process Corner
  Data Path Delay:        2.655ns  (logic 0.345ns (12.997%)  route 2.310ns (87.003%))
  Logic Levels:           2  (LUT5=1 LUT6=1)
  Clock Uncertainty:      0.025ns  ((TSJ^2 + TIJ^2)^1/2 + DJ) / 2 + PE
    Total System Jitter     (TSJ):    0.050ns
    Total Input Jitter      (TIJ):    0.000ns
    Discrete Jitter          (DJ):    0.000ns
    Phase Error              (PE):    0.000ns

    Location             Delay type                Incr(ns)  Path(ns)    Netlist Resource(s)
  -------------------------------------------------------------------    -------------------
                         (clock axi_clk rise edge)    0.000     0.000 r  
                                                      0.000     0.000 r  aclk (IN)
                         net (fo=575, unset)          1.427     1.427    controller_core_inst/aclk
    SLICE_X42Y185        FDCE                                         r  controller_core_inst/FSM_onehot_state_q_reg[13]/C
  -------------------------------------------------------------------    -------------------
    SLICE_X42Y185        FDCE (Prop_fdce_C_Q)         0.259     1.686 r  controller_core_inst/FSM_onehot_state_q_reg[13]/Q
                         net (fo=22, routed)          1.324     3.010    controller_core_inst/FSM_onehot_state_q_reg_n_0_[13]
    SLICE_X33Y179        LUT5 (Prop_lut5_I0_O)        0.043     3.053 f  controller_core_inst/dfi_bank_o[2]_INST_0_i_1/O
                         net (fo=3, routed)           0.449     3.502    controller_core_inst/dfi_bank_o[2]_INST_0_i_1_n_0
    SLICE_X32Y179        LUT6 (Prop_lut6_I1_O)        0.043     3.545 r  controller_core_inst/dfi_bank_o[1]_INST_0/O
                         net (fo=0)                   0.537     4.082    dfi_bank_o[1]
                                                                      r  dfi_bank_o[1] (OUT)
  -------------------------------------------------------------------    -------------------

Slack:                    inf
  Source:                 controller_core_inst/FSM_onehot_state_q_reg[13]/C
                            (rising edge-triggered cell FDCE clocked by axi_clk  {rise@0.000ns fall@1.500ns period=3.000ns})
  Destination:            dfi_cmd_valid_o
                            (output port)
  Path Group:             (none)
  Path Type:              Max at Slow Process Corner
  Data Path Delay:        2.632ns  (logic 0.446ns (16.946%)  route 2.186ns (83.054%))
  Logic Levels:           2  (LUT2=1 LUT6=1)
  Clock Uncertainty:      0.025ns  ((TSJ^2 + TIJ^2)^1/2 + DJ) / 2 + PE
    Total System Jitter     (TSJ):    0.050ns
    Total Input Jitter      (TIJ):    0.000ns
    Discrete Jitter          (DJ):    0.000ns
    Phase Error              (PE):    0.000ns

    Location             Delay type                Incr(ns)  Path(ns)    Netlist Resource(s)
  -------------------------------------------------------------------    -------------------
                         (clock axi_clk rise edge)    0.000     0.000 r  
                                                      0.000     0.000 r  aclk (IN)
                         net (fo=575, unset)          1.427     1.427    controller_core_inst/aclk
    SLICE_X42Y185        FDCE                                         r  controller_core_inst/FSM_onehot_state_q_reg[13]/C
  -------------------------------------------------------------------    -------------------
    SLICE_X42Y185        FDCE (Prop_fdce_C_Q)         0.259     1.686 r  controller_core_inst/FSM_onehot_state_q_reg[13]/Q
                         net (fo=22, routed)          1.324     3.010    controller_core_inst/FSM_onehot_state_q_reg_n_0_[13]
    SLICE_X33Y179        LUT2 (Prop_lut2_I0_O)        0.051     3.061 r  controller_core_inst/dfi_cmd_valid_o_INST_0_i_3/O
                         net (fo=1, routed)           0.325     3.386    controller_core_inst/dfi_cmd_valid_o_INST_0_i_3_n_0
    SLICE_X32Y178        LUT6 (Prop_lut6_I2_O)        0.136     3.522 r  controller_core_inst/dfi_cmd_valid_o_INST_0/O
                         net (fo=0)                   0.537     4.059    dfi_cmd_valid_o
                                                                      r  dfi_cmd_valid_o (OUT)
  -------------------------------------------------------------------    -------------------

Slack:                    inf
  Source:                 controller_core_inst/FSM_onehot_state_q_reg[13]/C
                            (rising edge-triggered cell FDCE clocked by axi_clk  {rise@0.000ns fall@1.500ns period=3.000ns})
  Destination:            dfi_bank_o[2]
                            (output port)
  Path Group:             (none)
  Path Type:              Max at Slow Process Corner
  Data Path Delay:        2.489ns  (logic 0.345ns (13.859%)  route 2.144ns (86.141%))
  Logic Levels:           2  (LUT5=2)
  Clock Uncertainty:      0.025ns  ((TSJ^2 + TIJ^2)^1/2 + DJ) / 2 + PE
    Total System Jitter     (TSJ):    0.050ns
    Total Input Jitter      (TIJ):    0.000ns
    Discrete Jitter          (DJ):    0.000ns
    Phase Error              (PE):    0.000ns

    Location             Delay type                Incr(ns)  Path(ns)    Netlist Resource(s)
  -------------------------------------------------------------------    -------------------
                         (clock axi_clk rise edge)    0.000     0.000 r  
                                                      0.000     0.000 r  aclk (IN)
                         net (fo=575, unset)          1.427     1.427    controller_core_inst/aclk
    SLICE_X42Y185        FDCE                                         r  controller_core_inst/FSM_onehot_state_q_reg[13]/C
  -------------------------------------------------------------------    -------------------
    SLICE_X42Y185        FDCE (Prop_fdce_C_Q)         0.259     1.686 r  controller_core_inst/FSM_onehot_state_q_reg[13]/Q
                         net (fo=22, routed)          1.324     3.010    controller_core_inst/FSM_onehot_state_q_reg_n_0_[13]
    SLICE_X33Y179        LUT5 (Prop_lut5_I0_O)        0.043     3.053 f  controller_core_inst/dfi_bank_o[2]_INST_0_i_1/O
                         net (fo=3, routed)           0.284     3.336    controller_core_inst/dfi_bank_o[2]_INST_0_i_1_n_0
    SLICE_X32Y179        LUT5 (Prop_lut5_I4_O)        0.043     3.379 r  controller_core_inst/dfi_bank_o[2]_INST_0/O
                         net (fo=0)                   0.537     3.916    dfi_bank_o[2]
                                                                      r  dfi_bank_o[2] (OUT)
  -------------------------------------------------------------------    -------------------

Slack:                    inf
  Source:                 controller_core_inst/FSM_onehot_state_q_reg[9]/C
                            (rising edge-triggered cell FDCE clocked by axi_clk  {rise@0.000ns fall@1.500ns period=3.000ns})
  Destination:            dfi_bank_o[0]
                            (output port)
  Path Group:             (none)
  Path Type:              Max at Slow Process Corner
  Data Path Delay:        2.465ns  (logic 0.507ns (20.569%)  route 1.958ns (79.431%))
  Logic Levels:           2  (LUT2=1 LUT6=1)
  Clock Uncertainty:      0.025ns  ((TSJ^2 + TIJ^2)^1/2 + DJ) / 2 + PE
    Total System Jitter     (TSJ):    0.050ns
    Total Input Jitter      (TIJ):    0.000ns
    Discrete Jitter          (DJ):    0.000ns
    Phase Error              (PE):    0.000ns

    Location             Delay type                Incr(ns)  Path(ns)    Netlist Resource(s)
  -------------------------------------------------------------------    -------------------
                         (clock axi_clk rise edge)    0.000     0.000 r  
                                                      0.000     0.000 r  aclk (IN)
                         net (fo=575, unset)          1.428     1.428    controller_core_inst/aclk
    SLICE_X32Y177        FDCE                                         r  controller_core_inst/FSM_onehot_state_q_reg[9]/C
  -------------------------------------------------------------------    -------------------
    SLICE_X32Y177        FDCE (Prop_fdce_C_Q)         0.236     1.664 r  controller_core_inst/FSM_onehot_state_q_reg[9]/Q
                         net (fo=12, routed)          0.965     2.629    controller_core_inst/FSM_onehot_state_q_reg_n_0_[9]
    SLICE_X31Y179        LUT2 (Prop_lut2_I0_O)        0.134     2.763 r  controller_core_inst/dfi_bank_o[0]_INST_0_i_1/O
                         net (fo=1, routed)           0.456     3.219    controller_core_inst/dfi_bank_o[0]_INST_0_i_1_n_0
    SLICE_X33Y179        LUT6 (Prop_lut6_I0_O)        0.137     3.356 r  controller_core_inst/dfi_bank_o[0]_INST_0/O
                         net (fo=0)                   0.537     3.893    dfi_bank_o[0]
                                                                      r  dfi_bank_o[0] (OUT)
  -------------------------------------------------------------------    -------------------

Slack:                    inf
  Source:                 controller_core_inst/FSM_onehot_state_q_reg[9]/C
                            (rising edge-triggered cell FDCE clocked by axi_clk  {rise@0.000ns fall@1.500ns period=3.000ns})
  Destination:            dfi_cmd_o[1]
                            (output port)
  Path Group:             (none)
  Path Type:              Max at Slow Process Corner
  Data Path Delay:        2.450ns  (logic 0.501ns (20.451%)  route 1.949ns (79.549%))
  Logic Levels:           2  (LUT4=1 LUT6=1)
  Clock Uncertainty:      0.025ns  ((TSJ^2 + TIJ^2)^1/2 + DJ) / 2 + PE
    Total System Jitter     (TSJ):    0.050ns
    Total Input Jitter      (TIJ):    0.000ns
    Discrete Jitter          (DJ):    0.000ns
    Phase Error              (PE):    0.000ns

    Location             Delay type                Incr(ns)  Path(ns)    Netlist Resource(s)
  -------------------------------------------------------------------    -------------------
                         (clock axi_clk rise edge)    0.000     0.000 r  
                                                      0.000     0.000 r  aclk (IN)
                         net (fo=575, unset)          1.428     1.428    controller_core_inst/aclk
    SLICE_X32Y177        FDCE                                         r  controller_core_inst/FSM_onehot_state_q_reg[9]/C
  -------------------------------------------------------------------    -------------------
    SLICE_X32Y177        FDCE (Prop_fdce_C_Q)         0.236     1.664 r  controller_core_inst/FSM_onehot_state_q_reg[9]/Q
                         net (fo=12, routed)          0.922     2.586    controller_core_inst/FSM_onehot_state_q_reg_n_0_[9]
    SLICE_X32Y179        LUT4 (Prop_lut4_I1_O)        0.131     2.717 r  controller_core_inst/dfi_cmd_o[1]_INST_0_i_2/O
                         net (fo=2, routed)           0.490     3.207    controller_core_inst/dfi_cmd_o[1]_INST_0_i_2_n_0
    SLICE_X32Y179        LUT6 (Prop_lut6_I5_O)        0.134     3.341 r  controller_core_inst/dfi_cmd_o[1]_INST_0/O
                         net (fo=0)                   0.537     3.878    dfi_cmd_o[1]
                                                                      r  dfi_cmd_o[1] (OUT)
  -------------------------------------------------------------------    -------------------

Slack:                    inf
  Source:                 rd_error_q_reg[1]/C
                            (rising edge-triggered cell FDCE clocked by axi_clk  {rise@0.000ns fall@1.500ns period=3.000ns})
  Destination:            s_axi_wready
                            (output port)
  Path Group:             (none)
  Path Type:              Max at Slow Process Corner
  Data Path Delay:        2.274ns  (logic 0.388ns (17.066%)  route 1.886ns (82.934%))
  Logic Levels:           3  (LUT5=1 LUT6=2)
  Clock Uncertainty:      0.025ns  ((TSJ^2 + TIJ^2)^1/2 + DJ) / 2 + PE
    Total System Jitter     (TSJ):    0.050ns
    Total Input Jitter      (TIJ):    0.000ns
    Discrete Jitter          (DJ):    0.000ns
    Phase Error              (PE):    0.000ns

    Location             Delay type                Incr(ns)  Path(ns)    Netlist Resource(s)
  -------------------------------------------------------------------    -------------------
                         (clock axi_clk rise edge)    0.000     0.000 r  
                                                      0.000     0.000 r  aclk (IN)
                         net (fo=575, unset)          1.423     1.423    aclk
    SLICE_X38Y171        FDCE                                         r  rd_error_q_reg[1]/C
  -------------------------------------------------------------------    -------------------
    SLICE_X38Y171        FDCE (Prop_fdce_C_Q)         0.259     1.682 r  rd_error_q_reg[1]/Q
                         net (fo=4, routed)           0.625     2.307    controller_core_inst/rlast_q_reg_0[1]
    SLICE_X41Y177        LUT5 (Prop_lut5_I1_O)        0.043     2.350 r  controller_core_inst/s_axi_wready_INST_0_i_2/O
                         net (fo=1, routed)           0.242     2.593    controller_core_inst/s_axi_wready_INST_0_i_2_n_0
    SLICE_X43Y178        LUT6 (Prop_lut6_I0_O)        0.043     2.636 r  controller_core_inst/s_axi_wready_INST_0_i_1/O
                         net (fo=74, routed)          0.481     3.117    wr_wait_q0
    SLICE_X42Y177        LUT6 (Prop_lut6_I0_O)        0.043     3.160 r  s_axi_wready_INST_0/O
                         net (fo=0)                   0.537     3.697    s_axi_wready
                                                                      r  s_axi_wready (OUT)
  -------------------------------------------------------------------    -------------------

Slack:                    inf
  Source:                 controller_core_inst/FSM_onehot_state_q_reg[13]/C
                            (rising edge-triggered cell FDCE clocked by axi_clk  {rise@0.000ns fall@1.500ns period=3.000ns})
  Destination:            dfi_cmd_o[2]
                            (output port)
  Path Group:             (none)
  Path Type:              Max at Slow Process Corner
  Data Path Delay:        2.082ns  (logic 0.302ns (14.508%)  route 1.780ns (85.492%))
  Logic Levels:           1  (LUT5=1)
  Clock Uncertainty:      0.025ns  ((TSJ^2 + TIJ^2)^1/2 + DJ) / 2 + PE
    Total System Jitter     (TSJ):    0.050ns
    Total Input Jitter      (TIJ):    0.000ns
    Discrete Jitter          (DJ):    0.000ns
    Phase Error              (PE):    0.000ns

    Location             Delay type                Incr(ns)  Path(ns)    Netlist Resource(s)
  -------------------------------------------------------------------    -------------------
                         (clock axi_clk rise edge)    0.000     0.000 r  
                                                      0.000     0.000 r  aclk (IN)
                         net (fo=575, unset)          1.427     1.427    controller_core_inst/aclk
    SLICE_X42Y185        FDCE                                         r  controller_core_inst/FSM_onehot_state_q_reg[13]/C
  -------------------------------------------------------------------    -------------------
    SLICE_X42Y185        FDCE (Prop_fdce_C_Q)         0.259     1.686 r  controller_core_inst/FSM_onehot_state_q_reg[13]/Q
                         net (fo=22, routed)          1.243     2.929    controller_core_inst/FSM_onehot_state_q_reg_n_0_[13]
    SLICE_X33Y178        LUT5 (Prop_lut5_I4_O)        0.043     2.972 r  controller_core_inst/dfi_cmd_o[2]_INST_0/O
                         net (fo=0)                   0.537     3.509    dfi_cmd_o[2]
                                                                      r  dfi_cmd_o[2] (OUT)
  -------------------------------------------------------------------    -------------------

Slack:                    inf
  Source:                 controller_core_inst/FSM_onehot_state_q_reg[0]/C
                            (rising edge-triggered cell FDCE clocked by axi_clk  {rise@0.000ns fall@1.500ns period=3.000ns})
  Destination:            dfi_addr_o[8]
                            (output port)
  Path Group:             (none)
  Path Type:              Max at Slow Process Corner
  Data Path Delay:        1.966ns  (logic 0.302ns (15.362%)  route 1.664ns (84.638%))
  Logic Levels:           1  (LUT5=1)
  Clock Uncertainty:      0.025ns  ((TSJ^2 + TIJ^2)^1/2 + DJ) / 2 + PE
    Total System Jitter     (TSJ):    0.050ns
    Total Input Jitter      (TIJ):    0.000ns
    Discrete Jitter          (DJ):    0.000ns
    Phase Error              (PE):    0.000ns

    Location             Delay type                Incr(ns)  Path(ns)    Netlist Resource(s)
  -------------------------------------------------------------------    -------------------
                         (clock axi_clk rise edge)    0.000     0.000 r  
                                                      0.000     0.000 r  aclk (IN)
                         net (fo=575, unset)          1.427     1.427    controller_core_inst/aclk
    SLICE_X34Y178        FDCE                                         r  controller_core_inst/FSM_onehot_state_q_reg[0]/C
  -------------------------------------------------------------------    -------------------
    SLICE_X34Y178        FDCE (Prop_fdce_C_Q)         0.259     1.686 r  controller_core_inst/FSM_onehot_state_q_reg[0]/Q
                         net (fo=39, routed)          1.127     2.813    controller_core_inst/FSM_onehot_state_q_reg_n_0_[0]
    SLICE_X36Y185        LUT5 (Prop_lut5_I1_O)        0.043     2.856 r  controller_core_inst/dfi_addr_o[8]_INST_0/O
                         net (fo=0)                   0.537     3.393    dfi_addr_o[8]
                                                                      r  dfi_addr_o[8] (OUT)
  -------------------------------------------------------------------    -------------------

Slack:                    inf
  Source:                 controller_core_inst/FSM_onehot_state_q_reg[0]/C
                            (rising edge-triggered cell FDCE clocked by axi_clk  {rise@0.000ns fall@1.500ns period=3.000ns})
  Destination:            dfi_addr_o[1]
                            (output port)
  Path Group:             (none)
  Path Type:              Max at Slow Process Corner
  Data Path Delay:        1.949ns  (logic 0.302ns (15.496%)  route 1.647ns (84.504%))
  Logic Levels:           1  (LUT4=1)
  Clock Uncertainty:      0.025ns  ((TSJ^2 + TIJ^2)^1/2 + DJ) / 2 + PE
    Total System Jitter     (TSJ):    0.050ns
    Total Input Jitter      (TIJ):    0.000ns
    Discrete Jitter          (DJ):    0.000ns
    Phase Error              (PE):    0.000ns

    Location             Delay type                Incr(ns)  Path(ns)    Netlist Resource(s)
  -------------------------------------------------------------------    -------------------
                         (clock axi_clk rise edge)    0.000     0.000 r  
                                                      0.000     0.000 r  aclk (IN)
                         net (fo=575, unset)          1.427     1.427    controller_core_inst/aclk
    SLICE_X34Y178        FDCE                                         r  controller_core_inst/FSM_onehot_state_q_reg[0]/C
  -------------------------------------------------------------------    -------------------
    SLICE_X34Y178        FDCE (Prop_fdce_C_Q)         0.259     1.686 r  controller_core_inst/FSM_onehot_state_q_reg[0]/Q
                         net (fo=39, routed)          1.110     2.796    controller_core_inst/FSM_onehot_state_q_reg_n_0_[0]
    SLICE_X37Y185        LUT4 (Prop_lut4_I3_O)        0.043     2.839 r  controller_core_inst/dfi_addr_o[1]_INST_0/O
                         net (fo=0)                   0.537     3.376    dfi_addr_o[1]
                                                                      r  dfi_addr_o[1] (OUT)
  -------------------------------------------------------------------    -------------------

Slack:                    inf
  Source:                 controller_core_inst/FSM_onehot_state_q_reg[0]/C
                            (rising edge-triggered cell FDCE clocked by axi_clk  {rise@0.000ns fall@1.500ns period=3.000ns})
  Destination:            dfi_addr_o[9]
                            (output port)
  Path Group:             (none)
  Path Type:              Max at Slow Process Corner
  Data Path Delay:        1.949ns  (logic 0.310ns (15.907%)  route 1.639ns (84.093%))
  Logic Levels:           1  (LUT4=1)
  Clock Uncertainty:      0.025ns  ((TSJ^2 + TIJ^2)^1/2 + DJ) / 2 + PE
    Total System Jitter     (TSJ):    0.050ns
    Total Input Jitter      (TIJ):    0.000ns
    Discrete Jitter          (DJ):    0.000ns
    Phase Error              (PE):    0.000ns

    Location             Delay type                Incr(ns)  Path(ns)    Netlist Resource(s)
  -------------------------------------------------------------------    -------------------
                         (clock axi_clk rise edge)    0.000     0.000 r  
                                                      0.000     0.000 r  aclk (IN)
                         net (fo=575, unset)          1.427     1.427    controller_core_inst/aclk
    SLICE_X34Y178        FDCE                                         r  controller_core_inst/FSM_onehot_state_q_reg[0]/C
  -------------------------------------------------------------------    -------------------
    SLICE_X34Y178        FDCE (Prop_fdce_C_Q)         0.259     1.686 r  controller_core_inst/FSM_onehot_state_q_reg[0]/Q
                         net (fo=39, routed)          1.102     2.788    controller_core_inst/FSM_onehot_state_q_reg_n_0_[0]
    SLICE_X38Y185        LUT4 (Prop_lut4_I3_O)        0.051     2.839 r  controller_core_inst/dfi_addr_o[9]_INST_0/O
                         net (fo=0)                   0.537     3.376    dfi_addr_o[9]
                                                                      r  dfi_addr_o[9] (OUT)
  -------------------------------------------------------------------    -------------------

Slack:                    inf
  Source:                 controller_core_inst/FSM_onehot_state_q_reg[0]/C
                            (rising edge-triggered cell FDCE clocked by axi_clk  {rise@0.000ns fall@1.500ns period=3.000ns})
  Destination:            dfi_addr_o[4]
                            (output port)
  Path Group:             (none)
  Path Type:              Max at Slow Process Corner
  Data Path Delay:        1.943ns  (logic 0.306ns (15.750%)  route 1.637ns (84.250%))
  Logic Levels:           1  (LUT4=1)
  Clock Uncertainty:      0.025ns  ((TSJ^2 + TIJ^2)^1/2 + DJ) / 2 + PE
    Total System Jitter     (TSJ):    0.050ns
    Total Input Jitter      (TIJ):    0.000ns
    Discrete Jitter          (DJ):    0.000ns
    Phase Error              (PE):    0.000ns

    Location             Delay type                Incr(ns)  Path(ns)    Netlist Resource(s)
  -------------------------------------------------------------------    -------------------
                         (clock axi_clk rise edge)    0.000     0.000 r  
                                                      0.000     0.000 r  aclk (IN)
                         net (fo=575, unset)          1.427     1.427    controller_core_inst/aclk
    SLICE_X34Y178        FDCE                                         r  controller_core_inst/FSM_onehot_state_q_reg[0]/C
  -------------------------------------------------------------------    -------------------
    SLICE_X34Y178        FDCE (Prop_fdce_C_Q)         0.259     1.686 r  controller_core_inst/FSM_onehot_state_q_reg[0]/Q
                         net (fo=39, routed)          1.100     2.786    controller_core_inst/FSM_onehot_state_q_reg_n_0_[0]
    SLICE_X38Y185        LUT4 (Prop_lut4_I3_O)        0.047     2.833 r  controller_core_inst/dfi_addr_o[4]_INST_0/O
                         net (fo=0)                   0.537     3.370    dfi_addr_o[4]
                                                                      r  dfi_addr_o[4] (OUT)
  -------------------------------------------------------------------    -------------------

Slack:                    inf
  Source:                 controller_core_inst/FSM_onehot_state_q_reg[0]/C
                            (rising edge-triggered cell FDCE clocked by axi_clk  {rise@0.000ns fall@1.500ns period=3.000ns})
  Destination:            dfi_addr_o[15]
                            (output port)
  Path Group:             (none)
  Path Type:              Max at Slow Process Corner
  Data Path Delay:        1.941ns  (logic 0.302ns (15.560%)  route 1.639ns (84.440%))
  Logic Levels:           1  (LUT2=1)
  Clock Uncertainty:      0.025ns  ((TSJ^2 + TIJ^2)^1/2 + DJ) / 2 + PE
    Total System Jitter     (TSJ):    0.050ns
    Total Input Jitter      (TIJ):    0.000ns
    Discrete Jitter          (DJ):    0.000ns
    Phase Error              (PE):    0.000ns

    Location             Delay type                Incr(ns)  Path(ns)    Netlist Resource(s)
  -------------------------------------------------------------------    -------------------
                         (clock axi_clk rise edge)    0.000     0.000 r  
                                                      0.000     0.000 r  aclk (IN)
                         net (fo=575, unset)          1.427     1.427    controller_core_inst/aclk
    SLICE_X34Y178        FDCE                                         r  controller_core_inst/FSM_onehot_state_q_reg[0]/C
  -------------------------------------------------------------------    -------------------
    SLICE_X34Y178        FDCE (Prop_fdce_C_Q)         0.259     1.686 r  controller_core_inst/FSM_onehot_state_q_reg[0]/Q
                         net (fo=39, routed)          1.102     2.788    controller_core_inst/FSM_onehot_state_q_reg_n_0_[0]
    SLICE_X38Y185        LUT2 (Prop_lut2_I0_O)        0.043     2.831 r  controller_core_inst/dfi_addr_o[15]_INST_0/O
                         net (fo=0)                   0.537     3.368    dfi_addr_o[15]
                                                                      r  dfi_addr_o[15] (OUT)
  -------------------------------------------------------------------    -------------------

Slack:                    inf
  Source:                 controller_core_inst/FSM_onehot_state_q_reg[0]/C
                            (rising edge-triggered cell FDCE clocked by axi_clk  {rise@0.000ns fall@1.500ns period=3.000ns})
  Destination:            dfi_addr_o[11]
                            (output port)
  Path Group:             (none)
  Path Type:              Max at Slow Process Corner
  Data Path Delay:        1.939ns  (logic 0.302ns (15.576%)  route 1.637ns (84.424%))
  Logic Levels:           1  (LUT2=1)
  Clock Uncertainty:      0.025ns  ((TSJ^2 + TIJ^2)^1/2 + DJ) / 2 + PE
    Total System Jitter     (TSJ):    0.050ns
    Total Input Jitter      (TIJ):    0.000ns
    Discrete Jitter          (DJ):    0.000ns
    Phase Error              (PE):    0.000ns

    Location             Delay type                Incr(ns)  Path(ns)    Netlist Resource(s)
  -------------------------------------------------------------------    -------------------
                         (clock axi_clk rise edge)    0.000     0.000 r  
                                                      0.000     0.000 r  aclk (IN)
                         net (fo=575, unset)          1.427     1.427    controller_core_inst/aclk
    SLICE_X34Y178        FDCE                                         r  controller_core_inst/FSM_onehot_state_q_reg[0]/C
  -------------------------------------------------------------------    -------------------
    SLICE_X34Y178        FDCE (Prop_fdce_C_Q)         0.259     1.686 r  controller_core_inst/FSM_onehot_state_q_reg[0]/Q
                         net (fo=39, routed)          1.100     2.786    controller_core_inst/FSM_onehot_state_q_reg_n_0_[0]
    SLICE_X38Y185        LUT2 (Prop_lut2_I0_O)        0.043     2.829 r  controller_core_inst/dfi_addr_o[11]_INST_0/O
                         net (fo=0)                   0.537     3.366    dfi_addr_o[11]
                                                                      r  dfi_addr_o[11] (OUT)
  -------------------------------------------------------------------    -------------------

Slack:                    inf
  Source:                 controller_core_inst/req_row_q_reg[0]/C
                            (rising edge-triggered cell FDCE clocked by axi_clk  {rise@0.000ns fall@1.500ns period=3.000ns})
  Destination:            dfi_addr_o[0]
                            (output port)
  Path Group:             (none)
  Path Type:              Max at Slow Process Corner
  Data Path Delay:        1.907ns  (logic 0.302ns (15.839%)  route 1.605ns (84.161%))
  Logic Levels:           1  (LUT4=1)
  Clock Uncertainty:      0.025ns  ((TSJ^2 + TIJ^2)^1/2 + DJ) / 2 + PE
    Total System Jitter     (TSJ):    0.050ns
    Total Input Jitter      (TIJ):    0.000ns
    Discrete Jitter          (DJ):    0.000ns
    Phase Error              (PE):    0.000ns

    Location             Delay type                Incr(ns)  Path(ns)    Netlist Resource(s)
  -------------------------------------------------------------------    -------------------
                         (clock axi_clk rise edge)    0.000     0.000 r  
                                                      0.000     0.000 r  aclk (IN)
                         net (fo=575, unset)          1.431     1.431    controller_core_inst/aclk
    SLICE_X38Y185        FDCE                                         r  controller_core_inst/req_row_q_reg[0]/C
  -------------------------------------------------------------------    -------------------
    SLICE_X38Y185        FDCE (Prop_fdce_C_Q)         0.259     1.690 r  controller_core_inst/req_row_q_reg[0]/Q
                         net (fo=9, routed)           1.068     2.758    controller_core_inst/req_row_q[0]
    SLICE_X38Y185        LUT4 (Prop_lut4_I2_O)        0.043     2.801 r  controller_core_inst/dfi_addr_o[0]_INST_0/O
                         net (fo=0)                   0.537     3.338    dfi_addr_o[0]
                                                                      r  dfi_addr_o[0] (OUT)
  -------------------------------------------------------------------    -------------------

Slack:                    inf
  Source:                 controller_core_inst/FSM_onehot_state_q_reg[13]/C
                            (rising edge-triggered cell FDCE clocked by axi_clk  {rise@0.000ns fall@1.500ns period=3.000ns})
  Destination:            dfi_cmd_o[0]
                            (output port)
  Path Group:             (none)
  Path Type:              Max at Slow Process Corner
  Data Path Delay:        1.891ns  (logic 0.302ns (15.967%)  route 1.589ns (84.033%))
  Logic Levels:           1  (LUT5=1)
  Clock Uncertainty:      0.025ns  ((TSJ^2 + TIJ^2)^1/2 + DJ) / 2 + PE
    Total System Jitter     (TSJ):    0.050ns
    Total Input Jitter      (TIJ):    0.000ns
    Discrete Jitter          (DJ):    0.000ns
    Phase Error              (PE):    0.000ns

    Location             Delay type                Incr(ns)  Path(ns)    Netlist Resource(s)
  -------------------------------------------------------------------    -------------------
                         (clock axi_clk rise edge)    0.000     0.000 r  
                                                      0.000     0.000 r  aclk (IN)
                         net (fo=575, unset)          1.427     1.427    controller_core_inst/aclk
    SLICE_X42Y185        FDCE                                         r  controller_core_inst/FSM_onehot_state_q_reg[13]/C
  -------------------------------------------------------------------    -------------------
    SLICE_X42Y185        FDCE (Prop_fdce_C_Q)         0.259     1.686 r  controller_core_inst/FSM_onehot_state_q_reg[13]/Q
                         net (fo=22, routed)          1.052     2.738    controller_core_inst/FSM_onehot_state_q_reg_n_0_[13]
    SLICE_X33Y178        LUT5 (Prop_lut5_I1_O)        0.043     2.781 r  controller_core_inst/dfi_cmd_o[0]_INST_0/O
                         net (fo=0)                   0.537     3.318    dfi_cmd_o[0]
                                                                      r  dfi_cmd_o[0] (OUT)
  -------------------------------------------------------------------    -------------------

Slack:                    inf
  Source:                 controller_core_inst/FSM_onehot_state_q_reg[0]/C
                            (rising edge-triggered cell FDCE clocked by axi_clk  {rise@0.000ns fall@1.500ns period=3.000ns})
  Destination:            dfi_addr_o[2]
                            (output port)
  Path Group:             (none)
  Path Type:              Max at Slow Process Corner
  Data Path Delay:        1.857ns  (logic 0.302ns (16.266%)  route 1.555ns (83.734%))
  Logic Levels:           1  (LUT4=1)
  Clock Uncertainty:      0.025ns  ((TSJ^2 + TIJ^2)^1/2 + DJ) / 2 + PE
    Total System Jitter     (TSJ):    0.050ns
    Total Input Jitter      (TIJ):    0.000ns
    Discrete Jitter          (DJ):    0.000ns
    Phase Error              (PE):    0.000ns

    Location             Delay type                Incr(ns)  Path(ns)    Netlist Resource(s)
  -------------------------------------------------------------------    -------------------
                         (clock axi_clk rise edge)    0.000     0.000 r  
                                                      0.000     0.000 r  aclk (IN)
                         net (fo=575, unset)          1.427     1.427    controller_core_inst/aclk
    SLICE_X34Y178        FDCE                                         r  controller_core_inst/FSM_onehot_state_q_reg[0]/C
  -------------------------------------------------------------------    -------------------
    SLICE_X34Y178        FDCE (Prop_fdce_C_Q)         0.259     1.686 r  controller_core_inst/FSM_onehot_state_q_reg[0]/Q
                         net (fo=39, routed)          1.018     2.704    controller_core_inst/FSM_onehot_state_q_reg_n_0_[0]
    SLICE_X38Y185        LUT4 (Prop_lut4_I3_O)        0.043     2.747 r  controller_core_inst/dfi_addr_o[2]_INST_0/O
                         net (fo=0)                   0.537     3.284    dfi_addr_o[2]
                                                                      r  dfi_addr_o[2] (OUT)
  -------------------------------------------------------------------    -------------------

Slack:                    inf
  Source:                 controller_core_inst/FSM_onehot_state_q_reg[0]/C
                            (rising edge-triggered cell FDCE clocked by axi_clk  {rise@0.000ns fall@1.500ns period=3.000ns})
  Destination:            dfi_addr_o[5]
                            (output port)
  Path Group:             (none)
  Path Type:              Max at Slow Process Corner
  Data Path Delay:        1.757ns  (logic 0.306ns (17.417%)  route 1.451ns (82.583%))
  Logic Levels:           1  (LUT4=1)
  Clock Uncertainty:      0.025ns  ((TSJ^2 + TIJ^2)^1/2 + DJ) / 2 + PE
    Total System Jitter     (TSJ):    0.050ns
    Total Input Jitter      (TIJ):    0.000ns
    Discrete Jitter          (DJ):    0.000ns
    Phase Error              (PE):    0.000ns

    Location             Delay type                Incr(ns)  Path(ns)    Netlist Resource(s)
  -------------------------------------------------------------------    -------------------
                         (clock axi_clk rise edge)    0.000     0.000 r  
                                                      0.000     0.000 r  aclk (IN)
                         net (fo=575, unset)          1.427     1.427    controller_core_inst/aclk
    SLICE_X34Y178        FDCE                                         r  controller_core_inst/FSM_onehot_state_q_reg[0]/C
  -------------------------------------------------------------------    -------------------
    SLICE_X34Y178        FDCE (Prop_fdce_C_Q)         0.259     1.686 r  controller_core_inst/FSM_onehot_state_q_reg[0]/Q
                         net (fo=39, routed)          0.914     2.600    controller_core_inst/FSM_onehot_state_q_reg_n_0_[0]
    SLICE_X36Y185        LUT4 (Prop_lut4_I3_O)        0.047     2.647 r  controller_core_inst/dfi_addr_o[5]_INST_0/O
                         net (fo=0)                   0.537     3.184    dfi_addr_o[5]
                                                                      r  dfi_addr_o[5] (OUT)
  -------------------------------------------------------------------    -------------------

Slack:                    inf
  Source:                 controller_core_inst/FSM_onehot_state_q_reg[0]/C
                            (rising edge-triggered cell FDCE clocked by axi_clk  {rise@0.000ns fall@1.500ns period=3.000ns})
  Destination:            dfi_addr_o[7]
                            (output port)
  Path Group:             (none)
  Path Type:              Max at Slow Process Corner
  Data Path Delay:        1.754ns  (logic 0.313ns (17.845%)  route 1.441ns (82.155%))
  Logic Levels:           1  (LUT4=1)
  Clock Uncertainty:      0.025ns  ((TSJ^2 + TIJ^2)^1/2 + DJ) / 2 + PE
    Total System Jitter     (TSJ):    0.050ns
    Total Input Jitter      (TIJ):    0.000ns
    Discrete Jitter          (DJ):    0.000ns
    Phase Error              (PE):    0.000ns

    Location             Delay type                Incr(ns)  Path(ns)    Netlist Resource(s)
  -------------------------------------------------------------------    -------------------
                         (clock axi_clk rise edge)    0.000     0.000 r  
                                                      0.000     0.000 r  aclk (IN)
                         net (fo=575, unset)          1.427     1.427    controller_core_inst/aclk
    SLICE_X34Y178        FDCE                                         r  controller_core_inst/FSM_onehot_state_q_reg[0]/C
  -------------------------------------------------------------------    -------------------
    SLICE_X34Y178        FDCE (Prop_fdce_C_Q)         0.259     1.686 r  controller_core_inst/FSM_onehot_state_q_reg[0]/Q
                         net (fo=39, routed)          0.904     2.590    controller_core_inst/FSM_onehot_state_q_reg_n_0_[0]
    SLICE_X37Y185        LUT4 (Prop_lut4_I3_O)        0.054     2.644 r  controller_core_inst/dfi_addr_o[7]_INST_0/O
                         net (fo=0)                   0.537     3.181    dfi_addr_o[7]
                                                                      r  dfi_addr_o[7] (OUT)
  -------------------------------------------------------------------    -------------------

Slack:                    inf
  Source:                 controller_core_inst/FSM_onehot_state_q_reg[0]/C
                            (rising edge-triggered cell FDCE clocked by axi_clk  {rise@0.000ns fall@1.500ns period=3.000ns})
  Destination:            dfi_addr_o[12]
                            (output port)
  Path Group:             (none)
  Path Type:              Max at Slow Process Corner
  Data Path Delay:        1.753ns  (logic 0.302ns (17.228%)  route 1.451ns (82.772%))
  Logic Levels:           1  (LUT2=1)
  Clock Uncertainty:      0.025ns  ((TSJ^2 + TIJ^2)^1/2 + DJ) / 2 + PE
    Total System Jitter     (TSJ):    0.050ns
    Total Input Jitter      (TIJ):    0.000ns
    Discrete Jitter          (DJ):    0.000ns
    Phase Error              (PE):    0.000ns

    Location             Delay type                Incr(ns)  Path(ns)    Netlist Resource(s)
  -------------------------------------------------------------------    -------------------
                         (clock axi_clk rise edge)    0.000     0.000 r  
                                                      0.000     0.000 r  aclk (IN)
                         net (fo=575, unset)          1.427     1.427    controller_core_inst/aclk
    SLICE_X34Y178        FDCE                                         r  controller_core_inst/FSM_onehot_state_q_reg[0]/C
  -------------------------------------------------------------------    -------------------
    SLICE_X34Y178        FDCE (Prop_fdce_C_Q)         0.259     1.686 r  controller_core_inst/FSM_onehot_state_q_reg[0]/Q
                         net (fo=39, routed)          0.914     2.600    controller_core_inst/FSM_onehot_state_q_reg_n_0_[0]
    SLICE_X36Y185        LUT2 (Prop_lut2_I0_O)        0.043     2.643 r  controller_core_inst/dfi_addr_o[12]_INST_0/O
                         net (fo=0)                   0.537     3.180    dfi_addr_o[12]
                                                                      r  dfi_addr_o[12] (OUT)
  -------------------------------------------------------------------    -------------------

Slack:                    inf
  Source:                 controller_core_inst/FSM_onehot_state_q_reg[0]/C
                            (rising edge-triggered cell FDCE clocked by axi_clk  {rise@0.000ns fall@1.500ns period=3.000ns})
  Destination:            dfi_addr_o[6]
                            (output port)
  Path Group:             (none)
  Path Type:              Max at Slow Process Corner
  Data Path Delay:        1.748ns  (logic 0.308ns (17.621%)  route 1.440ns (82.379%))
  Logic Levels:           1  (LUT4=1)
  Clock Uncertainty:      0.025ns  ((TSJ^2 + TIJ^2)^1/2 + DJ) / 2 + PE
    Total System Jitter     (TSJ):    0.050ns
    Total Input Jitter      (TIJ):    0.000ns
    Discrete Jitter          (DJ):    0.000ns
    Phase Error              (PE):    0.000ns

    Location             Delay type                Incr(ns)  Path(ns)    Netlist Resource(s)
  -------------------------------------------------------------------    -------------------
                         (clock axi_clk rise edge)    0.000     0.000 r  
                                                      0.000     0.000 r  aclk (IN)
                         net (fo=575, unset)          1.427     1.427    controller_core_inst/aclk
    SLICE_X34Y178        FDCE                                         r  controller_core_inst/FSM_onehot_state_q_reg[0]/C
  -------------------------------------------------------------------    -------------------
    SLICE_X34Y178        FDCE (Prop_fdce_C_Q)         0.259     1.686 r  controller_core_inst/FSM_onehot_state_q_reg[0]/Q
                         net (fo=39, routed)          0.903     2.589    controller_core_inst/FSM_onehot_state_q_reg_n_0_[0]
    SLICE_X37Y185        LUT4 (Prop_lut4_I3_O)        0.049     2.638 r  controller_core_inst/dfi_addr_o[6]_INST_0/O
                         net (fo=0)                   0.537     3.175    dfi_addr_o[6]
                                                                      r  dfi_addr_o[6] (OUT)
  -------------------------------------------------------------------    -------------------





--------------------------------------------------------------------------------------
Path Group:  (none)
From Clock:  
  To Clock:  axi_clk

Max Delay           647 Endpoints
Min Delay             0 Endpoints
--------------------------------------------------------------------------------------


Max Delay Paths
--------------------------------------------------------------------------------------
Slack:                    inf
  Source:                 s_axi_arburst[0]
                            (input port)
  Destination:            rd_error_q_reg[1]/D
                            (rising edge-triggered cell FDCE clocked by axi_clk  {rise@0.000ns fall@1.500ns period=3.000ns})
  Path Group:             (none)
  Path Type:              Setup (Max at Slow Process Corner)
  Data Path Delay:        4.728ns  (logic 0.947ns (20.028%)  route 3.781ns (79.972%))
  Logic Levels:           12  (CARRY4=5 LUT2=1 LUT4=1 LUT5=2 LUT6=3)
  Clock Path Skew:        1.291ns (DCD - SCD + CPR)
    Destination Clock Delay (DCD):    1.291ns
    Source Clock Delay      (SCD):    0.000ns
    Clock Pessimism Removal (CPR):    0.000ns
  Clock Uncertainty:      0.025ns  ((TSJ^2 + TIJ^2)^1/2 + DJ) / 2 + PE
    Total System Jitter     (TSJ):    0.050ns
    Total Input Jitter      (TIJ):    0.000ns
    Discrete Jitter          (DJ):    0.000ns
    Phase Error              (PE):    0.000ns

    Location             Delay type                Incr(ns)  Path(ns)    Netlist Resource(s)
  -------------------------------------------------------------------    -------------------
                                                      0.000     0.000 f  s_axi_arburst[0] (IN)
                         net (fo=16, unset)           0.537     0.537    s_axi_arburst[0]
    SLICE_X33Y167        LUT2 (Prop_lut2_I1_O)        0.052     0.589 r  rd_error_q[0]_i_36/O
                         net (fo=20, routed)          0.765     1.354    rd_error_q[0]_i_36_n_0
    SLICE_X34Y163        LUT6 (Prop_lut6_I5_O)        0.136     1.490 r  rd_error_q[0]_i_35/O
                         net (fo=4, routed)           0.509     1.999    rd_error_q[0]_i_35_n_0
    SLICE_X35Y165        LUT6 (Prop_lut6_I1_O)        0.043     2.042 r  rd_error_q[0]_i_15/O
                         net (fo=1, routed)           0.000     2.042    rd_error_q[0]_i_15_n_0
    SLICE_X35Y165        CARRY4 (Prop_carry4_S[3]_CO[3])
                                                      0.193     2.235 r  rd_error_q_reg[0]_i_7/CO[3]
                         net (fo=1, routed)           0.000     2.235    rd_error_q_reg[0]_i_7_n_0
    SLICE_X35Y166        CARRY4 (Prop_carry4_CI_CO[3])
                                                      0.053     2.288 r  rd_error_q_reg[0]_i_13/CO[3]
                         net (fo=1, routed)           0.000     2.288    rd_error_q_reg[0]_i_13_n_0
    SLICE_X35Y167        CARRY4 (Prop_carry4_CI_CO[3])
                                                      0.053     2.341 r  rd_error_q_reg[0]_i_8/CO[3]
                         net (fo=1, routed)           0.000     2.341    rd_error_q_reg[0]_i_8_n_0
    SLICE_X35Y168        CARRY4 (Prop_carry4_CI_CO[3])
                                                      0.053     2.394 r  rd_error_q_reg[0]_i_12/CO[3]
                         net (fo=1, routed)           0.000     2.394    rd_error_q_reg[0]_i_12_n_0
    SLICE_X35Y169        CARRY4 (Prop_carry4_CI_O[0])
                                                      0.111     2.505 r  rd_error_q_reg[1]_i_17/O[0]
                         net (fo=1, routed)           0.473     2.978    validate_burst3[20]
    SLICE_X34Y169        LUT4 (Prop_lut4_I2_O)        0.124     3.102 r  rd_error_q[0]_i_11/O
                         net (fo=1, routed)           0.325     3.426    rd_error_q[0]_i_11_n_0
    SLICE_X34Y168        LUT6 (Prop_lut6_I1_O)        0.043     3.469 r  rd_error_q[0]_i_4/O
                         net (fo=2, routed)           0.636     4.105    rd_error_q[0]_i_4_n_0
    SLICE_X36Y171        LUT5 (Prop_lut5_I0_O)        0.043     4.148 r  rd_error_q[1]_i_4/O
                         net (fo=1, routed)           0.537     4.685    rd_error_q[1]_i_4_n_0
    SLICE_X38Y171        LUT5 (Prop_lut5_I2_O)        0.043     4.728 r  rd_error_q[1]_i_1/O
                         net (fo=1, routed)           0.000     4.728    validate_burst[1]
    SLICE_X38Y171        FDCE                                         r  rd_error_q_reg[1]/D
  -------------------------------------------------------------------    -------------------

                         (clock axi_clk rise edge)    0.000     0.000 r  
                                                      0.000     0.000 r  aclk (IN)
                         net (fo=575, unset)          1.291     1.291    aclk
    SLICE_X38Y171        FDCE                                         r  rd_error_q_reg[1]/C

Slack:                    inf
  Source:                 s_axi_awlen[0]
                            (input port)
  Destination:            wr_error_q_reg[1]/D
                            (rising edge-triggered cell FDCE clocked by axi_clk  {rise@0.000ns fall@1.500ns period=3.000ns})
  Path Group:             (none)
  Path Type:              Setup (Max at Slow Process Corner)
  Data Path Delay:        4.282ns  (logic 1.202ns (28.069%)  route 3.080ns (71.931%))
  Logic Levels:           14  (CARRY4=6 LUT4=3 LUT5=2 LUT6=3)
  Clock Path Skew:        1.228ns (DCD - SCD + CPR)
    Destination Clock Delay (DCD):    1.228ns
    Source Clock Delay      (SCD):    0.000ns
    Clock Pessimism Removal (CPR):    0.000ns
  Clock Uncertainty:      0.025ns  ((TSJ^2 + TIJ^2)^1/2 + DJ) / 2 + PE
    Total System Jitter     (TSJ):    0.050ns
    Total Input Jitter      (TIJ):    0.000ns
    Discrete Jitter          (DJ):    0.000ns
    Phase Error              (PE):    0.000ns

    Location             Delay type                Incr(ns)  Path(ns)    Netlist Resource(s)
  -------------------------------------------------------------------    -------------------
                                                      0.000     0.000 f  s_axi_awlen[0] (IN)
                         net (fo=16, unset)           0.537     0.537    controller_core_inst/s_axi_awlen[0]
    SLICE_X47Y165        LUT4 (Prop_lut4_I1_O)        0.052     0.589 r  controller_core_inst/wr_error_q[1]_i_84/O
                         net (fo=2, routed)           0.396     0.985    controller_core_inst/wr_error_q[1]_i_84_n_0
    SLICE_X46Y165        LUT4 (Prop_lut4_I3_O)        0.146     1.131 r  controller_core_inst/wr_error_q[1]_i_80/O
                         net (fo=1, routed)           0.165     1.296    controller_core_inst/wr_error_q[1]_i_80_n_0
    SLICE_X46Y165        LUT6 (Prop_lut6_I0_O)        0.138     1.434 r  controller_core_inst/wr_error_q[1]_i_65/O
                         net (fo=4, routed)           0.365     1.800    controller_core_inst/wr_error_q[1]_i_65_n_0
    SLICE_X44Y166        LUT6 (Prop_lut6_I5_O)        0.043     1.843 r  controller_core_inst/wr_error_q[1]_i_33/O
                         net (fo=1, routed)           0.000     1.843    controller_core_inst/wr_error_q[1]_i_33_n_0
    SLICE_X44Y166        CARRY4 (Prop_carry4_S[3]_CO[3])
                                                      0.193     2.036 r  controller_core_inst/wr_error_q_reg[1]_i_19/CO[3]
                         net (fo=1, routed)           0.000     2.036    controller_core_inst/wr_error_q_reg[1]_i_19_n_0
    SLICE_X44Y167        CARRY4 (Prop_carry4_CI_CO[3])
                                                      0.053     2.089 r  controller_core_inst/wr_error_q_reg[1]_i_32/CO[3]
                         net (fo=1, routed)           0.000     2.089    controller_core_inst/wr_error_q_reg[1]_i_32_n_0
    SLICE_X44Y168        CARRY4 (Prop_carry4_CI_CO[3])
                                                      0.053     2.142 r  controller_core_inst/wr_error_q_reg[1]_i_22/CO[3]
                         net (fo=1, routed)           0.000     2.142    controller_core_inst/wr_error_q_reg[1]_i_22_n_0
    SLICE_X44Y169        CARRY4 (Prop_carry4_CI_CO[3])
                                                      0.053     2.195 r  controller_core_inst/wr_error_q_reg[1]_i_16/CO[3]
                         net (fo=1, routed)           0.000     2.195    controller_core_inst/wr_error_q_reg[1]_i_16_n_0
    SLICE_X44Y170        CARRY4 (Prop_carry4_CI_CO[3])
                                                      0.053     2.248 r  controller_core_inst/wr_error_q_reg[1]_i_17/CO[3]
                         net (fo=1, routed)           0.000     2.248    controller_core_inst/wr_error_q_reg[1]_i_17_n_0
    SLICE_X44Y171        CARRY4 (Prop_carry4_CI_O[1])
                                                      0.166     2.414 r  controller_core_inst/wr_error_q_reg[1]_i_18/O[1]
                         net (fo=1, routed)           0.360     2.774    controller_core_inst/validate_burst32_out[25]
    SLICE_X45Y169        LUT4 (Prop_lut4_I0_O)        0.123     2.897 r  controller_core_inst/wr_error_q[1]_i_21/O
                         net (fo=1, routed)           0.101     2.998    controller_core_inst/wr_error_q[1]_i_21_n_0
    SLICE_X45Y169        LUT5 (Prop_lut5_I4_O)        0.043     3.041 r  controller_core_inst/wr_error_q[1]_i_6/O
                         net (fo=1, routed)           0.616     3.657    controller_core_inst/wr_error_q[1]_i_6_n_0
    SLICE_X45Y172        LUT6 (Prop_lut6_I1_O)        0.043     3.700 f  controller_core_inst/wr_error_q[1]_i_2/O
                         net (fo=2, routed)           0.539     4.239    controller_core_inst/wr_error_q[1]_i_2_n_0
    SLICE_X47Y174        LUT5 (Prop_lut5_I0_O)        0.043     4.282 r  controller_core_inst/wr_error_q[1]_i_1/O
                         net (fo=1, routed)           0.000     4.282    controller_core_inst_n_36
    SLICE_X47Y174        FDCE                                         r  wr_error_q_reg[1]/D
  -------------------------------------------------------------------    -------------------

                         (clock axi_clk rise edge)    0.000     0.000 r  
                                                      0.000     0.000 r  aclk (IN)
                         net (fo=575, unset)          1.228     1.228    aclk
    SLICE_X47Y174        FDCE                                         r  wr_error_q_reg[1]/C

Slack:                    inf
  Source:                 s_axi_awlen[0]
                            (input port)
  Destination:            wr_error_q_reg[0]/D
                            (rising edge-triggered cell FDCE clocked by axi_clk  {rise@0.000ns fall@1.500ns period=3.000ns})
  Path Group:             (none)
  Path Type:              Setup (Max at Slow Process Corner)
  Data Path Delay:        4.269ns  (logic 1.202ns (28.155%)  route 3.067ns (71.845%))
  Logic Levels:           14  (CARRY4=6 LUT4=4 LUT5=1 LUT6=3)
  Clock Path Skew:        1.283ns (DCD - SCD + CPR)
    Destination Clock Delay (DCD):    1.283ns
    Source Clock Delay      (SCD):    0.000ns
    Clock Pessimism Removal (CPR):    0.000ns
  Clock Uncertainty:      0.025ns  ((TSJ^2 + TIJ^2)^1/2 + DJ) / 2 + PE
    Total System Jitter     (TSJ):    0.050ns
    Total Input Jitter      (TIJ):    0.000ns
    Discrete Jitter          (DJ):    0.000ns
    Phase Error              (PE):    0.000ns

    Location             Delay type                Incr(ns)  Path(ns)    Netlist Resource(s)
  -------------------------------------------------------------------    -------------------
                                                      0.000     0.000 f  s_axi_awlen[0] (IN)
                         net (fo=16, unset)           0.537     0.537    controller_core_inst/s_axi_awlen[0]
    SLICE_X47Y165        LUT4 (Prop_lut4_I1_O)        0.052     0.589 r  controller_core_inst/wr_error_q[1]_i_84/O
                         net (fo=2, routed)           0.396     0.985    controller_core_inst/wr_error_q[1]_i_84_n_0
    SLICE_X46Y165        LUT4 (Prop_lut4_I3_O)        0.146     1.131 r  controller_core_inst/wr_error_q[1]_i_80/O
                         net (fo=1, routed)           0.165     1.296    controller_core_inst/wr_error_q[1]_i_80_n_0
    SLICE_X46Y165        LUT6 (Prop_lut6_I0_O)        0.138     1.434 r  controller_core_inst/wr_error_q[1]_i_65/O
                         net (fo=4, routed)           0.365     1.800    controller_core_inst/wr_error_q[1]_i_65_n_0
    SLICE_X44Y166        LUT6 (Prop_lut6_I5_O)        0.043     1.843 r  controller_core_inst/wr_error_q[1]_i_33/O
                         net (fo=1, routed)           0.000     1.843    controller_core_inst/wr_error_q[1]_i_33_n_0
    SLICE_X44Y166        CARRY4 (Prop_carry4_S[3]_CO[3])
                                                      0.193     2.036 r  controller_core_inst/wr_error_q_reg[1]_i_19/CO[3]
                         net (fo=1, routed)           0.000     2.036    controller_core_inst/wr_error_q_reg[1]_i_19_n_0
    SLICE_X44Y167        CARRY4 (Prop_carry4_CI_CO[3])
                                                      0.053     2.089 r  controller_core_inst/wr_error_q_reg[1]_i_32/CO[3]
                         net (fo=1, routed)           0.000     2.089    controller_core_inst/wr_error_q_reg[1]_i_32_n_0
    SLICE_X44Y168        CARRY4 (Prop_carry4_CI_CO[3])
                                                      0.053     2.142 r  controller_core_inst/wr_error_q_reg[1]_i_22/CO[3]
                         net (fo=1, routed)           0.000     2.142    controller_core_inst/wr_error_q_reg[1]_i_22_n_0
    SLICE_X44Y169        CARRY4 (Prop_carry4_CI_CO[3])
                                                      0.053     2.195 r  controller_core_inst/wr_error_q_reg[1]_i_16/CO[3]
                         net (fo=1, routed)           0.000     2.195    controller_core_inst/wr_error_q_reg[1]_i_16_n_0
    SLICE_X44Y170        CARRY4 (Prop_carry4_CI_CO[3])
                                                      0.053     2.248 r  controller_core_inst/wr_error_q_reg[1]_i_17/CO[3]
                         net (fo=1, routed)           0.000     2.248    controller_core_inst/wr_error_q_reg[1]_i_17_n_0
    SLICE_X44Y171        CARRY4 (Prop_carry4_CI_O[1])
                                                      0.166     2.414 r  controller_core_inst/wr_error_q_reg[1]_i_18/O[1]
                         net (fo=1, routed)           0.360     2.774    controller_core_inst/validate_burst32_out[25]
    SLICE_X45Y169        LUT4 (Prop_lut4_I0_O)        0.123     2.897 r  controller_core_inst/wr_error_q[1]_i_21/O
                         net (fo=1, routed)           0.101     2.998    controller_core_inst/wr_error_q[1]_i_21_n_0
    SLICE_X45Y169        LUT5 (Prop_lut5_I4_O)        0.043     3.041 r  controller_core_inst/wr_error_q[1]_i_6/O
                         net (fo=1, routed)           0.616     3.657    controller_core_inst/wr_error_q[1]_i_6_n_0
    SLICE_X45Y172        LUT6 (Prop_lut6_I1_O)        0.043     3.700 f  controller_core_inst/wr_error_q[1]_i_2/O
                         net (fo=2, routed)           0.526     4.226    controller_core_inst/wr_error_q[1]_i_2_n_0
    SLICE_X43Y175        LUT4 (Prop_lut4_I0_O)        0.043     4.269 r  controller_core_inst/wr_error_q[0]_i_1/O
                         net (fo=1, routed)           0.000     4.269    controller_core_inst_n_38
    SLICE_X43Y175        FDCE                                         r  wr_error_q_reg[0]/D
  -------------------------------------------------------------------    -------------------

                         (clock axi_clk rise edge)    0.000     0.000 r  
                                                      0.000     0.000 r  aclk (IN)
                         net (fo=575, unset)          1.283     1.283    aclk
    SLICE_X43Y175        FDCE                                         r  wr_error_q_reg[0]/C

Slack:                    inf
  Source:                 s_axi_arburst[0]
                            (input port)
  Destination:            rd_error_q_reg[0]/D
                            (rising edge-triggered cell FDCE clocked by axi_clk  {rise@0.000ns fall@1.500ns period=3.000ns})
  Path Group:             (none)
  Path Type:              Setup (Max at Slow Process Corner)
  Data Path Delay:        4.147ns  (logic 0.904ns (21.799%)  route 3.243ns (78.201%))
  Logic Levels:           11  (CARRY4=5 LUT2=1 LUT4=1 LUT6=4)
  Clock Path Skew:        1.291ns (DCD - SCD + CPR)
    Destination Clock Delay (DCD):    1.291ns
    Source Clock Delay      (SCD):    0.000ns
    Clock Pessimism Removal (CPR):    0.000ns
  Clock Uncertainty:      0.025ns  ((TSJ^2 + TIJ^2)^1/2 + DJ) / 2 + PE
    Total System Jitter     (TSJ):    0.050ns
    Total Input Jitter      (TIJ):    0.000ns
    Discrete Jitter          (DJ):    0.000ns
    Phase Error              (PE):    0.000ns

    Location             Delay type                Incr(ns)  Path(ns)    Netlist Resource(s)
  -------------------------------------------------------------------    -------------------
                                                      0.000     0.000 f  s_axi_arburst[0] (IN)
                         net (fo=16, unset)           0.537     0.537    s_axi_arburst[0]
    SLICE_X33Y167        LUT2 (Prop_lut2_I1_O)        0.052     0.589 r  rd_error_q[0]_i_36/O
                         net (fo=20, routed)          0.765     1.354    rd_error_q[0]_i_36_n_0
    SLICE_X34Y163        LUT6 (Prop_lut6_I5_O)        0.136     1.490 r  rd_error_q[0]_i_35/O
                         net (fo=4, routed)           0.509     1.999    rd_error_q[0]_i_35_n_0
    SLICE_X35Y165        LUT6 (Prop_lut6_I1_O)        0.043     2.042 r  rd_error_q[0]_i_15/O
                         net (fo=1, routed)           0.000     2.042    rd_error_q[0]_i_15_n_0
    SLICE_X35Y165        CARRY4 (Prop_carry4_S[3]_CO[3])
                                                      0.193     2.235 r  rd_error_q_reg[0]_i_7/CO[3]
                         net (fo=1, routed)           0.000     2.235    rd_error_q_reg[0]_i_7_n_0
    SLICE_X35Y166        CARRY4 (Prop_carry4_CI_CO[3])
                                                      0.053     2.288 r  rd_error_q_reg[0]_i_13/CO[3]
                         net (fo=1, routed)           0.000     2.288    rd_error_q_reg[0]_i_13_n_0
    SLICE_X35Y167        CARRY4 (Prop_carry4_CI_CO[3])
                                                      0.053     2.341 r  rd_error_q_reg[0]_i_8/CO[3]
                         net (fo=1, routed)           0.000     2.341    rd_error_q_reg[0]_i_8_n_0
    SLICE_X35Y168        CARRY4 (Prop_carry4_CI_CO[3])
                                                      0.053     2.394 r  rd_error_q_reg[0]_i_12/CO[3]
                         net (fo=1, routed)           0.000     2.394    rd_error_q_reg[0]_i_12_n_0
    SLICE_X35Y169        CARRY4 (Prop_carry4_CI_O[0])
                                                      0.111     2.505 r  rd_error_q_reg[1]_i_17/O[0]
                         net (fo=1, routed)           0.473     2.978    validate_burst3[20]
    SLICE_X34Y169        LUT4 (Prop_lut4_I2_O)        0.124     3.102 r  rd_error_q[0]_i_11/O
                         net (fo=1, routed)           0.325     3.426    rd_error_q[0]_i_11_n_0
    SLICE_X34Y168        LUT6 (Prop_lut6_I1_O)        0.043     3.469 r  rd_error_q[0]_i_4/O
                         net (fo=2, routed)           0.635     4.104    rd_error_q[0]_i_4_n_0
    SLICE_X38Y171        LUT6 (Prop_lut6_I3_O)        0.043     4.147 r  rd_error_q[0]_i_1/O
                         net (fo=1, routed)           0.000     4.147    rd_error_q[0]_i_1_n_0
    SLICE_X38Y171        FDCE                                         r  rd_error_q_reg[0]/D
  -------------------------------------------------------------------    -------------------

                         (clock axi_clk rise edge)    0.000     0.000 r  
                                                      0.000     0.000 r  aclk (IN)
                         net (fo=575, unset)          1.291     1.291    aclk
    SLICE_X38Y171        FDCE                                         r  rd_error_q_reg[0]/C

Slack:                    inf
  Source:                 s_axi_wvalid
                            (input port)
  Destination:            wr_addr_q_reg[15]/CE
                            (rising edge-triggered cell FDCE clocked by axi_clk  {rise@0.000ns fall@1.500ns period=3.000ns})
  Path Group:             (none)
  Path Type:              Setup (Max at Slow Process Corner)
  Data Path Delay:        1.892ns  (logic 0.172ns (9.089%)  route 1.720ns (90.911%))
  Logic Levels:           4  (LUT2=1 LUT3=1 LUT4=1 LUT6=1)
  Clock Path Skew:        1.298ns (DCD - SCD + CPR)
    Destination Clock Delay (DCD):    1.298ns
    Source Clock Delay      (SCD):    0.000ns
    Clock Pessimism Removal (CPR):    0.000ns
  Clock Uncertainty:      0.025ns  ((TSJ^2 + TIJ^2)^1/2 + DJ) / 2 + PE
    Total System Jitter     (TSJ):    0.050ns
    Total Input Jitter      (TIJ):    0.000ns
    Discrete Jitter          (DJ):    0.000ns
    Phase Error              (PE):    0.000ns

    Location             Delay type                Incr(ns)  Path(ns)    Netlist Resource(s)
  -------------------------------------------------------------------    -------------------
                                                      0.000     0.000 f  s_axi_wvalid (IN)
                         net (fo=1, unset)            0.537     0.537    controller_core_inst/s_axi_wvalid
    SLICE_X41Y178        LUT6 (Prop_lut6_I3_O)        0.043     0.580 f  controller_core_inst/bid_q[5]_i_4/O
                         net (fo=3, routed)           0.254     0.834    controller_core_inst/bid_q[5]_i_4_n_0
    SLICE_X41Y180        LUT3 (Prop_lut3_I2_O)        0.043     0.877 r  controller_core_inst/wr_beat_q[7]_i_6/O
                         net (fo=5, routed)           0.236     1.113    controller_core_inst/wr_beat_q[7]_i_6_n_0
    SLICE_X41Y181        LUT2 (Prop_lut2_I0_O)        0.043     1.156 r  controller_core_inst/wr_beat_q[7]_i_3/O
                         net (fo=37, routed)          0.297     1.453    controller_core_inst/wr_beat_q[7]_i_3_n_0
    SLICE_X41Y181        LUT4 (Prop_lut4_I1_O)        0.043     1.496 r  controller_core_inst/wr_addr_q[30]_i_1/O
                         net (fo=31, routed)          0.396     1.892    controller_core_inst_n_48
    SLICE_X35Y181        FDCE                                         r  wr_addr_q_reg[15]/CE
  -------------------------------------------------------------------    -------------------

                         (clock axi_clk rise edge)    0.000     0.000 r  
                                                      0.000     0.000 r  aclk (IN)
                         net (fo=575, unset)          1.298     1.298    aclk
    SLICE_X35Y181        FDCE                                         r  wr_addr_q_reg[15]/C

Slack:                    inf
  Source:                 s_axi_wvalid
                            (input port)
  Destination:            wr_addr_q_reg[29]/CE
                            (rising edge-triggered cell FDCE clocked by axi_clk  {rise@0.000ns fall@1.500ns period=3.000ns})
  Path Group:             (none)
  Path Type:              Setup (Max at Slow Process Corner)
  Data Path Delay:        1.892ns  (logic 0.172ns (9.089%)  route 1.720ns (90.911%))
  Logic Levels:           4  (LUT2=1 LUT3=1 LUT4=1 LUT6=1)
  Clock Path Skew:        1.298ns (DCD - SCD + CPR)
    Destination Clock Delay (DCD):    1.298ns
    Source Clock Delay      (SCD):    0.000ns
    Clock Pessimism Removal (CPR):    0.000ns
  Clock Uncertainty:      0.025ns  ((TSJ^2 + TIJ^2)^1/2 + DJ) / 2 + PE
    Total System Jitter     (TSJ):    0.050ns
    Total Input Jitter      (TIJ):    0.000ns
    Discrete Jitter          (DJ):    0.000ns
    Phase Error              (PE):    0.000ns

    Location             Delay type                Incr(ns)  Path(ns)    Netlist Resource(s)
  -------------------------------------------------------------------    -------------------
                                                      0.000     0.000 f  s_axi_wvalid (IN)
                         net (fo=1, unset)            0.537     0.537    controller_core_inst/s_axi_wvalid
    SLICE_X41Y178        LUT6 (Prop_lut6_I3_O)        0.043     0.580 f  controller_core_inst/bid_q[5]_i_4/O
                         net (fo=3, routed)           0.254     0.834    controller_core_inst/bid_q[5]_i_4_n_0
    SLICE_X41Y180        LUT3 (Prop_lut3_I2_O)        0.043     0.877 r  controller_core_inst/wr_beat_q[7]_i_6/O
                         net (fo=5, routed)           0.236     1.113    controller_core_inst/wr_beat_q[7]_i_6_n_0
    SLICE_X41Y181        LUT2 (Prop_lut2_I0_O)        0.043     1.156 r  controller_core_inst/wr_beat_q[7]_i_3/O
                         net (fo=37, routed)          0.297     1.453    controller_core_inst/wr_beat_q[7]_i_3_n_0
    SLICE_X41Y181        LUT4 (Prop_lut4_I1_O)        0.043     1.496 r  controller_core_inst/wr_addr_q[30]_i_1/O
                         net (fo=31, routed)          0.396     1.892    controller_core_inst_n_48
    SLICE_X35Y181        FDCE                                         r  wr_addr_q_reg[29]/CE
  -------------------------------------------------------------------    -------------------

                         (clock axi_clk rise edge)    0.000     0.000 r  
                                                      0.000     0.000 r  aclk (IN)
                         net (fo=575, unset)          1.298     1.298    aclk
    SLICE_X35Y181        FDCE                                         r  wr_addr_q_reg[29]/C

Slack:                    inf
  Source:                 s_axi_wvalid
                            (input port)
  Destination:            wr_addr_q_reg[14]/CE
                            (rising edge-triggered cell FDCE clocked by axi_clk  {rise@0.000ns fall@1.500ns period=3.000ns})
  Path Group:             (none)
  Path Type:              Setup (Max at Slow Process Corner)
  Data Path Delay:        1.866ns  (logic 0.172ns (9.216%)  route 1.694ns (90.784%))
  Logic Levels:           4  (LUT2=1 LUT3=1 LUT4=1 LUT6=1)
  Clock Path Skew:        1.234ns (DCD - SCD + CPR)
    Destination Clock Delay (DCD):    1.234ns
    Source Clock Delay      (SCD):    0.000ns
    Clock Pessimism Removal (CPR):    0.000ns
  Clock Uncertainty:      0.025ns  ((TSJ^2 + TIJ^2)^1/2 + DJ) / 2 + PE
    Total System Jitter     (TSJ):    0.050ns
    Total Input Jitter      (TIJ):    0.000ns
    Discrete Jitter          (DJ):    0.000ns
    Phase Error              (PE):    0.000ns

    Location             Delay type                Incr(ns)  Path(ns)    Netlist Resource(s)
  -------------------------------------------------------------------    -------------------
                                                      0.000     0.000 f  s_axi_wvalid (IN)
                         net (fo=1, unset)            0.537     0.537    controller_core_inst/s_axi_wvalid
    SLICE_X41Y178        LUT6 (Prop_lut6_I3_O)        0.043     0.580 f  controller_core_inst/bid_q[5]_i_4/O
                         net (fo=3, routed)           0.254     0.834    controller_core_inst/bid_q[5]_i_4_n_0
    SLICE_X41Y180        LUT3 (Prop_lut3_I2_O)        0.043     0.877 r  controller_core_inst/wr_beat_q[7]_i_6/O
                         net (fo=5, routed)           0.236     1.113    controller_core_inst/wr_beat_q[7]_i_6_n_0
    SLICE_X41Y181        LUT2 (Prop_lut2_I0_O)        0.043     1.156 r  controller_core_inst/wr_beat_q[7]_i_3/O
                         net (fo=37, routed)          0.297     1.453    controller_core_inst/wr_beat_q[7]_i_3_n_0
    SLICE_X41Y181        LUT4 (Prop_lut4_I1_O)        0.043     1.496 r  controller_core_inst/wr_addr_q[30]_i_1/O
                         net (fo=31, routed)          0.370     1.866    controller_core_inst_n_48
    SLICE_X44Y181        FDCE                                         r  wr_addr_q_reg[14]/CE
  -------------------------------------------------------------------    -------------------

                         (clock axi_clk rise edge)    0.000     0.000 r  
                                                      0.000     0.000 r  aclk (IN)
                         net (fo=575, unset)          1.234     1.234    aclk
    SLICE_X44Y181        FDCE                                         r  wr_addr_q_reg[14]/C

Slack:                    inf
  Source:                 s_axi_wvalid
                            (input port)
  Destination:            wr_addr_q_reg[24]/CE
                            (rising edge-triggered cell FDCE clocked by axi_clk  {rise@0.000ns fall@1.500ns period=3.000ns})
  Path Group:             (none)
  Path Type:              Setup (Max at Slow Process Corner)
  Data Path Delay:        1.866ns  (logic 0.172ns (9.216%)  route 1.694ns (90.784%))
  Logic Levels:           4  (LUT2=1 LUT3=1 LUT4=1 LUT6=1)
  Clock Path Skew:        1.234ns (DCD - SCD + CPR)
    Destination Clock Delay (DCD):    1.234ns
    Source Clock Delay      (SCD):    0.000ns
    Clock Pessimism Removal (CPR):    0.000ns
  Clock Uncertainty:      0.025ns  ((TSJ^2 + TIJ^2)^1/2 + DJ) / 2 + PE
    Total System Jitter     (TSJ):    0.050ns
    Total Input Jitter      (TIJ):    0.000ns
    Discrete Jitter          (DJ):    0.000ns
    Phase Error              (PE):    0.000ns

    Location             Delay type                Incr(ns)  Path(ns)    Netlist Resource(s)
  -------------------------------------------------------------------    -------------------
                                                      0.000     0.000 f  s_axi_wvalid (IN)
                         net (fo=1, unset)            0.537     0.537    controller_core_inst/s_axi_wvalid
    SLICE_X41Y178        LUT6 (Prop_lut6_I3_O)        0.043     0.580 f  controller_core_inst/bid_q[5]_i_4/O
                         net (fo=3, routed)           0.254     0.834    controller_core_inst/bid_q[5]_i_4_n_0
    SLICE_X41Y180        LUT3 (Prop_lut3_I2_O)        0.043     0.877 r  controller_core_inst/wr_beat_q[7]_i_6/O
                         net (fo=5, routed)           0.236     1.113    controller_core_inst/wr_beat_q[7]_i_6_n_0
    SLICE_X41Y181        LUT2 (Prop_lut2_I0_O)        0.043     1.156 r  controller_core_inst/wr_beat_q[7]_i_3/O
                         net (fo=37, routed)          0.297     1.453    controller_core_inst/wr_beat_q[7]_i_3_n_0
    SLICE_X41Y181        LUT4 (Prop_lut4_I1_O)        0.043     1.496 r  controller_core_inst/wr_addr_q[30]_i_1/O
                         net (fo=31, routed)          0.370     1.866    controller_core_inst_n_48
    SLICE_X44Y181        FDCE                                         r  wr_addr_q_reg[24]/CE
  -------------------------------------------------------------------    -------------------

                         (clock axi_clk rise edge)    0.000     0.000 r  
                                                      0.000     0.000 r  aclk (IN)
                         net (fo=575, unset)          1.234     1.234    aclk
    SLICE_X44Y181        FDCE                                         r  wr_addr_q_reg[24]/C

Slack:                    inf
  Source:                 s_axi_wvalid
                            (input port)
  Destination:            wr_addr_q_reg[26]/CE
                            (rising edge-triggered cell FDCE clocked by axi_clk  {rise@0.000ns fall@1.500ns period=3.000ns})
  Path Group:             (none)
  Path Type:              Setup (Max at Slow Process Corner)
  Data Path Delay:        1.866ns  (logic 0.172ns (9.216%)  route 1.694ns (90.784%))
  Logic Levels:           4  (LUT2=1 LUT3=1 LUT4=1 LUT6=1)
  Clock Path Skew:        1.234ns (DCD - SCD + CPR)
    Destination Clock Delay (DCD):    1.234ns
    Source Clock Delay      (SCD):    0.000ns
    Clock Pessimism Removal (CPR):    0.000ns
  Clock Uncertainty:      0.025ns  ((TSJ^2 + TIJ^2)^1/2 + DJ) / 2 + PE
    Total System Jitter     (TSJ):    0.050ns
    Total Input Jitter      (TIJ):    0.000ns
    Discrete Jitter          (DJ):    0.000ns
    Phase Error              (PE):    0.000ns

    Location             Delay type                Incr(ns)  Path(ns)    Netlist Resource(s)
  -------------------------------------------------------------------    -------------------
                                                      0.000     0.000 f  s_axi_wvalid (IN)
                         net (fo=1, unset)            0.537     0.537    controller_core_inst/s_axi_wvalid
    SLICE_X41Y178        LUT6 (Prop_lut6_I3_O)        0.043     0.580 f  controller_core_inst/bid_q[5]_i_4/O
                         net (fo=3, routed)           0.254     0.834    controller_core_inst/bid_q[5]_i_4_n_0
    SLICE_X41Y180        LUT3 (Prop_lut3_I2_O)        0.043     0.877 r  controller_core_inst/wr_beat_q[7]_i_6/O
                         net (fo=5, routed)           0.236     1.113    controller_core_inst/wr_beat_q[7]_i_6_n_0
    SLICE_X41Y181        LUT2 (Prop_lut2_I0_O)        0.043     1.156 r  controller_core_inst/wr_beat_q[7]_i_3/O
                         net (fo=37, routed)          0.297     1.453    controller_core_inst/wr_beat_q[7]_i_3_n_0
    SLICE_X41Y181        LUT4 (Prop_lut4_I1_O)        0.043     1.496 r  controller_core_inst/wr_addr_q[30]_i_1/O
                         net (fo=31, routed)          0.370     1.866    controller_core_inst_n_48
    SLICE_X44Y181        FDCE                                         r  wr_addr_q_reg[26]/CE
  -------------------------------------------------------------------    -------------------

                         (clock axi_clk rise edge)    0.000     0.000 r  
                                                      0.000     0.000 r  aclk (IN)
                         net (fo=575, unset)          1.234     1.234    aclk
    SLICE_X44Y181        FDCE                                         r  wr_addr_q_reg[26]/C

Slack:                    inf
  Source:                 s_axi_wvalid
                            (input port)
  Destination:            wr_addr_q_reg[17]/CE
                            (rising edge-triggered cell FDCE clocked by axi_clk  {rise@0.000ns fall@1.500ns period=3.000ns})
  Path Group:             (none)
  Path Type:              Setup (Max at Slow Process Corner)
  Data Path Delay:        1.861ns  (logic 0.172ns (9.240%)  route 1.689ns (90.760%))
  Logic Levels:           4  (LUT2=1 LUT3=1 LUT4=1 LUT6=1)
  Clock Path Skew:        1.289ns (DCD - SCD + CPR)
    Destination Clock Delay (DCD):    1.289ns
    Source Clock Delay      (SCD):    0.000ns
    Clock Pessimism Removal (CPR):    0.000ns
  Clock Uncertainty:      0.025ns  ((TSJ^2 + TIJ^2)^1/2 + DJ) / 2 + PE
    Total System Jitter     (TSJ):    0.050ns
    Total Input Jitter      (TIJ):    0.000ns
    Discrete Jitter          (DJ):    0.000ns
    Phase Error              (PE):    0.000ns

    Location             Delay type                Incr(ns)  Path(ns)    Netlist Resource(s)
  -------------------------------------------------------------------    -------------------
                                                      0.000     0.000 f  s_axi_wvalid (IN)
                         net (fo=1, unset)            0.537     0.537    controller_core_inst/s_axi_wvalid
    SLICE_X41Y178        LUT6 (Prop_lut6_I3_O)        0.043     0.580 f  controller_core_inst/bid_q[5]_i_4/O
                         net (fo=3, routed)           0.254     0.834    controller_core_inst/bid_q[5]_i_4_n_0
    SLICE_X41Y180        LUT3 (Prop_lut3_I2_O)        0.043     0.877 r  controller_core_inst/wr_beat_q[7]_i_6/O
                         net (fo=5, routed)           0.236     1.113    controller_core_inst/wr_beat_q[7]_i_6_n_0
    SLICE_X41Y181        LUT2 (Prop_lut2_I0_O)        0.043     1.156 r  controller_core_inst/wr_beat_q[7]_i_3/O
                         net (fo=37, routed)          0.297     1.453    controller_core_inst/wr_beat_q[7]_i_3_n_0
    SLICE_X41Y181        LUT4 (Prop_lut4_I1_O)        0.043     1.496 r  controller_core_inst/wr_addr_q[30]_i_1/O
                         net (fo=31, routed)          0.365     1.861    controller_core_inst_n_48
    SLICE_X38Y176        FDCE                                         r  wr_addr_q_reg[17]/CE
  -------------------------------------------------------------------    -------------------

                         (clock axi_clk rise edge)    0.000     0.000 r  
                                                      0.000     0.000 r  aclk (IN)
                         net (fo=575, unset)          1.289     1.289    aclk
    SLICE_X38Y176        FDCE                                         r  wr_addr_q_reg[17]/C

Slack:                    inf
  Source:                 s_axi_wvalid
                            (input port)
  Destination:            wr_addr_q_reg[18]/CE
                            (rising edge-triggered cell FDCE clocked by axi_clk  {rise@0.000ns fall@1.500ns period=3.000ns})
  Path Group:             (none)
  Path Type:              Setup (Max at Slow Process Corner)
  Data Path Delay:        1.861ns  (logic 0.172ns (9.240%)  route 1.689ns (90.760%))
  Logic Levels:           4  (LUT2=1 LUT3=1 LUT4=1 LUT6=1)
  Clock Path Skew:        1.289ns (DCD - SCD + CPR)
    Destination Clock Delay (DCD):    1.289ns
    Source Clock Delay      (SCD):    0.000ns
    Clock Pessimism Removal (CPR):    0.000ns
  Clock Uncertainty:      0.025ns  ((TSJ^2 + TIJ^2)^1/2 + DJ) / 2 + PE
    Total System Jitter     (TSJ):    0.050ns
    Total Input Jitter      (TIJ):    0.000ns
    Discrete Jitter          (DJ):    0.000ns
    Phase Error              (PE):    0.000ns

    Location             Delay type                Incr(ns)  Path(ns)    Netlist Resource(s)
  -------------------------------------------------------------------    -------------------
                                                      0.000     0.000 f  s_axi_wvalid (IN)
                         net (fo=1, unset)            0.537     0.537    controller_core_inst/s_axi_wvalid
    SLICE_X41Y178        LUT6 (Prop_lut6_I3_O)        0.043     0.580 f  controller_core_inst/bid_q[5]_i_4/O
                         net (fo=3, routed)           0.254     0.834    controller_core_inst/bid_q[5]_i_4_n_0
    SLICE_X41Y180        LUT3 (Prop_lut3_I2_O)        0.043     0.877 r  controller_core_inst/wr_beat_q[7]_i_6/O
                         net (fo=5, routed)           0.236     1.113    controller_core_inst/wr_beat_q[7]_i_6_n_0
    SLICE_X41Y181        LUT2 (Prop_lut2_I0_O)        0.043     1.156 r  controller_core_inst/wr_beat_q[7]_i_3/O
                         net (fo=37, routed)          0.297     1.453    controller_core_inst/wr_beat_q[7]_i_3_n_0
    SLICE_X41Y181        LUT4 (Prop_lut4_I1_O)        0.043     1.496 r  controller_core_inst/wr_addr_q[30]_i_1/O
                         net (fo=31, routed)          0.365     1.861    controller_core_inst_n_48
    SLICE_X38Y176        FDCE                                         r  wr_addr_q_reg[18]/CE
  -------------------------------------------------------------------    -------------------

                         (clock axi_clk rise edge)    0.000     0.000 r  
                                                      0.000     0.000 r  aclk (IN)
                         net (fo=575, unset)          1.289     1.289    aclk
    SLICE_X38Y176        FDCE                                         r  wr_addr_q_reg[18]/C

Slack:                    inf
  Source:                 s_axi_wvalid
                            (input port)
  Destination:            wr_addr_q_reg[27]/CE
                            (rising edge-triggered cell FDCE clocked by axi_clk  {rise@0.000ns fall@1.500ns period=3.000ns})
  Path Group:             (none)
  Path Type:              Setup (Max at Slow Process Corner)
  Data Path Delay:        1.861ns  (logic 0.172ns (9.240%)  route 1.689ns (90.760%))
  Logic Levels:           4  (LUT2=1 LUT3=1 LUT4=1 LUT6=1)
  Clock Path Skew:        1.289ns (DCD - SCD + CPR)
    Destination Clock Delay (DCD):    1.289ns
    Source Clock Delay      (SCD):    0.000ns
    Clock Pessimism Removal (CPR):    0.000ns
  Clock Uncertainty:      0.025ns  ((TSJ^2 + TIJ^2)^1/2 + DJ) / 2 + PE
    Total System Jitter     (TSJ):    0.050ns
    Total Input Jitter      (TIJ):    0.000ns
    Discrete Jitter          (DJ):    0.000ns
    Phase Error              (PE):    0.000ns

    Location             Delay type                Incr(ns)  Path(ns)    Netlist Resource(s)
  -------------------------------------------------------------------    -------------------
                                                      0.000     0.000 f  s_axi_wvalid (IN)
                         net (fo=1, unset)            0.537     0.537    controller_core_inst/s_axi_wvalid
    SLICE_X41Y178        LUT6 (Prop_lut6_I3_O)        0.043     0.580 f  controller_core_inst/bid_q[5]_i_4/O
                         net (fo=3, routed)           0.254     0.834    controller_core_inst/bid_q[5]_i_4_n_0
    SLICE_X41Y180        LUT3 (Prop_lut3_I2_O)        0.043     0.877 r  controller_core_inst/wr_beat_q[7]_i_6/O
                         net (fo=5, routed)           0.236     1.113    controller_core_inst/wr_beat_q[7]_i_6_n_0
    SLICE_X41Y181        LUT2 (Prop_lut2_I0_O)        0.043     1.156 r  controller_core_inst/wr_beat_q[7]_i_3/O
                         net (fo=37, routed)          0.297     1.453    controller_core_inst/wr_beat_q[7]_i_3_n_0
    SLICE_X41Y181        LUT4 (Prop_lut4_I1_O)        0.043     1.496 r  controller_core_inst/wr_addr_q[30]_i_1/O
                         net (fo=31, routed)          0.365     1.861    controller_core_inst_n_48
    SLICE_X38Y176        FDCE                                         r  wr_addr_q_reg[27]/CE
  -------------------------------------------------------------------    -------------------

                         (clock axi_clk rise edge)    0.000     0.000 r  
                                                      0.000     0.000 r  aclk (IN)
                         net (fo=575, unset)          1.289     1.289    aclk
    SLICE_X38Y176        FDCE                                         r  wr_addr_q_reg[27]/C

Slack:                    inf
  Source:                 s_axi_wvalid
                            (input port)
  Destination:            wr_addr_q_reg[20]/CE
                            (rising edge-triggered cell FDCE clocked by axi_clk  {rise@0.000ns fall@1.500ns period=3.000ns})
  Path Group:             (none)
  Path Type:              Setup (Max at Slow Process Corner)
  Data Path Delay:        1.847ns  (logic 0.172ns (9.312%)  route 1.675ns (90.688%))
  Logic Levels:           4  (LUT2=1 LUT3=1 LUT4=1 LUT6=1)
  Clock Path Skew:        1.293ns (DCD - SCD + CPR)
    Destination Clock Delay (DCD):    1.293ns
    Source Clock Delay      (SCD):    0.000ns
    Clock Pessimism Removal (CPR):    0.000ns
  Clock Uncertainty:      0.025ns  ((TSJ^2 + TIJ^2)^1/2 + DJ) / 2 + PE
    Total System Jitter     (TSJ):    0.050ns
    Total Input Jitter      (TIJ):    0.000ns
    Discrete Jitter          (DJ):    0.000ns
    Phase Error              (PE):    0.000ns

    Location             Delay type                Incr(ns)  Path(ns)    Netlist Resource(s)
  -------------------------------------------------------------------    -------------------
                                                      0.000     0.000 f  s_axi_wvalid (IN)
                         net (fo=1, unset)            0.537     0.537    controller_core_inst/s_axi_wvalid
    SLICE_X41Y178        LUT6 (Prop_lut6_I3_O)        0.043     0.580 f  controller_core_inst/bid_q[5]_i_4/O
                         net (fo=3, routed)           0.254     0.834    controller_core_inst/bid_q[5]_i_4_n_0
    SLICE_X41Y180        LUT3 (Prop_lut3_I2_O)        0.043     0.877 r  controller_core_inst/wr_beat_q[7]_i_6/O
                         net (fo=5, routed)           0.236     1.113    controller_core_inst/wr_beat_q[7]_i_6_n_0
    SLICE_X41Y181        LUT2 (Prop_lut2_I0_O)        0.043     1.156 r  controller_core_inst/wr_beat_q[7]_i_3/O
                         net (fo=37, routed)          0.297     1.453    controller_core_inst/wr_beat_q[7]_i_3_n_0
    SLICE_X41Y181        LUT4 (Prop_lut4_I1_O)        0.043     1.496 r  controller_core_inst/wr_addr_q[30]_i_1/O
                         net (fo=31, routed)          0.351     1.847    controller_core_inst_n_48
    SLICE_X43Y185        FDCE                                         r  wr_addr_q_reg[20]/CE
  -------------------------------------------------------------------    -------------------

                         (clock axi_clk rise edge)    0.000     0.000 r  
                                                      0.000     0.000 r  aclk (IN)
                         net (fo=575, unset)          1.293     1.293    aclk
    SLICE_X43Y185        FDCE                                         r  wr_addr_q_reg[20]/C

Slack:                    inf
  Source:                 s_axi_wvalid
                            (input port)
  Destination:            wr_addr_q_reg[25]/CE
                            (rising edge-triggered cell FDCE clocked by axi_clk  {rise@0.000ns fall@1.500ns period=3.000ns})
  Path Group:             (none)
  Path Type:              Setup (Max at Slow Process Corner)
  Data Path Delay:        1.847ns  (logic 0.172ns (9.312%)  route 1.675ns (90.688%))
  Logic Levels:           4  (LUT2=1 LUT3=1 LUT4=1 LUT6=1)
  Clock Path Skew:        1.293ns (DCD - SCD + CPR)
    Destination Clock Delay (DCD):    1.293ns
    Source Clock Delay      (SCD):    0.000ns
    Clock Pessimism Removal (CPR):    0.000ns
  Clock Uncertainty:      0.025ns  ((TSJ^2 + TIJ^2)^1/2 + DJ) / 2 + PE
    Total System Jitter     (TSJ):    0.050ns
    Total Input Jitter      (TIJ):    0.000ns
    Discrete Jitter          (DJ):    0.000ns
    Phase Error              (PE):    0.000ns

    Location             Delay type                Incr(ns)  Path(ns)    Netlist Resource(s)
  -------------------------------------------------------------------    -------------------
                                                      0.000     0.000 f  s_axi_wvalid (IN)
                         net (fo=1, unset)            0.537     0.537    controller_core_inst/s_axi_wvalid
    SLICE_X41Y178        LUT6 (Prop_lut6_I3_O)        0.043     0.580 f  controller_core_inst/bid_q[5]_i_4/O
                         net (fo=3, routed)           0.254     0.834    controller_core_inst/bid_q[5]_i_4_n_0
    SLICE_X41Y180        LUT3 (Prop_lut3_I2_O)        0.043     0.877 r  controller_core_inst/wr_beat_q[7]_i_6/O
                         net (fo=5, routed)           0.236     1.113    controller_core_inst/wr_beat_q[7]_i_6_n_0
    SLICE_X41Y181        LUT2 (Prop_lut2_I0_O)        0.043     1.156 r  controller_core_inst/wr_beat_q[7]_i_3/O
                         net (fo=37, routed)          0.297     1.453    controller_core_inst/wr_beat_q[7]_i_3_n_0
    SLICE_X41Y181        LUT4 (Prop_lut4_I1_O)        0.043     1.496 r  controller_core_inst/wr_addr_q[30]_i_1/O
                         net (fo=31, routed)          0.351     1.847    controller_core_inst_n_48
    SLICE_X43Y185        FDCE                                         r  wr_addr_q_reg[25]/CE
  -------------------------------------------------------------------    -------------------

                         (clock axi_clk rise edge)    0.000     0.000 r  
                                                      0.000     0.000 r  aclk (IN)
                         net (fo=575, unset)          1.293     1.293    aclk
    SLICE_X43Y185        FDCE                                         r  wr_addr_q_reg[25]/C

Slack:                    inf
  Source:                 s_axi_wvalid
                            (input port)
  Destination:            wr_addr_q_reg[28]/CE
                            (rising edge-triggered cell FDCE clocked by axi_clk  {rise@0.000ns fall@1.500ns period=3.000ns})
  Path Group:             (none)
  Path Type:              Setup (Max at Slow Process Corner)
  Data Path Delay:        1.847ns  (logic 0.172ns (9.312%)  route 1.675ns (90.688%))
  Logic Levels:           4  (LUT2=1 LUT3=1 LUT4=1 LUT6=1)
  Clock Path Skew:        1.293ns (DCD - SCD + CPR)
    Destination Clock Delay (DCD):    1.293ns
    Source Clock Delay      (SCD):    0.000ns
    Clock Pessimism Removal (CPR):    0.000ns
  Clock Uncertainty:      0.025ns  ((TSJ^2 + TIJ^2)^1/2 + DJ) / 2 + PE
    Total System Jitter     (TSJ):    0.050ns
    Total Input Jitter      (TIJ):    0.000ns
    Discrete Jitter          (DJ):    0.000ns
    Phase Error              (PE):    0.000ns

    Location             Delay type                Incr(ns)  Path(ns)    Netlist Resource(s)
  -------------------------------------------------------------------    -------------------
                                                      0.000     0.000 f  s_axi_wvalid (IN)
                         net (fo=1, unset)            0.537     0.537    controller_core_inst/s_axi_wvalid
    SLICE_X41Y178        LUT6 (Prop_lut6_I3_O)        0.043     0.580 f  controller_core_inst/bid_q[5]_i_4/O
                         net (fo=3, routed)           0.254     0.834    controller_core_inst/bid_q[5]_i_4_n_0
    SLICE_X41Y180        LUT3 (Prop_lut3_I2_O)        0.043     0.877 r  controller_core_inst/wr_beat_q[7]_i_6/O
                         net (fo=5, routed)           0.236     1.113    controller_core_inst/wr_beat_q[7]_i_6_n_0
    SLICE_X41Y181        LUT2 (Prop_lut2_I0_O)        0.043     1.156 r  controller_core_inst/wr_beat_q[7]_i_3/O
                         net (fo=37, routed)          0.297     1.453    controller_core_inst/wr_beat_q[7]_i_3_n_0
    SLICE_X41Y181        LUT4 (Prop_lut4_I1_O)        0.043     1.496 r  controller_core_inst/wr_addr_q[30]_i_1/O
                         net (fo=31, routed)          0.351     1.847    controller_core_inst_n_48
    SLICE_X43Y185        FDCE                                         r  wr_addr_q_reg[28]/CE
  -------------------------------------------------------------------    -------------------

                         (clock axi_clk rise edge)    0.000     0.000 r  
                                                      0.000     0.000 r  aclk (IN)
                         net (fo=575, unset)          1.293     1.293    aclk
    SLICE_X43Y185        FDCE                                         r  wr_addr_q_reg[28]/C

Slack:                    inf
  Source:                 s_axi_wvalid
                            (input port)
  Destination:            wr_addr_q_reg[30]/CE
                            (rising edge-triggered cell FDCE clocked by axi_clk  {rise@0.000ns fall@1.500ns period=3.000ns})
  Path Group:             (none)
  Path Type:              Setup (Max at Slow Process Corner)
  Data Path Delay:        1.847ns  (logic 0.172ns (9.312%)  route 1.675ns (90.688%))
  Logic Levels:           4  (LUT2=1 LUT3=1 LUT4=1 LUT6=1)
  Clock Path Skew:        1.293ns (DCD - SCD + CPR)
    Destination Clock Delay (DCD):    1.293ns
    Source Clock Delay      (SCD):    0.000ns
    Clock Pessimism Removal (CPR):    0.000ns
  Clock Uncertainty:      0.025ns  ((TSJ^2 + TIJ^2)^1/2 + DJ) / 2 + PE
    Total System Jitter     (TSJ):    0.050ns
    Total Input Jitter      (TIJ):    0.000ns
    Discrete Jitter          (DJ):    0.000ns
    Phase Error              (PE):    0.000ns

    Location             Delay type                Incr(ns)  Path(ns)    Netlist Resource(s)
  -------------------------------------------------------------------    -------------------
                                                      0.000     0.000 f  s_axi_wvalid (IN)
                         net (fo=1, unset)            0.537     0.537    controller_core_inst/s_axi_wvalid
    SLICE_X41Y178        LUT6 (Prop_lut6_I3_O)        0.043     0.580 f  controller_core_inst/bid_q[5]_i_4/O
                         net (fo=3, routed)           0.254     0.834    controller_core_inst/bid_q[5]_i_4_n_0
    SLICE_X41Y180        LUT3 (Prop_lut3_I2_O)        0.043     0.877 r  controller_core_inst/wr_beat_q[7]_i_6/O
                         net (fo=5, routed)           0.236     1.113    controller_core_inst/wr_beat_q[7]_i_6_n_0
    SLICE_X41Y181        LUT2 (Prop_lut2_I0_O)        0.043     1.156 r  controller_core_inst/wr_beat_q[7]_i_3/O
                         net (fo=37, routed)          0.297     1.453    controller_core_inst/wr_beat_q[7]_i_3_n_0
    SLICE_X41Y181        LUT4 (Prop_lut4_I1_O)        0.043     1.496 r  controller_core_inst/wr_addr_q[30]_i_1/O
                         net (fo=31, routed)          0.351     1.847    controller_core_inst_n_48
    SLICE_X43Y185        FDCE                                         r  wr_addr_q_reg[30]/CE
  -------------------------------------------------------------------    -------------------

                         (clock axi_clk rise edge)    0.000     0.000 r  
                                                      0.000     0.000 r  aclk (IN)
                         net (fo=575, unset)          1.293     1.293    aclk
    SLICE_X43Y185        FDCE                                         r  wr_addr_q_reg[30]/C

Slack:                    inf
  Source:                 s_axi_wvalid
                            (input port)
  Destination:            wr_addr_q_reg[0]/CE
                            (rising edge-triggered cell FDCE clocked by axi_clk  {rise@0.000ns fall@1.500ns period=3.000ns})
  Path Group:             (none)
  Path Type:              Setup (Max at Slow Process Corner)
  Data Path Delay:        1.840ns  (logic 0.172ns (9.349%)  route 1.668ns (90.651%))
  Logic Levels:           4  (LUT2=1 LUT3=1 LUT4=1 LUT6=1)
  Clock Path Skew:        1.290ns (DCD - SCD + CPR)
    Destination Clock Delay (DCD):    1.290ns
    Source Clock Delay      (SCD):    0.000ns
    Clock Pessimism Removal (CPR):    0.000ns
  Clock Uncertainty:      0.025ns  ((TSJ^2 + TIJ^2)^1/2 + DJ) / 2 + PE
    Total System Jitter     (TSJ):    0.050ns
    Total Input Jitter      (TIJ):    0.000ns
    Discrete Jitter          (DJ):    0.000ns
    Phase Error              (PE):    0.000ns

    Location             Delay type                Incr(ns)  Path(ns)    Netlist Resource(s)
  -------------------------------------------------------------------    -------------------
                                                      0.000     0.000 f  s_axi_wvalid (IN)
                         net (fo=1, unset)            0.537     0.537    controller_core_inst/s_axi_wvalid
    SLICE_X41Y178        LUT6 (Prop_lut6_I3_O)        0.043     0.580 f  controller_core_inst/bid_q[5]_i_4/O
                         net (fo=3, routed)           0.254     0.834    controller_core_inst/bid_q[5]_i_4_n_0
    SLICE_X41Y180        LUT3 (Prop_lut3_I2_O)        0.043     0.877 r  controller_core_inst/wr_beat_q[7]_i_6/O
                         net (fo=5, routed)           0.236     1.113    controller_core_inst/wr_beat_q[7]_i_6_n_0
    SLICE_X41Y181        LUT2 (Prop_lut2_I0_O)        0.043     1.156 r  controller_core_inst/wr_beat_q[7]_i_3/O
                         net (fo=37, routed)          0.297     1.453    controller_core_inst/wr_beat_q[7]_i_3_n_0
    SLICE_X41Y181        LUT4 (Prop_lut4_I1_O)        0.043     1.496 r  controller_core_inst/wr_addr_q[30]_i_1/O
                         net (fo=31, routed)          0.344     1.840    controller_core_inst_n_48
    SLICE_X42Y182        FDCE                                         r  wr_addr_q_reg[0]/CE
  -------------------------------------------------------------------    -------------------

                         (clock axi_clk rise edge)    0.000     0.000 r  
                                                      0.000     0.000 r  aclk (IN)
                         net (fo=575, unset)          1.290     1.290    aclk
    SLICE_X42Y182        FDCE                                         r  wr_addr_q_reg[0]/C

Slack:                    inf
  Source:                 s_axi_wvalid
                            (input port)
  Destination:            wr_addr_q_reg[2]/CE
                            (rising edge-triggered cell FDCE clocked by axi_clk  {rise@0.000ns fall@1.500ns period=3.000ns})
  Path Group:             (none)
  Path Type:              Setup (Max at Slow Process Corner)
  Data Path Delay:        1.840ns  (logic 0.172ns (9.349%)  route 1.668ns (90.651%))
  Logic Levels:           4  (LUT2=1 LUT3=1 LUT4=1 LUT6=1)
  Clock Path Skew:        1.290ns (DCD - SCD + CPR)
    Destination Clock Delay (DCD):    1.290ns
    Source Clock Delay      (SCD):    0.000ns
    Clock Pessimism Removal (CPR):    0.000ns
  Clock Uncertainty:      0.025ns  ((TSJ^2 + TIJ^2)^1/2 + DJ) / 2 + PE
    Total System Jitter     (TSJ):    0.050ns
    Total Input Jitter      (TIJ):    0.000ns
    Discrete Jitter          (DJ):    0.000ns
    Phase Error              (PE):    0.000ns

    Location             Delay type                Incr(ns)  Path(ns)    Netlist Resource(s)
  -------------------------------------------------------------------    -------------------
                                                      0.000     0.000 f  s_axi_wvalid (IN)
                         net (fo=1, unset)            0.537     0.537    controller_core_inst/s_axi_wvalid
    SLICE_X41Y178        LUT6 (Prop_lut6_I3_O)        0.043     0.580 f  controller_core_inst/bid_q[5]_i_4/O
                         net (fo=3, routed)           0.254     0.834    controller_core_inst/bid_q[5]_i_4_n_0
    SLICE_X41Y180        LUT3 (Prop_lut3_I2_O)        0.043     0.877 r  controller_core_inst/wr_beat_q[7]_i_6/O
                         net (fo=5, routed)           0.236     1.113    controller_core_inst/wr_beat_q[7]_i_6_n_0
    SLICE_X41Y181        LUT2 (Prop_lut2_I0_O)        0.043     1.156 r  controller_core_inst/wr_beat_q[7]_i_3/O
                         net (fo=37, routed)          0.297     1.453    controller_core_inst/wr_beat_q[7]_i_3_n_0
    SLICE_X41Y181        LUT4 (Prop_lut4_I1_O)        0.043     1.496 r  controller_core_inst/wr_addr_q[30]_i_1/O
                         net (fo=31, routed)          0.344     1.840    controller_core_inst_n_48
    SLICE_X42Y182        FDCE                                         r  wr_addr_q_reg[2]/CE
  -------------------------------------------------------------------    -------------------

                         (clock axi_clk rise edge)    0.000     0.000 r  
                                                      0.000     0.000 r  aclk (IN)
                         net (fo=575, unset)          1.290     1.290    aclk
    SLICE_X42Y182        FDCE                                         r  wr_addr_q_reg[2]/C

Slack:                    inf
  Source:                 s_axi_wvalid
                            (input port)
  Destination:            wr_addr_q_reg[3]/CE
                            (rising edge-triggered cell FDCE clocked by axi_clk  {rise@0.000ns fall@1.500ns period=3.000ns})
  Path Group:             (none)
  Path Type:              Setup (Max at Slow Process Corner)
  Data Path Delay:        1.840ns  (logic 0.172ns (9.349%)  route 1.668ns (90.651%))
  Logic Levels:           4  (LUT2=1 LUT3=1 LUT4=1 LUT6=1)
  Clock Path Skew:        1.290ns (DCD - SCD + CPR)
    Destination Clock Delay (DCD):    1.290ns
    Source Clock Delay      (SCD):    0.000ns
    Clock Pessimism Removal (CPR):    0.000ns
  Clock Uncertainty:      0.025ns  ((TSJ^2 + TIJ^2)^1/2 + DJ) / 2 + PE
    Total System Jitter     (TSJ):    0.050ns
    Total Input Jitter      (TIJ):    0.000ns
    Discrete Jitter          (DJ):    0.000ns
    Phase Error              (PE):    0.000ns

    Location             Delay type                Incr(ns)  Path(ns)    Netlist Resource(s)
  -------------------------------------------------------------------    -------------------
                                                      0.000     0.000 f  s_axi_wvalid (IN)
                         net (fo=1, unset)            0.537     0.537    controller_core_inst/s_axi_wvalid
    SLICE_X41Y178        LUT6 (Prop_lut6_I3_O)        0.043     0.580 f  controller_core_inst/bid_q[5]_i_4/O
                         net (fo=3, routed)           0.254     0.834    controller_core_inst/bid_q[5]_i_4_n_0
    SLICE_X41Y180        LUT3 (Prop_lut3_I2_O)        0.043     0.877 r  controller_core_inst/wr_beat_q[7]_i_6/O
                         net (fo=5, routed)           0.236     1.113    controller_core_inst/wr_beat_q[7]_i_6_n_0
    SLICE_X41Y181        LUT2 (Prop_lut2_I0_O)        0.043     1.156 r  controller_core_inst/wr_beat_q[7]_i_3/O
                         net (fo=37, routed)          0.297     1.453    controller_core_inst/wr_beat_q[7]_i_3_n_0
    SLICE_X41Y181        LUT4 (Prop_lut4_I1_O)        0.043     1.496 r  controller_core_inst/wr_addr_q[30]_i_1/O
                         net (fo=31, routed)          0.344     1.840    controller_core_inst_n_48
    SLICE_X42Y182        FDCE                                         r  wr_addr_q_reg[3]/CE
  -------------------------------------------------------------------    -------------------

                         (clock axi_clk rise edge)    0.000     0.000 r  
                                                      0.000     0.000 r  aclk (IN)
                         net (fo=575, unset)          1.290     1.290    aclk
    SLICE_X42Y182        FDCE                                         r  wr_addr_q_reg[3]/C

Slack:                    inf
  Source:                 s_axi_wvalid
                            (input port)
  Destination:            wr_addr_q_reg[6]/CE
                            (rising edge-triggered cell FDCE clocked by axi_clk  {rise@0.000ns fall@1.500ns period=3.000ns})
  Path Group:             (none)
  Path Type:              Setup (Max at Slow Process Corner)
  Data Path Delay:        1.840ns  (logic 0.172ns (9.349%)  route 1.668ns (90.651%))
  Logic Levels:           4  (LUT2=1 LUT3=1 LUT4=1 LUT6=1)
  Clock Path Skew:        1.290ns (DCD - SCD + CPR)
    Destination Clock Delay (DCD):    1.290ns
    Source Clock Delay      (SCD):    0.000ns
    Clock Pessimism Removal (CPR):    0.000ns
  Clock Uncertainty:      0.025ns  ((TSJ^2 + TIJ^2)^1/2 + DJ) / 2 + PE
    Total System Jitter     (TSJ):    0.050ns
    Total Input Jitter      (TIJ):    0.000ns
    Discrete Jitter          (DJ):    0.000ns
    Phase Error              (PE):    0.000ns

    Location             Delay type                Incr(ns)  Path(ns)    Netlist Resource(s)
  -------------------------------------------------------------------    -------------------
                                                      0.000     0.000 f  s_axi_wvalid (IN)
                         net (fo=1, unset)            0.537     0.537    controller_core_inst/s_axi_wvalid
    SLICE_X41Y178        LUT6 (Prop_lut6_I3_O)        0.043     0.580 f  controller_core_inst/bid_q[5]_i_4/O
                         net (fo=3, routed)           0.254     0.834    controller_core_inst/bid_q[5]_i_4_n_0
    SLICE_X41Y180        LUT3 (Prop_lut3_I2_O)        0.043     0.877 r  controller_core_inst/wr_beat_q[7]_i_6/O
                         net (fo=5, routed)           0.236     1.113    controller_core_inst/wr_beat_q[7]_i_6_n_0
    SLICE_X41Y181        LUT2 (Prop_lut2_I0_O)        0.043     1.156 r  controller_core_inst/wr_beat_q[7]_i_3/O
                         net (fo=37, routed)          0.297     1.453    controller_core_inst/wr_beat_q[7]_i_3_n_0
    SLICE_X41Y181        LUT4 (Prop_lut4_I1_O)        0.043     1.496 r  controller_core_inst/wr_addr_q[30]_i_1/O
                         net (fo=31, routed)          0.344     1.840    controller_core_inst_n_48
    SLICE_X42Y182        FDCE                                         r  wr_addr_q_reg[6]/CE
  -------------------------------------------------------------------    -------------------

                         (clock axi_clk rise edge)    0.000     0.000 r  
                                                      0.000     0.000 r  aclk (IN)
                         net (fo=575, unset)          1.290     1.290    aclk
    SLICE_X42Y182        FDCE                                         r  wr_addr_q_reg[6]/C





