Copyright 1986-2022 Xilinx, Inc. All Rights Reserved. Copyright 2022-2025 Advanced Micro Devices, Inc. All Rights Reserved.
----------------------------------------------------------------------------------------------------------------------------------------------------------------------------------
| Tool Version : Vivado v.2025.1 (win64) Build 6140274 Thu May 22 00:12:29 MDT 2025
| Date         : Mon Aug 17 14:51:37 2026
| Host         : LAPTOP-7VHB4FBR running 64-bit major release  (build 9200)
| Command      : report_timing_summary -delay_type max -max_paths 20 -report_unconstrained -check_timing_verbose -file D:/_codex_dma_mmu/reports/ddr3_controller/timing_synth.rpt
| Design       : axi_ddr3_controller
| Device       : 7vx485t-ffg1761
| Speed File   : -2  PRODUCTION 1.12 2014-09-11
| Design State : Optimized
----------------------------------------------------------------------------------------------------------------------------------------------------------------------------------

Timing Summary Report

------------------------------------------------------------------------------------------------
| Timer Settings
| --------------
------------------------------------------------------------------------------------------------

  Enable Multi Corner Analysis               :  Yes
  Enable Pessimism Removal                   :  Yes
  Pessimism Removal Resolution               :  Nearest Common Node
  Enable Input Delay Default Clock           :  No
  Enable Preset / Clear Arcs                 :  No
  Disable Flight Delays                      :  No
  Ignore I/O Paths                           :  No
  Timing Early Launch at Borrowing Latches   :  No
  Borrow Time for Max Delay Exceptions       :  Yes
  Merge Timing Exceptions                    :  Yes
  Inter-SLR Compensation                     :  Conservative

  Corner  Analyze    Analyze    
  Name    Max Paths  Min Paths  
  ------  ---------  ---------  
  Slow    Yes        Yes        
  Fast    Yes        Yes        


------------------------------------------------------------------------------------------------
| Report Methodology
| ------------------
------------------------------------------------------------------------------------------------

No report available as report_methodology has not been run prior. Run report_methodology on the current design for the summary of methodology violations.



check_timing report

Table of Contents
-----------------
1. checking no_clock (0)
2. checking constant_clock (0)
3. checking pulse_width_clock (0)
4. checking unconstrained_internal_endpoints (0)
5. checking no_input_delay (182)
6. checking no_output_delay (150)
7. checking multiple_clock (0)
8. checking generated_clocks (0)
9. checking loops (0)
10. checking partial_input_delay (0)
11. checking partial_output_delay (0)
12. checking latch_loops (0)

1. checking no_clock (0)
------------------------
 There are 0 register/latch pins with no clock.


2. checking constant_clock (0)
------------------------------
 There are 0 register/latch pins with constant_clock.


3. checking pulse_width_clock (0)
---------------------------------
 There are 0 register/latch pins which need pulse_width check


4. checking unconstrained_internal_endpoints (0)
------------------------------------------------
 There are 0 pins that are not constrained for maximum delay.

 There are 0 pins that are not constrained for maximum delay due to constant clock.


5. checking no_input_delay (182)
--------------------------------
 There are 181 input ports with no input delay specified. (HIGH)

dfi_cmd_ready_i
dfi_error_i
dfi_rddata_i[0]
dfi_rddata_i[10]
dfi_rddata_i[11]
dfi_rddata_i[12]
dfi_rddata_i[13]
dfi_rddata_i[14]
dfi_rddata_i[15]
dfi_rddata_i[16]
dfi_rddata_i[17]
dfi_rddata_i[18]
dfi_rddata_i[19]
dfi_rddata_i[1]
dfi_rddata_i[20]
dfi_rddata_i[21]
dfi_rddata_i[22]
dfi_rddata_i[23]
dfi_rddata_i[24]
dfi_rddata_i[25]
dfi_rddata_i[26]
dfi_rddata_i[27]
dfi_rddata_i[28]
dfi_rddata_i[29]
dfi_rddata_i[2]
dfi_rddata_i[30]
dfi_rddata_i[31]
dfi_rddata_i[3]
dfi_rddata_i[4]
dfi_rddata_i[5]
dfi_rddata_i[6]
dfi_rddata_i[7]
dfi_rddata_i[8]
dfi_rddata_i[9]
dfi_rddata_valid_i
phy_calib_done_i
phy_calib_error_i
s_axi_araddr[0]
s_axi_araddr[10]
s_axi_araddr[11]
s_axi_araddr[12]
s_axi_araddr[13]
s_axi_araddr[14]
s_axi_araddr[15]
s_axi_araddr[16]
s_axi_araddr[17]
s_axi_araddr[18]
s_axi_araddr[19]
s_axi_araddr[1]
s_axi_araddr[20]
s_axi_araddr[21]
s_axi_araddr[22]
s_axi_araddr[23]
s_axi_araddr[24]
s_axi_araddr[25]
s_axi_araddr[26]
s_axi_araddr[27]
s_axi_araddr[28]
s_axi_araddr[29]
s_axi_araddr[2]
s_axi_araddr[30]
s_axi_araddr[31]
s_axi_araddr[3]
s_axi_araddr[4]
s_axi_araddr[5]
s_axi_araddr[6]
s_axi_araddr[7]
s_axi_araddr[8]
s_axi_araddr[9]
s_axi_arburst[0]
s_axi_arburst[1]
s_axi_arid[0]
s_axi_arid[1]
s_axi_arid[2]
s_axi_arid[3]
s_axi_arid[4]
s_axi_arid[5]
s_axi_arlen[0]
s_axi_arlen[1]
s_axi_arlen[2]
s_axi_arlen[3]
s_axi_arlen[4]
s_axi_arlen[5]
s_axi_arlen[6]
s_axi_arlen[7]
s_axi_arsize[0]
s_axi_arsize[1]
s_axi_arsize[2]
s_axi_arvalid
s_axi_awaddr[0]
s_axi_awaddr[10]
s_axi_awaddr[11]
s_axi_awaddr[12]
s_axi_awaddr[13]
s_axi_awaddr[14]
s_axi_awaddr[15]
s_axi_awaddr[16]
s_axi_awaddr[17]
s_axi_awaddr[18]
s_axi_awaddr[19]
s_axi_awaddr[1]
s_axi_awaddr[20]
s_axi_awaddr[21]
s_axi_awaddr[22]
s_axi_awaddr[23]
s_axi_awaddr[24]
s_axi_awaddr[25]
s_axi_awaddr[26]
s_axi_awaddr[27]
s_axi_awaddr[28]
s_axi_awaddr[29]
s_axi_awaddr[2]
s_axi_awaddr[30]
s_axi_awaddr[31]
s_axi_awaddr[3]
s_axi_awaddr[4]
s_axi_awaddr[5]
s_axi_awaddr[6]
s_axi_awaddr[7]
s_axi_awaddr[8]
s_axi_awaddr[9]
s_axi_awburst[0]
s_axi_awburst[1]
s_axi_awid[0]
s_axi_awid[1]
s_axi_awid[2]
s_axi_awid[3]
s_axi_awid[4]
s_axi_awid[5]
s_axi_awlen[0]
s_axi_awlen[1]
s_axi_awlen[2]
s_axi_awlen[3]
s_axi_awlen[4]
s_axi_awlen[5]
s_axi_awlen[6]
s_axi_awlen[7]
s_axi_awsize[0]
s_axi_awsize[1]
s_axi_awsize[2]
s_axi_awvalid
s_axi_bready
s_axi_rready
s_axi_wdata[0]
s_axi_wdata[10]
s_axi_wdata[11]
s_axi_wdata[12]
s_axi_wdata[13]
s_axi_wdata[14]
s_axi_wdata[15]
s_axi_wdata[16]
s_axi_wdata[17]
s_axi_wdata[18]
s_axi_wdata[19]
s_axi_wdata[1]
s_axi_wdata[20]
s_axi_wdata[21]
s_axi_wdata[22]
s_axi_wdata[23]
s_axi_wdata[24]
s_axi_wdata[25]
s_axi_wdata[26]
s_axi_wdata[27]
s_axi_wdata[28]
s_axi_wdata[29]
s_axi_wdata[2]
s_axi_wdata[30]
s_axi_wdata[31]
s_axi_wdata[3]
s_axi_wdata[4]
s_axi_wdata[5]
s_axi_wdata[6]
s_axi_wdata[7]
s_axi_wdata[8]
s_axi_wdata[9]
s_axi_wlast
s_axi_wstrb[0]
s_axi_wstrb[1]
s_axi_wstrb[2]
s_axi_wstrb[3]
s_axi_wvalid

 There is 1 input port with no input delay but user has a false path constraint. (MEDIUM)

aresetn


6. checking no_output_delay (150)
---------------------------------
 There are 150 ports with no output delay specified. (HIGH)

calib_done_o
calib_error_o
dfi_addr_o[0]
dfi_addr_o[10]
dfi_addr_o[11]
dfi_addr_o[12]
dfi_addr_o[13]
dfi_addr_o[14]
dfi_addr_o[15]
dfi_addr_o[1]
dfi_addr_o[2]
dfi_addr_o[3]
dfi_addr_o[4]
dfi_addr_o[5]
dfi_addr_o[6]
dfi_addr_o[7]
dfi_addr_o[8]
dfi_addr_o[9]
dfi_bank_o[0]
dfi_bank_o[1]
dfi_bank_o[2]
dfi_cmd_o[0]
dfi_cmd_o[1]
dfi_cmd_o[2]
dfi_cmd_valid_o
dfi_wrdata_o[0]
dfi_wrdata_o[10]
dfi_wrdata_o[11]
dfi_wrdata_o[12]
dfi_wrdata_o[13]
dfi_wrdata_o[14]
dfi_wrdata_o[15]
dfi_wrdata_o[16]
dfi_wrdata_o[17]
dfi_wrdata_o[18]
dfi_wrdata_o[19]
dfi_wrdata_o[1]
dfi_wrdata_o[20]
dfi_wrdata_o[21]
dfi_wrdata_o[22]
dfi_wrdata_o[23]
dfi_wrdata_o[24]
dfi_wrdata_o[25]
dfi_wrdata_o[26]
dfi_wrdata_o[27]
dfi_wrdata_o[28]
dfi_wrdata_o[29]
dfi_wrdata_o[2]
dfi_wrdata_o[30]
dfi_wrdata_o[31]
dfi_wrdata_o[3]
dfi_wrdata_o[4]
dfi_wrdata_o[5]
dfi_wrdata_o[6]
dfi_wrdata_o[7]
dfi_wrdata_o[8]
dfi_wrdata_o[9]
dfi_wrmask_o[0]
dfi_wrmask_o[1]
dfi_wrmask_o[2]
dfi_wrmask_o[3]
init_done_o
phy_calib_start_o
refresh_busy_o
refresh_count_o[0]
refresh_count_o[10]
refresh_count_o[11]
refresh_count_o[12]
refresh_count_o[13]
refresh_count_o[14]
refresh_count_o[15]
refresh_count_o[16]
refresh_count_o[17]
refresh_count_o[18]
refresh_count_o[19]
refresh_count_o[1]
refresh_count_o[20]
refresh_count_o[21]
refresh_count_o[22]
refresh_count_o[23]
refresh_count_o[24]
refresh_count_o[25]
refresh_count_o[26]
refresh_count_o[27]
refresh_count_o[28]
refresh_count_o[29]
refresh_count_o[2]
refresh_count_o[30]
refresh_count_o[31]
refresh_count_o[3]
refresh_count_o[4]
refresh_count_o[5]
refresh_count_o[6]
refresh_count_o[7]
refresh_count_o[8]
refresh_count_o[9]
s_axi_arready
s_axi_awready
s_axi_bid[0]
s_axi_bid[1]
s_axi_bid[2]
s_axi_bid[3]
s_axi_bid[4]
s_axi_bid[5]
s_axi_bresp[0]
s_axi_bresp[1]
s_axi_bvalid
s_axi_rdata[0]
s_axi_rdata[10]
s_axi_rdata[11]
s_axi_rdata[12]
s_axi_rdata[13]
s_axi_rdata[14]
s_axi_rdata[15]
s_axi_rdata[16]
s_axi_rdata[17]
s_axi_rdata[18]
s_axi_rdata[19]
s_axi_rdata[1]
s_axi_rdata[20]
s_axi_rdata[21]
s_axi_rdata[22]
s_axi_rdata[23]
s_axi_rdata[24]
s_axi_rdata[25]
s_axi_rdata[26]
s_axi_rdata[27]
s_axi_rdata[28]
s_axi_rdata[29]
s_axi_rdata[2]
s_axi_rdata[30]
s_axi_rdata[31]
s_axi_rdata[3]
s_axi_rdata[4]
s_axi_rdata[5]
s_axi_rdata[6]
s_axi_rdata[7]
s_axi_rdata[8]
s_axi_rdata[9]
s_axi_rid[0]
s_axi_rid[1]
s_axi_rid[2]
s_axi_rid[3]
s_axi_rid[4]
s_axi_rid[5]
s_axi_rlast
s_axi_rresp[0]
s_axi_rresp[1]
s_axi_rvalid
s_axi_wready

 There are 0 ports with no output delay but user has a false path constraint

 There are 0 ports with no output delay but with a timing clock defined on it or propagating through it


7. checking multiple_clock (0)
------------------------------
 There are 0 register/latch pins with multiple clocks.


8. checking generated_clocks (0)
--------------------------------
 There are 0 generated clocks that are not connected to a clock source.


9. checking loops (0)
---------------------
 There are 0 combinational loops in the design.


10. checking partial_input_delay (0)
------------------------------------
 There are 0 input ports with partial input delay specified.


11. checking partial_output_delay (0)
-------------------------------------
 There are 0 ports with partial output delay specified.


12. checking latch_loops (0)
----------------------------
 There are 0 combinational latch loops in the design through latch input



------------------------------------------------------------------------------------------------
| Design Timing Summary
| ---------------------
------------------------------------------------------------------------------------------------

    WNS(ns)      TNS(ns)  TNS Failing Endpoints  TNS Total Endpoints     WPWS(ns)     TPWS(ns)  TPWS Failing Endpoints  TPWS Total Endpoints  
    -------      -------  ---------------------  -------------------     --------     --------  ----------------------  --------------------  
     -0.196       -7.411                     46                 1063        1.150        0.000                       0                   576  


Timing constraints are not met.


------------------------------------------------------------------------------------------------
| Clock Summary
| -------------
------------------------------------------------------------------------------------------------

Clock    Waveform(ns)         Period(ns)      Frequency(MHz)
-----    ------------         ----------      --------------
axi_clk  {0.000 1.500}        3.000           333.333         


------------------------------------------------------------------------------------------------
| Intra Clock Table
| -----------------
------------------------------------------------------------------------------------------------

Clock             WNS(ns)      TNS(ns)  TNS Failing Endpoints  TNS Total Endpoints     WPWS(ns)     TPWS(ns)  TPWS Failing Endpoints  TPWS Total Endpoints  
-----             -------      -------  ---------------------  -------------------     --------     --------  ----------------------  --------------------  
axi_clk            -0.196       -7.411                     46                 1063        1.150        0.000                       0                   576  


------------------------------------------------------------------------------------------------
| Inter Clock Table
| -----------------
------------------------------------------------------------------------------------------------

From Clock    To Clock          WNS(ns)      TNS(ns)  TNS Failing Endpoints  TNS Total Endpoints  
----------    --------          -------      -------  ---------------------  -------------------  


------------------------------------------------------------------------------------------------
| Other Path Groups Table
| -----------------------
------------------------------------------------------------------------------------------------

Path Group    From Clock    To Clock          WNS(ns)      TNS(ns)  TNS Failing Endpoints  TNS Total Endpoints  
----------    ----------    --------          -------      -------  ---------------------  -------------------  


------------------------------------------------------------------------------------------------
| User Ignored Path Table
| -----------------------
------------------------------------------------------------------------------------------------

Path Group    From Clock    To Clock    
----------    ----------    --------    
(none)                      axi_clk       


------------------------------------------------------------------------------------------------
| Unconstrained Path Table
| ------------------------
------------------------------------------------------------------------------------------------

Path Group    From Clock    To Clock    
----------    ----------    --------    
(none)                                    
(none)        axi_clk                     
(none)                      axi_clk       


------------------------------------------------------------------------------------------------
| Timing Details
| --------------
------------------------------------------------------------------------------------------------


---------------------------------------------------------------------------------------------------
From Clock:  axi_clk
  To Clock:  axi_clk

Setup :           46  Failing Endpoints,  Worst Slack       -0.196ns,  Total Violation       -7.411ns
Hold  :           NA  Failing Endpoints,  Worst Slack           NA  ,  Total Violation           NA
PW    :            0  Failing Endpoints,  Worst Slack        1.150ns,  Total Violation        0.000ns
---------------------------------------------------------------------------------------------------


Max Delay Paths
--------------------------------------------------------------------------------------
Slack (VIOLATED) :        -0.196ns  (required time - arrival time)
  Source:                 wr_len_q_reg[3]/C
                            (rising edge-triggered cell FDCE clocked by axi_clk  {rise@0.000ns fall@1.500ns period=3.000ns})
  Destination:            wr_addr_q_reg[0]/CE
                            (rising edge-triggered cell FDCE clocked by axi_clk  {rise@0.000ns fall@1.500ns period=3.000ns})
  Path Group:             axi_clk
  Path Type:              Setup (Max at Slow Process Corner)
  Requirement:            3.000ns  (axi_clk rise@3.000ns - axi_clk rise@0.000ns)
  Data Path Delay:        2.889ns  (logic 0.503ns (17.411%)  route 2.386ns (82.589%))
  Logic Levels:           6  (LUT2=2 LUT4=1 LUT6=3)
  Clock Path Skew:        -0.027ns (DCD - SCD + CPR)
    Destination Clock Delay (DCD):    0.510ns = ( 3.510 - 3.000 ) 
    Source Clock Delay      (SCD):    0.537ns
    Clock Pessimism Removal (CPR):    0.000ns
  Clock Uncertainty:      0.035ns  ((TSJ^2 + TIJ^2)^1/2 + DJ) / 2 + PE
    Total System Jitter     (TSJ):    0.071ns
    Total Input Jitter      (TIJ):    0.000ns
    Discrete Jitter          (DJ):    0.000ns
    Phase Error              (PE):    0.000ns

    Location             Delay type                Incr(ns)  Path(ns)    Netlist Resource(s)
  -------------------------------------------------------------------    -------------------
                         (clock axi_clk rise edge)    0.000     0.000 r  
                                                      0.000     0.000 r  aclk (IN)
                         net (fo=575, unset)          0.537     0.537    aclk
                         FDCE                                         r  wr_len_q_reg[3]/C
  -------------------------------------------------------------------    -------------------
                         FDCE (Prop_fdce_C_Q)         0.165     0.702 r  wr_len_q_reg[3]/Q
                         net (fo=7, unplaced)         0.562     1.264    controller_core_inst/wr_expected_last_q_reg_0[3]
                         LUT6 (Prop_lut6_I0_O)        0.123     1.387 f  controller_core_inst/wr_expected_last_q_i_4/O
                         net (fo=1, unplaced)         0.270     1.657    controller_core_inst/wr_expected_last_q_i_4_n_0
                         LUT6 (Prop_lut6_I5_O)        0.043     1.700 r  controller_core_inst/wr_expected_last_q_i_2/O
                         net (fo=2, unplaced)         0.281     1.981    controller_core_inst/wr_active_q2
                         LUT2 (Prop_lut2_I1_O)        0.043     2.024 r  controller_core_inst/bid_q[5]_i_3/O
                         net (fo=3, unplaced)         0.288     2.312    controller_core_inst/bid_q[5]_i_3_n_0
                         LUT6 (Prop_lut6_I0_O)        0.043     2.355 f  controller_core_inst/wr_beat_q[7]_i_5/O
                         net (fo=5, unplaced)         0.298     2.653    controller_core_inst/wr_beat_q[7]_i_5_n_0
                         LUT2 (Prop_lut2_I1_O)        0.043     2.696 r  controller_core_inst/wr_beat_q[7]_i_3/O
                         net (fo=37, unplaced)        0.345     3.041    controller_core_inst/wr_beat_q[7]_i_3_n_0
                         LUT4 (Prop_lut4_I1_O)        0.043     3.084 r  controller_core_inst/wr_addr_q[30]_i_1/O
                         net (fo=31, unplaced)        0.342     3.426    controller_core_inst_n_48
                         FDCE                                         r  wr_addr_q_reg[0]/CE
  -------------------------------------------------------------------    -------------------

                         (clock axi_clk rise edge)    3.000     3.000 r  
                                                      0.000     3.000 r  aclk (IN)
                         net (fo=575, unset)          0.510     3.510    aclk
                         FDCE                                         r  wr_addr_q_reg[0]/C
                         clock pessimism              0.000     3.510    
                         clock uncertainty           -0.035     3.475    
                         FDCE (Setup_fdce_C_CE)      -0.245     3.230    wr_addr_q_reg[0]
  -------------------------------------------------------------------
                         required time                          3.230    
                         arrival time                          -3.426    
  -------------------------------------------------------------------
                         slack                                 -0.196    

Slack (VIOLATED) :        -0.196ns  (required time - arrival time)
  Source:                 wr_len_q_reg[3]/C
                            (rising edge-triggered cell FDCE clocked by axi_clk  {rise@0.000ns fall@1.500ns period=3.000ns})
  Destination:            wr_addr_q_reg[10]/CE
                            (rising edge-triggered cell FDCE clocked by axi_clk  {rise@0.000ns fall@1.500ns period=3.000ns})
  Path Group:             axi_clk
  Path Type:              Setup (Max at Slow Process Corner)
  Requirement:            3.000ns  (axi_clk rise@3.000ns - axi_clk rise@0.000ns)
  Data Path Delay:        2.889ns  (logic 0.503ns (17.411%)  route 2.386ns (82.589%))
  Logic Levels:           6  (LUT2=2 LUT4=1 LUT6=3)
  Clock Path Skew:        -0.027ns (DCD - SCD + CPR)
    Destination Clock Delay (DCD):    0.510ns = ( 3.510 - 3.000 ) 
    Source Clock Delay      (SCD):    0.537ns
    Clock Pessimism Removal (CPR):    0.000ns
  Clock Uncertainty:      0.035ns  ((TSJ^2 + TIJ^2)^1/2 + DJ) / 2 + PE
    Total System Jitter     (TSJ):    0.071ns
    Total Input Jitter      (TIJ):    0.000ns
    Discrete Jitter          (DJ):    0.000ns
    Phase Error              (PE):    0.000ns

    Location             Delay type                Incr(ns)  Path(ns)    Netlist Resource(s)
  -------------------------------------------------------------------    -------------------
                         (clock axi_clk rise edge)    0.000     0.000 r  
                                                      0.000     0.000 r  aclk (IN)
                         net (fo=575, unset)          0.537     0.537    aclk
                         FDCE                                         r  wr_len_q_reg[3]/C
  -------------------------------------------------------------------    -------------------
                         FDCE (Prop_fdce_C_Q)         0.165     0.702 r  wr_len_q_reg[3]/Q
                         net (fo=7, unplaced)         0.562     1.264    controller_core_inst/wr_expected_last_q_reg_0[3]
                         LUT6 (Prop_lut6_I0_O)        0.123     1.387 f  controller_core_inst/wr_expected_last_q_i_4/O
                         net (fo=1, unplaced)         0.270     1.657    controller_core_inst/wr_expected_last_q_i_4_n_0
                         LUT6 (Prop_lut6_I5_O)        0.043     1.700 r  controller_core_inst/wr_expected_last_q_i_2/O
                         net (fo=2, unplaced)         0.281     1.981    controller_core_inst/wr_active_q2
                         LUT2 (Prop_lut2_I1_O)        0.043     2.024 r  controller_core_inst/bid_q[5]_i_3/O
                         net (fo=3, unplaced)         0.288     2.312    controller_core_inst/bid_q[5]_i_3_n_0
                         LUT6 (Prop_lut6_I0_O)        0.043     2.355 f  controller_core_inst/wr_beat_q[7]_i_5/O
                         net (fo=5, unplaced)         0.298     2.653    controller_core_inst/wr_beat_q[7]_i_5_n_0
                         LUT2 (Prop_lut2_I1_O)        0.043     2.696 r  controller_core_inst/wr_beat_q[7]_i_3/O
                         net (fo=37, unplaced)        0.345     3.041    controller_core_inst/wr_beat_q[7]_i_3_n_0
                         LUT4 (Prop_lut4_I1_O)        0.043     3.084 r  controller_core_inst/wr_addr_q[30]_i_1/O
                         net (fo=31, unplaced)        0.342     3.426    controller_core_inst_n_48
                         FDCE                                         r  wr_addr_q_reg[10]/CE
  -------------------------------------------------------------------    -------------------

                         (clock axi_clk rise edge)    3.000     3.000 r  
                                                      0.000     3.000 r  aclk (IN)
                         net (fo=575, unset)          0.510     3.510    aclk
                         FDCE                                         r  wr_addr_q_reg[10]/C
                         clock pessimism              0.000     3.510    
                         clock uncertainty           -0.035     3.475    
                         FDCE (Setup_fdce_C_CE)      -0.245     3.230    wr_addr_q_reg[10]
  -------------------------------------------------------------------
                         required time                          3.230    
                         arrival time                          -3.426    
  -------------------------------------------------------------------
                         slack                                 -0.196    

Slack (VIOLATED) :        -0.196ns  (required time - arrival time)
  Source:                 wr_len_q_reg[3]/C
                            (rising edge-triggered cell FDCE clocked by axi_clk  {rise@0.000ns fall@1.500ns period=3.000ns})
  Destination:            wr_addr_q_reg[11]/CE
                            (rising edge-triggered cell FDCE clocked by axi_clk  {rise@0.000ns fall@1.500ns period=3.000ns})
  Path Group:             axi_clk
  Path Type:              Setup (Max at Slow Process Corner)
  Requirement:            3.000ns  (axi_clk rise@3.000ns - axi_clk rise@0.000ns)
  Data Path Delay:        2.889ns  (logic 0.503ns (17.411%)  route 2.386ns (82.589%))
  Logic Levels:           6  (LUT2=2 LUT4=1 LUT6=3)
  Clock Path Skew:        -0.027ns (DCD - SCD + CPR)
    Destination Clock Delay (DCD):    0.510ns = ( 3.510 - 3.000 ) 
    Source Clock Delay      (SCD):    0.537ns
    Clock Pessimism Removal (CPR):    0.000ns
  Clock Uncertainty:      0.035ns  ((TSJ^2 + TIJ^2)^1/2 + DJ) / 2 + PE
    Total System Jitter     (TSJ):    0.071ns
    Total Input Jitter      (TIJ):    0.000ns
    Discrete Jitter          (DJ):    0.000ns
    Phase Error              (PE):    0.000ns

    Location             Delay type                Incr(ns)  Path(ns)    Netlist Resource(s)
  -------------------------------------------------------------------    -------------------
                         (clock axi_clk rise edge)    0.000     0.000 r  
                                                      0.000     0.000 r  aclk (IN)
                         net (fo=575, unset)          0.537     0.537    aclk
                         FDCE                                         r  wr_len_q_reg[3]/C
  -------------------------------------------------------------------    -------------------
                         FDCE (Prop_fdce_C_Q)         0.165     0.702 r  wr_len_q_reg[3]/Q
                         net (fo=7, unplaced)         0.562     1.264    controller_core_inst/wr_expected_last_q_reg_0[3]
                         LUT6 (Prop_lut6_I0_O)        0.123     1.387 f  controller_core_inst/wr_expected_last_q_i_4/O
                         net (fo=1, unplaced)         0.270     1.657    controller_core_inst/wr_expected_last_q_i_4_n_0
                         LUT6 (Prop_lut6_I5_O)        0.043     1.700 r  controller_core_inst/wr_expected_last_q_i_2/O
                         net (fo=2, unplaced)         0.281     1.981    controller_core_inst/wr_active_q2
                         LUT2 (Prop_lut2_I1_O)        0.043     2.024 r  controller_core_inst/bid_q[5]_i_3/O
                         net (fo=3, unplaced)         0.288     2.312    controller_core_inst/bid_q[5]_i_3_n_0
                         LUT6 (Prop_lut6_I0_O)        0.043     2.355 f  controller_core_inst/wr_beat_q[7]_i_5/O
                         net (fo=5, unplaced)         0.298     2.653    controller_core_inst/wr_beat_q[7]_i_5_n_0
                         LUT2 (Prop_lut2_I1_O)        0.043     2.696 r  controller_core_inst/wr_beat_q[7]_i_3/O
                         net (fo=37, unplaced)        0.345     3.041    controller_core_inst/wr_beat_q[7]_i_3_n_0
                         LUT4 (Prop_lut4_I1_O)        0.043     3.084 r  controller_core_inst/wr_addr_q[30]_i_1/O
                         net (fo=31, unplaced)        0.342     3.426    controller_core_inst_n_48
                         FDCE                                         r  wr_addr_q_reg[11]/CE
  -------------------------------------------------------------------    -------------------

                         (clock axi_clk rise edge)    3.000     3.000 r  
                                                      0.000     3.000 r  aclk (IN)
                         net (fo=575, unset)          0.510     3.510    aclk
                         FDCE                                         r  wr_addr_q_reg[11]/C
                         clock pessimism              0.000     3.510    
                         clock uncertainty           -0.035     3.475    
                         FDCE (Setup_fdce_C_CE)      -0.245     3.230    wr_addr_q_reg[11]
  -------------------------------------------------------------------
                         required time                          3.230    
                         arrival time                          -3.426    
  -------------------------------------------------------------------
                         slack                                 -0.196    

Slack (VIOLATED) :        -0.196ns  (required time - arrival time)
  Source:                 wr_len_q_reg[3]/C
                            (rising edge-triggered cell FDCE clocked by axi_clk  {rise@0.000ns fall@1.500ns period=3.000ns})
  Destination:            wr_addr_q_reg[12]/CE
                            (rising edge-triggered cell FDCE clocked by axi_clk  {rise@0.000ns fall@1.500ns period=3.000ns})
  Path Group:             axi_clk
  Path Type:              Setup (Max at Slow Process Corner)
  Requirement:            3.000ns  (axi_clk rise@3.000ns - axi_clk rise@0.000ns)
  Data Path Delay:        2.889ns  (logic 0.503ns (17.411%)  route 2.386ns (82.589%))
  Logic Levels:           6  (LUT2=2 LUT4=1 LUT6=3)
  Clock Path Skew:        -0.027ns (DCD - SCD + CPR)
    Destination Clock Delay (DCD):    0.510ns = ( 3.510 - 3.000 ) 
    Source Clock Delay      (SCD):    0.537ns
    Clock Pessimism Removal (CPR):    0.000ns
  Clock Uncertainty:      0.035ns  ((TSJ^2 + TIJ^2)^1/2 + DJ) / 2 + PE
    Total System Jitter     (TSJ):    0.071ns
    Total Input Jitter      (TIJ):    0.000ns
    Discrete Jitter          (DJ):    0.000ns
    Phase Error              (PE):    0.000ns

    Location             Delay type                Incr(ns)  Path(ns)    Netlist Resource(s)
  -------------------------------------------------------------------    -------------------
                         (clock axi_clk rise edge)    0.000     0.000 r  
                                                      0.000     0.000 r  aclk (IN)
                         net (fo=575, unset)          0.537     0.537    aclk
                         FDCE                                         r  wr_len_q_reg[3]/C
  -------------------------------------------------------------------    -------------------
                         FDCE (Prop_fdce_C_Q)         0.165     0.702 r  wr_len_q_reg[3]/Q
                         net (fo=7, unplaced)         0.562     1.264    controller_core_inst/wr_expected_last_q_reg_0[3]
                         LUT6 (Prop_lut6_I0_O)        0.123     1.387 f  controller_core_inst/wr_expected_last_q_i_4/O
                         net (fo=1, unplaced)         0.270     1.657    controller_core_inst/wr_expected_last_q_i_4_n_0
                         LUT6 (Prop_lut6_I5_O)        0.043     1.700 r  controller_core_inst/wr_expected_last_q_i_2/O
                         net (fo=2, unplaced)         0.281     1.981    controller_core_inst/wr_active_q2
                         LUT2 (Prop_lut2_I1_O)        0.043     2.024 r  controller_core_inst/bid_q[5]_i_3/O
                         net (fo=3, unplaced)         0.288     2.312    controller_core_inst/bid_q[5]_i_3_n_0
                         LUT6 (Prop_lut6_I0_O)        0.043     2.355 f  controller_core_inst/wr_beat_q[7]_i_5/O
                         net (fo=5, unplaced)         0.298     2.653    controller_core_inst/wr_beat_q[7]_i_5_n_0
                         LUT2 (Prop_lut2_I1_O)        0.043     2.696 r  controller_core_inst/wr_beat_q[7]_i_3/O
                         net (fo=37, unplaced)        0.345     3.041    controller_core_inst/wr_beat_q[7]_i_3_n_0
                         LUT4 (Prop_lut4_I1_O)        0.043     3.084 r  controller_core_inst/wr_addr_q[30]_i_1/O
                         net (fo=31, unplaced)        0.342     3.426    controller_core_inst_n_48
                         FDCE                                         r  wr_addr_q_reg[12]/CE
  -------------------------------------------------------------------    -------------------

                         (clock axi_clk rise edge)    3.000     3.000 r  
                                                      0.000     3.000 r  aclk (IN)
                         net (fo=575, unset)          0.510     3.510    aclk
                         FDCE                                         r  wr_addr_q_reg[12]/C
                         clock pessimism              0.000     3.510    
                         clock uncertainty           -0.035     3.475    
                         FDCE (Setup_fdce_C_CE)      -0.245     3.230    wr_addr_q_reg[12]
  -------------------------------------------------------------------
                         required time                          3.230    
                         arrival time                          -3.426    
  -------------------------------------------------------------------
                         slack                                 -0.196    

Slack (VIOLATED) :        -0.196ns  (required time - arrival time)
  Source:                 wr_len_q_reg[3]/C
                            (rising edge-triggered cell FDCE clocked by axi_clk  {rise@0.000ns fall@1.500ns period=3.000ns})
  Destination:            wr_addr_q_reg[13]/CE
                            (rising edge-triggered cell FDCE clocked by axi_clk  {rise@0.000ns fall@1.500ns period=3.000ns})
  Path Group:             axi_clk
  Path Type:              Setup (Max at Slow Process Corner)
  Requirement:            3.000ns  (axi_clk rise@3.000ns - axi_clk rise@0.000ns)
  Data Path Delay:        2.889ns  (logic 0.503ns (17.411%)  route 2.386ns (82.589%))
  Logic Levels:           6  (LUT2=2 LUT4=1 LUT6=3)
  Clock Path Skew:        -0.027ns (DCD - SCD + CPR)
    Destination Clock Delay (DCD):    0.510ns = ( 3.510 - 3.000 ) 
    Source Clock Delay      (SCD):    0.537ns
    Clock Pessimism Removal (CPR):    0.000ns
  Clock Uncertainty:      0.035ns  ((TSJ^2 + TIJ^2)^1/2 + DJ) / 2 + PE
    Total System Jitter     (TSJ):    0.071ns
    Total Input Jitter      (TIJ):    0.000ns
    Discrete Jitter          (DJ):    0.000ns
    Phase Error              (PE):    0.000ns

    Location             Delay type                Incr(ns)  Path(ns)    Netlist Resource(s)
  -------------------------------------------------------------------    -------------------
                         (clock axi_clk rise edge)    0.000     0.000 r  
                                                      0.000     0.000 r  aclk (IN)
                         net (fo=575, unset)          0.537     0.537    aclk
                         FDCE                                         r  wr_len_q_reg[3]/C
  -------------------------------------------------------------------    -------------------
                         FDCE (Prop_fdce_C_Q)         0.165     0.702 r  wr_len_q_reg[3]/Q
                         net (fo=7, unplaced)         0.562     1.264    controller_core_inst/wr_expected_last_q_reg_0[3]
                         LUT6 (Prop_lut6_I0_O)        0.123     1.387 f  controller_core_inst/wr_expected_last_q_i_4/O
                         net (fo=1, unplaced)         0.270     1.657    controller_core_inst/wr_expected_last_q_i_4_n_0
                         LUT6 (Prop_lut6_I5_O)        0.043     1.700 r  controller_core_inst/wr_expected_last_q_i_2/O
                         net (fo=2, unplaced)         0.281     1.981    controller_core_inst/wr_active_q2
                         LUT2 (Prop_lut2_I1_O)        0.043     2.024 r  controller_core_inst/bid_q[5]_i_3/O
                         net (fo=3, unplaced)         0.288     2.312    controller_core_inst/bid_q[5]_i_3_n_0
                         LUT6 (Prop_lut6_I0_O)        0.043     2.355 f  controller_core_inst/wr_beat_q[7]_i_5/O
                         net (fo=5, unplaced)         0.298     2.653    controller_core_inst/wr_beat_q[7]_i_5_n_0
                         LUT2 (Prop_lut2_I1_O)        0.043     2.696 r  controller_core_inst/wr_beat_q[7]_i_3/O
                         net (fo=37, unplaced)        0.345     3.041    controller_core_inst/wr_beat_q[7]_i_3_n_0
                         LUT4 (Prop_lut4_I1_O)        0.043     3.084 r  controller_core_inst/wr_addr_q[30]_i_1/O
                         net (fo=31, unplaced)        0.342     3.426    controller_core_inst_n_48
                         FDCE                                         r  wr_addr_q_reg[13]/CE
  -------------------------------------------------------------------    -------------------

                         (clock axi_clk rise edge)    3.000     3.000 r  
                                                      0.000     3.000 r  aclk (IN)
                         net (fo=575, unset)          0.510     3.510    aclk
                         FDCE                                         r  wr_addr_q_reg[13]/C
                         clock pessimism              0.000     3.510    
                         clock uncertainty           -0.035     3.475    
                         FDCE (Setup_fdce_C_CE)      -0.245     3.230    wr_addr_q_reg[13]
  -------------------------------------------------------------------
                         required time                          3.230    
                         arrival time                          -3.426    
  -------------------------------------------------------------------
                         slack                                 -0.196    

Slack (VIOLATED) :        -0.196ns  (required time - arrival time)
  Source:                 wr_len_q_reg[3]/C
                            (rising edge-triggered cell FDCE clocked by axi_clk  {rise@0.000ns fall@1.500ns period=3.000ns})
  Destination:            wr_addr_q_reg[14]/CE
                            (rising edge-triggered cell FDCE clocked by axi_clk  {rise@0.000ns fall@1.500ns period=3.000ns})
  Path Group:             axi_clk
  Path Type:              Setup (Max at Slow Process Corner)
  Requirement:            3.000ns  (axi_clk rise@3.000ns - axi_clk rise@0.000ns)
  Data Path Delay:        2.889ns  (logic 0.503ns (17.411%)  route 2.386ns (82.589%))
  Logic Levels:           6  (LUT2=2 LUT4=1 LUT6=3)
  Clock Path Skew:        -0.027ns (DCD - SCD + CPR)
    Destination Clock Delay (DCD):    0.510ns = ( 3.510 - 3.000 ) 
    Source Clock Delay      (SCD):    0.537ns
    Clock Pessimism Removal (CPR):    0.000ns
  Clock Uncertainty:      0.035ns  ((TSJ^2 + TIJ^2)^1/2 + DJ) / 2 + PE
    Total System Jitter     (TSJ):    0.071ns
    Total Input Jitter      (TIJ):    0.000ns
    Discrete Jitter          (DJ):    0.000ns
    Phase Error              (PE):    0.000ns

    Location             Delay type                Incr(ns)  Path(ns)    Netlist Resource(s)
  -------------------------------------------------------------------    -------------------
                         (clock axi_clk rise edge)    0.000     0.000 r  
                                                      0.000     0.000 r  aclk (IN)
                         net (fo=575, unset)          0.537     0.537    aclk
                         FDCE                                         r  wr_len_q_reg[3]/C
  -------------------------------------------------------------------    -------------------
                         FDCE (Prop_fdce_C_Q)         0.165     0.702 r  wr_len_q_reg[3]/Q
                         net (fo=7, unplaced)         0.562     1.264    controller_core_inst/wr_expected_last_q_reg_0[3]
                         LUT6 (Prop_lut6_I0_O)        0.123     1.387 f  controller_core_inst/wr_expected_last_q_i_4/O
                         net (fo=1, unplaced)         0.270     1.657    controller_core_inst/wr_expected_last_q_i_4_n_0
                         LUT6 (Prop_lut6_I5_O)        0.043     1.700 r  controller_core_inst/wr_expected_last_q_i_2/O
                         net (fo=2, unplaced)         0.281     1.981    controller_core_inst/wr_active_q2
                         LUT2 (Prop_lut2_I1_O)        0.043     2.024 r  controller_core_inst/bid_q[5]_i_3/O
                         net (fo=3, unplaced)         0.288     2.312    controller_core_inst/bid_q[5]_i_3_n_0
                         LUT6 (Prop_lut6_I0_O)        0.043     2.355 f  controller_core_inst/wr_beat_q[7]_i_5/O
                         net (fo=5, unplaced)         0.298     2.653    controller_core_inst/wr_beat_q[7]_i_5_n_0
                         LUT2 (Prop_lut2_I1_O)        0.043     2.696 r  controller_core_inst/wr_beat_q[7]_i_3/O
                         net (fo=37, unplaced)        0.345     3.041    controller_core_inst/wr_beat_q[7]_i_3_n_0
                         LUT4 (Prop_lut4_I1_O)        0.043     3.084 r  controller_core_inst/wr_addr_q[30]_i_1/O
                         net (fo=31, unplaced)        0.342     3.426    controller_core_inst_n_48
                         FDCE                                         r  wr_addr_q_reg[14]/CE
  -------------------------------------------------------------------    -------------------

                         (clock axi_clk rise edge)    3.000     3.000 r  
                                                      0.000     3.000 r  aclk (IN)
                         net (fo=575, unset)          0.510     3.510    aclk
                         FDCE                                         r  wr_addr_q_reg[14]/C
                         clock pessimism              0.000     3.510    
                         clock uncertainty           -0.035     3.475    
                         FDCE (Setup_fdce_C_CE)      -0.245     3.230    wr_addr_q_reg[14]
  -------------------------------------------------------------------
                         required time                          3.230    
                         arrival time                          -3.426    
  -------------------------------------------------------------------
                         slack                                 -0.196    

Slack (VIOLATED) :        -0.196ns  (required time - arrival time)
  Source:                 wr_len_q_reg[3]/C
                            (rising edge-triggered cell FDCE clocked by axi_clk  {rise@0.000ns fall@1.500ns period=3.000ns})
  Destination:            wr_addr_q_reg[15]/CE
                            (rising edge-triggered cell FDCE clocked by axi_clk  {rise@0.000ns fall@1.500ns period=3.000ns})
  Path Group:             axi_clk
  Path Type:              Setup (Max at Slow Process Corner)
  Requirement:            3.000ns  (axi_clk rise@3.000ns - axi_clk rise@0.000ns)
  Data Path Delay:        2.889ns  (logic 0.503ns (17.411%)  route 2.386ns (82.589%))
  Logic Levels:           6  (LUT2=2 LUT4=1 LUT6=3)
  Clock Path Skew:        -0.027ns (DCD - SCD + CPR)
    Destination Clock Delay (DCD):    0.510ns = ( 3.510 - 3.000 ) 
    Source Clock Delay      (SCD):    0.537ns
    Clock Pessimism Removal (CPR):    0.000ns
  Clock Uncertainty:      0.035ns  ((TSJ^2 + TIJ^2)^1/2 + DJ) / 2 + PE
    Total System Jitter     (TSJ):    0.071ns
    Total Input Jitter      (TIJ):    0.000ns
    Discrete Jitter          (DJ):    0.000ns
    Phase Error              (PE):    0.000ns

    Location             Delay type                Incr(ns)  Path(ns)    Netlist Resource(s)
  -------------------------------------------------------------------    -------------------
                         (clock axi_clk rise edge)    0.000     0.000 r  
                                                      0.000     0.000 r  aclk (IN)
                         net (fo=575, unset)          0.537     0.537    aclk
                         FDCE                                         r  wr_len_q_reg[3]/C
  -------------------------------------------------------------------    -------------------
                         FDCE (Prop_fdce_C_Q)         0.165     0.702 r  wr_len_q_reg[3]/Q
                         net (fo=7, unplaced)         0.562     1.264    controller_core_inst/wr_expected_last_q_reg_0[3]
                         LUT6 (Prop_lut6_I0_O)        0.123     1.387 f  controller_core_inst/wr_expected_last_q_i_4/O
                         net (fo=1, unplaced)         0.270     1.657    controller_core_inst/wr_expected_last_q_i_4_n_0
                         LUT6 (Prop_lut6_I5_O)        0.043     1.700 r  controller_core_inst/wr_expected_last_q_i_2/O
                         net (fo=2, unplaced)         0.281     1.981    controller_core_inst/wr_active_q2
                         LUT2 (Prop_lut2_I1_O)        0.043     2.024 r  controller_core_inst/bid_q[5]_i_3/O
                         net (fo=3, unplaced)         0.288     2.312    controller_core_inst/bid_q[5]_i_3_n_0
                         LUT6 (Prop_lut6_I0_O)        0.043     2.355 f  controller_core_inst/wr_beat_q[7]_i_5/O
                         net (fo=5, unplaced)         0.298     2.653    controller_core_inst/wr_beat_q[7]_i_5_n_0
                         LUT2 (Prop_lut2_I1_O)        0.043     2.696 r  controller_core_inst/wr_beat_q[7]_i_3/O
                         net (fo=37, unplaced)        0.345     3.041    controller_core_inst/wr_beat_q[7]_i_3_n_0
                         LUT4 (Prop_lut4_I1_O)        0.043     3.084 r  controller_core_inst/wr_addr_q[30]_i_1/O
                         net (fo=31, unplaced)        0.342     3.426    controller_core_inst_n_48
                         FDCE                                         r  wr_addr_q_reg[15]/CE
  -------------------------------------------------------------------    -------------------

                         (clock axi_clk rise edge)    3.000     3.000 r  
                                                      0.000     3.000 r  aclk (IN)
                         net (fo=575, unset)          0.510     3.510    aclk
                         FDCE                                         r  wr_addr_q_reg[15]/C
                         clock pessimism              0.000     3.510    
                         clock uncertainty           -0.035     3.475    
                         FDCE (Setup_fdce_C_CE)      -0.245     3.230    wr_addr_q_reg[15]
  -------------------------------------------------------------------
                         required time                          3.230    
                         arrival time                          -3.426    
  -------------------------------------------------------------------
                         slack                                 -0.196    

Slack (VIOLATED) :        -0.196ns  (required time - arrival time)
  Source:                 wr_len_q_reg[3]/C
                            (rising edge-triggered cell FDCE clocked by axi_clk  {rise@0.000ns fall@1.500ns period=3.000ns})
  Destination:            wr_addr_q_reg[16]/CE
                            (rising edge-triggered cell FDCE clocked by axi_clk  {rise@0.000ns fall@1.500ns period=3.000ns})
  Path Group:             axi_clk
  Path Type:              Setup (Max at Slow Process Corner)
  Requirement:            3.000ns  (axi_clk rise@3.000ns - axi_clk rise@0.000ns)
  Data Path Delay:        2.889ns  (logic 0.503ns (17.411%)  route 2.386ns (82.589%))
  Logic Levels:           6  (LUT2=2 LUT4=1 LUT6=3)
  Clock Path Skew:        -0.027ns (DCD - SCD + CPR)
    Destination Clock Delay (DCD):    0.510ns = ( 3.510 - 3.000 ) 
    Source Clock Delay      (SCD):    0.537ns
    Clock Pessimism Removal (CPR):    0.000ns
  Clock Uncertainty:      0.035ns  ((TSJ^2 + TIJ^2)^1/2 + DJ) / 2 + PE
    Total System Jitter     (TSJ):    0.071ns
    Total Input Jitter      (TIJ):    0.000ns
    Discrete Jitter          (DJ):    0.000ns
    Phase Error              (PE):    0.000ns

    Location             Delay type                Incr(ns)  Path(ns)    Netlist Resource(s)
  -------------------------------------------------------------------    -------------------
                         (clock axi_clk rise edge)    0.000     0.000 r  
                                                      0.000     0.000 r  aclk (IN)
                         net (fo=575, unset)          0.537     0.537    aclk
                         FDCE                                         r  wr_len_q_reg[3]/C
  -------------------------------------------------------------------    -------------------
                         FDCE (Prop_fdce_C_Q)         0.165     0.702 r  wr_len_q_reg[3]/Q
                         net (fo=7, unplaced)         0.562     1.264    controller_core_inst/wr_expected_last_q_reg_0[3]
                         LUT6 (Prop_lut6_I0_O)        0.123     1.387 f  controller_core_inst/wr_expected_last_q_i_4/O
                         net (fo=1, unplaced)         0.270     1.657    controller_core_inst/wr_expected_last_q_i_4_n_0
                         LUT6 (Prop_lut6_I5_O)        0.043     1.700 r  controller_core_inst/wr_expected_last_q_i_2/O
                         net (fo=2, unplaced)         0.281     1.981    controller_core_inst/wr_active_q2
                         LUT2 (Prop_lut2_I1_O)        0.043     2.024 r  controller_core_inst/bid_q[5]_i_3/O
                         net (fo=3, unplaced)         0.288     2.312    controller_core_inst/bid_q[5]_i_3_n_0
                         LUT6 (Prop_lut6_I0_O)        0.043     2.355 f  controller_core_inst/wr_beat_q[7]_i_5/O
                         net (fo=5, unplaced)         0.298     2.653    controller_core_inst/wr_beat_q[7]_i_5_n_0
                         LUT2 (Prop_lut2_I1_O)        0.043     2.696 r  controller_core_inst/wr_beat_q[7]_i_3/O
                         net (fo=37, unplaced)        0.345     3.041    controller_core_inst/wr_beat_q[7]_i_3_n_0
                         LUT4 (Prop_lut4_I1_O)        0.043     3.084 r  controller_core_inst/wr_addr_q[30]_i_1/O
                         net (fo=31, unplaced)        0.342     3.426    controller_core_inst_n_48
                         FDCE                                         r  wr_addr_q_reg[16]/CE
  -------------------------------------------------------------------    -------------------

                         (clock axi_clk rise edge)    3.000     3.000 r  
                                                      0.000     3.000 r  aclk (IN)
                         net (fo=575, unset)          0.510     3.510    aclk
                         FDCE                                         r  wr_addr_q_reg[16]/C
                         clock pessimism              0.000     3.510    
                         clock uncertainty           -0.035     3.475    
                         FDCE (Setup_fdce_C_CE)      -0.245     3.230    wr_addr_q_reg[16]
  -------------------------------------------------------------------
                         required time                          3.230    
                         arrival time                          -3.426    
  -------------------------------------------------------------------
                         slack                                 -0.196    

Slack (VIOLATED) :        -0.196ns  (required time - arrival time)
  Source:                 wr_len_q_reg[3]/C
                            (rising edge-triggered cell FDCE clocked by axi_clk  {rise@0.000ns fall@1.500ns period=3.000ns})
  Destination:            wr_addr_q_reg[17]/CE
                            (rising edge-triggered cell FDCE clocked by axi_clk  {rise@0.000ns fall@1.500ns period=3.000ns})
  Path Group:             axi_clk
  Path Type:              Setup (Max at Slow Process Corner)
  Requirement:            3.000ns  (axi_clk rise@3.000ns - axi_clk rise@0.000ns)
  Data Path Delay:        2.889ns  (logic 0.503ns (17.411%)  route 2.386ns (82.589%))
  Logic Levels:           6  (LUT2=2 LUT4=1 LUT6=3)
  Clock Path Skew:        -0.027ns (DCD - SCD + CPR)
    Destination Clock Delay (DCD):    0.510ns = ( 3.510 - 3.000 ) 
    Source Clock Delay      (SCD):    0.537ns
    Clock Pessimism Removal (CPR):    0.000ns
  Clock Uncertainty:      0.035ns  ((TSJ^2 + TIJ^2)^1/2 + DJ) / 2 + PE
    Total System Jitter     (TSJ):    0.071ns
    Total Input Jitter      (TIJ):    0.000ns
    Discrete Jitter          (DJ):    0.000ns
    Phase Error              (PE):    0.000ns

    Location             Delay type                Incr(ns)  Path(ns)    Netlist Resource(s)
  -------------------------------------------------------------------    -------------------
                         (clock axi_clk rise edge)    0.000     0.000 r  
                                                      0.000     0.000 r  aclk (IN)
                         net (fo=575, unset)          0.537     0.537    aclk
                         FDCE                                         r  wr_len_q_reg[3]/C
  -------------------------------------------------------------------    -------------------
                         FDCE (Prop_fdce_C_Q)         0.165     0.702 r  wr_len_q_reg[3]/Q
                         net (fo=7, unplaced)         0.562     1.264    controller_core_inst/wr_expected_last_q_reg_0[3]
                         LUT6 (Prop_lut6_I0_O)        0.123     1.387 f  controller_core_inst/wr_expected_last_q_i_4/O
                         net (fo=1, unplaced)         0.270     1.657    controller_core_inst/wr_expected_last_q_i_4_n_0
                         LUT6 (Prop_lut6_I5_O)        0.043     1.700 r  controller_core_inst/wr_expected_last_q_i_2/O
                         net (fo=2, unplaced)         0.281     1.981    controller_core_inst/wr_active_q2
                         LUT2 (Prop_lut2_I1_O)        0.043     2.024 r  controller_core_inst/bid_q[5]_i_3/O
                         net (fo=3, unplaced)         0.288     2.312    controller_core_inst/bid_q[5]_i_3_n_0
                         LUT6 (Prop_lut6_I0_O)        0.043     2.355 f  controller_core_inst/wr_beat_q[7]_i_5/O
                         net (fo=5, unplaced)         0.298     2.653    controller_core_inst/wr_beat_q[7]_i_5_n_0
                         LUT2 (Prop_lut2_I1_O)        0.043     2.696 r  controller_core_inst/wr_beat_q[7]_i_3/O
                         net (fo=37, unplaced)        0.345     3.041    controller_core_inst/wr_beat_q[7]_i_3_n_0
                         LUT4 (Prop_lut4_I1_O)        0.043     3.084 r  controller_core_inst/wr_addr_q[30]_i_1/O
                         net (fo=31, unplaced)        0.342     3.426    controller_core_inst_n_48
                         FDCE                                         r  wr_addr_q_reg[17]/CE
  -------------------------------------------------------------------    -------------------

                         (clock axi_clk rise edge)    3.000     3.000 r  
                                                      0.000     3.000 r  aclk (IN)
                         net (fo=575, unset)          0.510     3.510    aclk
                         FDCE                                         r  wr_addr_q_reg[17]/C
                         clock pessimism              0.000     3.510    
                         clock uncertainty           -0.035     3.475    
                         FDCE (Setup_fdce_C_CE)      -0.245     3.230    wr_addr_q_reg[17]
  -------------------------------------------------------------------
                         required time                          3.230    
                         arrival time                          -3.426    
  -------------------------------------------------------------------
                         slack                                 -0.196    

Slack (VIOLATED) :        -0.196ns  (required time - arrival time)
  Source:                 wr_len_q_reg[3]/C
                            (rising edge-triggered cell FDCE clocked by axi_clk  {rise@0.000ns fall@1.500ns period=3.000ns})
  Destination:            wr_addr_q_reg[18]/CE
                            (rising edge-triggered cell FDCE clocked by axi_clk  {rise@0.000ns fall@1.500ns period=3.000ns})
  Path Group:             axi_clk
  Path Type:              Setup (Max at Slow Process Corner)
  Requirement:            3.000ns  (axi_clk rise@3.000ns - axi_clk rise@0.000ns)
  Data Path Delay:        2.889ns  (logic 0.503ns (17.411%)  route 2.386ns (82.589%))
  Logic Levels:           6  (LUT2=2 LUT4=1 LUT6=3)
  Clock Path Skew:        -0.027ns (DCD - SCD + CPR)
    Destination Clock Delay (DCD):    0.510ns = ( 3.510 - 3.000 ) 
    Source Clock Delay      (SCD):    0.537ns
    Clock Pessimism Removal (CPR):    0.000ns
  Clock Uncertainty:      0.035ns  ((TSJ^2 + TIJ^2)^1/2 + DJ) / 2 + PE
    Total System Jitter     (TSJ):    0.071ns
    Total Input Jitter      (TIJ):    0.000ns
    Discrete Jitter          (DJ):    0.000ns
    Phase Error              (PE):    0.000ns

    Location             Delay type                Incr(ns)  Path(ns)    Netlist Resource(s)
  -------------------------------------------------------------------    -------------------
                         (clock axi_clk rise edge)    0.000     0.000 r  
                                                      0.000     0.000 r  aclk (IN)
                         net (fo=575, unset)          0.537     0.537    aclk
                         FDCE                                         r  wr_len_q_reg[3]/C
  -------------------------------------------------------------------    -------------------
                         FDCE (Prop_fdce_C_Q)         0.165     0.702 r  wr_len_q_reg[3]/Q
                         net (fo=7, unplaced)         0.562     1.264    controller_core_inst/wr_expected_last_q_reg_0[3]
                         LUT6 (Prop_lut6_I0_O)        0.123     1.387 f  controller_core_inst/wr_expected_last_q_i_4/O
                         net (fo=1, unplaced)         0.270     1.657    controller_core_inst/wr_expected_last_q_i_4_n_0
                         LUT6 (Prop_lut6_I5_O)        0.043     1.700 r  controller_core_inst/wr_expected_last_q_i_2/O
                         net (fo=2, unplaced)         0.281     1.981    controller_core_inst/wr_active_q2
                         LUT2 (Prop_lut2_I1_O)        0.043     2.024 r  controller_core_inst/bid_q[5]_i_3/O
                         net (fo=3, unplaced)         0.288     2.312    controller_core_inst/bid_q[5]_i_3_n_0
                         LUT6 (Prop_lut6_I0_O)        0.043     2.355 f  controller_core_inst/wr_beat_q[7]_i_5/O
                         net (fo=5, unplaced)         0.298     2.653    controller_core_inst/wr_beat_q[7]_i_5_n_0
                         LUT2 (Prop_lut2_I1_O)        0.043     2.696 r  controller_core_inst/wr_beat_q[7]_i_3/O
                         net (fo=37, unplaced)        0.345     3.041    controller_core_inst/wr_beat_q[7]_i_3_n_0
                         LUT4 (Prop_lut4_I1_O)        0.043     3.084 r  controller_core_inst/wr_addr_q[30]_i_1/O
                         net (fo=31, unplaced)        0.342     3.426    controller_core_inst_n_48
                         FDCE                                         r  wr_addr_q_reg[18]/CE
  -------------------------------------------------------------------    -------------------

                         (clock axi_clk rise edge)    3.000     3.000 r  
                                                      0.000     3.000 r  aclk (IN)
                         net (fo=575, unset)          0.510     3.510    aclk
                         FDCE                                         r  wr_addr_q_reg[18]/C
                         clock pessimism              0.000     3.510    
                         clock uncertainty           -0.035     3.475    
                         FDCE (Setup_fdce_C_CE)      -0.245     3.230    wr_addr_q_reg[18]
  -------------------------------------------------------------------
                         required time                          3.230    
                         arrival time                          -3.426    
  -------------------------------------------------------------------
                         slack                                 -0.196    

Slack (VIOLATED) :        -0.196ns  (required time - arrival time)
  Source:                 wr_len_q_reg[3]/C
                            (rising edge-triggered cell FDCE clocked by axi_clk  {rise@0.000ns fall@1.500ns period=3.000ns})
  Destination:            wr_addr_q_reg[19]/CE
                            (rising edge-triggered cell FDCE clocked by axi_clk  {rise@0.000ns fall@1.500ns period=3.000ns})
  Path Group:             axi_clk
  Path Type:              Setup (Max at Slow Process Corner)
  Requirement:            3.000ns  (axi_clk rise@3.000ns - axi_clk rise@0.000ns)
  Data Path Delay:        2.889ns  (logic 0.503ns (17.411%)  route 2.386ns (82.589%))
  Logic Levels:           6  (LUT2=2 LUT4=1 LUT6=3)
  Clock Path Skew:        -0.027ns (DCD - SCD + CPR)
    Destination Clock Delay (DCD):    0.510ns = ( 3.510 - 3.000 ) 
    Source Clock Delay      (SCD):    0.537ns
    Clock Pessimism Removal (CPR):    0.000ns
  Clock Uncertainty:      0.035ns  ((TSJ^2 + TIJ^2)^1/2 + DJ) / 2 + PE
    Total System Jitter     (TSJ):    0.071ns
    Total Input Jitter      (TIJ):    0.000ns
    Discrete Jitter          (DJ):    0.000ns
    Phase Error              (PE):    0.000ns

    Location             Delay type                Incr(ns)  Path(ns)    Netlist Resource(s)
  -------------------------------------------------------------------    -------------------
                         (clock axi_clk rise edge)    0.000     0.000 r  
                                                      0.000     0.000 r  aclk (IN)
                         net (fo=575, unset)          0.537     0.537    aclk
                         FDCE                                         r  wr_len_q_reg[3]/C
  -------------------------------------------------------------------    -------------------
                         FDCE (Prop_fdce_C_Q)         0.165     0.702 r  wr_len_q_reg[3]/Q
                         net (fo=7, unplaced)         0.562     1.264    controller_core_inst/wr_expected_last_q_reg_0[3]
                         LUT6 (Prop_lut6_I0_O)        0.123     1.387 f  controller_core_inst/wr_expected_last_q_i_4/O
                         net (fo=1, unplaced)         0.270     1.657    controller_core_inst/wr_expected_last_q_i_4_n_0
                         LUT6 (Prop_lut6_I5_O)        0.043     1.700 r  controller_core_inst/wr_expected_last_q_i_2/O
                         net (fo=2, unplaced)         0.281     1.981    controller_core_inst/wr_active_q2
                         LUT2 (Prop_lut2_I1_O)        0.043     2.024 r  controller_core_inst/bid_q[5]_i_3/O
                         net (fo=3, unplaced)         0.288     2.312    controller_core_inst/bid_q[5]_i_3_n_0
                         LUT6 (Prop_lut6_I0_O)        0.043     2.355 f  controller_core_inst/wr_beat_q[7]_i_5/O
                         net (fo=5, unplaced)         0.298     2.653    controller_core_inst/wr_beat_q[7]_i_5_n_0
                         LUT2 (Prop_lut2_I1_O)        0.043     2.696 r  controller_core_inst/wr_beat_q[7]_i_3/O
                         net (fo=37, unplaced)        0.345     3.041    controller_core_inst/wr_beat_q[7]_i_3_n_0
                         LUT4 (Prop_lut4_I1_O)        0.043     3.084 r  controller_core_inst/wr_addr_q[30]_i_1/O
                         net (fo=31, unplaced)        0.342     3.426    controller_core_inst_n_48
                         FDCE                                         r  wr_addr_q_reg[19]/CE
  -------------------------------------------------------------------    -------------------

                         (clock axi_clk rise edge)    3.000     3.000 r  
                                                      0.000     3.000 r  aclk (IN)
                         net (fo=575, unset)          0.510     3.510    aclk
                         FDCE                                         r  wr_addr_q_reg[19]/C
                         clock pessimism              0.000     3.510    
                         clock uncertainty           -0.035     3.475    
                         FDCE (Setup_fdce_C_CE)      -0.245     3.230    wr_addr_q_reg[19]
  -------------------------------------------------------------------
                         required time                          3.230    
                         arrival time                          -3.426    
  -------------------------------------------------------------------
                         slack                                 -0.196    

Slack (VIOLATED) :        -0.196ns  (required time - arrival time)
  Source:                 wr_len_q_reg[3]/C
                            (rising edge-triggered cell FDCE clocked by axi_clk  {rise@0.000ns fall@1.500ns period=3.000ns})
  Destination:            wr_addr_q_reg[1]/CE
                            (rising edge-triggered cell FDCE clocked by axi_clk  {rise@0.000ns fall@1.500ns period=3.000ns})
  Path Group:             axi_clk
  Path Type:              Setup (Max at Slow Process Corner)
  Requirement:            3.000ns  (axi_clk rise@3.000ns - axi_clk rise@0.000ns)
  Data Path Delay:        2.889ns  (logic 0.503ns (17.411%)  route 2.386ns (82.589%))
  Logic Levels:           6  (LUT2=2 LUT4=1 LUT6=3)
  Clock Path Skew:        -0.027ns (DCD - SCD + CPR)
    Destination Clock Delay (DCD):    0.510ns = ( 3.510 - 3.000 ) 
    Source Clock Delay      (SCD):    0.537ns
    Clock Pessimism Removal (CPR):    0.000ns
  Clock Uncertainty:      0.035ns  ((TSJ^2 + TIJ^2)^1/2 + DJ) / 2 + PE
    Total System Jitter     (TSJ):    0.071ns
    Total Input Jitter      (TIJ):    0.000ns
    Discrete Jitter          (DJ):    0.000ns
    Phase Error              (PE):    0.000ns

    Location             Delay type                Incr(ns)  Path(ns)    Netlist Resource(s)
  -------------------------------------------------------------------    -------------------
                         (clock axi_clk rise edge)    0.000     0.000 r  
                                                      0.000     0.000 r  aclk (IN)
                         net (fo=575, unset)          0.537     0.537    aclk
                         FDCE                                         r  wr_len_q_reg[3]/C
  -------------------------------------------------------------------    -------------------
                         FDCE (Prop_fdce_C_Q)         0.165     0.702 r  wr_len_q_reg[3]/Q
                         net (fo=7, unplaced)         0.562     1.264    controller_core_inst/wr_expected_last_q_reg_0[3]
                         LUT6 (Prop_lut6_I0_O)        0.123     1.387 f  controller_core_inst/wr_expected_last_q_i_4/O
                         net (fo=1, unplaced)         0.270     1.657    controller_core_inst/wr_expected_last_q_i_4_n_0
                         LUT6 (Prop_lut6_I5_O)        0.043     1.700 r  controller_core_inst/wr_expected_last_q_i_2/O
                         net (fo=2, unplaced)         0.281     1.981    controller_core_inst/wr_active_q2
                         LUT2 (Prop_lut2_I1_O)        0.043     2.024 r  controller_core_inst/bid_q[5]_i_3/O
                         net (fo=3, unplaced)         0.288     2.312    controller_core_inst/bid_q[5]_i_3_n_0
                         LUT6 (Prop_lut6_I0_O)        0.043     2.355 f  controller_core_inst/wr_beat_q[7]_i_5/O
                         net (fo=5, unplaced)         0.298     2.653    controller_core_inst/wr_beat_q[7]_i_5_n_0
                         LUT2 (Prop_lut2_I1_O)        0.043     2.696 r  controller_core_inst/wr_beat_q[7]_i_3/O
                         net (fo=37, unplaced)        0.345     3.041    controller_core_inst/wr_beat_q[7]_i_3_n_0
                         LUT4 (Prop_lut4_I1_O)        0.043     3.084 r  controller_core_inst/wr_addr_q[30]_i_1/O
                         net (fo=31, unplaced)        0.342     3.426    controller_core_inst_n_48
                         FDCE                                         r  wr_addr_q_reg[1]/CE
  -------------------------------------------------------------------    -------------------

                         (clock axi_clk rise edge)    3.000     3.000 r  
                                                      0.000     3.000 r  aclk (IN)
                         net (fo=575, unset)          0.510     3.510    aclk
                         FDCE                                         r  wr_addr_q_reg[1]/C
                         clock pessimism              0.000     3.510    
                         clock uncertainty           -0.035     3.475    
                         FDCE (Setup_fdce_C_CE)      -0.245     3.230    wr_addr_q_reg[1]
  -------------------------------------------------------------------
                         required time                          3.230    
                         arrival time                          -3.426    
  -------------------------------------------------------------------
                         slack                                 -0.196    

Slack (VIOLATED) :        -0.196ns  (required time - arrival time)
  Source:                 wr_len_q_reg[3]/C
                            (rising edge-triggered cell FDCE clocked by axi_clk  {rise@0.000ns fall@1.500ns period=3.000ns})
  Destination:            wr_addr_q_reg[20]/CE
                            (rising edge-triggered cell FDCE clocked by axi_clk  {rise@0.000ns fall@1.500ns period=3.000ns})
  Path Group:             axi_clk
  Path Type:              Setup (Max at Slow Process Corner)
  Requirement:            3.000ns  (axi_clk rise@3.000ns - axi_clk rise@0.000ns)
  Data Path Delay:        2.889ns  (logic 0.503ns (17.411%)  route 2.386ns (82.589%))
  Logic Levels:           6  (LUT2=2 LUT4=1 LUT6=3)
  Clock Path Skew:        -0.027ns (DCD - SCD + CPR)
    Destination Clock Delay (DCD):    0.510ns = ( 3.510 - 3.000 ) 
    Source Clock Delay      (SCD):    0.537ns
    Clock Pessimism Removal (CPR):    0.000ns
  Clock Uncertainty:      0.035ns  ((TSJ^2 + TIJ^2)^1/2 + DJ) / 2 + PE
    Total System Jitter     (TSJ):    0.071ns
    Total Input Jitter      (TIJ):    0.000ns
    Discrete Jitter          (DJ):    0.000ns
    Phase Error              (PE):    0.000ns

    Location             Delay type                Incr(ns)  Path(ns)    Netlist Resource(s)
  -------------------------------------------------------------------    -------------------
                         (clock axi_clk rise edge)    0.000     0.000 r  
                                                      0.000     0.000 r  aclk (IN)
                         net (fo=575, unset)          0.537     0.537    aclk
                         FDCE                                         r  wr_len_q_reg[3]/C
  -------------------------------------------------------------------    -------------------
                         FDCE (Prop_fdce_C_Q)         0.165     0.702 r  wr_len_q_reg[3]/Q
                         net (fo=7, unplaced)         0.562     1.264    controller_core_inst/wr_expected_last_q_reg_0[3]
                         LUT6 (Prop_lut6_I0_O)        0.123     1.387 f  controller_core_inst/wr_expected_last_q_i_4/O
                         net (fo=1, unplaced)         0.270     1.657    controller_core_inst/wr_expected_last_q_i_4_n_0
                         LUT6 (Prop_lut6_I5_O)        0.043     1.700 r  controller_core_inst/wr_expected_last_q_i_2/O
                         net (fo=2, unplaced)         0.281     1.981    controller_core_inst/wr_active_q2
                         LUT2 (Prop_lut2_I1_O)        0.043     2.024 r  controller_core_inst/bid_q[5]_i_3/O
                         net (fo=3, unplaced)         0.288     2.312    controller_core_inst/bid_q[5]_i_3_n_0
                         LUT6 (Prop_lut6_I0_O)        0.043     2.355 f  controller_core_inst/wr_beat_q[7]_i_5/O
                         net (fo=5, unplaced)         0.298     2.653    controller_core_inst/wr_beat_q[7]_i_5_n_0
                         LUT2 (Prop_lut2_I1_O)        0.043     2.696 r  controller_core_inst/wr_beat_q[7]_i_3/O
                         net (fo=37, unplaced)        0.345     3.041    controller_core_inst/wr_beat_q[7]_i_3_n_0
                         LUT4 (Prop_lut4_I1_O)        0.043     3.084 r  controller_core_inst/wr_addr_q[30]_i_1/O
                         net (fo=31, unplaced)        0.342     3.426    controller_core_inst_n_48
                         FDCE                                         r  wr_addr_q_reg[20]/CE
  -------------------------------------------------------------------    -------------------

                         (clock axi_clk rise edge)    3.000     3.000 r  
                                                      0.000     3.000 r  aclk (IN)
                         net (fo=575, unset)          0.510     3.510    aclk
                         FDCE                                         r  wr_addr_q_reg[20]/C
                         clock pessimism              0.000     3.510    
                         clock uncertainty           -0.035     3.475    
                         FDCE (Setup_fdce_C_CE)      -0.245     3.230    wr_addr_q_reg[20]
  -------------------------------------------------------------------
                         required time                          3.230    
                         arrival time                          -3.426    
  -------------------------------------------------------------------
                         slack                                 -0.196    

Slack (VIOLATED) :        -0.196ns  (required time - arrival time)
  Source:                 wr_len_q_reg[3]/C
                            (rising edge-triggered cell FDCE clocked by axi_clk  {rise@0.000ns fall@1.500ns period=3.000ns})
  Destination:            wr_addr_q_reg[21]/CE
                            (rising edge-triggered cell FDCE clocked by axi_clk  {rise@0.000ns fall@1.500ns period=3.000ns})
  Path Group:             axi_clk
  Path Type:              Setup (Max at Slow Process Corner)
  Requirement:            3.000ns  (axi_clk rise@3.000ns - axi_clk rise@0.000ns)
  Data Path Delay:        2.889ns  (logic 0.503ns (17.411%)  route 2.386ns (82.589%))
  Logic Levels:           6  (LUT2=2 LUT4=1 LUT6=3)
  Clock Path Skew:        -0.027ns (DCD - SCD + CPR)
    Destination Clock Delay (DCD):    0.510ns = ( 3.510 - 3.000 ) 
    Source Clock Delay      (SCD):    0.537ns
    Clock Pessimism Removal (CPR):    0.000ns
  Clock Uncertainty:      0.035ns  ((TSJ^2 + TIJ^2)^1/2 + DJ) / 2 + PE
    Total System Jitter     (TSJ):    0.071ns
    Total Input Jitter      (TIJ):    0.000ns
    Discrete Jitter          (DJ):    0.000ns
    Phase Error              (PE):    0.000ns

    Location             Delay type                Incr(ns)  Path(ns)    Netlist Resource(s)
  -------------------------------------------------------------------    -------------------
                         (clock axi_clk rise edge)    0.000     0.000 r  
                                                      0.000     0.000 r  aclk (IN)
                         net (fo=575, unset)          0.537     0.537    aclk
                         FDCE                                         r  wr_len_q_reg[3]/C
  -------------------------------------------------------------------    -------------------
                         FDCE (Prop_fdce_C_Q)         0.165     0.702 r  wr_len_q_reg[3]/Q
                         net (fo=7, unplaced)         0.562     1.264    controller_core_inst/wr_expected_last_q_reg_0[3]
                         LUT6 (Prop_lut6_I0_O)        0.123     1.387 f  controller_core_inst/wr_expected_last_q_i_4/O
                         net (fo=1, unplaced)         0.270     1.657    controller_core_inst/wr_expected_last_q_i_4_n_0
                         LUT6 (Prop_lut6_I5_O)        0.043     1.700 r  controller_core_inst/wr_expected_last_q_i_2/O
                         net (fo=2, unplaced)         0.281     1.981    controller_core_inst/wr_active_q2
                         LUT2 (Prop_lut2_I1_O)        0.043     2.024 r  controller_core_inst/bid_q[5]_i_3/O
                         net (fo=3, unplaced)         0.288     2.312    controller_core_inst/bid_q[5]_i_3_n_0
                         LUT6 (Prop_lut6_I0_O)        0.043     2.355 f  controller_core_inst/wr_beat_q[7]_i_5/O
                         net (fo=5, unplaced)         0.298     2.653    controller_core_inst/wr_beat_q[7]_i_5_n_0
                         LUT2 (Prop_lut2_I1_O)        0.043     2.696 r  controller_core_inst/wr_beat_q[7]_i_3/O
                         net (fo=37, unplaced)        0.345     3.041    controller_core_inst/wr_beat_q[7]_i_3_n_0
                         LUT4 (Prop_lut4_I1_O)        0.043     3.084 r  controller_core_inst/wr_addr_q[30]_i_1/O
                         net (fo=31, unplaced)        0.342     3.426    controller_core_inst_n_48
                         FDCE                                         r  wr_addr_q_reg[21]/CE
  -------------------------------------------------------------------    -------------------

                         (clock axi_clk rise edge)    3.000     3.000 r  
                                                      0.000     3.000 r  aclk (IN)
                         net (fo=575, unset)          0.510     3.510    aclk
                         FDCE                                         r  wr_addr_q_reg[21]/C
                         clock pessimism              0.000     3.510    
                         clock uncertainty           -0.035     3.475    
                         FDCE (Setup_fdce_C_CE)      -0.245     3.230    wr_addr_q_reg[21]
  -------------------------------------------------------------------
                         required time                          3.230    
                         arrival time                          -3.426    
  -------------------------------------------------------------------
                         slack                                 -0.196    

Slack (VIOLATED) :        -0.196ns  (required time - arrival time)
  Source:                 wr_len_q_reg[3]/C
                            (rising edge-triggered cell FDCE clocked by axi_clk  {rise@0.000ns fall@1.500ns period=3.000ns})
  Destination:            wr_addr_q_reg[22]/CE
                            (rising edge-triggered cell FDCE clocked by axi_clk  {rise@0.000ns fall@1.500ns period=3.000ns})
  Path Group:             axi_clk
  Path Type:              Setup (Max at Slow Process Corner)
  Requirement:            3.000ns  (axi_clk rise@3.000ns - axi_clk rise@0.000ns)
  Data Path Delay:        2.889ns  (logic 0.503ns (17.411%)  route 2.386ns (82.589%))
  Logic Levels:           6  (LUT2=2 LUT4=1 LUT6=3)
  Clock Path Skew:        -0.027ns (DCD - SCD + CPR)
    Destination Clock Delay (DCD):    0.510ns = ( 3.510 - 3.000 ) 
    Source Clock Delay      (SCD):    0.537ns
    Clock Pessimism Removal (CPR):    0.000ns
  Clock Uncertainty:      0.035ns  ((TSJ^2 + TIJ^2)^1/2 + DJ) / 2 + PE
    Total System Jitter     (TSJ):    0.071ns
    Total Input Jitter      (TIJ):    0.000ns
    Discrete Jitter          (DJ):    0.000ns
    Phase Error              (PE):    0.000ns

    Location             Delay type                Incr(ns)  Path(ns)    Netlist Resource(s)
  -------------------------------------------------------------------    -------------------
                         (clock axi_clk rise edge)    0.000     0.000 r  
                                                      0.000     0.000 r  aclk (IN)
                         net (fo=575, unset)          0.537     0.537    aclk
                         FDCE                                         r  wr_len_q_reg[3]/C
  -------------------------------------------------------------------    -------------------
                         FDCE (Prop_fdce_C_Q)         0.165     0.702 r  wr_len_q_reg[3]/Q
                         net (fo=7, unplaced)         0.562     1.264    controller_core_inst/wr_expected_last_q_reg_0[3]
                         LUT6 (Prop_lut6_I0_O)        0.123     1.387 f  controller_core_inst/wr_expected_last_q_i_4/O
                         net (fo=1, unplaced)         0.270     1.657    controller_core_inst/wr_expected_last_q_i_4_n_0
                         LUT6 (Prop_lut6_I5_O)        0.043     1.700 r  controller_core_inst/wr_expected_last_q_i_2/O
                         net (fo=2, unplaced)         0.281     1.981    controller_core_inst/wr_active_q2
                         LUT2 (Prop_lut2_I1_O)        0.043     2.024 r  controller_core_inst/bid_q[5]_i_3/O
                         net (fo=3, unplaced)         0.288     2.312    controller_core_inst/bid_q[5]_i_3_n_0
                         LUT6 (Prop_lut6_I0_O)        0.043     2.355 f  controller_core_inst/wr_beat_q[7]_i_5/O
                         net (fo=5, unplaced)         0.298     2.653    controller_core_inst/wr_beat_q[7]_i_5_n_0
                         LUT2 (Prop_lut2_I1_O)        0.043     2.696 r  controller_core_inst/wr_beat_q[7]_i_3/O
                         net (fo=37, unplaced)        0.345     3.041    controller_core_inst/wr_beat_q[7]_i_3_n_0
                         LUT4 (Prop_lut4_I1_O)        0.043     3.084 r  controller_core_inst/wr_addr_q[30]_i_1/O
                         net (fo=31, unplaced)        0.342     3.426    controller_core_inst_n_48
                         FDCE                                         r  wr_addr_q_reg[22]/CE
  -------------------------------------------------------------------    -------------------

                         (clock axi_clk rise edge)    3.000     3.000 r  
                                                      0.000     3.000 r  aclk (IN)
                         net (fo=575, unset)          0.510     3.510    aclk
                         FDCE                                         r  wr_addr_q_reg[22]/C
                         clock pessimism              0.000     3.510    
                         clock uncertainty           -0.035     3.475    
                         FDCE (Setup_fdce_C_CE)      -0.245     3.230    wr_addr_q_reg[22]
  -------------------------------------------------------------------
                         required time                          3.230    
                         arrival time                          -3.426    
  -------------------------------------------------------------------
                         slack                                 -0.196    

Slack (VIOLATED) :        -0.196ns  (required time - arrival time)
  Source:                 wr_len_q_reg[3]/C
                            (rising edge-triggered cell FDCE clocked by axi_clk  {rise@0.000ns fall@1.500ns period=3.000ns})
  Destination:            wr_addr_q_reg[23]/CE
                            (rising edge-triggered cell FDCE clocked by axi_clk  {rise@0.000ns fall@1.500ns period=3.000ns})
  Path Group:             axi_clk
  Path Type:              Setup (Max at Slow Process Corner)
  Requirement:            3.000ns  (axi_clk rise@3.000ns - axi_clk rise@0.000ns)
  Data Path Delay:        2.889ns  (logic 0.503ns (17.411%)  route 2.386ns (82.589%))
  Logic Levels:           6  (LUT2=2 LUT4=1 LUT6=3)
  Clock Path Skew:        -0.027ns (DCD - SCD + CPR)
    Destination Clock Delay (DCD):    0.510ns = ( 3.510 - 3.000 ) 
    Source Clock Delay      (SCD):    0.537ns
    Clock Pessimism Removal (CPR):    0.000ns
  Clock Uncertainty:      0.035ns  ((TSJ^2 + TIJ^2)^1/2 + DJ) / 2 + PE
    Total System Jitter     (TSJ):    0.071ns
    Total Input Jitter      (TIJ):    0.000ns
    Discrete Jitter          (DJ):    0.000ns
    Phase Error              (PE):    0.000ns

    Location             Delay type                Incr(ns)  Path(ns)    Netlist Resource(s)
  -------------------------------------------------------------------    -------------------
                         (clock axi_clk rise edge)    0.000     0.000 r  
                                                      0.000     0.000 r  aclk (IN)
                         net (fo=575, unset)          0.537     0.537    aclk
                         FDCE                                         r  wr_len_q_reg[3]/C
  -------------------------------------------------------------------    -------------------
                         FDCE (Prop_fdce_C_Q)         0.165     0.702 r  wr_len_q_reg[3]/Q
                         net (fo=7, unplaced)         0.562     1.264    controller_core_inst/wr_expected_last_q_reg_0[3]
                         LUT6 (Prop_lut6_I0_O)        0.123     1.387 f  controller_core_inst/wr_expected_last_q_i_4/O
                         net (fo=1, unplaced)         0.270     1.657    controller_core_inst/wr_expected_last_q_i_4_n_0
                         LUT6 (Prop_lut6_I5_O)        0.043     1.700 r  controller_core_inst/wr_expected_last_q_i_2/O
                         net (fo=2, unplaced)         0.281     1.981    controller_core_inst/wr_active_q2
                         LUT2 (Prop_lut2_I1_O)        0.043     2.024 r  controller_core_inst/bid_q[5]_i_3/O
                         net (fo=3, unplaced)         0.288     2.312    controller_core_inst/bid_q[5]_i_3_n_0
                         LUT6 (Prop_lut6_I0_O)        0.043     2.355 f  controller_core_inst/wr_beat_q[7]_i_5/O
                         net (fo=5, unplaced)         0.298     2.653    controller_core_inst/wr_beat_q[7]_i_5_n_0
                         LUT2 (Prop_lut2_I1_O)        0.043     2.696 r  controller_core_inst/wr_beat_q[7]_i_3/O
                         net (fo=37, unplaced)        0.345     3.041    controller_core_inst/wr_beat_q[7]_i_3_n_0
                         LUT4 (Prop_lut4_I1_O)        0.043     3.084 r  controller_core_inst/wr_addr_q[30]_i_1/O
                         net (fo=31, unplaced)        0.342     3.426    controller_core_inst_n_48
                         FDCE                                         r  wr_addr_q_reg[23]/CE
  -------------------------------------------------------------------    -------------------

                         (clock axi_clk rise edge)    3.000     3.000 r  
                                                      0.000     3.000 r  aclk (IN)
                         net (fo=575, unset)          0.510     3.510    aclk
                         FDCE                                         r  wr_addr_q_reg[23]/C
                         clock pessimism              0.000     3.510    
                         clock uncertainty           -0.035     3.475    
                         FDCE (Setup_fdce_C_CE)      -0.245     3.230    wr_addr_q_reg[23]
  -------------------------------------------------------------------
                         required time                          3.230    
                         arrival time                          -3.426    
  -------------------------------------------------------------------
                         slack                                 -0.196    

Slack (VIOLATED) :        -0.196ns  (required time - arrival time)
  Source:                 wr_len_q_reg[3]/C
                            (rising edge-triggered cell FDCE clocked by axi_clk  {rise@0.000ns fall@1.500ns period=3.000ns})
  Destination:            wr_addr_q_reg[24]/CE
                            (rising edge-triggered cell FDCE clocked by axi_clk  {rise@0.000ns fall@1.500ns period=3.000ns})
  Path Group:             axi_clk
  Path Type:              Setup (Max at Slow Process Corner)
  Requirement:            3.000ns  (axi_clk rise@3.000ns - axi_clk rise@0.000ns)
  Data Path Delay:        2.889ns  (logic 0.503ns (17.411%)  route 2.386ns (82.589%))
  Logic Levels:           6  (LUT2=2 LUT4=1 LUT6=3)
  Clock Path Skew:        -0.027ns (DCD - SCD + CPR)
    Destination Clock Delay (DCD):    0.510ns = ( 3.510 - 3.000 ) 
    Source Clock Delay      (SCD):    0.537ns
    Clock Pessimism Removal (CPR):    0.000ns
  Clock Uncertainty:      0.035ns  ((TSJ^2 + TIJ^2)^1/2 + DJ) / 2 + PE
    Total System Jitter     (TSJ):    0.071ns
    Total Input Jitter      (TIJ):    0.000ns
    Discrete Jitter          (DJ):    0.000ns
    Phase Error              (PE):    0.000ns

    Location             Delay type                Incr(ns)  Path(ns)    Netlist Resource(s)
  -------------------------------------------------------------------    -------------------
                         (clock axi_clk rise edge)    0.000     0.000 r  
                                                      0.000     0.000 r  aclk (IN)
                         net (fo=575, unset)          0.537     0.537    aclk
                         FDCE                                         r  wr_len_q_reg[3]/C
  -------------------------------------------------------------------    -------------------
                         FDCE (Prop_fdce_C_Q)         0.165     0.702 r  wr_len_q_reg[3]/Q
                         net (fo=7, unplaced)         0.562     1.264    controller_core_inst/wr_expected_last_q_reg_0[3]
                         LUT6 (Prop_lut6_I0_O)        0.123     1.387 f  controller_core_inst/wr_expected_last_q_i_4/O
                         net (fo=1, unplaced)         0.270     1.657    controller_core_inst/wr_expected_last_q_i_4_n_0
                         LUT6 (Prop_lut6_I5_O)        0.043     1.700 r  controller_core_inst/wr_expected_last_q_i_2/O
                         net (fo=2, unplaced)         0.281     1.981    controller_core_inst/wr_active_q2
                         LUT2 (Prop_lut2_I1_O)        0.043     2.024 r  controller_core_inst/bid_q[5]_i_3/O
                         net (fo=3, unplaced)         0.288     2.312    controller_core_inst/bid_q[5]_i_3_n_0
                         LUT6 (Prop_lut6_I0_O)        0.043     2.355 f  controller_core_inst/wr_beat_q[7]_i_5/O
                         net (fo=5, unplaced)         0.298     2.653    controller_core_inst/wr_beat_q[7]_i_5_n_0
                         LUT2 (Prop_lut2_I1_O)        0.043     2.696 r  controller_core_inst/wr_beat_q[7]_i_3/O
                         net (fo=37, unplaced)        0.345     3.041    controller_core_inst/wr_beat_q[7]_i_3_n_0
                         LUT4 (Prop_lut4_I1_O)        0.043     3.084 r  controller_core_inst/wr_addr_q[30]_i_1/O
                         net (fo=31, unplaced)        0.342     3.426    controller_core_inst_n_48
                         FDCE                                         r  wr_addr_q_reg[24]/CE
  -------------------------------------------------------------------    -------------------

                         (clock axi_clk rise edge)    3.000     3.000 r  
                                                      0.000     3.000 r  aclk (IN)
                         net (fo=575, unset)          0.510     3.510    aclk
                         FDCE                                         r  wr_addr_q_reg[24]/C
                         clock pessimism              0.000     3.510    
                         clock uncertainty           -0.035     3.475    
                         FDCE (Setup_fdce_C_CE)      -0.245     3.230    wr_addr_q_reg[24]
  -------------------------------------------------------------------
                         required time                          3.230    
                         arrival time                          -3.426    
  -------------------------------------------------------------------
                         slack                                 -0.196    

Slack (VIOLATED) :        -0.196ns  (required time - arrival time)
  Source:                 wr_len_q_reg[3]/C
                            (rising edge-triggered cell FDCE clocked by axi_clk  {rise@0.000ns fall@1.500ns period=3.000ns})
  Destination:            wr_addr_q_reg[25]/CE
                            (rising edge-triggered cell FDCE clocked by axi_clk  {rise@0.000ns fall@1.500ns period=3.000ns})
  Path Group:             axi_clk
  Path Type:              Setup (Max at Slow Process Corner)
  Requirement:            3.000ns  (axi_clk rise@3.000ns - axi_clk rise@0.000ns)
  Data Path Delay:        2.889ns  (logic 0.503ns (17.411%)  route 2.386ns (82.589%))
  Logic Levels:           6  (LUT2=2 LUT4=1 LUT6=3)
  Clock Path Skew:        -0.027ns (DCD - SCD + CPR)
    Destination Clock Delay (DCD):    0.510ns = ( 3.510 - 3.000 ) 
    Source Clock Delay      (SCD):    0.537ns
    Clock Pessimism Removal (CPR):    0.000ns
  Clock Uncertainty:      0.035ns  ((TSJ^2 + TIJ^2)^1/2 + DJ) / 2 + PE
    Total System Jitter     (TSJ):    0.071ns
    Total Input Jitter      (TIJ):    0.000ns
    Discrete Jitter          (DJ):    0.000ns
    Phase Error              (PE):    0.000ns

    Location             Delay type                Incr(ns)  Path(ns)    Netlist Resource(s)
  -------------------------------------------------------------------    -------------------
                         (clock axi_clk rise edge)    0.000     0.000 r  
                                                      0.000     0.000 r  aclk (IN)
                         net (fo=575, unset)          0.537     0.537    aclk
                         FDCE                                         r  wr_len_q_reg[3]/C
  -------------------------------------------------------------------    -------------------
                         FDCE (Prop_fdce_C_Q)         0.165     0.702 r  wr_len_q_reg[3]/Q
                         net (fo=7, unplaced)         0.562     1.264    controller_core_inst/wr_expected_last_q_reg_0[3]
                         LUT6 (Prop_lut6_I0_O)        0.123     1.387 f  controller_core_inst/wr_expected_last_q_i_4/O
                         net (fo=1, unplaced)         0.270     1.657    controller_core_inst/wr_expected_last_q_i_4_n_0
                         LUT6 (Prop_lut6_I5_O)        0.043     1.700 r  controller_core_inst/wr_expected_last_q_i_2/O
                         net (fo=2, unplaced)         0.281     1.981    controller_core_inst/wr_active_q2
                         LUT2 (Prop_lut2_I1_O)        0.043     2.024 r  controller_core_inst/bid_q[5]_i_3/O
                         net (fo=3, unplaced)         0.288     2.312    controller_core_inst/bid_q[5]_i_3_n_0
                         LUT6 (Prop_lut6_I0_O)        0.043     2.355 f  controller_core_inst/wr_beat_q[7]_i_5/O
                         net (fo=5, unplaced)         0.298     2.653    controller_core_inst/wr_beat_q[7]_i_5_n_0
                         LUT2 (Prop_lut2_I1_O)        0.043     2.696 r  controller_core_inst/wr_beat_q[7]_i_3/O
                         net (fo=37, unplaced)        0.345     3.041    controller_core_inst/wr_beat_q[7]_i_3_n_0
                         LUT4 (Prop_lut4_I1_O)        0.043     3.084 r  controller_core_inst/wr_addr_q[30]_i_1/O
                         net (fo=31, unplaced)        0.342     3.426    controller_core_inst_n_48
                         FDCE                                         r  wr_addr_q_reg[25]/CE
  -------------------------------------------------------------------    -------------------

                         (clock axi_clk rise edge)    3.000     3.000 r  
                                                      0.000     3.000 r  aclk (IN)
                         net (fo=575, unset)          0.510     3.510    aclk
                         FDCE                                         r  wr_addr_q_reg[25]/C
                         clock pessimism              0.000     3.510    
                         clock uncertainty           -0.035     3.475    
                         FDCE (Setup_fdce_C_CE)      -0.245     3.230    wr_addr_q_reg[25]
  -------------------------------------------------------------------
                         required time                          3.230    
                         arrival time                          -3.426    
  -------------------------------------------------------------------
                         slack                                 -0.196    

Slack (VIOLATED) :        -0.196ns  (required time - arrival time)
  Source:                 wr_len_q_reg[3]/C
                            (rising edge-triggered cell FDCE clocked by axi_clk  {rise@0.000ns fall@1.500ns period=3.000ns})
  Destination:            wr_addr_q_reg[26]/CE
                            (rising edge-triggered cell FDCE clocked by axi_clk  {rise@0.000ns fall@1.500ns period=3.000ns})
  Path Group:             axi_clk
  Path Type:              Setup (Max at Slow Process Corner)
  Requirement:            3.000ns  (axi_clk rise@3.000ns - axi_clk rise@0.000ns)
  Data Path Delay:        2.889ns  (logic 0.503ns (17.411%)  route 2.386ns (82.589%))
  Logic Levels:           6  (LUT2=2 LUT4=1 LUT6=3)
  Clock Path Skew:        -0.027ns (DCD - SCD + CPR)
    Destination Clock Delay (DCD):    0.510ns = ( 3.510 - 3.000 ) 
    Source Clock Delay      (SCD):    0.537ns
    Clock Pessimism Removal (CPR):    0.000ns
  Clock Uncertainty:      0.035ns  ((TSJ^2 + TIJ^2)^1/2 + DJ) / 2 + PE
    Total System Jitter     (TSJ):    0.071ns
    Total Input Jitter      (TIJ):    0.000ns
    Discrete Jitter          (DJ):    0.000ns
    Phase Error              (PE):    0.000ns

    Location             Delay type                Incr(ns)  Path(ns)    Netlist Resource(s)
  -------------------------------------------------------------------    -------------------
                         (clock axi_clk rise edge)    0.000     0.000 r  
                                                      0.000     0.000 r  aclk (IN)
                         net (fo=575, unset)          0.537     0.537    aclk
                         FDCE                                         r  wr_len_q_reg[3]/C
  -------------------------------------------------------------------    -------------------
                         FDCE (Prop_fdce_C_Q)         0.165     0.702 r  wr_len_q_reg[3]/Q
                         net (fo=7, unplaced)         0.562     1.264    controller_core_inst/wr_expected_last_q_reg_0[3]
                         LUT6 (Prop_lut6_I0_O)        0.123     1.387 f  controller_core_inst/wr_expected_last_q_i_4/O
                         net (fo=1, unplaced)         0.270     1.657    controller_core_inst/wr_expected_last_q_i_4_n_0
                         LUT6 (Prop_lut6_I5_O)        0.043     1.700 r  controller_core_inst/wr_expected_last_q_i_2/O
                         net (fo=2, unplaced)         0.281     1.981    controller_core_inst/wr_active_q2
                         LUT2 (Prop_lut2_I1_O)        0.043     2.024 r  controller_core_inst/bid_q[5]_i_3/O
                         net (fo=3, unplaced)         0.288     2.312    controller_core_inst/bid_q[5]_i_3_n_0
                         LUT6 (Prop_lut6_I0_O)        0.043     2.355 f  controller_core_inst/wr_beat_q[7]_i_5/O
                         net (fo=5, unplaced)         0.298     2.653    controller_core_inst/wr_beat_q[7]_i_5_n_0
                         LUT2 (Prop_lut2_I1_O)        0.043     2.696 r  controller_core_inst/wr_beat_q[7]_i_3/O
                         net (fo=37, unplaced)        0.345     3.041    controller_core_inst/wr_beat_q[7]_i_3_n_0
                         LUT4 (Prop_lut4_I1_O)        0.043     3.084 r  controller_core_inst/wr_addr_q[30]_i_1/O
                         net (fo=31, unplaced)        0.342     3.426    controller_core_inst_n_48
                         FDCE                                         r  wr_addr_q_reg[26]/CE
  -------------------------------------------------------------------    -------------------

                         (clock axi_clk rise edge)    3.000     3.000 r  
                                                      0.000     3.000 r  aclk (IN)
                         net (fo=575, unset)          0.510     3.510    aclk
                         FDCE                                         r  wr_addr_q_reg[26]/C
                         clock pessimism              0.000     3.510    
                         clock uncertainty           -0.035     3.475    
                         FDCE (Setup_fdce_C_CE)      -0.245     3.230    wr_addr_q_reg[26]
  -------------------------------------------------------------------
                         required time                          3.230    
                         arrival time                          -3.426    
  -------------------------------------------------------------------
                         slack                                 -0.196    

Slack (VIOLATED) :        -0.196ns  (required time - arrival time)
  Source:                 wr_len_q_reg[3]/C
                            (rising edge-triggered cell FDCE clocked by axi_clk  {rise@0.000ns fall@1.500ns period=3.000ns})
  Destination:            wr_addr_q_reg[27]/CE
                            (rising edge-triggered cell FDCE clocked by axi_clk  {rise@0.000ns fall@1.500ns period=3.000ns})
  Path Group:             axi_clk
  Path Type:              Setup (Max at Slow Process Corner)
  Requirement:            3.000ns  (axi_clk rise@3.000ns - axi_clk rise@0.000ns)
  Data Path Delay:        2.889ns  (logic 0.503ns (17.411%)  route 2.386ns (82.589%))
  Logic Levels:           6  (LUT2=2 LUT4=1 LUT6=3)
  Clock Path Skew:        -0.027ns (DCD - SCD + CPR)
    Destination Clock Delay (DCD):    0.510ns = ( 3.510 - 3.000 ) 
    Source Clock Delay      (SCD):    0.537ns
    Clock Pessimism Removal (CPR):    0.000ns
  Clock Uncertainty:      0.035ns  ((TSJ^2 + TIJ^2)^1/2 + DJ) / 2 + PE
    Total System Jitter     (TSJ):    0.071ns
    Total Input Jitter      (TIJ):    0.000ns
    Discrete Jitter          (DJ):    0.000ns
    Phase Error              (PE):    0.000ns

    Location             Delay type                Incr(ns)  Path(ns)    Netlist Resource(s)
  -------------------------------------------------------------------    -------------------
                         (clock axi_clk rise edge)    0.000     0.000 r  
                                                      0.000     0.000 r  aclk (IN)
                         net (fo=575, unset)          0.537     0.537    aclk
                         FDCE                                         r  wr_len_q_reg[3]/C
  -------------------------------------------------------------------    -------------------
                         FDCE (Prop_fdce_C_Q)         0.165     0.702 r  wr_len_q_reg[3]/Q
                         net (fo=7, unplaced)         0.562     1.264    controller_core_inst/wr_expected_last_q_reg_0[3]
                         LUT6 (Prop_lut6_I0_O)        0.123     1.387 f  controller_core_inst/wr_expected_last_q_i_4/O
                         net (fo=1, unplaced)         0.270     1.657    controller_core_inst/wr_expected_last_q_i_4_n_0
                         LUT6 (Prop_lut6_I5_O)        0.043     1.700 r  controller_core_inst/wr_expected_last_q_i_2/O
                         net (fo=2, unplaced)         0.281     1.981    controller_core_inst/wr_active_q2
                         LUT2 (Prop_lut2_I1_O)        0.043     2.024 r  controller_core_inst/bid_q[5]_i_3/O
                         net (fo=3, unplaced)         0.288     2.312    controller_core_inst/bid_q[5]_i_3_n_0
                         LUT6 (Prop_lut6_I0_O)        0.043     2.355 f  controller_core_inst/wr_beat_q[7]_i_5/O
                         net (fo=5, unplaced)         0.298     2.653    controller_core_inst/wr_beat_q[7]_i_5_n_0
                         LUT2 (Prop_lut2_I1_O)        0.043     2.696 r  controller_core_inst/wr_beat_q[7]_i_3/O
                         net (fo=37, unplaced)        0.345     3.041    controller_core_inst/wr_beat_q[7]_i_3_n_0
                         LUT4 (Prop_lut4_I1_O)        0.043     3.084 r  controller_core_inst/wr_addr_q[30]_i_1/O
                         net (fo=31, unplaced)        0.342     3.426    controller_core_inst_n_48
                         FDCE                                         r  wr_addr_q_reg[27]/CE
  -------------------------------------------------------------------    -------------------

                         (clock axi_clk rise edge)    3.000     3.000 r  
                                                      0.000     3.000 r  aclk (IN)
                         net (fo=575, unset)          0.510     3.510    aclk
                         FDCE                                         r  wr_addr_q_reg[27]/C
                         clock pessimism              0.000     3.510    
                         clock uncertainty           -0.035     3.475    
                         FDCE (Setup_fdce_C_CE)      -0.245     3.230    wr_addr_q_reg[27]
  -------------------------------------------------------------------
                         required time                          3.230    
                         arrival time                          -3.426    
  -------------------------------------------------------------------
                         slack                                 -0.196    





Pulse Width Checks
--------------------------------------------------------------------------------------
Clock Name:         axi_clk
Waveform(ns):       { 0.000 1.500 }
Period(ns):         3.000
Sources:            { aclk }

Check Type        Corner  Lib Pin  Reference Pin  Required(ns)  Actual(ns)  Slack(ns)  Location  Pin
Min Period        n/a     FDPE/C   n/a            0.700         3.000       2.300                arb_write_q_reg/C
Min Period        n/a     FDCE/C   n/a            0.700         3.000       2.300                bid_q_reg[0]/C
Min Period        n/a     FDCE/C   n/a            0.700         3.000       2.300                bid_q_reg[1]/C
Min Period        n/a     FDCE/C   n/a            0.700         3.000       2.300                bid_q_reg[2]/C
Min Period        n/a     FDCE/C   n/a            0.700         3.000       2.300                bid_q_reg[3]/C
Min Period        n/a     FDCE/C   n/a            0.700         3.000       2.300                bid_q_reg[4]/C
Min Period        n/a     FDCE/C   n/a            0.700         3.000       2.300                bid_q_reg[5]/C
Min Period        n/a     FDCE/C   n/a            0.700         3.000       2.300                bresp_q_reg[0]/C
Min Period        n/a     FDCE/C   n/a            0.700         3.000       2.300                bresp_q_reg[1]/C
Min Period        n/a     FDCE/C   n/a            0.700         3.000       2.300                bvalid_q_reg/C
Min Period        n/a     FDCE/C   n/a            0.700         3.000       2.300                rd_active_q_reg/C
Min Period        n/a     FDCE/C   n/a            0.700         3.000       2.300                rd_addr_q_reg[0]/C
Min Period        n/a     FDCE/C   n/a            0.700         3.000       2.300                rd_addr_q_reg[10]/C
Min Period        n/a     FDCE/C   n/a            0.700         3.000       2.300                rd_addr_q_reg[11]/C
Min Period        n/a     FDCE/C   n/a            0.700         3.000       2.300                rd_addr_q_reg[12]/C
Min Period        n/a     FDCE/C   n/a            0.700         3.000       2.300                rd_addr_q_reg[13]/C
Min Period        n/a     FDCE/C   n/a            0.700         3.000       2.300                rd_addr_q_reg[14]/C
Min Period        n/a     FDCE/C   n/a            0.700         3.000       2.300                rd_addr_q_reg[15]/C
Min Period        n/a     FDCE/C   n/a            0.700         3.000       2.300                rd_addr_q_reg[16]/C
Min Period        n/a     FDCE/C   n/a            0.700         3.000       2.300                rd_addr_q_reg[17]/C
Low Pulse Width   Slow    FDPE/C   n/a            0.350         1.500       1.150                arb_write_q_reg/C
Low Pulse Width   Fast    FDPE/C   n/a            0.350         1.500       1.150                arb_write_q_reg/C
Low Pulse Width   Slow    FDCE/C   n/a            0.350         1.500       1.150                bid_q_reg[0]/C
Low Pulse Width   Fast    FDCE/C   n/a            0.350         1.500       1.150                bid_q_reg[0]/C
Low Pulse Width   Slow    FDCE/C   n/a            0.350         1.500       1.150                bid_q_reg[1]/C
Low Pulse Width   Fast    FDCE/C   n/a            0.350         1.500       1.150                bid_q_reg[1]/C
Low Pulse Width   Slow    FDCE/C   n/a            0.350         1.500       1.150                bid_q_reg[2]/C
Low Pulse Width   Fast    FDCE/C   n/a            0.350         1.500       1.150                bid_q_reg[2]/C
Low Pulse Width   Slow    FDCE/C   n/a            0.350         1.500       1.150                bid_q_reg[3]/C
Low Pulse Width   Fast    FDCE/C   n/a            0.350         1.500       1.150                bid_q_reg[3]/C
Low Pulse Width   Slow    FDCE/C   n/a            0.350         1.500       1.150                bid_q_reg[4]/C
Low Pulse Width   Fast    FDCE/C   n/a            0.350         1.500       1.150                bid_q_reg[4]/C
Low Pulse Width   Slow    FDCE/C   n/a            0.350         1.500       1.150                bid_q_reg[5]/C
Low Pulse Width   Fast    FDCE/C   n/a            0.350         1.500       1.150                bid_q_reg[5]/C
Low Pulse Width   Slow    FDCE/C   n/a            0.350         1.500       1.150                bresp_q_reg[0]/C
Low Pulse Width   Fast    FDCE/C   n/a            0.350         1.500       1.150                bresp_q_reg[0]/C
Low Pulse Width   Slow    FDCE/C   n/a            0.350         1.500       1.150                bresp_q_reg[1]/C
Low Pulse Width   Fast    FDCE/C   n/a            0.350         1.500       1.150                bresp_q_reg[1]/C
Low Pulse Width   Slow    FDCE/C   n/a            0.350         1.500       1.150                bvalid_q_reg/C
Low Pulse Width   Fast    FDCE/C   n/a            0.350         1.500       1.150                bvalid_q_reg/C
High Pulse Width  Slow    FDPE/C   n/a            0.350         1.500       1.150                arb_write_q_reg/C
High Pulse Width  Fast    FDPE/C   n/a            0.350         1.500       1.150                arb_write_q_reg/C
High Pulse Width  Slow    FDCE/C   n/a            0.350         1.500       1.150                bid_q_reg[0]/C
High Pulse Width  Fast    FDCE/C   n/a            0.350         1.500       1.150                bid_q_reg[0]/C
High Pulse Width  Slow    FDCE/C   n/a            0.350         1.500       1.150                bid_q_reg[1]/C
High Pulse Width  Fast    FDCE/C   n/a            0.350         1.500       1.150                bid_q_reg[1]/C
High Pulse Width  Slow    FDCE/C   n/a            0.350         1.500       1.150                bid_q_reg[2]/C
High Pulse Width  Fast    FDCE/C   n/a            0.350         1.500       1.150                bid_q_reg[2]/C
High Pulse Width  Slow    FDCE/C   n/a            0.350         1.500       1.150                bid_q_reg[3]/C
High Pulse Width  Fast    FDCE/C   n/a            0.350         1.500       1.150                bid_q_reg[3]/C
High Pulse Width  Slow    FDCE/C   n/a            0.350         1.500       1.150                bid_q_reg[4]/C
High Pulse Width  Fast    FDCE/C   n/a            0.350         1.500       1.150                bid_q_reg[4]/C
High Pulse Width  Slow    FDCE/C   n/a            0.350         1.500       1.150                bid_q_reg[5]/C
High Pulse Width  Fast    FDCE/C   n/a            0.350         1.500       1.150                bid_q_reg[5]/C
High Pulse Width  Slow    FDCE/C   n/a            0.350         1.500       1.150                bresp_q_reg[0]/C
High Pulse Width  Fast    FDCE/C   n/a            0.350         1.500       1.150                bresp_q_reg[0]/C
High Pulse Width  Slow    FDCE/C   n/a            0.350         1.500       1.150                bresp_q_reg[1]/C
High Pulse Width  Fast    FDCE/C   n/a            0.350         1.500       1.150                bresp_q_reg[1]/C
High Pulse Width  Slow    FDCE/C   n/a            0.350         1.500       1.150                bvalid_q_reg/C
High Pulse Width  Fast    FDCE/C   n/a            0.350         1.500       1.150                bvalid_q_reg/C



--------------------------------------------------------------------------------------
Path Group:  (none)
From Clock:  
  To Clock:  axi_clk

Max Delay           576 Endpoints
Min Delay             0 Endpoints
--------------------------------------------------------------------------------------


Max Delay Paths
--------------------------------------------------------------------------------------
Slack:                    inf
  Source:                 aresetn
                            (input port)
  Destination:            arb_write_q_reg/PRE
                            (recovery check against rising-edge clock axi_clk  {rise@0.000ns fall@1.500ns period=3.000ns})
  Path Group:             (none)
  Path Type:              Recovery (Max at Slow Process Corner)
  Data Path Delay:        1.094ns  (logic 0.043ns (3.931%)  route 1.051ns (96.069%))
  Logic Levels:           1  (LUT1=1)
  Clock Path Skew:        0.510ns (DCD - SCD + CPR)
    Destination Clock Delay (DCD):    0.510ns
    Source Clock Delay      (SCD):    0.000ns
    Clock Pessimism Removal (CPR):    0.000ns
  Clock Uncertainty:      0.025ns  ((TSJ^2 + TIJ^2)^1/2 + DJ) / 2 + PE
    Total System Jitter     (TSJ):    0.050ns
    Total Input Jitter      (TIJ):    0.000ns
    Discrete Jitter          (DJ):    0.000ns
    Phase Error              (PE):    0.000ns
  Timing Exception:       False Path

    Location             Delay type                Incr(ns)  Path(ns)    Netlist Resource(s)
  -------------------------------------------------------------------    -------------------
                                                      0.000     0.000 r  aresetn (IN)
                         net (fo=0)                   0.537     0.537    controller_core_inst/aresetn
                         LUT1 (Prop_lut1_I0_O)        0.043     0.580 f  controller_core_inst/bid_q[5]_i_2/O
                         net (fo=576, unplaced)       0.514     1.094    controller_core_inst_n_0
                         FDPE                                         f  arb_write_q_reg/PRE
  -------------------------------------------------------------------    -------------------

                         (clock axi_clk rise edge)    0.000     0.000 r  
                                                      0.000     0.000 r  aclk (IN)
                         net (fo=575, unset)          0.510     0.510    aclk
                         FDPE                                         r  arb_write_q_reg/C

Slack:                    inf
  Source:                 aresetn
                            (input port)
  Destination:            bid_q_reg[0]/CLR
                            (recovery check against rising-edge clock axi_clk  {rise@0.000ns fall@1.500ns period=3.000ns})
  Path Group:             (none)
  Path Type:              Recovery (Max at Slow Process Corner)
  Data Path Delay:        1.094ns  (logic 0.043ns (3.931%)  route 1.051ns (96.069%))
  Logic Levels:           1  (LUT1=1)
  Clock Path Skew:        0.510ns (DCD - SCD + CPR)
    Destination Clock Delay (DCD):    0.510ns
    Source Clock Delay      (SCD):    0.000ns
    Clock Pessimism Removal (CPR):    0.000ns
  Clock Uncertainty:      0.025ns  ((TSJ^2 + TIJ^2)^1/2 + DJ) / 2 + PE
    Total System Jitter     (TSJ):    0.050ns
    Total Input Jitter      (TIJ):    0.000ns
    Discrete Jitter          (DJ):    0.000ns
    Phase Error              (PE):    0.000ns
  Timing Exception:       False Path

    Location             Delay type                Incr(ns)  Path(ns)    Netlist Resource(s)
  -------------------------------------------------------------------    -------------------
                                                      0.000     0.000 r  aresetn (IN)
                         net (fo=0)                   0.537     0.537    controller_core_inst/aresetn
                         LUT1 (Prop_lut1_I0_O)        0.043     0.580 f  controller_core_inst/bid_q[5]_i_2/O
                         net (fo=576, unplaced)       0.514     1.094    controller_core_inst_n_0
                         FDCE                                         f  bid_q_reg[0]/CLR
  -------------------------------------------------------------------    -------------------

                         (clock axi_clk rise edge)    0.000     0.000 r  
                                                      0.000     0.000 r  aclk (IN)
                         net (fo=575, unset)          0.510     0.510    aclk
                         FDCE                                         r  bid_q_reg[0]/C

Slack:                    inf
  Source:                 aresetn
                            (input port)
  Destination:            bid_q_reg[1]/CLR
                            (recovery check against rising-edge clock axi_clk  {rise@0.000ns fall@1.500ns period=3.000ns})
  Path Group:             (none)
  Path Type:              Recovery (Max at Slow Process Corner)
  Data Path Delay:        1.094ns  (logic 0.043ns (3.931%)  route 1.051ns (96.069%))
  Logic Levels:           1  (LUT1=1)
  Clock Path Skew:        0.510ns (DCD - SCD + CPR)
    Destination Clock Delay (DCD):    0.510ns
    Source Clock Delay      (SCD):    0.000ns
    Clock Pessimism Removal (CPR):    0.000ns
  Clock Uncertainty:      0.025ns  ((TSJ^2 + TIJ^2)^1/2 + DJ) / 2 + PE
    Total System Jitter     (TSJ):    0.050ns
    Total Input Jitter      (TIJ):    0.000ns
    Discrete Jitter          (DJ):    0.000ns
    Phase Error              (PE):    0.000ns
  Timing Exception:       False Path

    Location             Delay type                Incr(ns)  Path(ns)    Netlist Resource(s)
  -------------------------------------------------------------------    -------------------
                                                      0.000     0.000 r  aresetn (IN)
                         net (fo=0)                   0.537     0.537    controller_core_inst/aresetn
                         LUT1 (Prop_lut1_I0_O)        0.043     0.580 f  controller_core_inst/bid_q[5]_i_2/O
                         net (fo=576, unplaced)       0.514     1.094    controller_core_inst_n_0
                         FDCE                                         f  bid_q_reg[1]/CLR
  -------------------------------------------------------------------    -------------------

                         (clock axi_clk rise edge)    0.000     0.000 r  
                                                      0.000     0.000 r  aclk (IN)
                         net (fo=575, unset)          0.510     0.510    aclk
                         FDCE                                         r  bid_q_reg[1]/C

Slack:                    inf
  Source:                 aresetn
                            (input port)
  Destination:            bid_q_reg[2]/CLR
                            (recovery check against rising-edge clock axi_clk  {rise@0.000ns fall@1.500ns period=3.000ns})
  Path Group:             (none)
  Path Type:              Recovery (Max at Slow Process Corner)
  Data Path Delay:        1.094ns  (logic 0.043ns (3.931%)  route 1.051ns (96.069%))
  Logic Levels:           1  (LUT1=1)
  Clock Path Skew:        0.510ns (DCD - SCD + CPR)
    Destination Clock Delay (DCD):    0.510ns
    Source Clock Delay      (SCD):    0.000ns
    Clock Pessimism Removal (CPR):    0.000ns
  Clock Uncertainty:      0.025ns  ((TSJ^2 + TIJ^2)^1/2 + DJ) / 2 + PE
    Total System Jitter     (TSJ):    0.050ns
    Total Input Jitter      (TIJ):    0.000ns
    Discrete Jitter          (DJ):    0.000ns
    Phase Error              (PE):    0.000ns
  Timing Exception:       False Path

    Location             Delay type                Incr(ns)  Path(ns)    Netlist Resource(s)
  -------------------------------------------------------------------    -------------------
                                                      0.000     0.000 r  aresetn (IN)
                         net (fo=0)                   0.537     0.537    controller_core_inst/aresetn
                         LUT1 (Prop_lut1_I0_O)        0.043     0.580 f  controller_core_inst/bid_q[5]_i_2/O
                         net (fo=576, unplaced)       0.514     1.094    controller_core_inst_n_0
                         FDCE                                         f  bid_q_reg[2]/CLR
  -------------------------------------------------------------------    -------------------

                         (clock axi_clk rise edge)    0.000     0.000 r  
                                                      0.000     0.000 r  aclk (IN)
                         net (fo=575, unset)          0.510     0.510    aclk
                         FDCE                                         r  bid_q_reg[2]/C

Slack:                    inf
  Source:                 aresetn
                            (input port)
  Destination:            bid_q_reg[3]/CLR
                            (recovery check against rising-edge clock axi_clk  {rise@0.000ns fall@1.500ns period=3.000ns})
  Path Group:             (none)
  Path Type:              Recovery (Max at Slow Process Corner)
  Data Path Delay:        1.094ns  (logic 0.043ns (3.931%)  route 1.051ns (96.069%))
  Logic Levels:           1  (LUT1=1)
  Clock Path Skew:        0.510ns (DCD - SCD + CPR)
    Destination Clock Delay (DCD):    0.510ns
    Source Clock Delay      (SCD):    0.000ns
    Clock Pessimism Removal (CPR):    0.000ns
  Clock Uncertainty:      0.025ns  ((TSJ^2 + TIJ^2)^1/2 + DJ) / 2 + PE
    Total System Jitter     (TSJ):    0.050ns
    Total Input Jitter      (TIJ):    0.000ns
    Discrete Jitter          (DJ):    0.000ns
    Phase Error              (PE):    0.000ns
  Timing Exception:       False Path

    Location             Delay type                Incr(ns)  Path(ns)    Netlist Resource(s)
  -------------------------------------------------------------------    -------------------
                                                      0.000     0.000 r  aresetn (IN)
                         net (fo=0)                   0.537     0.537    controller_core_inst/aresetn
                         LUT1 (Prop_lut1_I0_O)        0.043     0.580 f  controller_core_inst/bid_q[5]_i_2/O
                         net (fo=576, unplaced)       0.514     1.094    controller_core_inst_n_0
                         FDCE                                         f  bid_q_reg[3]/CLR
  -------------------------------------------------------------------    -------------------

                         (clock axi_clk rise edge)    0.000     0.000 r  
                                                      0.000     0.000 r  aclk (IN)
                         net (fo=575, unset)          0.510     0.510    aclk
                         FDCE                                         r  bid_q_reg[3]/C

Slack:                    inf
  Source:                 aresetn
                            (input port)
  Destination:            bid_q_reg[4]/CLR
                            (recovery check against rising-edge clock axi_clk  {rise@0.000ns fall@1.500ns period=3.000ns})
  Path Group:             (none)
  Path Type:              Recovery (Max at Slow Process Corner)
  Data Path Delay:        1.094ns  (logic 0.043ns (3.931%)  route 1.051ns (96.069%))
  Logic Levels:           1  (LUT1=1)
  Clock Path Skew:        0.510ns (DCD - SCD + CPR)
    Destination Clock Delay (DCD):    0.510ns
    Source Clock Delay      (SCD):    0.000ns
    Clock Pessimism Removal (CPR):    0.000ns
  Clock Uncertainty:      0.025ns  ((TSJ^2 + TIJ^2)^1/2 + DJ) / 2 + PE
    Total System Jitter     (TSJ):    0.050ns
    Total Input Jitter      (TIJ):    0.000ns
    Discrete Jitter          (DJ):    0.000ns
    Phase Error              (PE):    0.000ns
  Timing Exception:       False Path

    Location             Delay type                Incr(ns)  Path(ns)    Netlist Resource(s)
  -------------------------------------------------------------------    -------------------
                                                      0.000     0.000 r  aresetn (IN)
                         net (fo=0)                   0.537     0.537    controller_core_inst/aresetn
                         LUT1 (Prop_lut1_I0_O)        0.043     0.580 f  controller_core_inst/bid_q[5]_i_2/O
                         net (fo=576, unplaced)       0.514     1.094    controller_core_inst_n_0
                         FDCE                                         f  bid_q_reg[4]/CLR
  -------------------------------------------------------------------    -------------------

                         (clock axi_clk rise edge)    0.000     0.000 r  
                                                      0.000     0.000 r  aclk (IN)
                         net (fo=575, unset)          0.510     0.510    aclk
                         FDCE                                         r  bid_q_reg[4]/C

Slack:                    inf
  Source:                 aresetn
                            (input port)
  Destination:            bid_q_reg[5]/CLR
                            (recovery check against rising-edge clock axi_clk  {rise@0.000ns fall@1.500ns period=3.000ns})
  Path Group:             (none)
  Path Type:              Recovery (Max at Slow Process Corner)
  Data Path Delay:        1.094ns  (logic 0.043ns (3.931%)  route 1.051ns (96.069%))
  Logic Levels:           1  (LUT1=1)
  Clock Path Skew:        0.510ns (DCD - SCD + CPR)
    Destination Clock Delay (DCD):    0.510ns
    Source Clock Delay      (SCD):    0.000ns
    Clock Pessimism Removal (CPR):    0.000ns
  Clock Uncertainty:      0.025ns  ((TSJ^2 + TIJ^2)^1/2 + DJ) / 2 + PE
    Total System Jitter     (TSJ):    0.050ns
    Total Input Jitter      (TIJ):    0.000ns
    Discrete Jitter          (DJ):    0.000ns
    Phase Error              (PE):    0.000ns
  Timing Exception:       False Path

    Location             Delay type                Incr(ns)  Path(ns)    Netlist Resource(s)
  -------------------------------------------------------------------    -------------------
                                                      0.000     0.000 r  aresetn (IN)
                         net (fo=0)                   0.537     0.537    controller_core_inst/aresetn
                         LUT1 (Prop_lut1_I0_O)        0.043     0.580 f  controller_core_inst/bid_q[5]_i_2/O
                         net (fo=576, unplaced)       0.514     1.094    controller_core_inst_n_0
                         FDCE                                         f  bid_q_reg[5]/CLR
  -------------------------------------------------------------------    -------------------

                         (clock axi_clk rise edge)    0.000     0.000 r  
                                                      0.000     0.000 r  aclk (IN)
                         net (fo=575, unset)          0.510     0.510    aclk
                         FDCE                                         r  bid_q_reg[5]/C

Slack:                    inf
  Source:                 aresetn
                            (input port)
  Destination:            bresp_q_reg[0]/CLR
                            (recovery check against rising-edge clock axi_clk  {rise@0.000ns fall@1.500ns period=3.000ns})
  Path Group:             (none)
  Path Type:              Recovery (Max at Slow Process Corner)
  Data Path Delay:        1.094ns  (logic 0.043ns (3.931%)  route 1.051ns (96.069%))
  Logic Levels:           1  (LUT1=1)
  Clock Path Skew:        0.510ns (DCD - SCD + CPR)
    Destination Clock Delay (DCD):    0.510ns
    Source Clock Delay      (SCD):    0.000ns
    Clock Pessimism Removal (CPR):    0.000ns
  Clock Uncertainty:      0.025ns  ((TSJ^2 + TIJ^2)^1/2 + DJ) / 2 + PE
    Total System Jitter     (TSJ):    0.050ns
    Total Input Jitter      (TIJ):    0.000ns
    Discrete Jitter          (DJ):    0.000ns
    Phase Error              (PE):    0.000ns
  Timing Exception:       False Path

    Location             Delay type                Incr(ns)  Path(ns)    Netlist Resource(s)
  -------------------------------------------------------------------    -------------------
                                                      0.000     0.000 r  aresetn (IN)
                         net (fo=0)                   0.537     0.537    controller_core_inst/aresetn
                         LUT1 (Prop_lut1_I0_O)        0.043     0.580 f  controller_core_inst/bid_q[5]_i_2/O
                         net (fo=576, unplaced)       0.514     1.094    controller_core_inst_n_0
                         FDCE                                         f  bresp_q_reg[0]/CLR
  -------------------------------------------------------------------    -------------------

                         (clock axi_clk rise edge)    0.000     0.000 r  
                                                      0.000     0.000 r  aclk (IN)
                         net (fo=575, unset)          0.510     0.510    aclk
                         FDCE                                         r  bresp_q_reg[0]/C

Slack:                    inf
  Source:                 aresetn
                            (input port)
  Destination:            bresp_q_reg[1]/CLR
                            (recovery check against rising-edge clock axi_clk  {rise@0.000ns fall@1.500ns period=3.000ns})
  Path Group:             (none)
  Path Type:              Recovery (Max at Slow Process Corner)
  Data Path Delay:        1.094ns  (logic 0.043ns (3.931%)  route 1.051ns (96.069%))
  Logic Levels:           1  (LUT1=1)
  Clock Path Skew:        0.510ns (DCD - SCD + CPR)
    Destination Clock Delay (DCD):    0.510ns
    Source Clock Delay      (SCD):    0.000ns
    Clock Pessimism Removal (CPR):    0.000ns
  Clock Uncertainty:      0.025ns  ((TSJ^2 + TIJ^2)^1/2 + DJ) / 2 + PE
    Total System Jitter     (TSJ):    0.050ns
    Total Input Jitter      (TIJ):    0.000ns
    Discrete Jitter          (DJ):    0.000ns
    Phase Error              (PE):    0.000ns
  Timing Exception:       False Path

    Location             Delay type                Incr(ns)  Path(ns)    Netlist Resource(s)
  -------------------------------------------------------------------    -------------------
                                                      0.000     0.000 r  aresetn (IN)
                         net (fo=0)                   0.537     0.537    controller_core_inst/aresetn
                         LUT1 (Prop_lut1_I0_O)        0.043     0.580 f  controller_core_inst/bid_q[5]_i_2/O
                         net (fo=576, unplaced)       0.514     1.094    controller_core_inst_n_0
                         FDCE                                         f  bresp_q_reg[1]/CLR
  -------------------------------------------------------------------    -------------------

                         (clock axi_clk rise edge)    0.000     0.000 r  
                                                      0.000     0.000 r  aclk (IN)
                         net (fo=575, unset)          0.510     0.510    aclk
                         FDCE                                         r  bresp_q_reg[1]/C

Slack:                    inf
  Source:                 aresetn
                            (input port)
  Destination:            bvalid_q_reg/CLR
                            (recovery check against rising-edge clock axi_clk  {rise@0.000ns fall@1.500ns period=3.000ns})
  Path Group:             (none)
  Path Type:              Recovery (Max at Slow Process Corner)
  Data Path Delay:        1.094ns  (logic 0.043ns (3.931%)  route 1.051ns (96.069%))
  Logic Levels:           1  (LUT1=1)
  Clock Path Skew:        0.510ns (DCD - SCD + CPR)
    Destination Clock Delay (DCD):    0.510ns
    Source Clock Delay      (SCD):    0.000ns
    Clock Pessimism Removal (CPR):    0.000ns
  Clock Uncertainty:      0.025ns  ((TSJ^2 + TIJ^2)^1/2 + DJ) / 2 + PE
    Total System Jitter     (TSJ):    0.050ns
    Total Input Jitter      (TIJ):    0.000ns
    Discrete Jitter          (DJ):    0.000ns
    Phase Error              (PE):    0.000ns
  Timing Exception:       False Path

    Location             Delay type                Incr(ns)  Path(ns)    Netlist Resource(s)
  -------------------------------------------------------------------    -------------------
                                                      0.000     0.000 r  aresetn (IN)
                         net (fo=0)                   0.537     0.537    controller_core_inst/aresetn
                         LUT1 (Prop_lut1_I0_O)        0.043     0.580 f  controller_core_inst/bid_q[5]_i_2/O
                         net (fo=576, unplaced)       0.514     1.094    controller_core_inst_n_0
                         FDCE                                         f  bvalid_q_reg/CLR
  -------------------------------------------------------------------    -------------------

                         (clock axi_clk rise edge)    0.000     0.000 r  
                                                      0.000     0.000 r  aclk (IN)
                         net (fo=575, unset)          0.510     0.510    aclk
                         FDCE                                         r  bvalid_q_reg/C

Slack:                    inf
  Source:                 aresetn
                            (input port)
  Destination:            controller_core_inst/FSM_onehot_state_q_reg[0]/CLR
                            (recovery check against rising-edge clock axi_clk  {rise@0.000ns fall@1.500ns period=3.000ns})
  Path Group:             (none)
  Path Type:              Recovery (Max at Slow Process Corner)
  Data Path Delay:        1.094ns  (logic 0.043ns (3.931%)  route 1.051ns (96.069%))
  Logic Levels:           1  (LUT1=1)
  Clock Path Skew:        0.510ns (DCD - SCD + CPR)
    Destination Clock Delay (DCD):    0.510ns
    Source Clock Delay      (SCD):    0.000ns
    Clock Pessimism Removal (CPR):    0.000ns
  Clock Uncertainty:      0.025ns  ((TSJ^2 + TIJ^2)^1/2 + DJ) / 2 + PE
    Total System Jitter     (TSJ):    0.050ns
    Total Input Jitter      (TIJ):    0.000ns
    Discrete Jitter          (DJ):    0.000ns
    Phase Error              (PE):    0.000ns
  Timing Exception:       False Path

    Location             Delay type                Incr(ns)  Path(ns)    Netlist Resource(s)
  -------------------------------------------------------------------    -------------------
                                                      0.000     0.000 r  aresetn (IN)
                         net (fo=0)                   0.537     0.537    controller_core_inst/aresetn
                         LUT1 (Prop_lut1_I0_O)        0.043     0.580 f  controller_core_inst/bid_q[5]_i_2/O
                         net (fo=576, unplaced)       0.514     1.094    controller_core_inst/aresetn_0
                         FDCE                                         f  controller_core_inst/FSM_onehot_state_q_reg[0]/CLR
  -------------------------------------------------------------------    -------------------

                         (clock axi_clk rise edge)    0.000     0.000 r  
                                                      0.000     0.000 r  aclk (IN)
                         net (fo=575, unset)          0.510     0.510    controller_core_inst/aclk
                         FDCE                                         r  controller_core_inst/FSM_onehot_state_q_reg[0]/C

Slack:                    inf
  Source:                 aresetn
                            (input port)
  Destination:            controller_core_inst/FSM_onehot_state_q_reg[10]/PRE
                            (recovery check against rising-edge clock axi_clk  {rise@0.000ns fall@1.500ns period=3.000ns})
  Path Group:             (none)
  Path Type:              Recovery (Max at Slow Process Corner)
  Data Path Delay:        1.094ns  (logic 0.043ns (3.931%)  route 1.051ns (96.069%))
  Logic Levels:           1  (LUT1=1)
  Clock Path Skew:        0.510ns (DCD - SCD + CPR)
    Destination Clock Delay (DCD):    0.510ns
    Source Clock Delay      (SCD):    0.000ns
    Clock Pessimism Removal (CPR):    0.000ns
  Clock Uncertainty:      0.025ns  ((TSJ^2 + TIJ^2)^1/2 + DJ) / 2 + PE
    Total System Jitter     (TSJ):    0.050ns
    Total Input Jitter      (TIJ):    0.000ns
    Discrete Jitter          (DJ):    0.000ns
    Phase Error              (PE):    0.000ns
  Timing Exception:       False Path

    Location             Delay type                Incr(ns)  Path(ns)    Netlist Resource(s)
  -------------------------------------------------------------------    -------------------
                                                      0.000     0.000 r  aresetn (IN)
                         net (fo=0)                   0.537     0.537    controller_core_inst/aresetn
                         LUT1 (Prop_lut1_I0_O)        0.043     0.580 f  controller_core_inst/bid_q[5]_i_2/O
                         net (fo=576, unplaced)       0.514     1.094    controller_core_inst/aresetn_0
                         FDPE                                         f  controller_core_inst/FSM_onehot_state_q_reg[10]/PRE
  -------------------------------------------------------------------    -------------------

                         (clock axi_clk rise edge)    0.000     0.000 r  
                                                      0.000     0.000 r  aclk (IN)
                         net (fo=575, unset)          0.510     0.510    controller_core_inst/aclk
                         FDPE                                         r  controller_core_inst/FSM_onehot_state_q_reg[10]/C

Slack:                    inf
  Source:                 aresetn
                            (input port)
  Destination:            controller_core_inst/FSM_onehot_state_q_reg[11]/CLR
                            (recovery check against rising-edge clock axi_clk  {rise@0.000ns fall@1.500ns period=3.000ns})
  Path Group:             (none)
  Path Type:              Recovery (Max at Slow Process Corner)
  Data Path Delay:        1.094ns  (logic 0.043ns (3.931%)  route 1.051ns (96.069%))
  Logic Levels:           1  (LUT1=1)
  Clock Path Skew:        0.510ns (DCD - SCD + CPR)
    Destination Clock Delay (DCD):    0.510ns
    Source Clock Delay      (SCD):    0.000ns
    Clock Pessimism Removal (CPR):    0.000ns
  Clock Uncertainty:      0.025ns  ((TSJ^2 + TIJ^2)^1/2 + DJ) / 2 + PE
    Total System Jitter     (TSJ):    0.050ns
    Total Input Jitter      (TIJ):    0.000ns
    Discrete Jitter          (DJ):    0.000ns
    Phase Error              (PE):    0.000ns
  Timing Exception:       False Path

    Location             Delay type                Incr(ns)  Path(ns)    Netlist Resource(s)
  -------------------------------------------------------------------    -------------------
                                                      0.000     0.000 r  aresetn (IN)
                         net (fo=0)                   0.537     0.537    controller_core_inst/aresetn
                         LUT1 (Prop_lut1_I0_O)        0.043     0.580 f  controller_core_inst/bid_q[5]_i_2/O
                         net (fo=576, unplaced)       0.514     1.094    controller_core_inst/aresetn_0
                         FDCE                                         f  controller_core_inst/FSM_onehot_state_q_reg[11]/CLR
  -------------------------------------------------------------------    -------------------

                         (clock axi_clk rise edge)    0.000     0.000 r  
                                                      0.000     0.000 r  aclk (IN)
                         net (fo=575, unset)          0.510     0.510    controller_core_inst/aclk
                         FDCE                                         r  controller_core_inst/FSM_onehot_state_q_reg[11]/C

Slack:                    inf
  Source:                 aresetn
                            (input port)
  Destination:            controller_core_inst/FSM_onehot_state_q_reg[12]/CLR
                            (recovery check against rising-edge clock axi_clk  {rise@0.000ns fall@1.500ns period=3.000ns})
  Path Group:             (none)
  Path Type:              Recovery (Max at Slow Process Corner)
  Data Path Delay:        1.094ns  (logic 0.043ns (3.931%)  route 1.051ns (96.069%))
  Logic Levels:           1  (LUT1=1)
  Clock Path Skew:        0.510ns (DCD - SCD + CPR)
    Destination Clock Delay (DCD):    0.510ns
    Source Clock Delay      (SCD):    0.000ns
    Clock Pessimism Removal (CPR):    0.000ns
  Clock Uncertainty:      0.025ns  ((TSJ^2 + TIJ^2)^1/2 + DJ) / 2 + PE
    Total System Jitter     (TSJ):    0.050ns
    Total Input Jitter      (TIJ):    0.000ns
    Discrete Jitter          (DJ):    0.000ns
    Phase Error              (PE):    0.000ns
  Timing Exception:       False Path

    Location             Delay type                Incr(ns)  Path(ns)    Netlist Resource(s)
  -------------------------------------------------------------------    -------------------
                                                      0.000     0.000 r  aresetn (IN)
                         net (fo=0)                   0.537     0.537    controller_core_inst/aresetn
                         LUT1 (Prop_lut1_I0_O)        0.043     0.580 f  controller_core_inst/bid_q[5]_i_2/O
                         net (fo=576, unplaced)       0.514     1.094    controller_core_inst/aresetn_0
                         FDCE                                         f  controller_core_inst/FSM_onehot_state_q_reg[12]/CLR
  -------------------------------------------------------------------    -------------------

                         (clock axi_clk rise edge)    0.000     0.000 r  
                                                      0.000     0.000 r  aclk (IN)
                         net (fo=575, unset)          0.510     0.510    controller_core_inst/aclk
                         FDCE                                         r  controller_core_inst/FSM_onehot_state_q_reg[12]/C

Slack:                    inf
  Source:                 aresetn
                            (input port)
  Destination:            controller_core_inst/FSM_onehot_state_q_reg[13]/CLR
                            (recovery check against rising-edge clock axi_clk  {rise@0.000ns fall@1.500ns period=3.000ns})
  Path Group:             (none)
  Path Type:              Recovery (Max at Slow Process Corner)
  Data Path Delay:        1.094ns  (logic 0.043ns (3.931%)  route 1.051ns (96.069%))
  Logic Levels:           1  (LUT1=1)
  Clock Path Skew:        0.510ns (DCD - SCD + CPR)
    Destination Clock Delay (DCD):    0.510ns
    Source Clock Delay      (SCD):    0.000ns
    Clock Pessimism Removal (CPR):    0.000ns
  Clock Uncertainty:      0.025ns  ((TSJ^2 + TIJ^2)^1/2 + DJ) / 2 + PE
    Total System Jitter     (TSJ):    0.050ns
    Total Input Jitter      (TIJ):    0.000ns
    Discrete Jitter          (DJ):    0.000ns
    Phase Error              (PE):    0.000ns
  Timing Exception:       False Path

    Location             Delay type                Incr(ns)  Path(ns)    Netlist Resource(s)
  -------------------------------------------------------------------    -------------------
                                                      0.000     0.000 r  aresetn (IN)
                         net (fo=0)                   0.537     0.537    controller_core_inst/aresetn
                         LUT1 (Prop_lut1_I0_O)        0.043     0.580 f  controller_core_inst/bid_q[5]_i_2/O
                         net (fo=576, unplaced)       0.514     1.094    controller_core_inst/aresetn_0
                         FDCE                                         f  controller_core_inst/FSM_onehot_state_q_reg[13]/CLR
  -------------------------------------------------------------------    -------------------

                         (clock axi_clk rise edge)    0.000     0.000 r  
                                                      0.000     0.000 r  aclk (IN)
                         net (fo=575, unset)          0.510     0.510    controller_core_inst/aclk
                         FDCE                                         r  controller_core_inst/FSM_onehot_state_q_reg[13]/C

Slack:                    inf
  Source:                 aresetn
                            (input port)
  Destination:            controller_core_inst/FSM_onehot_state_q_reg[14]/CLR
                            (recovery check against rising-edge clock axi_clk  {rise@0.000ns fall@1.500ns period=3.000ns})
  Path Group:             (none)
  Path Type:              Recovery (Max at Slow Process Corner)
  Data Path Delay:        1.094ns  (logic 0.043ns (3.931%)  route 1.051ns (96.069%))
  Logic Levels:           1  (LUT1=1)
  Clock Path Skew:        0.510ns (DCD - SCD + CPR)
    Destination Clock Delay (DCD):    0.510ns
    Source Clock Delay      (SCD):    0.000ns
    Clock Pessimism Removal (CPR):    0.000ns
  Clock Uncertainty:      0.025ns  ((TSJ^2 + TIJ^2)^1/2 + DJ) / 2 + PE
    Total System Jitter     (TSJ):    0.050ns
    Total Input Jitter      (TIJ):    0.000ns
    Discrete Jitter          (DJ):    0.000ns
    Phase Error              (PE):    0.000ns
  Timing Exception:       False Path

    Location             Delay type                Incr(ns)  Path(ns)    Netlist Resource(s)
  -------------------------------------------------------------------    -------------------
                                                      0.000     0.000 r  aresetn (IN)
                         net (fo=0)                   0.537     0.537    controller_core_inst/aresetn
                         LUT1 (Prop_lut1_I0_O)        0.043     0.580 f  controller_core_inst/bid_q[5]_i_2/O
                         net (fo=576, unplaced)       0.514     1.094    controller_core_inst/aresetn_0
                         FDCE                                         f  controller_core_inst/FSM_onehot_state_q_reg[14]/CLR
  -------------------------------------------------------------------    -------------------

                         (clock axi_clk rise edge)    0.000     0.000 r  
                                                      0.000     0.000 r  aclk (IN)
                         net (fo=575, unset)          0.510     0.510    controller_core_inst/aclk
                         FDCE                                         r  controller_core_inst/FSM_onehot_state_q_reg[14]/C

Slack:                    inf
  Source:                 aresetn
                            (input port)
  Destination:            controller_core_inst/FSM_onehot_state_q_reg[15]/CLR
                            (recovery check against rising-edge clock axi_clk  {rise@0.000ns fall@1.500ns period=3.000ns})
  Path Group:             (none)
  Path Type:              Recovery (Max at Slow Process Corner)
  Data Path Delay:        1.094ns  (logic 0.043ns (3.931%)  route 1.051ns (96.069%))
  Logic Levels:           1  (LUT1=1)
  Clock Path Skew:        0.510ns (DCD - SCD + CPR)
    Destination Clock Delay (DCD):    0.510ns
    Source Clock Delay      (SCD):    0.000ns
    Clock Pessimism Removal (CPR):    0.000ns
  Clock Uncertainty:      0.025ns  ((TSJ^2 + TIJ^2)^1/2 + DJ) / 2 + PE
    Total System Jitter     (TSJ):    0.050ns
    Total Input Jitter      (TIJ):    0.000ns
    Discrete Jitter          (DJ):    0.000ns
    Phase Error              (PE):    0.000ns
  Timing Exception:       False Path

    Location             Delay type                Incr(ns)  Path(ns)    Netlist Resource(s)
  -------------------------------------------------------------------    -------------------
                                                      0.000     0.000 r  aresetn (IN)
                         net (fo=0)                   0.537     0.537    controller_core_inst/aresetn
                         LUT1 (Prop_lut1_I0_O)        0.043     0.580 f  controller_core_inst/bid_q[5]_i_2/O
                         net (fo=576, unplaced)       0.514     1.094    controller_core_inst/aresetn_0
                         FDCE                                         f  controller_core_inst/FSM_onehot_state_q_reg[15]/CLR
  -------------------------------------------------------------------    -------------------

                         (clock axi_clk rise edge)    0.000     0.000 r  
                                                      0.000     0.000 r  aclk (IN)
                         net (fo=575, unset)          0.510     0.510    controller_core_inst/aclk
                         FDCE                                         r  controller_core_inst/FSM_onehot_state_q_reg[15]/C

Slack:                    inf
  Source:                 aresetn
                            (input port)
  Destination:            controller_core_inst/FSM_onehot_state_q_reg[16]/CLR
                            (recovery check against rising-edge clock axi_clk  {rise@0.000ns fall@1.500ns period=3.000ns})
  Path Group:             (none)
  Path Type:              Recovery (Max at Slow Process Corner)
  Data Path Delay:        1.094ns  (logic 0.043ns (3.931%)  route 1.051ns (96.069%))
  Logic Levels:           1  (LUT1=1)
  Clock Path Skew:        0.510ns (DCD - SCD + CPR)
    Destination Clock Delay (DCD):    0.510ns
    Source Clock Delay      (SCD):    0.000ns
    Clock Pessimism Removal (CPR):    0.000ns
  Clock Uncertainty:      0.025ns  ((TSJ^2 + TIJ^2)^1/2 + DJ) / 2 + PE
    Total System Jitter     (TSJ):    0.050ns
    Total Input Jitter      (TIJ):    0.000ns
    Discrete Jitter          (DJ):    0.000ns
    Phase Error              (PE):    0.000ns
  Timing Exception:       False Path

    Location             Delay type                Incr(ns)  Path(ns)    Netlist Resource(s)
  -------------------------------------------------------------------    -------------------
                                                      0.000     0.000 r  aresetn (IN)
                         net (fo=0)                   0.537     0.537    controller_core_inst/aresetn
                         LUT1 (Prop_lut1_I0_O)        0.043     0.580 f  controller_core_inst/bid_q[5]_i_2/O
                         net (fo=576, unplaced)       0.514     1.094    controller_core_inst/aresetn_0
                         FDCE                                         f  controller_core_inst/FSM_onehot_state_q_reg[16]/CLR
  -------------------------------------------------------------------    -------------------

                         (clock axi_clk rise edge)    0.000     0.000 r  
                                                      0.000     0.000 r  aclk (IN)
                         net (fo=575, unset)          0.510     0.510    controller_core_inst/aclk
                         FDCE                                         r  controller_core_inst/FSM_onehot_state_q_reg[16]/C

Slack:                    inf
  Source:                 aresetn
                            (input port)
  Destination:            controller_core_inst/FSM_onehot_state_q_reg[17]/CLR
                            (recovery check against rising-edge clock axi_clk  {rise@0.000ns fall@1.500ns period=3.000ns})
  Path Group:             (none)
  Path Type:              Recovery (Max at Slow Process Corner)
  Data Path Delay:        1.094ns  (logic 0.043ns (3.931%)  route 1.051ns (96.069%))
  Logic Levels:           1  (LUT1=1)
  Clock Path Skew:        0.510ns (DCD - SCD + CPR)
    Destination Clock Delay (DCD):    0.510ns
    Source Clock Delay      (SCD):    0.000ns
    Clock Pessimism Removal (CPR):    0.000ns
  Clock Uncertainty:      0.025ns  ((TSJ^2 + TIJ^2)^1/2 + DJ) / 2 + PE
    Total System Jitter     (TSJ):    0.050ns
    Total Input Jitter      (TIJ):    0.000ns
    Discrete Jitter          (DJ):    0.000ns
    Phase Error              (PE):    0.000ns
  Timing Exception:       False Path

    Location             Delay type                Incr(ns)  Path(ns)    Netlist Resource(s)
  -------------------------------------------------------------------    -------------------
                                                      0.000     0.000 r  aresetn (IN)
                         net (fo=0)                   0.537     0.537    controller_core_inst/aresetn
                         LUT1 (Prop_lut1_I0_O)        0.043     0.580 f  controller_core_inst/bid_q[5]_i_2/O
                         net (fo=576, unplaced)       0.514     1.094    controller_core_inst/aresetn_0
                         FDCE                                         f  controller_core_inst/FSM_onehot_state_q_reg[17]/CLR
  -------------------------------------------------------------------    -------------------

                         (clock axi_clk rise edge)    0.000     0.000 r  
                                                      0.000     0.000 r  aclk (IN)
                         net (fo=575, unset)          0.510     0.510    controller_core_inst/aclk
                         FDCE                                         r  controller_core_inst/FSM_onehot_state_q_reg[17]/C

Slack:                    inf
  Source:                 aresetn
                            (input port)
  Destination:            controller_core_inst/FSM_onehot_state_q_reg[18]/CLR
                            (recovery check against rising-edge clock axi_clk  {rise@0.000ns fall@1.500ns period=3.000ns})
  Path Group:             (none)
  Path Type:              Recovery (Max at Slow Process Corner)
  Data Path Delay:        1.094ns  (logic 0.043ns (3.931%)  route 1.051ns (96.069%))
  Logic Levels:           1  (LUT1=1)
  Clock Path Skew:        0.510ns (DCD - SCD + CPR)
    Destination Clock Delay (DCD):    0.510ns
    Source Clock Delay      (SCD):    0.000ns
    Clock Pessimism Removal (CPR):    0.000ns
  Clock Uncertainty:      0.025ns  ((TSJ^2 + TIJ^2)^1/2 + DJ) / 2 + PE
    Total System Jitter     (TSJ):    0.050ns
    Total Input Jitter      (TIJ):    0.000ns
    Discrete Jitter          (DJ):    0.000ns
    Phase Error              (PE):    0.000ns
  Timing Exception:       False Path

    Location             Delay type                Incr(ns)  Path(ns)    Netlist Resource(s)
  -------------------------------------------------------------------    -------------------
                                                      0.000     0.000 r  aresetn (IN)
                         net (fo=0)                   0.537     0.537    controller_core_inst/aresetn
                         LUT1 (Prop_lut1_I0_O)        0.043     0.580 f  controller_core_inst/bid_q[5]_i_2/O
                         net (fo=576, unplaced)       0.514     1.094    controller_core_inst/aresetn_0
                         FDCE                                         f  controller_core_inst/FSM_onehot_state_q_reg[18]/CLR
  -------------------------------------------------------------------    -------------------

                         (clock axi_clk rise edge)    0.000     0.000 r  
                                                      0.000     0.000 r  aclk (IN)
                         net (fo=575, unset)          0.510     0.510    controller_core_inst/aclk
                         FDCE                                         r  controller_core_inst/FSM_onehot_state_q_reg[18]/C





--------------------------------------------------------------------------------------
Path Group:  (none)
From Clock:  
  To Clock:  

Max Delay             1 Endpoint
Min Delay             0 Endpoints
--------------------------------------------------------------------------------------


Max Delay Paths
--------------------------------------------------------------------------------------
Slack:                    inf
  Source:                 s_axi_wvalid
                            (input port)
  Destination:            s_axi_wready
                            (output port)
  Path Group:             (none)
  Path Type:              Max at Slow Process Corner
  Data Path Delay:        1.835ns  (logic 0.129ns (7.030%)  route 1.706ns (92.970%))
  Logic Levels:           3  (LUT4=1 LUT6=2)

    Location             Delay type                Incr(ns)  Path(ns)    Netlist Resource(s)
  -------------------------------------------------------------------    -------------------
                                                      0.000     0.000 r  s_axi_wvalid (IN)
                         net (fo=1, unset)            0.537     0.537    controller_core_inst/s_axi_wvalid
                         LUT4 (Prop_lut4_I0_O)        0.043     0.580 r  controller_core_inst/s_axi_wready_INST_0_i_3/O
                         net (fo=1, unplaced)         0.270     0.850    controller_core_inst/s_axi_wready_INST_0_i_3_n_0
                         LUT6 (Prop_lut6_I5_O)        0.043     0.893 r  controller_core_inst/s_axi_wready_INST_0_i_1/O
                         net (fo=74, unplaced)        0.362     1.255    wr_wait_q0
                         LUT6 (Prop_lut6_I0_O)        0.043     1.298 r  s_axi_wready_INST_0/O
                         net (fo=0)                   0.537     1.835    s_axi_wready
                                                                      r  s_axi_wready (OUT)
  -------------------------------------------------------------------    -------------------





--------------------------------------------------------------------------------------
Path Group:  (none)
From Clock:  axi_clk
  To Clock:  

Max Delay           150 Endpoints
Min Delay             0 Endpoints
--------------------------------------------------------------------------------------


Max Delay Paths
--------------------------------------------------------------------------------------
Slack:                    inf
  Source:                 wr_wait_q_reg/C
                            (rising edge-triggered cell FDCE clocked by axi_clk  {rise@0.000ns fall@1.500ns period=3.000ns})
  Destination:            s_axi_wready
                            (output port)
  Path Group:             (none)
  Path Type:              Max at Slow Process Corner
  Data Path Delay:        1.994ns  (logic 0.374ns (18.756%)  route 1.620ns (81.244%))
  Logic Levels:           3  (LUT4=1 LUT6=2)
  Clock Uncertainty:      0.025ns  ((TSJ^2 + TIJ^2)^1/2 + DJ) / 2 + PE
    Total System Jitter     (TSJ):    0.050ns
    Total Input Jitter      (TIJ):    0.000ns
    Discrete Jitter          (DJ):    0.000ns
    Phase Error              (PE):    0.000ns

    Location             Delay type                Incr(ns)  Path(ns)    Netlist Resource(s)
  -------------------------------------------------------------------    -------------------
                         (clock axi_clk rise edge)    0.000     0.000 r  
                                                      0.000     0.000 r  aclk (IN)
                         net (fo=575, unset)          0.537     0.537    aclk
                         FDCE                                         r  wr_wait_q_reg/C
  -------------------------------------------------------------------    -------------------
                         FDCE (Prop_fdce_C_Q)         0.165     0.702 f  wr_wait_q_reg/Q
                         net (fo=4, unplaced)         0.451     1.153    controller_core_inst/wr_wait_q
                         LUT4 (Prop_lut4_I1_O)        0.123     1.276 r  controller_core_inst/s_axi_wready_INST_0_i_3/O
                         net (fo=1, unplaced)         0.270     1.546    controller_core_inst/s_axi_wready_INST_0_i_3_n_0
                         LUT6 (Prop_lut6_I5_O)        0.043     1.589 r  controller_core_inst/s_axi_wready_INST_0_i_1/O
                         net (fo=74, unplaced)        0.362     1.951    wr_wait_q0
                         LUT6 (Prop_lut6_I0_O)        0.043     1.994 r  s_axi_wready_INST_0/O
                         net (fo=0)                   0.537     2.531    s_axi_wready
                                                                      r  s_axi_wready (OUT)
  -------------------------------------------------------------------    -------------------

Slack:                    inf
  Source:                 controller_core_inst/timer_q_reg[1]/C
                            (rising edge-triggered cell FDCE clocked by axi_clk  {rise@0.000ns fall@1.500ns period=3.000ns})
  Destination:            dfi_cmd_valid_o
                            (output port)
  Path Group:             (none)
  Path Type:              Max at Slow Process Corner
  Data Path Delay:        1.982ns  (logic 0.374ns (18.870%)  route 1.608ns (81.130%))
  Logic Levels:           3  (LUT4=2 LUT6=1)
  Clock Uncertainty:      0.025ns  ((TSJ^2 + TIJ^2)^1/2 + DJ) / 2 + PE
    Total System Jitter     (TSJ):    0.050ns
    Total Input Jitter      (TIJ):    0.000ns
    Discrete Jitter          (DJ):    0.000ns
    Phase Error              (PE):    0.000ns

    Location             Delay type                Incr(ns)  Path(ns)    Netlist Resource(s)
  -------------------------------------------------------------------    -------------------
                         (clock axi_clk rise edge)    0.000     0.000 r  
                                                      0.000     0.000 r  aclk (IN)
                         net (fo=575, unset)          0.537     0.537    controller_core_inst/aclk
                         FDCE                                         r  controller_core_inst/timer_q_reg[1]/C
  -------------------------------------------------------------------    -------------------
                         FDCE (Prop_fdce_C_Q)         0.165     0.702 f  controller_core_inst/timer_q_reg[1]/Q
                         net (fo=6, unplaced)         0.459     1.161    controller_core_inst/timer_q_reg_n_0_[1]
                         LUT4 (Prop_lut4_I1_O)        0.123     1.284 f  controller_core_inst/dfi_cmd_valid_o_INST_0_i_5/O
                         net (fo=1, unplaced)         0.270     1.554    controller_core_inst/dfi_cmd_valid_o_INST_0_i_5_n_0
                         LUT4 (Prop_lut4_I0_O)        0.043     1.597 f  controller_core_inst/dfi_cmd_valid_o_INST_0_i_1/O
                         net (fo=33, unplaced)        0.342     1.939    controller_core_inst/dfi_cmd_valid_o_INST_0_i_1_n_0
                         LUT6 (Prop_lut6_I0_O)        0.043     1.982 r  controller_core_inst/dfi_cmd_valid_o_INST_0/O
                         net (fo=0)                   0.537     2.519    dfi_cmd_valid_o
                                                                      r  dfi_cmd_valid_o (OUT)
  -------------------------------------------------------------------    -------------------

Slack:                    inf
  Source:                 controller_core_inst/FSM_onehot_state_q_reg[13]/C
                            (rising edge-triggered cell FDCE clocked by axi_clk  {rise@0.000ns fall@1.500ns period=3.000ns})
  Destination:            dfi_bank_o[2]
                            (output port)
  Path Group:             (none)
  Path Type:              Max at Slow Process Corner
  Data Path Delay:        1.652ns  (logic 0.331ns (20.036%)  route 1.321ns (79.964%))
  Logic Levels:           2  (LUT5=2)
  Clock Uncertainty:      0.025ns  ((TSJ^2 + TIJ^2)^1/2 + DJ) / 2 + PE
    Total System Jitter     (TSJ):    0.050ns
    Total Input Jitter      (TIJ):    0.000ns
    Discrete Jitter          (DJ):    0.000ns
    Phase Error              (PE):    0.000ns

    Location             Delay type                Incr(ns)  Path(ns)    Netlist Resource(s)
  -------------------------------------------------------------------    -------------------
                         (clock axi_clk rise edge)    0.000     0.000 r  
                                                      0.000     0.000 r  aclk (IN)
                         net (fo=575, unset)          0.537     0.537    controller_core_inst/aclk
                         FDCE                                         r  controller_core_inst/FSM_onehot_state_q_reg[13]/C
  -------------------------------------------------------------------    -------------------
                         FDCE (Prop_fdce_C_Q)         0.165     0.702 r  controller_core_inst/FSM_onehot_state_q_reg[13]/Q
                         net (fo=22, unplaced)        0.496     1.198    controller_core_inst/FSM_onehot_state_q_reg_n_0_[13]
                         LUT5 (Prop_lut5_I0_O)        0.123     1.321 f  controller_core_inst/dfi_bank_o[2]_INST_0_i_1/O
                         net (fo=3, unplaced)         0.288     1.609    controller_core_inst/dfi_bank_o[2]_INST_0_i_1_n_0
                         LUT5 (Prop_lut5_I4_O)        0.043     1.652 r  controller_core_inst/dfi_bank_o[2]_INST_0/O
                         net (fo=0)                   0.537     2.189    dfi_bank_o[2]
                                                                      r  dfi_bank_o[2] (OUT)
  -------------------------------------------------------------------    -------------------

Slack:                    inf
  Source:                 controller_core_inst/FSM_onehot_state_q_reg[9]/C
                            (rising edge-triggered cell FDCE clocked by axi_clk  {rise@0.000ns fall@1.500ns period=3.000ns})
  Destination:            dfi_cmd_o[1]
                            (output port)
  Path Group:             (none)
  Path Type:              Max at Slow Process Corner
  Data Path Delay:        1.632ns  (logic 0.339ns (20.772%)  route 1.293ns (79.228%))
  Logic Levels:           2  (LUT4=1 LUT6=1)
  Clock Uncertainty:      0.025ns  ((TSJ^2 + TIJ^2)^1/2 + DJ) / 2 + PE
    Total System Jitter     (TSJ):    0.050ns
    Total Input Jitter      (TIJ):    0.000ns
    Discrete Jitter          (DJ):    0.000ns
    Phase Error              (PE):    0.000ns

    Location             Delay type                Incr(ns)  Path(ns)    Netlist Resource(s)
  -------------------------------------------------------------------    -------------------
                         (clock axi_clk rise edge)    0.000     0.000 r  
                                                      0.000     0.000 r  aclk (IN)
                         net (fo=575, unset)          0.537     0.537    controller_core_inst/aclk
                         FDCE                                         r  controller_core_inst/FSM_onehot_state_q_reg[9]/C
  -------------------------------------------------------------------    -------------------
                         FDCE (Prop_fdce_C_Q)         0.165     0.702 r  controller_core_inst/FSM_onehot_state_q_reg[9]/Q
                         net (fo=12, unplaced)        0.475     1.177    controller_core_inst/FSM_onehot_state_q_reg_n_0_[9]
                         LUT4 (Prop_lut4_I1_O)        0.131     1.308 r  controller_core_inst/dfi_cmd_o[1]_INST_0_i_2/O
                         net (fo=2, unplaced)         0.281     1.589    controller_core_inst/dfi_cmd_o[1]_INST_0_i_2_n_0
                         LUT6 (Prop_lut6_I5_O)        0.043     1.632 r  controller_core_inst/dfi_cmd_o[1]_INST_0/O
                         net (fo=0)                   0.537     2.169    dfi_cmd_o[1]
                                                                      r  dfi_cmd_o[1] (OUT)
  -------------------------------------------------------------------    -------------------

Slack:                    inf
  Source:                 controller_core_inst/FSM_onehot_state_q_reg[18]/C
                            (rising edge-triggered cell FDCE clocked by axi_clk  {rise@0.000ns fall@1.500ns period=3.000ns})
  Destination:            dfi_cmd_o[2]
                            (output port)
  Path Group:             (none)
  Path Type:              Max at Slow Process Corner
  Data Path Delay:        1.629ns  (logic 0.331ns (20.319%)  route 1.298ns (79.681%))
  Logic Levels:           2  (LUT4=1 LUT5=1)
  Clock Uncertainty:      0.025ns  ((TSJ^2 + TIJ^2)^1/2 + DJ) / 2 + PE
    Total System Jitter     (TSJ):    0.050ns
    Total Input Jitter      (TIJ):    0.000ns
    Discrete Jitter          (DJ):    0.000ns
    Phase Error              (PE):    0.000ns

    Location             Delay type                Incr(ns)  Path(ns)    Netlist Resource(s)
  -------------------------------------------------------------------    -------------------
                         (clock axi_clk rise edge)    0.000     0.000 r  
                                                      0.000     0.000 r  aclk (IN)
                         net (fo=575, unset)          0.537     0.537    controller_core_inst/aclk
                         FDCE                                         r  controller_core_inst/FSM_onehot_state_q_reg[18]/C
  -------------------------------------------------------------------    -------------------
                         FDCE (Prop_fdce_C_Q)         0.165     0.702 r  controller_core_inst/FSM_onehot_state_q_reg[18]/Q
                         net (fo=15, unplaced)        0.480     1.182    controller_core_inst/FSM_onehot_state_q_reg_n_0_[18]
                         LUT4 (Prop_lut4_I1_O)        0.123     1.305 r  controller_core_inst/dfi_cmd_valid_o_INST_0_i_2/O
                         net (fo=2, unplaced)         0.281     1.586    controller_core_inst/dfi_cmd_valid_o_INST_0_i_2_n_0
                         LUT5 (Prop_lut5_I0_O)        0.043     1.629 r  controller_core_inst/dfi_cmd_o[2]_INST_0/O
                         net (fo=0)                   0.537     2.166    dfi_cmd_o[2]
                                                                      r  dfi_cmd_o[2] (OUT)
  -------------------------------------------------------------------    -------------------

Slack:                    inf
  Source:                 controller_core_inst/FSM_onehot_state_q_reg[13]/C
                            (rising edge-triggered cell FDCE clocked by axi_clk  {rise@0.000ns fall@1.500ns period=3.000ns})
  Destination:            dfi_bank_o[0]
                            (output port)
  Path Group:             (none)
  Path Type:              Max at Slow Process Corner
  Data Path Delay:        1.624ns  (logic 0.331ns (20.382%)  route 1.293ns (79.618%))
  Logic Levels:           2  (LUT5=1 LUT6=1)
  Clock Uncertainty:      0.025ns  ((TSJ^2 + TIJ^2)^1/2 + DJ) / 2 + PE
    Total System Jitter     (TSJ):    0.050ns
    Total Input Jitter      (TIJ):    0.000ns
    Discrete Jitter          (DJ):    0.000ns
    Phase Error              (PE):    0.000ns

    Location             Delay type                Incr(ns)  Path(ns)    Netlist Resource(s)
  -------------------------------------------------------------------    -------------------
                         (clock axi_clk rise edge)    0.000     0.000 r  
                                                      0.000     0.000 r  aclk (IN)
                         net (fo=575, unset)          0.537     0.537    controller_core_inst/aclk
                         FDCE                                         r  controller_core_inst/FSM_onehot_state_q_reg[13]/C
  -------------------------------------------------------------------    -------------------
                         FDCE (Prop_fdce_C_Q)         0.165     0.702 r  controller_core_inst/FSM_onehot_state_q_reg[13]/Q
                         net (fo=22, unplaced)        0.496     1.198    controller_core_inst/FSM_onehot_state_q_reg_n_0_[13]
                         LUT5 (Prop_lut5_I0_O)        0.123     1.321 f  controller_core_inst/dfi_bank_o[2]_INST_0_i_1/O
                         net (fo=3, unplaced)         0.260     1.581    controller_core_inst/dfi_bank_o[2]_INST_0_i_1_n_0
                         LUT6 (Prop_lut6_I1_O)        0.043     1.624 r  controller_core_inst/dfi_bank_o[0]_INST_0/O
                         net (fo=0)                   0.537     2.161    dfi_bank_o[0]
                                                                      r  dfi_bank_o[0] (OUT)
  -------------------------------------------------------------------    -------------------

Slack:                    inf
  Source:                 controller_core_inst/FSM_onehot_state_q_reg[13]/C
                            (rising edge-triggered cell FDCE clocked by axi_clk  {rise@0.000ns fall@1.500ns period=3.000ns})
  Destination:            dfi_bank_o[1]
                            (output port)
  Path Group:             (none)
  Path Type:              Max at Slow Process Corner
  Data Path Delay:        1.624ns  (logic 0.331ns (20.382%)  route 1.293ns (79.618%))
  Logic Levels:           2  (LUT5=1 LUT6=1)
  Clock Uncertainty:      0.025ns  ((TSJ^2 + TIJ^2)^1/2 + DJ) / 2 + PE
    Total System Jitter     (TSJ):    0.050ns
    Total Input Jitter      (TIJ):    0.000ns
    Discrete Jitter          (DJ):    0.000ns
    Phase Error              (PE):    0.000ns

    Location             Delay type                Incr(ns)  Path(ns)    Netlist Resource(s)
  -------------------------------------------------------------------    -------------------
                         (clock axi_clk rise edge)    0.000     0.000 r  
                                                      0.000     0.000 r  aclk (IN)
                         net (fo=575, unset)          0.537     0.537    controller_core_inst/aclk
                         FDCE                                         r  controller_core_inst/FSM_onehot_state_q_reg[13]/C
  -------------------------------------------------------------------    -------------------
                         FDCE (Prop_fdce_C_Q)         0.165     0.702 r  controller_core_inst/FSM_onehot_state_q_reg[13]/Q
                         net (fo=22, unplaced)        0.496     1.198    controller_core_inst/FSM_onehot_state_q_reg_n_0_[13]
                         LUT5 (Prop_lut5_I0_O)        0.123     1.321 f  controller_core_inst/dfi_bank_o[2]_INST_0_i_1/O
                         net (fo=3, unplaced)         0.260     1.581    controller_core_inst/dfi_bank_o[2]_INST_0_i_1_n_0
                         LUT6 (Prop_lut6_I1_O)        0.043     1.624 r  controller_core_inst/dfi_bank_o[1]_INST_0/O
                         net (fo=0)                   0.537     2.161    dfi_bank_o[1]
                                                                      r  dfi_bank_o[1] (OUT)
  -------------------------------------------------------------------    -------------------

Slack:                    inf
  Source:                 controller_core_inst/FSM_onehot_state_q_reg[0]/C
                            (rising edge-triggered cell FDCE clocked by axi_clk  {rise@0.000ns fall@1.500ns period=3.000ns})
  Destination:            dfi_cmd_o[0]
                            (output port)
  Path Group:             (none)
  Path Type:              Max at Slow Process Corner
  Data Path Delay:        1.328ns  (logic 0.288ns (21.687%)  route 1.040ns (78.313%))
  Logic Levels:           1  (LUT5=1)
  Clock Uncertainty:      0.025ns  ((TSJ^2 + TIJ^2)^1/2 + DJ) / 2 + PE
    Total System Jitter     (TSJ):    0.050ns
    Total Input Jitter      (TIJ):    0.000ns
    Discrete Jitter          (DJ):    0.000ns
    Phase Error              (PE):    0.000ns

    Location             Delay type                Incr(ns)  Path(ns)    Netlist Resource(s)
  -------------------------------------------------------------------    -------------------
                         (clock axi_clk rise edge)    0.000     0.000 r  
                                                      0.000     0.000 r  aclk (IN)
                         net (fo=575, unset)          0.537     0.537    controller_core_inst/aclk
                         FDCE                                         r  controller_core_inst/FSM_onehot_state_q_reg[0]/C
  -------------------------------------------------------------------    -------------------
                         FDCE (Prop_fdce_C_Q)         0.165     0.702 r  controller_core_inst/FSM_onehot_state_q_reg[0]/Q
                         net (fo=39, unplaced)        0.503     1.205    controller_core_inst/FSM_onehot_state_q_reg_n_0_[0]
                         LUT5 (Prop_lut5_I2_O)        0.123     1.328 r  controller_core_inst/dfi_cmd_o[0]_INST_0/O
                         net (fo=0)                   0.537     1.865    dfi_cmd_o[0]
                                                                      r  dfi_cmd_o[0] (OUT)
  -------------------------------------------------------------------    -------------------

Slack:                    inf
  Source:                 controller_core_inst/FSM_onehot_state_q_reg[13]/C
                            (rising edge-triggered cell FDCE clocked by axi_clk  {rise@0.000ns fall@1.500ns period=3.000ns})
  Destination:            dfi_addr_o[4]
                            (output port)
  Path Group:             (none)
  Path Type:              Max at Slow Process Corner
  Data Path Delay:        1.322ns  (logic 0.296ns (22.390%)  route 1.026ns (77.610%))
  Logic Levels:           1  (LUT4=1)
  Clock Uncertainty:      0.025ns  ((TSJ^2 + TIJ^2)^1/2 + DJ) / 2 + PE
    Total System Jitter     (TSJ):    0.050ns
    Total Input Jitter      (TIJ):    0.000ns
    Discrete Jitter          (DJ):    0.000ns
    Phase Error              (PE):    0.000ns

    Location             Delay type                Incr(ns)  Path(ns)    Netlist Resource(s)
  -------------------------------------------------------------------    -------------------
                         (clock axi_clk rise edge)    0.000     0.000 r  
                                                      0.000     0.000 r  aclk (IN)
                         net (fo=575, unset)          0.537     0.537    controller_core_inst/aclk
                         FDCE                                         r  controller_core_inst/FSM_onehot_state_q_reg[13]/C
  -------------------------------------------------------------------    -------------------
                         FDCE (Prop_fdce_C_Q)         0.165     0.702 r  controller_core_inst/FSM_onehot_state_q_reg[13]/Q
                         net (fo=22, unplaced)        0.489     1.191    controller_core_inst/FSM_onehot_state_q_reg_n_0_[13]
                         LUT4 (Prop_lut4_I1_O)        0.131     1.322 r  controller_core_inst/dfi_addr_o[4]_INST_0/O
                         net (fo=0)                   0.537     1.859    dfi_addr_o[4]
                                                                      r  dfi_addr_o[4] (OUT)
  -------------------------------------------------------------------    -------------------

Slack:                    inf
  Source:                 controller_core_inst/FSM_onehot_state_q_reg[13]/C
                            (rising edge-triggered cell FDCE clocked by axi_clk  {rise@0.000ns fall@1.500ns period=3.000ns})
  Destination:            dfi_addr_o[5]
                            (output port)
  Path Group:             (none)
  Path Type:              Max at Slow Process Corner
  Data Path Delay:        1.322ns  (logic 0.296ns (22.390%)  route 1.026ns (77.610%))
  Logic Levels:           1  (LUT4=1)
  Clock Uncertainty:      0.025ns  ((TSJ^2 + TIJ^2)^1/2 + DJ) / 2 + PE
    Total System Jitter     (TSJ):    0.050ns
    Total Input Jitter      (TIJ):    0.000ns
    Discrete Jitter          (DJ):    0.000ns
    Phase Error              (PE):    0.000ns

    Location             Delay type                Incr(ns)  Path(ns)    Netlist Resource(s)
  -------------------------------------------------------------------    -------------------
                         (clock axi_clk rise edge)    0.000     0.000 r  
                                                      0.000     0.000 r  aclk (IN)
                         net (fo=575, unset)          0.537     0.537    controller_core_inst/aclk
                         FDCE                                         r  controller_core_inst/FSM_onehot_state_q_reg[13]/C
  -------------------------------------------------------------------    -------------------
                         FDCE (Prop_fdce_C_Q)         0.165     0.702 r  controller_core_inst/FSM_onehot_state_q_reg[13]/Q
                         net (fo=22, unplaced)        0.489     1.191    controller_core_inst/FSM_onehot_state_q_reg_n_0_[13]
                         LUT4 (Prop_lut4_I1_O)        0.131     1.322 r  controller_core_inst/dfi_addr_o[5]_INST_0/O
                         net (fo=0)                   0.537     1.859    dfi_addr_o[5]
                                                                      r  dfi_addr_o[5] (OUT)
  -------------------------------------------------------------------    -------------------

Slack:                    inf
  Source:                 controller_core_inst/FSM_onehot_state_q_reg[13]/C
                            (rising edge-triggered cell FDCE clocked by axi_clk  {rise@0.000ns fall@1.500ns period=3.000ns})
  Destination:            dfi_addr_o[6]
                            (output port)
  Path Group:             (none)
  Path Type:              Max at Slow Process Corner
  Data Path Delay:        1.322ns  (logic 0.296ns (22.390%)  route 1.026ns (77.610%))
  Logic Levels:           1  (LUT4=1)
  Clock Uncertainty:      0.025ns  ((TSJ^2 + TIJ^2)^1/2 + DJ) / 2 + PE
    Total System Jitter     (TSJ):    0.050ns
    Total Input Jitter      (TIJ):    0.000ns
    Discrete Jitter          (DJ):    0.000ns
    Phase Error              (PE):    0.000ns

    Location             Delay type                Incr(ns)  Path(ns)    Netlist Resource(s)
  -------------------------------------------------------------------    -------------------
                         (clock axi_clk rise edge)    0.000     0.000 r  
                                                      0.000     0.000 r  aclk (IN)
                         net (fo=575, unset)          0.537     0.537    controller_core_inst/aclk
                         FDCE                                         r  controller_core_inst/FSM_onehot_state_q_reg[13]/C
  -------------------------------------------------------------------    -------------------
                         FDCE (Prop_fdce_C_Q)         0.165     0.702 r  controller_core_inst/FSM_onehot_state_q_reg[13]/Q
                         net (fo=22, unplaced)        0.489     1.191    controller_core_inst/FSM_onehot_state_q_reg_n_0_[13]
                         LUT4 (Prop_lut4_I1_O)        0.131     1.322 r  controller_core_inst/dfi_addr_o[6]_INST_0/O
                         net (fo=0)                   0.537     1.859    dfi_addr_o[6]
                                                                      r  dfi_addr_o[6] (OUT)
  -------------------------------------------------------------------    -------------------

Slack:                    inf
  Source:                 controller_core_inst/FSM_onehot_state_q_reg[13]/C
                            (rising edge-triggered cell FDCE clocked by axi_clk  {rise@0.000ns fall@1.500ns period=3.000ns})
  Destination:            dfi_addr_o[7]
                            (output port)
  Path Group:             (none)
  Path Type:              Max at Slow Process Corner
  Data Path Delay:        1.322ns  (logic 0.296ns (22.390%)  route 1.026ns (77.610%))
  Logic Levels:           1  (LUT4=1)
  Clock Uncertainty:      0.025ns  ((TSJ^2 + TIJ^2)^1/2 + DJ) / 2 + PE
    Total System Jitter     (TSJ):    0.050ns
    Total Input Jitter      (TIJ):    0.000ns
    Discrete Jitter          (DJ):    0.000ns
    Phase Error              (PE):    0.000ns

    Location             Delay type                Incr(ns)  Path(ns)    Netlist Resource(s)
  -------------------------------------------------------------------    -------------------
                         (clock axi_clk rise edge)    0.000     0.000 r  
                                                      0.000     0.000 r  aclk (IN)
                         net (fo=575, unset)          0.537     0.537    controller_core_inst/aclk
                         FDCE                                         r  controller_core_inst/FSM_onehot_state_q_reg[13]/C
  -------------------------------------------------------------------    -------------------
                         FDCE (Prop_fdce_C_Q)         0.165     0.702 r  controller_core_inst/FSM_onehot_state_q_reg[13]/Q
                         net (fo=22, unplaced)        0.489     1.191    controller_core_inst/FSM_onehot_state_q_reg_n_0_[13]
                         LUT4 (Prop_lut4_I1_O)        0.131     1.322 r  controller_core_inst/dfi_addr_o[7]_INST_0/O
                         net (fo=0)                   0.537     1.859    dfi_addr_o[7]
                                                                      r  dfi_addr_o[7] (OUT)
  -------------------------------------------------------------------    -------------------

Slack:                    inf
  Source:                 controller_core_inst/FSM_onehot_state_q_reg[13]/C
                            (rising edge-triggered cell FDCE clocked by axi_clk  {rise@0.000ns fall@1.500ns period=3.000ns})
  Destination:            dfi_addr_o[9]
                            (output port)
  Path Group:             (none)
  Path Type:              Max at Slow Process Corner
  Data Path Delay:        1.322ns  (logic 0.296ns (22.390%)  route 1.026ns (77.610%))
  Logic Levels:           1  (LUT4=1)
  Clock Uncertainty:      0.025ns  ((TSJ^2 + TIJ^2)^1/2 + DJ) / 2 + PE
    Total System Jitter     (TSJ):    0.050ns
    Total Input Jitter      (TIJ):    0.000ns
    Discrete Jitter          (DJ):    0.000ns
    Phase Error              (PE):    0.000ns

    Location             Delay type                Incr(ns)  Path(ns)    Netlist Resource(s)
  -------------------------------------------------------------------    -------------------
                         (clock axi_clk rise edge)    0.000     0.000 r  
                                                      0.000     0.000 r  aclk (IN)
                         net (fo=575, unset)          0.537     0.537    controller_core_inst/aclk
                         FDCE                                         r  controller_core_inst/FSM_onehot_state_q_reg[13]/C
  -------------------------------------------------------------------    -------------------
                         FDCE (Prop_fdce_C_Q)         0.165     0.702 r  controller_core_inst/FSM_onehot_state_q_reg[13]/Q
                         net (fo=22, unplaced)        0.489     1.191    controller_core_inst/FSM_onehot_state_q_reg_n_0_[13]
                         LUT4 (Prop_lut4_I1_O)        0.131     1.322 r  controller_core_inst/dfi_addr_o[9]_INST_0/O
                         net (fo=0)                   0.537     1.859    dfi_addr_o[9]
                                                                      r  dfi_addr_o[9] (OUT)
  -------------------------------------------------------------------    -------------------

Slack:                    inf
  Source:                 controller_core_inst/FSM_onehot_state_q_reg[13]/C
                            (rising edge-triggered cell FDCE clocked by axi_clk  {rise@0.000ns fall@1.500ns period=3.000ns})
  Destination:            dfi_addr_o[0]
                            (output port)
  Path Group:             (none)
  Path Type:              Max at Slow Process Corner
  Data Path Delay:        1.314ns  (logic 0.288ns (21.918%)  route 1.026ns (78.082%))
  Logic Levels:           1  (LUT4=1)
  Clock Uncertainty:      0.025ns  ((TSJ^2 + TIJ^2)^1/2 + DJ) / 2 + PE
    Total System Jitter     (TSJ):    0.050ns
    Total Input Jitter      (TIJ):    0.000ns
    Discrete Jitter          (DJ):    0.000ns
    Phase Error              (PE):    0.000ns

    Location             Delay type                Incr(ns)  Path(ns)    Netlist Resource(s)
  -------------------------------------------------------------------    -------------------
                         (clock axi_clk rise edge)    0.000     0.000 r  
                                                      0.000     0.000 r  aclk (IN)
                         net (fo=575, unset)          0.537     0.537    controller_core_inst/aclk
                         FDCE                                         r  controller_core_inst/FSM_onehot_state_q_reg[13]/C
  -------------------------------------------------------------------    -------------------
                         FDCE (Prop_fdce_C_Q)         0.165     0.702 r  controller_core_inst/FSM_onehot_state_q_reg[13]/Q
                         net (fo=22, unplaced)        0.489     1.191    controller_core_inst/FSM_onehot_state_q_reg_n_0_[13]
                         LUT4 (Prop_lut4_I1_O)        0.123     1.314 r  controller_core_inst/dfi_addr_o[0]_INST_0/O
                         net (fo=0)                   0.537     1.851    dfi_addr_o[0]
                                                                      r  dfi_addr_o[0] (OUT)
  -------------------------------------------------------------------    -------------------

Slack:                    inf
  Source:                 controller_core_inst/FSM_onehot_state_q_reg[13]/C
                            (rising edge-triggered cell FDCE clocked by axi_clk  {rise@0.000ns fall@1.500ns period=3.000ns})
  Destination:            dfi_addr_o[1]
                            (output port)
  Path Group:             (none)
  Path Type:              Max at Slow Process Corner
  Data Path Delay:        1.314ns  (logic 0.288ns (21.918%)  route 1.026ns (78.082%))
  Logic Levels:           1  (LUT4=1)
  Clock Uncertainty:      0.025ns  ((TSJ^2 + TIJ^2)^1/2 + DJ) / 2 + PE
    Total System Jitter     (TSJ):    0.050ns
    Total Input Jitter      (TIJ):    0.000ns
    Discrete Jitter          (DJ):    0.000ns
    Phase Error              (PE):    0.000ns

    Location             Delay type                Incr(ns)  Path(ns)    Netlist Resource(s)
  -------------------------------------------------------------------    -------------------
                         (clock axi_clk rise edge)    0.000     0.000 r  
                                                      0.000     0.000 r  aclk (IN)
                         net (fo=575, unset)          0.537     0.537    controller_core_inst/aclk
                         FDCE                                         r  controller_core_inst/FSM_onehot_state_q_reg[13]/C
  -------------------------------------------------------------------    -------------------
                         FDCE (Prop_fdce_C_Q)         0.165     0.702 r  controller_core_inst/FSM_onehot_state_q_reg[13]/Q
                         net (fo=22, unplaced)        0.489     1.191    controller_core_inst/FSM_onehot_state_q_reg_n_0_[13]
                         LUT4 (Prop_lut4_I1_O)        0.123     1.314 r  controller_core_inst/dfi_addr_o[1]_INST_0/O
                         net (fo=0)                   0.537     1.851    dfi_addr_o[1]
                                                                      r  dfi_addr_o[1] (OUT)
  -------------------------------------------------------------------    -------------------

Slack:                    inf
  Source:                 controller_core_inst/FSM_onehot_state_q_reg[13]/C
                            (rising edge-triggered cell FDCE clocked by axi_clk  {rise@0.000ns fall@1.500ns period=3.000ns})
  Destination:            dfi_addr_o[2]
                            (output port)
  Path Group:             (none)
  Path Type:              Max at Slow Process Corner
  Data Path Delay:        1.314ns  (logic 0.288ns (21.918%)  route 1.026ns (78.082%))
  Logic Levels:           1  (LUT4=1)
  Clock Uncertainty:      0.025ns  ((TSJ^2 + TIJ^2)^1/2 + DJ) / 2 + PE
    Total System Jitter     (TSJ):    0.050ns
    Total Input Jitter      (TIJ):    0.000ns
    Discrete Jitter          (DJ):    0.000ns
    Phase Error              (PE):    0.000ns

    Location             Delay type                Incr(ns)  Path(ns)    Netlist Resource(s)
  -------------------------------------------------------------------    -------------------
                         (clock axi_clk rise edge)    0.000     0.000 r  
                                                      0.000     0.000 r  aclk (IN)
                         net (fo=575, unset)          0.537     0.537    controller_core_inst/aclk
                         FDCE                                         r  controller_core_inst/FSM_onehot_state_q_reg[13]/C
  -------------------------------------------------------------------    -------------------
                         FDCE (Prop_fdce_C_Q)         0.165     0.702 r  controller_core_inst/FSM_onehot_state_q_reg[13]/Q
                         net (fo=22, unplaced)        0.489     1.191    controller_core_inst/FSM_onehot_state_q_reg_n_0_[13]
                         LUT4 (Prop_lut4_I1_O)        0.123     1.314 r  controller_core_inst/dfi_addr_o[2]_INST_0/O
                         net (fo=0)                   0.537     1.851    dfi_addr_o[2]
                                                                      r  dfi_addr_o[2] (OUT)
  -------------------------------------------------------------------    -------------------

Slack:                    inf
  Source:                 controller_core_inst/FSM_onehot_state_q_reg[13]/C
                            (rising edge-triggered cell FDCE clocked by axi_clk  {rise@0.000ns fall@1.500ns period=3.000ns})
  Destination:            dfi_addr_o[3]
                            (output port)
  Path Group:             (none)
  Path Type:              Max at Slow Process Corner
  Data Path Delay:        1.314ns  (logic 0.288ns (21.918%)  route 1.026ns (78.082%))
  Logic Levels:           1  (LUT4=1)
  Clock Uncertainty:      0.025ns  ((TSJ^2 + TIJ^2)^1/2 + DJ) / 2 + PE
    Total System Jitter     (TSJ):    0.050ns
    Total Input Jitter      (TIJ):    0.000ns
    Discrete Jitter          (DJ):    0.000ns
    Phase Error              (PE):    0.000ns

    Location             Delay type                Incr(ns)  Path(ns)    Netlist Resource(s)
  -------------------------------------------------------------------    -------------------
                         (clock axi_clk rise edge)    0.000     0.000 r  
                                                      0.000     0.000 r  aclk (IN)
                         net (fo=575, unset)          0.537     0.537    controller_core_inst/aclk
                         FDCE                                         r  controller_core_inst/FSM_onehot_state_q_reg[13]/C
  -------------------------------------------------------------------    -------------------
                         FDCE (Prop_fdce_C_Q)         0.165     0.702 r  controller_core_inst/FSM_onehot_state_q_reg[13]/Q
                         net (fo=22, unplaced)        0.489     1.191    controller_core_inst/FSM_onehot_state_q_reg_n_0_[13]
                         LUT4 (Prop_lut4_I1_O)        0.123     1.314 r  controller_core_inst/dfi_addr_o[3]_INST_0/O
                         net (fo=0)                   0.537     1.851    dfi_addr_o[3]
                                                                      r  dfi_addr_o[3] (OUT)
  -------------------------------------------------------------------    -------------------

Slack:                    inf
  Source:                 controller_core_inst/FSM_onehot_state_q_reg[13]/C
                            (rising edge-triggered cell FDCE clocked by axi_clk  {rise@0.000ns fall@1.500ns period=3.000ns})
  Destination:            dfi_addr_o[8]
                            (output port)
  Path Group:             (none)
  Path Type:              Max at Slow Process Corner
  Data Path Delay:        1.314ns  (logic 0.288ns (21.918%)  route 1.026ns (78.082%))
  Logic Levels:           1  (LUT5=1)
  Clock Uncertainty:      0.025ns  ((TSJ^2 + TIJ^2)^1/2 + DJ) / 2 + PE
    Total System Jitter     (TSJ):    0.050ns
    Total Input Jitter      (TIJ):    0.000ns
    Discrete Jitter          (DJ):    0.000ns
    Phase Error              (PE):    0.000ns

    Location             Delay type                Incr(ns)  Path(ns)    Netlist Resource(s)
  -------------------------------------------------------------------    -------------------
                         (clock axi_clk rise edge)    0.000     0.000 r  
                                                      0.000     0.000 r  aclk (IN)
                         net (fo=575, unset)          0.537     0.537    controller_core_inst/aclk
                         FDCE                                         r  controller_core_inst/FSM_onehot_state_q_reg[13]/C
  -------------------------------------------------------------------    -------------------
                         FDCE (Prop_fdce_C_Q)         0.165     0.702 r  controller_core_inst/FSM_onehot_state_q_reg[13]/Q
                         net (fo=22, unplaced)        0.489     1.191    controller_core_inst/FSM_onehot_state_q_reg_n_0_[13]
                         LUT5 (Prop_lut5_I2_O)        0.123     1.314 r  controller_core_inst/dfi_addr_o[8]_INST_0/O
                         net (fo=0)                   0.537     1.851    dfi_addr_o[8]
                                                                      r  dfi_addr_o[8] (OUT)
  -------------------------------------------------------------------    -------------------

Slack:                    inf
  Source:                 controller_core_inst/FSM_onehot_state_q_reg[15]/C
                            (rising edge-triggered cell FDCE clocked by axi_clk  {rise@0.000ns fall@1.500ns period=3.000ns})
  Destination:            dfi_addr_o[10]
                            (output port)
  Path Group:             (none)
  Path Type:              Max at Slow Process Corner
  Data Path Delay:        1.307ns  (logic 0.288ns (22.035%)  route 1.019ns (77.965%))
  Logic Levels:           1  (LUT5=1)
  Clock Uncertainty:      0.025ns  ((TSJ^2 + TIJ^2)^1/2 + DJ) / 2 + PE
    Total System Jitter     (TSJ):    0.050ns
    Total Input Jitter      (TIJ):    0.000ns
    Discrete Jitter          (DJ):    0.000ns
    Phase Error              (PE):    0.000ns

    Location             Delay type                Incr(ns)  Path(ns)    Netlist Resource(s)
  -------------------------------------------------------------------    -------------------
                         (clock axi_clk rise edge)    0.000     0.000 r  
                                                      0.000     0.000 r  aclk (IN)
                         net (fo=575, unset)          0.537     0.537    controller_core_inst/aclk
                         FDCE                                         r  controller_core_inst/FSM_onehot_state_q_reg[15]/C
  -------------------------------------------------------------------    -------------------
                         FDCE (Prop_fdce_C_Q)         0.165     0.702 r  controller_core_inst/FSM_onehot_state_q_reg[15]/Q
                         net (fo=12, unplaced)        0.482     1.184    controller_core_inst/FSM_onehot_state_q_reg_n_0_[15]
                         LUT5 (Prop_lut5_I0_O)        0.123     1.307 r  controller_core_inst/dfi_addr_o[10]_INST_0/O
                         net (fo=0)                   0.537     1.844    dfi_addr_o[10]
                                                                      r  dfi_addr_o[10] (OUT)
  -------------------------------------------------------------------    -------------------

Slack:                    inf
  Source:                 controller_core_inst/FSM_onehot_state_q_reg[20]/C
                            (rising edge-triggered cell FDCE clocked by axi_clk  {rise@0.000ns fall@1.500ns period=3.000ns})
  Destination:            refresh_busy_o
                            (output port)
  Path Group:             (none)
  Path Type:              Max at Slow Process Corner
  Data Path Delay:        1.302ns  (logic 0.288ns (22.120%)  route 1.014ns (77.880%))
  Logic Levels:           1  (LUT4=1)
  Clock Uncertainty:      0.025ns  ((TSJ^2 + TIJ^2)^1/2 + DJ) / 2 + PE
    Total System Jitter     (TSJ):    0.050ns
    Total Input Jitter      (TIJ):    0.000ns
    Discrete Jitter          (DJ):    0.000ns
    Phase Error              (PE):    0.000ns

    Location             Delay type                Incr(ns)  Path(ns)    Netlist Resource(s)
  -------------------------------------------------------------------    -------------------
                         (clock axi_clk rise edge)    0.000     0.000 r  
                                                      0.000     0.000 r  aclk (IN)
                         net (fo=575, unset)          0.537     0.537    controller_core_inst/aclk
                         FDCE                                         r  controller_core_inst/FSM_onehot_state_q_reg[20]/C
  -------------------------------------------------------------------    -------------------
                         FDCE (Prop_fdce_C_Q)         0.165     0.702 r  controller_core_inst/FSM_onehot_state_q_reg[20]/Q
                         net (fo=13, unplaced)        0.477     1.179    controller_core_inst/p_2_in
                         LUT4 (Prop_lut4_I1_O)        0.123     1.302 r  controller_core_inst/refresh_busy_o_INST_0/O
                         net (fo=0)                   0.537     1.839    refresh_busy_o
                                                                      r  refresh_busy_o (OUT)
  -------------------------------------------------------------------    -------------------





--------------------------------------------------------------------------------------
Path Group:  (none)
From Clock:  
  To Clock:  axi_clk

Max Delay           647 Endpoints
Min Delay             0 Endpoints
--------------------------------------------------------------------------------------


Max Delay Paths
--------------------------------------------------------------------------------------
Slack:                    inf
  Source:                 s_axi_awlen[1]
                            (input port)
  Destination:            wr_error_q_reg[0]/D
                            (rising edge-triggered cell FDCE clocked by axi_clk  {rise@0.000ns fall@1.500ns period=3.000ns})
  Path Group:             (none)
  Path Type:              Setup (Max at Slow Process Corner)
  Data Path Delay:        3.700ns  (logic 0.920ns (24.865%)  route 2.780ns (75.135%))
  Logic Levels:           11  (CARRY4=4 LUT4=2 LUT5=2 LUT6=3)
  Clock Path Skew:        0.510ns (DCD - SCD + CPR)
    Destination Clock Delay (DCD):    0.510ns
    Source Clock Delay      (SCD):    0.000ns
    Clock Pessimism Removal (CPR):    0.000ns
  Clock Uncertainty:      0.025ns  ((TSJ^2 + TIJ^2)^1/2 + DJ) / 2 + PE
    Total System Jitter     (TSJ):    0.050ns
    Total Input Jitter      (TIJ):    0.000ns
    Discrete Jitter          (DJ):    0.000ns
    Phase Error              (PE):    0.000ns

    Location             Delay type                Incr(ns)  Path(ns)    Netlist Resource(s)
  -------------------------------------------------------------------    -------------------
                                                      0.000     0.000 r  s_axi_awlen[1] (IN)
                         net (fo=11, unset)           0.537     0.537    controller_core_inst/s_axi_awlen[1]
                         LUT5 (Prop_lut5_I4_O)        0.043     0.580 r  controller_core_inst/wr_error_q[1]_i_79/O
                         net (fo=2, unplaced)         0.543     1.123    controller_core_inst/wr_error_q[1]_i_79_n_0
                         LUT6 (Prop_lut6_I0_O)        0.043     1.166 r  controller_core_inst/wr_error_q[1]_i_70/O
                         net (fo=4, unplaced)         0.294     1.460    controller_core_inst/wr_error_q[1]_i_70_n_0
                         LUT6 (Prop_lut6_I5_O)        0.043     1.503 r  controller_core_inst/wr_error_q[1]_i_35/O
                         net (fo=1, unplaced)         0.000     1.503    controller_core_inst/wr_error_q[1]_i_35_n_0
                         CARRY4 (Prop_carry4_S[1]_CO[3])
                                                      0.256     1.759 r  controller_core_inst/wr_error_q_reg[1]_i_19/CO[3]
                         net (fo=1, unplaced)         0.000     1.759    controller_core_inst/wr_error_q_reg[1]_i_19_n_0
                         CARRY4 (Prop_carry4_CI_CO[3])
                                                      0.054     1.813 r  controller_core_inst/wr_error_q_reg[1]_i_32/CO[3]
                         net (fo=1, unplaced)         0.000     1.813    controller_core_inst/wr_error_q_reg[1]_i_32_n_0
                         CARRY4 (Prop_carry4_CI_CO[3])
                                                      0.054     1.867 r  controller_core_inst/wr_error_q_reg[1]_i_22/CO[3]
                         net (fo=1, unplaced)         0.000     1.867    controller_core_inst/wr_error_q_reg[1]_i_22_n_0
                         CARRY4 (Prop_carry4_CI_O[1])
                                                      0.173     2.040 r  controller_core_inst/wr_error_q_reg[1]_i_16/O[1]
                         net (fo=1, unplaced)         0.351     2.391    controller_core_inst/validate_burst32_out[17]
                         LUT4 (Prop_lut4_I0_O)        0.125     2.516 r  controller_core_inst/wr_error_q[1]_i_23/O
                         net (fo=1, unplaced)         0.242     2.758    controller_core_inst/wr_error_q[1]_i_23_n_0
                         LUT5 (Prop_lut5_I4_O)        0.043     2.801 f  controller_core_inst/wr_error_q[1]_i_7/O
                         net (fo=1, unplaced)         0.532     3.333    controller_core_inst/wr_error_q[1]_i_7_n_0
                         LUT6 (Prop_lut6_I2_O)        0.043     3.376 f  controller_core_inst/wr_error_q[1]_i_2/O
                         net (fo=2, unplaced)         0.281     3.657    controller_core_inst/wr_error_q[1]_i_2_n_0
                         LUT4 (Prop_lut4_I0_O)        0.043     3.700 r  controller_core_inst/wr_error_q[0]_i_1/O
                         net (fo=1, unplaced)         0.000     3.700    controller_core_inst_n_38
                         FDCE                                         r  wr_error_q_reg[0]/D
  -------------------------------------------------------------------    -------------------

                         (clock axi_clk rise edge)    0.000     0.000 r  
                                                      0.000     0.000 r  aclk (IN)
                         net (fo=575, unset)          0.510     0.510    aclk
                         FDCE                                         r  wr_error_q_reg[0]/C

Slack:                    inf
  Source:                 s_axi_awlen[1]
                            (input port)
  Destination:            wr_error_q_reg[1]/D
                            (rising edge-triggered cell FDCE clocked by axi_clk  {rise@0.000ns fall@1.500ns period=3.000ns})
  Path Group:             (none)
  Path Type:              Setup (Max at Slow Process Corner)
  Data Path Delay:        3.700ns  (logic 0.920ns (24.865%)  route 2.780ns (75.135%))
  Logic Levels:           11  (CARRY4=4 LUT4=1 LUT5=3 LUT6=3)
  Clock Path Skew:        0.510ns (DCD - SCD + CPR)
    Destination Clock Delay (DCD):    0.510ns
    Source Clock Delay      (SCD):    0.000ns
    Clock Pessimism Removal (CPR):    0.000ns
  Clock Uncertainty:      0.025ns  ((TSJ^2 + TIJ^2)^1/2 + DJ) / 2 + PE
    Total System Jitter     (TSJ):    0.050ns
    Total Input Jitter      (TIJ):    0.000ns
    Discrete Jitter          (DJ):    0.000ns
    Phase Error              (PE):    0.000ns

    Location             Delay type                Incr(ns)  Path(ns)    Netlist Resource(s)
  -------------------------------------------------------------------    -------------------
                                                      0.000     0.000 r  s_axi_awlen[1] (IN)
                         net (fo=11, unset)           0.537     0.537    controller_core_inst/s_axi_awlen[1]
                         LUT5 (Prop_lut5_I4_O)        0.043     0.580 r  controller_core_inst/wr_error_q[1]_i_79/O
                         net (fo=2, unplaced)         0.543     1.123    controller_core_inst/wr_error_q[1]_i_79_n_0
                         LUT6 (Prop_lut6_I0_O)        0.043     1.166 r  controller_core_inst/wr_error_q[1]_i_70/O
                         net (fo=4, unplaced)         0.294     1.460    controller_core_inst/wr_error_q[1]_i_70_n_0
                         LUT6 (Prop_lut6_I5_O)        0.043     1.503 r  controller_core_inst/wr_error_q[1]_i_35/O
                         net (fo=1, unplaced)         0.000     1.503    controller_core_inst/wr_error_q[1]_i_35_n_0
                         CARRY4 (Prop_carry4_S[1]_CO[3])
                                                      0.256     1.759 r  controller_core_inst/wr_error_q_reg[1]_i_19/CO[3]
                         net (fo=1, unplaced)         0.000     1.759    controller_core_inst/wr_error_q_reg[1]_i_19_n_0
                         CARRY4 (Prop_carry4_CI_CO[3])
                                                      0.054     1.813 r  controller_core_inst/wr_error_q_reg[1]_i_32/CO[3]
                         net (fo=1, unplaced)         0.000     1.813    controller_core_inst/wr_error_q_reg[1]_i_32_n_0
                         CARRY4 (Prop_carry4_CI_CO[3])
                                                      0.054     1.867 r  controller_core_inst/wr_error_q_reg[1]_i_22/CO[3]
                         net (fo=1, unplaced)         0.000     1.867    controller_core_inst/wr_error_q_reg[1]_i_22_n_0
                         CARRY4 (Prop_carry4_CI_O[1])
                                                      0.173     2.040 r  controller_core_inst/wr_error_q_reg[1]_i_16/O[1]
                         net (fo=1, unplaced)         0.351     2.391    controller_core_inst/validate_burst32_out[17]
                         LUT4 (Prop_lut4_I0_O)        0.125     2.516 r  controller_core_inst/wr_error_q[1]_i_23/O
                         net (fo=1, unplaced)         0.242     2.758    controller_core_inst/wr_error_q[1]_i_23_n_0
                         LUT5 (Prop_lut5_I4_O)        0.043     2.801 f  controller_core_inst/wr_error_q[1]_i_7/O
                         net (fo=1, unplaced)         0.532     3.333    controller_core_inst/wr_error_q[1]_i_7_n_0
                         LUT6 (Prop_lut6_I2_O)        0.043     3.376 f  controller_core_inst/wr_error_q[1]_i_2/O
                         net (fo=2, unplaced)         0.281     3.657    controller_core_inst/wr_error_q[1]_i_2_n_0
                         LUT5 (Prop_lut5_I0_O)        0.043     3.700 r  controller_core_inst/wr_error_q[1]_i_1/O
                         net (fo=1, unplaced)         0.000     3.700    controller_core_inst_n_36
                         FDCE                                         r  wr_error_q_reg[1]/D
  -------------------------------------------------------------------    -------------------

                         (clock axi_clk rise edge)    0.000     0.000 r  
                                                      0.000     0.000 r  aclk (IN)
                         net (fo=575, unset)          0.510     0.510    aclk
                         FDCE                                         r  wr_error_q_reg[1]/C

Slack:                    inf
  Source:                 s_axi_arlen[1]
                            (input port)
  Destination:            rd_error_q_reg[1]/D
                            (rising edge-triggered cell FDCE clocked by axi_clk  {rise@0.000ns fall@1.500ns period=3.000ns})
  Path Group:             (none)
  Path Type:              Setup (Max at Slow Process Corner)
  Data Path Delay:        3.580ns  (logic 0.791ns (22.095%)  route 2.789ns (77.905%))
  Logic Levels:           9  (CARRY4=2 LUT4=1 LUT5=4 LUT6=2)
  Clock Path Skew:        0.510ns (DCD - SCD + CPR)
    Destination Clock Delay (DCD):    0.510ns
    Source Clock Delay      (SCD):    0.000ns
    Clock Pessimism Removal (CPR):    0.000ns
  Clock Uncertainty:      0.025ns  ((TSJ^2 + TIJ^2)^1/2 + DJ) / 2 + PE
    Total System Jitter     (TSJ):    0.050ns
    Total Input Jitter      (TIJ):    0.000ns
    Discrete Jitter          (DJ):    0.000ns
    Phase Error              (PE):    0.000ns

    Location             Delay type                Incr(ns)  Path(ns)    Netlist Resource(s)
  -------------------------------------------------------------------    -------------------
                                                      0.000     0.000 r  s_axi_arlen[1] (IN)
                         net (fo=10, unset)           0.537     0.537    s_axi_arlen[1]
                         LUT5 (Prop_lut5_I4_O)        0.043     0.580 r  rd_error_q[0]_i_52/O
                         net (fo=2, unplaced)         0.543     1.123    rd_error_q[0]_i_52_n_0
                         LUT6 (Prop_lut6_I0_O)        0.043     1.166 r  rd_error_q[0]_i_44/O
                         net (fo=4, unplaced)         0.294     1.460    rd_error_q[0]_i_44_n_0
                         LUT6 (Prop_lut6_I5_O)        0.043     1.503 r  rd_error_q[0]_i_17/O
                         net (fo=1, unplaced)         0.000     1.503    rd_error_q[0]_i_17_n_0
                         CARRY4 (Prop_carry4_S[1]_CO[3])
                                                      0.256     1.759 r  rd_error_q_reg[0]_i_7/CO[3]
                         net (fo=1, unplaced)         0.000     1.759    rd_error_q_reg[0]_i_7_n_0
                         CARRY4 (Prop_carry4_CI_O[3])
                                                      0.157     1.916 r  rd_error_q_reg[0]_i_13/O[3]
                         net (fo=1, unplaced)         0.457     2.373    validate_burst3[11]
                         LUT4 (Prop_lut4_I0_O)        0.120     2.493 r  rd_error_q[0]_i_6/O
                         net (fo=2, unplaced)         0.281     2.774    rd_error_q[0]_i_6_n_0
                         LUT5 (Prop_lut5_I4_O)        0.043     2.817 r  rd_error_q[1]_i_10/O
                         net (fo=1, unplaced)         0.407     3.224    rd_error_q[1]_i_10_n_0
                         LUT5 (Prop_lut5_I1_O)        0.043     3.267 r  rd_error_q[1]_i_4/O
                         net (fo=1, unplaced)         0.270     3.537    rd_error_q[1]_i_4_n_0
                         LUT5 (Prop_lut5_I2_O)        0.043     3.580 r  rd_error_q[1]_i_1/O
                         net (fo=1, unplaced)         0.000     3.580    validate_burst[1]
                         FDCE                                         r  rd_error_q_reg[1]/D
  -------------------------------------------------------------------    -------------------

                         (clock axi_clk rise edge)    0.000     0.000 r  
                                                      0.000     0.000 r  aclk (IN)
                         net (fo=575, unset)          0.510     0.510    aclk
                         FDCE                                         r  rd_error_q_reg[1]/C

Slack:                    inf
  Source:                 s_axi_arlen[1]
                            (input port)
  Destination:            rd_error_q_reg[0]/D
                            (rising edge-triggered cell FDCE clocked by axi_clk  {rise@0.000ns fall@1.500ns period=3.000ns})
  Path Group:             (none)
  Path Type:              Setup (Max at Slow Process Corner)
  Data Path Delay:        3.520ns  (logic 0.974ns (27.670%)  route 2.546ns (72.330%))
  Logic Levels:           12  (CARRY4=5 LUT4=1 LUT5=2 LUT6=4)
  Clock Path Skew:        0.510ns (DCD - SCD + CPR)
    Destination Clock Delay (DCD):    0.510ns
    Source Clock Delay      (SCD):    0.000ns
    Clock Pessimism Removal (CPR):    0.000ns
  Clock Uncertainty:      0.025ns  ((TSJ^2 + TIJ^2)^1/2 + DJ) / 2 + PE
    Total System Jitter     (TSJ):    0.050ns
    Total Input Jitter      (TIJ):    0.000ns
    Discrete Jitter          (DJ):    0.000ns
    Phase Error              (PE):    0.000ns

    Location             Delay type                Incr(ns)  Path(ns)    Netlist Resource(s)
  -------------------------------------------------------------------    -------------------
                                                      0.000     0.000 r  s_axi_arlen[1] (IN)
                         net (fo=10, unset)           0.537     0.537    s_axi_arlen[1]
                         LUT5 (Prop_lut5_I4_O)        0.043     0.580 r  rd_error_q[0]_i_52/O
                         net (fo=2, unplaced)         0.543     1.123    rd_error_q[0]_i_52_n_0
                         LUT6 (Prop_lut6_I0_O)        0.043     1.166 r  rd_error_q[0]_i_44/O
                         net (fo=4, unplaced)         0.294     1.460    rd_error_q[0]_i_44_n_0
                         LUT6 (Prop_lut6_I5_O)        0.043     1.503 r  rd_error_q[0]_i_17/O
                         net (fo=1, unplaced)         0.000     1.503    rd_error_q[0]_i_17_n_0
                         CARRY4 (Prop_carry4_S[1]_CO[3])
                                                      0.256     1.759 r  rd_error_q_reg[0]_i_7/CO[3]
                         net (fo=1, unplaced)         0.000     1.759    rd_error_q_reg[0]_i_7_n_0
                         CARRY4 (Prop_carry4_CI_CO[3])
                                                      0.054     1.813 r  rd_error_q_reg[0]_i_13/CO[3]
                         net (fo=1, unplaced)         0.000     1.813    rd_error_q_reg[0]_i_13_n_0
                         CARRY4 (Prop_carry4_CI_CO[3])
                                                      0.054     1.867 r  rd_error_q_reg[0]_i_8/CO[3]
                         net (fo=1, unplaced)         0.000     1.867    rd_error_q_reg[0]_i_8_n_0
                         CARRY4 (Prop_carry4_CI_CO[3])
                                                      0.054     1.921 r  rd_error_q_reg[0]_i_12/CO[3]
                         net (fo=1, unplaced)         0.000     1.921    rd_error_q_reg[0]_i_12_n_0
                         CARRY4 (Prop_carry4_CI_O[1])
                                                      0.173     2.094 r  rd_error_q_reg[1]_i_17/O[1]
                         net (fo=1, unplaced)         0.351     2.445    validate_burst3[21]
                         LUT4 (Prop_lut4_I1_O)        0.125     2.570 r  rd_error_q[1]_i_18/O
                         net (fo=1, unplaced)         0.270     2.840    rd_error_q[1]_i_18_n_0
                         LUT5 (Prop_lut5_I4_O)        0.043     2.883 r  rd_error_q[1]_i_11/O
                         net (fo=2, unplaced)         0.281     3.164    rd_error_q[1]_i_11_n_0
                         LUT6 (Prop_lut6_I5_O)        0.043     3.207 r  rd_error_q[0]_i_3/O
                         net (fo=1, unplaced)         0.270     3.477    rd_error_q[0]_i_3_n_0
                         LUT6 (Prop_lut6_I2_O)        0.043     3.520 r  rd_error_q[0]_i_1/O
                         net (fo=1, unplaced)         0.000     3.520    rd_error_q[0]_i_1_n_0
                         FDCE                                         r  rd_error_q_reg[0]/D
  -------------------------------------------------------------------    -------------------

                         (clock axi_clk rise edge)    0.000     0.000 r  
                                                      0.000     0.000 r  aclk (IN)
                         net (fo=575, unset)          0.510     0.510    aclk
                         FDCE                                         r  rd_error_q_reg[0]/C

Slack:                    inf
  Source:                 s_axi_wlast
                            (input port)
  Destination:            wr_addr_q_reg[0]/CE
                            (rising edge-triggered cell FDCE clocked by axi_clk  {rise@0.000ns fall@1.500ns period=3.000ns})
  Path Group:             (none)
  Path Type:              Setup (Max at Slow Process Corner)
  Data Path Delay:        1.982ns  (logic 0.172ns (8.678%)  route 1.810ns (91.322%))
  Logic Levels:           4  (LUT2=2 LUT4=1 LUT6=1)
  Clock Path Skew:        0.510ns (DCD - SCD + CPR)
    Destination Clock Delay (DCD):    0.510ns
    Source Clock Delay      (SCD):    0.000ns
    Clock Pessimism Removal (CPR):    0.000ns
  Clock Uncertainty:      0.025ns  ((TSJ^2 + TIJ^2)^1/2 + DJ) / 2 + PE
    Total System Jitter     (TSJ):    0.050ns
    Total Input Jitter      (TIJ):    0.000ns
    Discrete Jitter          (DJ):    0.000ns
    Phase Error              (PE):    0.000ns

    Location             Delay type                Incr(ns)  Path(ns)    Netlist Resource(s)
  -------------------------------------------------------------------    -------------------
                                                      0.000     0.000 r  s_axi_wlast (IN)
                         net (fo=1, unset)            0.537     0.537    controller_core_inst/s_axi_wlast
                         LUT2 (Prop_lut2_I0_O)        0.043     0.580 r  controller_core_inst/bid_q[5]_i_3/O
                         net (fo=3, unplaced)         0.288     0.868    controller_core_inst/bid_q[5]_i_3_n_0
                         LUT6 (Prop_lut6_I0_O)        0.043     0.911 f  controller_core_inst/wr_beat_q[7]_i_5/O
                         net (fo=5, unplaced)         0.298     1.209    controller_core_inst/wr_beat_q[7]_i_5_n_0
                         LUT2 (Prop_lut2_I1_O)        0.043     1.252 r  controller_core_inst/wr_beat_q[7]_i_3/O
                         net (fo=37, unplaced)        0.345     1.597    controller_core_inst/wr_beat_q[7]_i_3_n_0
                         LUT4 (Prop_lut4_I1_O)        0.043     1.640 r  controller_core_inst/wr_addr_q[30]_i_1/O
                         net (fo=31, unplaced)        0.342     1.982    controller_core_inst_n_48
                         FDCE                                         r  wr_addr_q_reg[0]/CE
  -------------------------------------------------------------------    -------------------

                         (clock axi_clk rise edge)    0.000     0.000 r  
                                                      0.000     0.000 r  aclk (IN)
                         net (fo=575, unset)          0.510     0.510    aclk
                         FDCE                                         r  wr_addr_q_reg[0]/C

Slack:                    inf
  Source:                 s_axi_wlast
                            (input port)
  Destination:            wr_addr_q_reg[10]/CE
                            (rising edge-triggered cell FDCE clocked by axi_clk  {rise@0.000ns fall@1.500ns period=3.000ns})
  Path Group:             (none)
  Path Type:              Setup (Max at Slow Process Corner)
  Data Path Delay:        1.982ns  (logic 0.172ns (8.678%)  route 1.810ns (91.322%))
  Logic Levels:           4  (LUT2=2 LUT4=1 LUT6=1)
  Clock Path Skew:        0.510ns (DCD - SCD + CPR)
    Destination Clock Delay (DCD):    0.510ns
    Source Clock Delay      (SCD):    0.000ns
    Clock Pessimism Removal (CPR):    0.000ns
  Clock Uncertainty:      0.025ns  ((TSJ^2 + TIJ^2)^1/2 + DJ) / 2 + PE
    Total System Jitter     (TSJ):    0.050ns
    Total Input Jitter      (TIJ):    0.000ns
    Discrete Jitter          (DJ):    0.000ns
    Phase Error              (PE):    0.000ns

    Location             Delay type                Incr(ns)  Path(ns)    Netlist Resource(s)
  -------------------------------------------------------------------    -------------------
                                                      0.000     0.000 r  s_axi_wlast (IN)
                         net (fo=1, unset)            0.537     0.537    controller_core_inst/s_axi_wlast
                         LUT2 (Prop_lut2_I0_O)        0.043     0.580 r  controller_core_inst/bid_q[5]_i_3/O
                         net (fo=3, unplaced)         0.288     0.868    controller_core_inst/bid_q[5]_i_3_n_0
                         LUT6 (Prop_lut6_I0_O)        0.043     0.911 f  controller_core_inst/wr_beat_q[7]_i_5/O
                         net (fo=5, unplaced)         0.298     1.209    controller_core_inst/wr_beat_q[7]_i_5_n_0
                         LUT2 (Prop_lut2_I1_O)        0.043     1.252 r  controller_core_inst/wr_beat_q[7]_i_3/O
                         net (fo=37, unplaced)        0.345     1.597    controller_core_inst/wr_beat_q[7]_i_3_n_0
                         LUT4 (Prop_lut4_I1_O)        0.043     1.640 r  controller_core_inst/wr_addr_q[30]_i_1/O
                         net (fo=31, unplaced)        0.342     1.982    controller_core_inst_n_48
                         FDCE                                         r  wr_addr_q_reg[10]/CE
  -------------------------------------------------------------------    -------------------

                         (clock axi_clk rise edge)    0.000     0.000 r  
                                                      0.000     0.000 r  aclk (IN)
                         net (fo=575, unset)          0.510     0.510    aclk
                         FDCE                                         r  wr_addr_q_reg[10]/C

Slack:                    inf
  Source:                 s_axi_wlast
                            (input port)
  Destination:            wr_addr_q_reg[11]/CE
                            (rising edge-triggered cell FDCE clocked by axi_clk  {rise@0.000ns fall@1.500ns period=3.000ns})
  Path Group:             (none)
  Path Type:              Setup (Max at Slow Process Corner)
  Data Path Delay:        1.982ns  (logic 0.172ns (8.678%)  route 1.810ns (91.322%))
  Logic Levels:           4  (LUT2=2 LUT4=1 LUT6=1)
  Clock Path Skew:        0.510ns (DCD - SCD + CPR)
    Destination Clock Delay (DCD):    0.510ns
    Source Clock Delay      (SCD):    0.000ns
    Clock Pessimism Removal (CPR):    0.000ns
  Clock Uncertainty:      0.025ns  ((TSJ^2 + TIJ^2)^1/2 + DJ) / 2 + PE
    Total System Jitter     (TSJ):    0.050ns
    Total Input Jitter      (TIJ):    0.000ns
    Discrete Jitter          (DJ):    0.000ns
    Phase Error              (PE):    0.000ns

    Location             Delay type                Incr(ns)  Path(ns)    Netlist Resource(s)
  -------------------------------------------------------------------    -------------------
                                                      0.000     0.000 r  s_axi_wlast (IN)
                         net (fo=1, unset)            0.537     0.537    controller_core_inst/s_axi_wlast
                         LUT2 (Prop_lut2_I0_O)        0.043     0.580 r  controller_core_inst/bid_q[5]_i_3/O
                         net (fo=3, unplaced)         0.288     0.868    controller_core_inst/bid_q[5]_i_3_n_0
                         LUT6 (Prop_lut6_I0_O)        0.043     0.911 f  controller_core_inst/wr_beat_q[7]_i_5/O
                         net (fo=5, unplaced)         0.298     1.209    controller_core_inst/wr_beat_q[7]_i_5_n_0
                         LUT2 (Prop_lut2_I1_O)        0.043     1.252 r  controller_core_inst/wr_beat_q[7]_i_3/O
                         net (fo=37, unplaced)        0.345     1.597    controller_core_inst/wr_beat_q[7]_i_3_n_0
                         LUT4 (Prop_lut4_I1_O)        0.043     1.640 r  controller_core_inst/wr_addr_q[30]_i_1/O
                         net (fo=31, unplaced)        0.342     1.982    controller_core_inst_n_48
                         FDCE                                         r  wr_addr_q_reg[11]/CE
  -------------------------------------------------------------------    -------------------

                         (clock axi_clk rise edge)    0.000     0.000 r  
                                                      0.000     0.000 r  aclk (IN)
                         net (fo=575, unset)          0.510     0.510    aclk
                         FDCE                                         r  wr_addr_q_reg[11]/C

Slack:                    inf
  Source:                 s_axi_wlast
                            (input port)
  Destination:            wr_addr_q_reg[12]/CE
                            (rising edge-triggered cell FDCE clocked by axi_clk  {rise@0.000ns fall@1.500ns period=3.000ns})
  Path Group:             (none)
  Path Type:              Setup (Max at Slow Process Corner)
  Data Path Delay:        1.982ns  (logic 0.172ns (8.678%)  route 1.810ns (91.322%))
  Logic Levels:           4  (LUT2=2 LUT4=1 LUT6=1)
  Clock Path Skew:        0.510ns (DCD - SCD + CPR)
    Destination Clock Delay (DCD):    0.510ns
    Source Clock Delay      (SCD):    0.000ns
    Clock Pessimism Removal (CPR):    0.000ns
  Clock Uncertainty:      0.025ns  ((TSJ^2 + TIJ^2)^1/2 + DJ) / 2 + PE
    Total System Jitter     (TSJ):    0.050ns
    Total Input Jitter      (TIJ):    0.000ns
    Discrete Jitter          (DJ):    0.000ns
    Phase Error              (PE):    0.000ns

    Location             Delay type                Incr(ns)  Path(ns)    Netlist Resource(s)
  -------------------------------------------------------------------    -------------------
                                                      0.000     0.000 r  s_axi_wlast (IN)
                         net (fo=1, unset)            0.537     0.537    controller_core_inst/s_axi_wlast
                         LUT2 (Prop_lut2_I0_O)        0.043     0.580 r  controller_core_inst/bid_q[5]_i_3/O
                         net (fo=3, unplaced)         0.288     0.868    controller_core_inst/bid_q[5]_i_3_n_0
                         LUT6 (Prop_lut6_I0_O)        0.043     0.911 f  controller_core_inst/wr_beat_q[7]_i_5/O
                         net (fo=5, unplaced)         0.298     1.209    controller_core_inst/wr_beat_q[7]_i_5_n_0
                         LUT2 (Prop_lut2_I1_O)        0.043     1.252 r  controller_core_inst/wr_beat_q[7]_i_3/O
                         net (fo=37, unplaced)        0.345     1.597    controller_core_inst/wr_beat_q[7]_i_3_n_0
                         LUT4 (Prop_lut4_I1_O)        0.043     1.640 r  controller_core_inst/wr_addr_q[30]_i_1/O
                         net (fo=31, unplaced)        0.342     1.982    controller_core_inst_n_48
                         FDCE                                         r  wr_addr_q_reg[12]/CE
  -------------------------------------------------------------------    -------------------

                         (clock axi_clk rise edge)    0.000     0.000 r  
                                                      0.000     0.000 r  aclk (IN)
                         net (fo=575, unset)          0.510     0.510    aclk
                         FDCE                                         r  wr_addr_q_reg[12]/C

Slack:                    inf
  Source:                 s_axi_wlast
                            (input port)
  Destination:            wr_addr_q_reg[13]/CE
                            (rising edge-triggered cell FDCE clocked by axi_clk  {rise@0.000ns fall@1.500ns period=3.000ns})
  Path Group:             (none)
  Path Type:              Setup (Max at Slow Process Corner)
  Data Path Delay:        1.982ns  (logic 0.172ns (8.678%)  route 1.810ns (91.322%))
  Logic Levels:           4  (LUT2=2 LUT4=1 LUT6=1)
  Clock Path Skew:        0.510ns (DCD - SCD + CPR)
    Destination Clock Delay (DCD):    0.510ns
    Source Clock Delay      (SCD):    0.000ns
    Clock Pessimism Removal (CPR):    0.000ns
  Clock Uncertainty:      0.025ns  ((TSJ^2 + TIJ^2)^1/2 + DJ) / 2 + PE
    Total System Jitter     (TSJ):    0.050ns
    Total Input Jitter      (TIJ):    0.000ns
    Discrete Jitter          (DJ):    0.000ns
    Phase Error              (PE):    0.000ns

    Location             Delay type                Incr(ns)  Path(ns)    Netlist Resource(s)
  -------------------------------------------------------------------    -------------------
                                                      0.000     0.000 r  s_axi_wlast (IN)
                         net (fo=1, unset)            0.537     0.537    controller_core_inst/s_axi_wlast
                         LUT2 (Prop_lut2_I0_O)        0.043     0.580 r  controller_core_inst/bid_q[5]_i_3/O
                         net (fo=3, unplaced)         0.288     0.868    controller_core_inst/bid_q[5]_i_3_n_0
                         LUT6 (Prop_lut6_I0_O)        0.043     0.911 f  controller_core_inst/wr_beat_q[7]_i_5/O
                         net (fo=5, unplaced)         0.298     1.209    controller_core_inst/wr_beat_q[7]_i_5_n_0
                         LUT2 (Prop_lut2_I1_O)        0.043     1.252 r  controller_core_inst/wr_beat_q[7]_i_3/O
                         net (fo=37, unplaced)        0.345     1.597    controller_core_inst/wr_beat_q[7]_i_3_n_0
                         LUT4 (Prop_lut4_I1_O)        0.043     1.640 r  controller_core_inst/wr_addr_q[30]_i_1/O
                         net (fo=31, unplaced)        0.342     1.982    controller_core_inst_n_48
                         FDCE                                         r  wr_addr_q_reg[13]/CE
  -------------------------------------------------------------------    -------------------

                         (clock axi_clk rise edge)    0.000     0.000 r  
                                                      0.000     0.000 r  aclk (IN)
                         net (fo=575, unset)          0.510     0.510    aclk
                         FDCE                                         r  wr_addr_q_reg[13]/C

Slack:                    inf
  Source:                 s_axi_wlast
                            (input port)
  Destination:            wr_addr_q_reg[14]/CE
                            (rising edge-triggered cell FDCE clocked by axi_clk  {rise@0.000ns fall@1.500ns period=3.000ns})
  Path Group:             (none)
  Path Type:              Setup (Max at Slow Process Corner)
  Data Path Delay:        1.982ns  (logic 0.172ns (8.678%)  route 1.810ns (91.322%))
  Logic Levels:           4  (LUT2=2 LUT4=1 LUT6=1)
  Clock Path Skew:        0.510ns (DCD - SCD + CPR)
    Destination Clock Delay (DCD):    0.510ns
    Source Clock Delay      (SCD):    0.000ns
    Clock Pessimism Removal (CPR):    0.000ns
  Clock Uncertainty:      0.025ns  ((TSJ^2 + TIJ^2)^1/2 + DJ) / 2 + PE
    Total System Jitter     (TSJ):    0.050ns
    Total Input Jitter      (TIJ):    0.000ns
    Discrete Jitter          (DJ):    0.000ns
    Phase Error              (PE):    0.000ns

    Location             Delay type                Incr(ns)  Path(ns)    Netlist Resource(s)
  -------------------------------------------------------------------    -------------------
                                                      0.000     0.000 r  s_axi_wlast (IN)
                         net (fo=1, unset)            0.537     0.537    controller_core_inst/s_axi_wlast
                         LUT2 (Prop_lut2_I0_O)        0.043     0.580 r  controller_core_inst/bid_q[5]_i_3/O
                         net (fo=3, unplaced)         0.288     0.868    controller_core_inst/bid_q[5]_i_3_n_0
                         LUT6 (Prop_lut6_I0_O)        0.043     0.911 f  controller_core_inst/wr_beat_q[7]_i_5/O
                         net (fo=5, unplaced)         0.298     1.209    controller_core_inst/wr_beat_q[7]_i_5_n_0
                         LUT2 (Prop_lut2_I1_O)        0.043     1.252 r  controller_core_inst/wr_beat_q[7]_i_3/O
                         net (fo=37, unplaced)        0.345     1.597    controller_core_inst/wr_beat_q[7]_i_3_n_0
                         LUT4 (Prop_lut4_I1_O)        0.043     1.640 r  controller_core_inst/wr_addr_q[30]_i_1/O
                         net (fo=31, unplaced)        0.342     1.982    controller_core_inst_n_48
                         FDCE                                         r  wr_addr_q_reg[14]/CE
  -------------------------------------------------------------------    -------------------

                         (clock axi_clk rise edge)    0.000     0.000 r  
                                                      0.000     0.000 r  aclk (IN)
                         net (fo=575, unset)          0.510     0.510    aclk
                         FDCE                                         r  wr_addr_q_reg[14]/C

Slack:                    inf
  Source:                 s_axi_wlast
                            (input port)
  Destination:            wr_addr_q_reg[15]/CE
                            (rising edge-triggered cell FDCE clocked by axi_clk  {rise@0.000ns fall@1.500ns period=3.000ns})
  Path Group:             (none)
  Path Type:              Setup (Max at Slow Process Corner)
  Data Path Delay:        1.982ns  (logic 0.172ns (8.678%)  route 1.810ns (91.322%))
  Logic Levels:           4  (LUT2=2 LUT4=1 LUT6=1)
  Clock Path Skew:        0.510ns (DCD - SCD + CPR)
    Destination Clock Delay (DCD):    0.510ns
    Source Clock Delay      (SCD):    0.000ns
    Clock Pessimism Removal (CPR):    0.000ns
  Clock Uncertainty:      0.025ns  ((TSJ^2 + TIJ^2)^1/2 + DJ) / 2 + PE
    Total System Jitter     (TSJ):    0.050ns
    Total Input Jitter      (TIJ):    0.000ns
    Discrete Jitter          (DJ):    0.000ns
    Phase Error              (PE):    0.000ns

    Location             Delay type                Incr(ns)  Path(ns)    Netlist Resource(s)
  -------------------------------------------------------------------    -------------------
                                                      0.000     0.000 r  s_axi_wlast (IN)
                         net (fo=1, unset)            0.537     0.537    controller_core_inst/s_axi_wlast
                         LUT2 (Prop_lut2_I0_O)        0.043     0.580 r  controller_core_inst/bid_q[5]_i_3/O
                         net (fo=3, unplaced)         0.288     0.868    controller_core_inst/bid_q[5]_i_3_n_0
                         LUT6 (Prop_lut6_I0_O)        0.043     0.911 f  controller_core_inst/wr_beat_q[7]_i_5/O
                         net (fo=5, unplaced)         0.298     1.209    controller_core_inst/wr_beat_q[7]_i_5_n_0
                         LUT2 (Prop_lut2_I1_O)        0.043     1.252 r  controller_core_inst/wr_beat_q[7]_i_3/O
                         net (fo=37, unplaced)        0.345     1.597    controller_core_inst/wr_beat_q[7]_i_3_n_0
                         LUT4 (Prop_lut4_I1_O)        0.043     1.640 r  controller_core_inst/wr_addr_q[30]_i_1/O
                         net (fo=31, unplaced)        0.342     1.982    controller_core_inst_n_48
                         FDCE                                         r  wr_addr_q_reg[15]/CE
  -------------------------------------------------------------------    -------------------

                         (clock axi_clk rise edge)    0.000     0.000 r  
                                                      0.000     0.000 r  aclk (IN)
                         net (fo=575, unset)          0.510     0.510    aclk
                         FDCE                                         r  wr_addr_q_reg[15]/C

Slack:                    inf
  Source:                 s_axi_wlast
                            (input port)
  Destination:            wr_addr_q_reg[16]/CE
                            (rising edge-triggered cell FDCE clocked by axi_clk  {rise@0.000ns fall@1.500ns period=3.000ns})
  Path Group:             (none)
  Path Type:              Setup (Max at Slow Process Corner)
  Data Path Delay:        1.982ns  (logic 0.172ns (8.678%)  route 1.810ns (91.322%))
  Logic Levels:           4  (LUT2=2 LUT4=1 LUT6=1)
  Clock Path Skew:        0.510ns (DCD - SCD + CPR)
    Destination Clock Delay (DCD):    0.510ns
    Source Clock Delay      (SCD):    0.000ns
    Clock Pessimism Removal (CPR):    0.000ns
  Clock Uncertainty:      0.025ns  ((TSJ^2 + TIJ^2)^1/2 + DJ) / 2 + PE
    Total System Jitter     (TSJ):    0.050ns
    Total Input Jitter      (TIJ):    0.000ns
    Discrete Jitter          (DJ):    0.000ns
    Phase Error              (PE):    0.000ns

    Location             Delay type                Incr(ns)  Path(ns)    Netlist Resource(s)
  -------------------------------------------------------------------    -------------------
                                                      0.000     0.000 r  s_axi_wlast (IN)
                         net (fo=1, unset)            0.537     0.537    controller_core_inst/s_axi_wlast
                         LUT2 (Prop_lut2_I0_O)        0.043     0.580 r  controller_core_inst/bid_q[5]_i_3/O
                         net (fo=3, unplaced)         0.288     0.868    controller_core_inst/bid_q[5]_i_3_n_0
                         LUT6 (Prop_lut6_I0_O)        0.043     0.911 f  controller_core_inst/wr_beat_q[7]_i_5/O
                         net (fo=5, unplaced)         0.298     1.209    controller_core_inst/wr_beat_q[7]_i_5_n_0
                         LUT2 (Prop_lut2_I1_O)        0.043     1.252 r  controller_core_inst/wr_beat_q[7]_i_3/O
                         net (fo=37, unplaced)        0.345     1.597    controller_core_inst/wr_beat_q[7]_i_3_n_0
                         LUT4 (Prop_lut4_I1_O)        0.043     1.640 r  controller_core_inst/wr_addr_q[30]_i_1/O
                         net (fo=31, unplaced)        0.342     1.982    controller_core_inst_n_48
                         FDCE                                         r  wr_addr_q_reg[16]/CE
  -------------------------------------------------------------------    -------------------

                         (clock axi_clk rise edge)    0.000     0.000 r  
                                                      0.000     0.000 r  aclk (IN)
                         net (fo=575, unset)          0.510     0.510    aclk
                         FDCE                                         r  wr_addr_q_reg[16]/C

Slack:                    inf
  Source:                 s_axi_wlast
                            (input port)
  Destination:            wr_addr_q_reg[17]/CE
                            (rising edge-triggered cell FDCE clocked by axi_clk  {rise@0.000ns fall@1.500ns period=3.000ns})
  Path Group:             (none)
  Path Type:              Setup (Max at Slow Process Corner)
  Data Path Delay:        1.982ns  (logic 0.172ns (8.678%)  route 1.810ns (91.322%))
  Logic Levels:           4  (LUT2=2 LUT4=1 LUT6=1)
  Clock Path Skew:        0.510ns (DCD - SCD + CPR)
    Destination Clock Delay (DCD):    0.510ns
    Source Clock Delay      (SCD):    0.000ns
    Clock Pessimism Removal (CPR):    0.000ns
  Clock Uncertainty:      0.025ns  ((TSJ^2 + TIJ^2)^1/2 + DJ) / 2 + PE
    Total System Jitter     (TSJ):    0.050ns
    Total Input Jitter      (TIJ):    0.000ns
    Discrete Jitter          (DJ):    0.000ns
    Phase Error              (PE):    0.000ns

    Location             Delay type                Incr(ns)  Path(ns)    Netlist Resource(s)
  -------------------------------------------------------------------    -------------------
                                                      0.000     0.000 r  s_axi_wlast (IN)
                         net (fo=1, unset)            0.537     0.537    controller_core_inst/s_axi_wlast
                         LUT2 (Prop_lut2_I0_O)        0.043     0.580 r  controller_core_inst/bid_q[5]_i_3/O
                         net (fo=3, unplaced)         0.288     0.868    controller_core_inst/bid_q[5]_i_3_n_0
                         LUT6 (Prop_lut6_I0_O)        0.043     0.911 f  controller_core_inst/wr_beat_q[7]_i_5/O
                         net (fo=5, unplaced)         0.298     1.209    controller_core_inst/wr_beat_q[7]_i_5_n_0
                         LUT2 (Prop_lut2_I1_O)        0.043     1.252 r  controller_core_inst/wr_beat_q[7]_i_3/O
                         net (fo=37, unplaced)        0.345     1.597    controller_core_inst/wr_beat_q[7]_i_3_n_0
                         LUT4 (Prop_lut4_I1_O)        0.043     1.640 r  controller_core_inst/wr_addr_q[30]_i_1/O
                         net (fo=31, unplaced)        0.342     1.982    controller_core_inst_n_48
                         FDCE                                         r  wr_addr_q_reg[17]/CE
  -------------------------------------------------------------------    -------------------

                         (clock axi_clk rise edge)    0.000     0.000 r  
                                                      0.000     0.000 r  aclk (IN)
                         net (fo=575, unset)          0.510     0.510    aclk
                         FDCE                                         r  wr_addr_q_reg[17]/C

Slack:                    inf
  Source:                 s_axi_wlast
                            (input port)
  Destination:            wr_addr_q_reg[18]/CE
                            (rising edge-triggered cell FDCE clocked by axi_clk  {rise@0.000ns fall@1.500ns period=3.000ns})
  Path Group:             (none)
  Path Type:              Setup (Max at Slow Process Corner)
  Data Path Delay:        1.982ns  (logic 0.172ns (8.678%)  route 1.810ns (91.322%))
  Logic Levels:           4  (LUT2=2 LUT4=1 LUT6=1)
  Clock Path Skew:        0.510ns (DCD - SCD + CPR)
    Destination Clock Delay (DCD):    0.510ns
    Source Clock Delay      (SCD):    0.000ns
    Clock Pessimism Removal (CPR):    0.000ns
  Clock Uncertainty:      0.025ns  ((TSJ^2 + TIJ^2)^1/2 + DJ) / 2 + PE
    Total System Jitter     (TSJ):    0.050ns
    Total Input Jitter      (TIJ):    0.000ns
    Discrete Jitter          (DJ):    0.000ns
    Phase Error              (PE):    0.000ns

    Location             Delay type                Incr(ns)  Path(ns)    Netlist Resource(s)
  -------------------------------------------------------------------    -------------------
                                                      0.000     0.000 r  s_axi_wlast (IN)
                         net (fo=1, unset)            0.537     0.537    controller_core_inst/s_axi_wlast
                         LUT2 (Prop_lut2_I0_O)        0.043     0.580 r  controller_core_inst/bid_q[5]_i_3/O
                         net (fo=3, unplaced)         0.288     0.868    controller_core_inst/bid_q[5]_i_3_n_0
                         LUT6 (Prop_lut6_I0_O)        0.043     0.911 f  controller_core_inst/wr_beat_q[7]_i_5/O
                         net (fo=5, unplaced)         0.298     1.209    controller_core_inst/wr_beat_q[7]_i_5_n_0
                         LUT2 (Prop_lut2_I1_O)        0.043     1.252 r  controller_core_inst/wr_beat_q[7]_i_3/O
                         net (fo=37, unplaced)        0.345     1.597    controller_core_inst/wr_beat_q[7]_i_3_n_0
                         LUT4 (Prop_lut4_I1_O)        0.043     1.640 r  controller_core_inst/wr_addr_q[30]_i_1/O
                         net (fo=31, unplaced)        0.342     1.982    controller_core_inst_n_48
                         FDCE                                         r  wr_addr_q_reg[18]/CE
  -------------------------------------------------------------------    -------------------

                         (clock axi_clk rise edge)    0.000     0.000 r  
                                                      0.000     0.000 r  aclk (IN)
                         net (fo=575, unset)          0.510     0.510    aclk
                         FDCE                                         r  wr_addr_q_reg[18]/C

Slack:                    inf
  Source:                 s_axi_wlast
                            (input port)
  Destination:            wr_addr_q_reg[19]/CE
                            (rising edge-triggered cell FDCE clocked by axi_clk  {rise@0.000ns fall@1.500ns period=3.000ns})
  Path Group:             (none)
  Path Type:              Setup (Max at Slow Process Corner)
  Data Path Delay:        1.982ns  (logic 0.172ns (8.678%)  route 1.810ns (91.322%))
  Logic Levels:           4  (LUT2=2 LUT4=1 LUT6=1)
  Clock Path Skew:        0.510ns (DCD - SCD + CPR)
    Destination Clock Delay (DCD):    0.510ns
    Source Clock Delay      (SCD):    0.000ns
    Clock Pessimism Removal (CPR):    0.000ns
  Clock Uncertainty:      0.025ns  ((TSJ^2 + TIJ^2)^1/2 + DJ) / 2 + PE
    Total System Jitter     (TSJ):    0.050ns
    Total Input Jitter      (TIJ):    0.000ns
    Discrete Jitter          (DJ):    0.000ns
    Phase Error              (PE):    0.000ns

    Location             Delay type                Incr(ns)  Path(ns)    Netlist Resource(s)
  -------------------------------------------------------------------    -------------------
                                                      0.000     0.000 r  s_axi_wlast (IN)
                         net (fo=1, unset)            0.537     0.537    controller_core_inst/s_axi_wlast
                         LUT2 (Prop_lut2_I0_O)        0.043     0.580 r  controller_core_inst/bid_q[5]_i_3/O
                         net (fo=3, unplaced)         0.288     0.868    controller_core_inst/bid_q[5]_i_3_n_0
                         LUT6 (Prop_lut6_I0_O)        0.043     0.911 f  controller_core_inst/wr_beat_q[7]_i_5/O
                         net (fo=5, unplaced)         0.298     1.209    controller_core_inst/wr_beat_q[7]_i_5_n_0
                         LUT2 (Prop_lut2_I1_O)        0.043     1.252 r  controller_core_inst/wr_beat_q[7]_i_3/O
                         net (fo=37, unplaced)        0.345     1.597    controller_core_inst/wr_beat_q[7]_i_3_n_0
                         LUT4 (Prop_lut4_I1_O)        0.043     1.640 r  controller_core_inst/wr_addr_q[30]_i_1/O
                         net (fo=31, unplaced)        0.342     1.982    controller_core_inst_n_48
                         FDCE                                         r  wr_addr_q_reg[19]/CE
  -------------------------------------------------------------------    -------------------

                         (clock axi_clk rise edge)    0.000     0.000 r  
                                                      0.000     0.000 r  aclk (IN)
                         net (fo=575, unset)          0.510     0.510    aclk
                         FDCE                                         r  wr_addr_q_reg[19]/C

Slack:                    inf
  Source:                 s_axi_wlast
                            (input port)
  Destination:            wr_addr_q_reg[1]/CE
                            (rising edge-triggered cell FDCE clocked by axi_clk  {rise@0.000ns fall@1.500ns period=3.000ns})
  Path Group:             (none)
  Path Type:              Setup (Max at Slow Process Corner)
  Data Path Delay:        1.982ns  (logic 0.172ns (8.678%)  route 1.810ns (91.322%))
  Logic Levels:           4  (LUT2=2 LUT4=1 LUT6=1)
  Clock Path Skew:        0.510ns (DCD - SCD + CPR)
    Destination Clock Delay (DCD):    0.510ns
    Source Clock Delay      (SCD):    0.000ns
    Clock Pessimism Removal (CPR):    0.000ns
  Clock Uncertainty:      0.025ns  ((TSJ^2 + TIJ^2)^1/2 + DJ) / 2 + PE
    Total System Jitter     (TSJ):    0.050ns
    Total Input Jitter      (TIJ):    0.000ns
    Discrete Jitter          (DJ):    0.000ns
    Phase Error              (PE):    0.000ns

    Location             Delay type                Incr(ns)  Path(ns)    Netlist Resource(s)
  -------------------------------------------------------------------    -------------------
                                                      0.000     0.000 r  s_axi_wlast (IN)
                         net (fo=1, unset)            0.537     0.537    controller_core_inst/s_axi_wlast
                         LUT2 (Prop_lut2_I0_O)        0.043     0.580 r  controller_core_inst/bid_q[5]_i_3/O
                         net (fo=3, unplaced)         0.288     0.868    controller_core_inst/bid_q[5]_i_3_n_0
                         LUT6 (Prop_lut6_I0_O)        0.043     0.911 f  controller_core_inst/wr_beat_q[7]_i_5/O
                         net (fo=5, unplaced)         0.298     1.209    controller_core_inst/wr_beat_q[7]_i_5_n_0
                         LUT2 (Prop_lut2_I1_O)        0.043     1.252 r  controller_core_inst/wr_beat_q[7]_i_3/O
                         net (fo=37, unplaced)        0.345     1.597    controller_core_inst/wr_beat_q[7]_i_3_n_0
                         LUT4 (Prop_lut4_I1_O)        0.043     1.640 r  controller_core_inst/wr_addr_q[30]_i_1/O
                         net (fo=31, unplaced)        0.342     1.982    controller_core_inst_n_48
                         FDCE                                         r  wr_addr_q_reg[1]/CE
  -------------------------------------------------------------------    -------------------

                         (clock axi_clk rise edge)    0.000     0.000 r  
                                                      0.000     0.000 r  aclk (IN)
                         net (fo=575, unset)          0.510     0.510    aclk
                         FDCE                                         r  wr_addr_q_reg[1]/C

Slack:                    inf
  Source:                 s_axi_wlast
                            (input port)
  Destination:            wr_addr_q_reg[20]/CE
                            (rising edge-triggered cell FDCE clocked by axi_clk  {rise@0.000ns fall@1.500ns period=3.000ns})
  Path Group:             (none)
  Path Type:              Setup (Max at Slow Process Corner)
  Data Path Delay:        1.982ns  (logic 0.172ns (8.678%)  route 1.810ns (91.322%))
  Logic Levels:           4  (LUT2=2 LUT4=1 LUT6=1)
  Clock Path Skew:        0.510ns (DCD - SCD + CPR)
    Destination Clock Delay (DCD):    0.510ns
    Source Clock Delay      (SCD):    0.000ns
    Clock Pessimism Removal (CPR):    0.000ns
  Clock Uncertainty:      0.025ns  ((TSJ^2 + TIJ^2)^1/2 + DJ) / 2 + PE
    Total System Jitter     (TSJ):    0.050ns
    Total Input Jitter      (TIJ):    0.000ns
    Discrete Jitter          (DJ):    0.000ns
    Phase Error              (PE):    0.000ns

    Location             Delay type                Incr(ns)  Path(ns)    Netlist Resource(s)
  -------------------------------------------------------------------    -------------------
                                                      0.000     0.000 r  s_axi_wlast (IN)
                         net (fo=1, unset)            0.537     0.537    controller_core_inst/s_axi_wlast
                         LUT2 (Prop_lut2_I0_O)        0.043     0.580 r  controller_core_inst/bid_q[5]_i_3/O
                         net (fo=3, unplaced)         0.288     0.868    controller_core_inst/bid_q[5]_i_3_n_0
                         LUT6 (Prop_lut6_I0_O)        0.043     0.911 f  controller_core_inst/wr_beat_q[7]_i_5/O
                         net (fo=5, unplaced)         0.298     1.209    controller_core_inst/wr_beat_q[7]_i_5_n_0
                         LUT2 (Prop_lut2_I1_O)        0.043     1.252 r  controller_core_inst/wr_beat_q[7]_i_3/O
                         net (fo=37, unplaced)        0.345     1.597    controller_core_inst/wr_beat_q[7]_i_3_n_0
                         LUT4 (Prop_lut4_I1_O)        0.043     1.640 r  controller_core_inst/wr_addr_q[30]_i_1/O
                         net (fo=31, unplaced)        0.342     1.982    controller_core_inst_n_48
                         FDCE                                         r  wr_addr_q_reg[20]/CE
  -------------------------------------------------------------------    -------------------

                         (clock axi_clk rise edge)    0.000     0.000 r  
                                                      0.000     0.000 r  aclk (IN)
                         net (fo=575, unset)          0.510     0.510    aclk
                         FDCE                                         r  wr_addr_q_reg[20]/C

Slack:                    inf
  Source:                 s_axi_wlast
                            (input port)
  Destination:            wr_addr_q_reg[21]/CE
                            (rising edge-triggered cell FDCE clocked by axi_clk  {rise@0.000ns fall@1.500ns period=3.000ns})
  Path Group:             (none)
  Path Type:              Setup (Max at Slow Process Corner)
  Data Path Delay:        1.982ns  (logic 0.172ns (8.678%)  route 1.810ns (91.322%))
  Logic Levels:           4  (LUT2=2 LUT4=1 LUT6=1)
  Clock Path Skew:        0.510ns (DCD - SCD + CPR)
    Destination Clock Delay (DCD):    0.510ns
    Source Clock Delay      (SCD):    0.000ns
    Clock Pessimism Removal (CPR):    0.000ns
  Clock Uncertainty:      0.025ns  ((TSJ^2 + TIJ^2)^1/2 + DJ) / 2 + PE
    Total System Jitter     (TSJ):    0.050ns
    Total Input Jitter      (TIJ):    0.000ns
    Discrete Jitter          (DJ):    0.000ns
    Phase Error              (PE):    0.000ns

    Location             Delay type                Incr(ns)  Path(ns)    Netlist Resource(s)
  -------------------------------------------------------------------    -------------------
                                                      0.000     0.000 r  s_axi_wlast (IN)
                         net (fo=1, unset)            0.537     0.537    controller_core_inst/s_axi_wlast
                         LUT2 (Prop_lut2_I0_O)        0.043     0.580 r  controller_core_inst/bid_q[5]_i_3/O
                         net (fo=3, unplaced)         0.288     0.868    controller_core_inst/bid_q[5]_i_3_n_0
                         LUT6 (Prop_lut6_I0_O)        0.043     0.911 f  controller_core_inst/wr_beat_q[7]_i_5/O
                         net (fo=5, unplaced)         0.298     1.209    controller_core_inst/wr_beat_q[7]_i_5_n_0
                         LUT2 (Prop_lut2_I1_O)        0.043     1.252 r  controller_core_inst/wr_beat_q[7]_i_3/O
                         net (fo=37, unplaced)        0.345     1.597    controller_core_inst/wr_beat_q[7]_i_3_n_0
                         LUT4 (Prop_lut4_I1_O)        0.043     1.640 r  controller_core_inst/wr_addr_q[30]_i_1/O
                         net (fo=31, unplaced)        0.342     1.982    controller_core_inst_n_48
                         FDCE                                         r  wr_addr_q_reg[21]/CE
  -------------------------------------------------------------------    -------------------

                         (clock axi_clk rise edge)    0.000     0.000 r  
                                                      0.000     0.000 r  aclk (IN)
                         net (fo=575, unset)          0.510     0.510    aclk
                         FDCE                                         r  wr_addr_q_reg[21]/C

Slack:                    inf
  Source:                 s_axi_wlast
                            (input port)
  Destination:            wr_addr_q_reg[22]/CE
                            (rising edge-triggered cell FDCE clocked by axi_clk  {rise@0.000ns fall@1.500ns period=3.000ns})
  Path Group:             (none)
  Path Type:              Setup (Max at Slow Process Corner)
  Data Path Delay:        1.982ns  (logic 0.172ns (8.678%)  route 1.810ns (91.322%))
  Logic Levels:           4  (LUT2=2 LUT4=1 LUT6=1)
  Clock Path Skew:        0.510ns (DCD - SCD + CPR)
    Destination Clock Delay (DCD):    0.510ns
    Source Clock Delay      (SCD):    0.000ns
    Clock Pessimism Removal (CPR):    0.000ns
  Clock Uncertainty:      0.025ns  ((TSJ^2 + TIJ^2)^1/2 + DJ) / 2 + PE
    Total System Jitter     (TSJ):    0.050ns
    Total Input Jitter      (TIJ):    0.000ns
    Discrete Jitter          (DJ):    0.000ns
    Phase Error              (PE):    0.000ns

    Location             Delay type                Incr(ns)  Path(ns)    Netlist Resource(s)
  -------------------------------------------------------------------    -------------------
                                                      0.000     0.000 r  s_axi_wlast (IN)
                         net (fo=1, unset)            0.537     0.537    controller_core_inst/s_axi_wlast
                         LUT2 (Prop_lut2_I0_O)        0.043     0.580 r  controller_core_inst/bid_q[5]_i_3/O
                         net (fo=3, unplaced)         0.288     0.868    controller_core_inst/bid_q[5]_i_3_n_0
                         LUT6 (Prop_lut6_I0_O)        0.043     0.911 f  controller_core_inst/wr_beat_q[7]_i_5/O
                         net (fo=5, unplaced)         0.298     1.209    controller_core_inst/wr_beat_q[7]_i_5_n_0
                         LUT2 (Prop_lut2_I1_O)        0.043     1.252 r  controller_core_inst/wr_beat_q[7]_i_3/O
                         net (fo=37, unplaced)        0.345     1.597    controller_core_inst/wr_beat_q[7]_i_3_n_0
                         LUT4 (Prop_lut4_I1_O)        0.043     1.640 r  controller_core_inst/wr_addr_q[30]_i_1/O
                         net (fo=31, unplaced)        0.342     1.982    controller_core_inst_n_48
                         FDCE                                         r  wr_addr_q_reg[22]/CE
  -------------------------------------------------------------------    -------------------

                         (clock axi_clk rise edge)    0.000     0.000 r  
                                                      0.000     0.000 r  aclk (IN)
                         net (fo=575, unset)          0.510     0.510    aclk
                         FDCE                                         r  wr_addr_q_reg[22]/C

Slack:                    inf
  Source:                 s_axi_wlast
                            (input port)
  Destination:            wr_addr_q_reg[23]/CE
                            (rising edge-triggered cell FDCE clocked by axi_clk  {rise@0.000ns fall@1.500ns period=3.000ns})
  Path Group:             (none)
  Path Type:              Setup (Max at Slow Process Corner)
  Data Path Delay:        1.982ns  (logic 0.172ns (8.678%)  route 1.810ns (91.322%))
  Logic Levels:           4  (LUT2=2 LUT4=1 LUT6=1)
  Clock Path Skew:        0.510ns (DCD - SCD + CPR)
    Destination Clock Delay (DCD):    0.510ns
    Source Clock Delay      (SCD):    0.000ns
    Clock Pessimism Removal (CPR):    0.000ns
  Clock Uncertainty:      0.025ns  ((TSJ^2 + TIJ^2)^1/2 + DJ) / 2 + PE
    Total System Jitter     (TSJ):    0.050ns
    Total Input Jitter      (TIJ):    0.000ns
    Discrete Jitter          (DJ):    0.000ns
    Phase Error              (PE):    0.000ns

    Location             Delay type                Incr(ns)  Path(ns)    Netlist Resource(s)
  -------------------------------------------------------------------    -------------------
                                                      0.000     0.000 r  s_axi_wlast (IN)
                         net (fo=1, unset)            0.537     0.537    controller_core_inst/s_axi_wlast
                         LUT2 (Prop_lut2_I0_O)        0.043     0.580 r  controller_core_inst/bid_q[5]_i_3/O
                         net (fo=3, unplaced)         0.288     0.868    controller_core_inst/bid_q[5]_i_3_n_0
                         LUT6 (Prop_lut6_I0_O)        0.043     0.911 f  controller_core_inst/wr_beat_q[7]_i_5/O
                         net (fo=5, unplaced)         0.298     1.209    controller_core_inst/wr_beat_q[7]_i_5_n_0
                         LUT2 (Prop_lut2_I1_O)        0.043     1.252 r  controller_core_inst/wr_beat_q[7]_i_3/O
                         net (fo=37, unplaced)        0.345     1.597    controller_core_inst/wr_beat_q[7]_i_3_n_0
                         LUT4 (Prop_lut4_I1_O)        0.043     1.640 r  controller_core_inst/wr_addr_q[30]_i_1/O
                         net (fo=31, unplaced)        0.342     1.982    controller_core_inst_n_48
                         FDCE                                         r  wr_addr_q_reg[23]/CE
  -------------------------------------------------------------------    -------------------

                         (clock axi_clk rise edge)    0.000     0.000 r  
                                                      0.000     0.000 r  aclk (IN)
                         net (fo=575, unset)          0.510     0.510    aclk
                         FDCE                                         r  wr_addr_q_reg[23]/C





