Copyright 1986-2022 Xilinx, Inc. All Rights Reserved. Copyright 2022-2025 Advanced Micro Devices, Inc. All Rights Reserved.
--------------------------------------------------------------------------------------------------------------------------------------------------
| Tool Version : Vivado v.2025.1 (win64) Build 6140274 Thu May 22 00:12:29 MDT 2025
| Date         : Tue Jul 14 16:10:26 2026
| Host         : LAPTOP-QB9V6NGP running 64-bit major release  (build 9200)
| Command      : report_timing_summary -delay_type min_max -max_paths 20 -file C:/rtl/rtl/Project_Vivado/reports/axi/dma_mmu_axi_timing_route.rpt
| Design       : dma_mmu_axi_top
| Device       : 7a35t-cpg236
| Speed File   : -1  PRODUCTION 1.23 2018-06-13
| Design State : Routed
--------------------------------------------------------------------------------------------------------------------------------------------------

Timing Summary Report

------------------------------------------------------------------------------------------------
| Timer Settings
| --------------
------------------------------------------------------------------------------------------------

  Enable Multi Corner Analysis               :  Yes
  Enable Pessimism Removal                   :  Yes
  Pessimism Removal Resolution               :  Nearest Common Node
  Enable Input Delay Default Clock           :  No
  Enable Preset / Clear Arcs                 :  No
  Disable Flight Delays                      :  No
  Ignore I/O Paths                           :  No
  Timing Early Launch at Borrowing Latches   :  No
  Borrow Time for Max Delay Exceptions       :  Yes
  Merge Timing Exceptions                    :  Yes
  Inter-SLR Compensation                     :  Conservative

  Corner  Analyze    Analyze    
  Name    Max Paths  Min Paths  
  ------  ---------  ---------  
  Slow    Yes        Yes        
  Fast    Yes        Yes        


------------------------------------------------------------------------------------------------
| Report Methodology
| ------------------
------------------------------------------------------------------------------------------------

No report available as report_methodology has not been run prior. Run report_methodology on the current design for the summary of methodology violations.



check_timing report

Table of Contents
-----------------
1. checking no_clock (0)
2. checking constant_clock (0)
3. checking pulse_width_clock (0)
4. checking unconstrained_internal_endpoints (0)
5. checking no_input_delay (141)
6. checking no_output_delay (179)
7. checking multiple_clock (0)
8. checking generated_clocks (0)
9. checking loops (0)
10. checking partial_input_delay (0)
11. checking partial_output_delay (0)
12. checking latch_loops (0)

1. checking no_clock (0)
------------------------
 There are 0 register/latch pins with no clock.


2. checking constant_clock (0)
------------------------------
 There are 0 register/latch pins with constant_clock.


3. checking pulse_width_clock (0)
---------------------------------
 There are 0 register/latch pins which need pulse_width check


4. checking unconstrained_internal_endpoints (0)
------------------------------------------------
 There are 0 pins that are not constrained for maximum delay.

 There are 0 pins that are not constrained for maximum delay due to constant clock.


5. checking no_input_delay (141)
--------------------------------
 There are 140 input ports with no input delay specified. (HIGH)

 There is 1 input port with no input delay but user has a false path constraint. (MEDIUM)


6. checking no_output_delay (179)
---------------------------------
 There are 179 ports with no output delay specified. (HIGH)

 There are 0 ports with no output delay but user has a false path constraint

 There are 0 ports with no output delay but with a timing clock defined on it or propagating through it


7. checking multiple_clock (0)
------------------------------
 There are 0 register/latch pins with multiple clocks.


8. checking generated_clocks (0)
--------------------------------
 There are 0 generated clocks that are not connected to a clock source.


9. checking loops (0)
---------------------
 There are 0 combinational loops in the design.


10. checking partial_input_delay (0)
------------------------------------
 There are 0 input ports with partial input delay specified.


11. checking partial_output_delay (0)
-------------------------------------
 There are 0 ports with partial output delay specified.


12. checking latch_loops (0)
----------------------------
 There are 0 combinational latch loops in the design through latch input



------------------------------------------------------------------------------------------------
| Design Timing Summary
| ---------------------
------------------------------------------------------------------------------------------------

    WNS(ns)      TNS(ns)  TNS Failing Endpoints  TNS Total Endpoints      WHS(ns)      THS(ns)  THS Failing Endpoints  THS Total Endpoints     WPWS(ns)     TPWS(ns)  TPWS Failing Endpoints  TPWS Total Endpoints  
    -------      -------  ---------------------  -------------------      -------      -------  ---------------------  -------------------     --------     --------  ----------------------  --------------------  
      0.143        0.000                      0                 4324        0.021        0.000                      0                 4324        2.750        0.000                       0                  1918  


All user specified timing constraints are met.


------------------------------------------------------------------------------------------------
| Clock Summary
| -------------
------------------------------------------------------------------------------------------------

Clock    Waveform(ns)         Period(ns)      Frequency(MHz)
-----    ------------         ----------      --------------
axi_clk  {0.000 4.000}        8.000           125.000         


------------------------------------------------------------------------------------------------
| Intra Clock Table
| -----------------
------------------------------------------------------------------------------------------------

Clock             WNS(ns)      TNS(ns)  TNS Failing Endpoints  TNS Total Endpoints      WHS(ns)      THS(ns)  THS Failing Endpoints  THS Total Endpoints     WPWS(ns)     TPWS(ns)  TPWS Failing Endpoints  TPWS Total Endpoints  
-----             -------      -------  ---------------------  -------------------      -------      -------  ---------------------  -------------------     --------     --------  ----------------------  --------------------  
axi_clk             0.143        0.000                      0                 4324        0.021        0.000                      0                 4324        2.750        0.000                       0                  1918  


------------------------------------------------------------------------------------------------
| Inter Clock Table
| -----------------
------------------------------------------------------------------------------------------------

From Clock    To Clock          WNS(ns)      TNS(ns)  TNS Failing Endpoints  TNS Total Endpoints      WHS(ns)      THS(ns)  THS Failing Endpoints  THS Total Endpoints  
----------    --------          -------      -------  ---------------------  -------------------      -------      -------  ---------------------  -------------------  


------------------------------------------------------------------------------------------------
| Other Path Groups Table
| -----------------------
------------------------------------------------------------------------------------------------

Path Group    From Clock    To Clock          WNS(ns)      TNS(ns)  TNS Failing Endpoints  TNS Total Endpoints      WHS(ns)      THS(ns)  THS Failing Endpoints  THS Total Endpoints  
----------    ----------    --------          -------      -------  ---------------------  -------------------      -------      -------  ---------------------  -------------------  


------------------------------------------------------------------------------------------------
| Timing Details
| --------------
------------------------------------------------------------------------------------------------


---------------------------------------------------------------------------------------------------
From Clock:  axi_clk
  To Clock:  axi_clk

Setup :            0  Failing Endpoints,  Worst Slack        0.143ns,  Total Violation        0.000ns
Hold  :            0  Failing Endpoints,  Worst Slack        0.021ns,  Total Violation        0.000ns
PW    :            0  Failing Endpoints,  Worst Slack        2.750ns,  Total Violation        0.000ns
---------------------------------------------------------------------------------------------------


Max Delay Paths
--------------------------------------------------------------------------------------
Slack (MET) :             0.143ns  (required time - arrival time)
  Source:                 iommu_inst/req_vaddr_q_reg[14]/C
                            (rising edge-triggered cell FDCE clocked by axi_clk  {rise@0.000ns fall@4.000ns period=8.000ns})
  Destination:            iommu_inst/tlb_vpn_q_reg[1][3]/D
                            (rising edge-triggered cell FDCE clocked by axi_clk  {rise@0.000ns fall@4.000ns period=8.000ns})
  Path Group:             axi_clk
  Path Type:              Setup (Max at Slow Process Corner)
  Requirement:            8.000ns  (axi_clk rise@8.000ns - axi_clk rise@0.000ns)
  Data Path Delay:        7.626ns  (logic 1.386ns (18.175%)  route 6.240ns (81.825%))
  Logic Levels:           7  (LUT4=1 LUT6=6)
  Clock Path Skew:        -0.033ns (DCD - SCD + CPR)
    Destination Clock Delay (DCD):    1.595ns = ( 9.595 - 8.000 ) 
    Source Clock Delay      (SCD):    1.716ns
    Clock Pessimism Removal (CPR):    0.088ns
  Clock Uncertainty:      0.135ns  ((TSJ^2 + TIJ^2)^1/2 + DJ) / 2 + PE + UU
    Total System Jitter     (TSJ):    0.071ns
    Total Input Jitter      (TIJ):    0.000ns
    Discrete Jitter          (DJ):    0.000ns
    Phase Error              (PE):    0.000ns
    User Uncertainty         (UU):    0.100ns

    Location             Delay type                Incr(ns)  Path(ns)    Netlist Resource(s)
  -------------------------------------------------------------------    -------------------
                         (clock axi_clk rise edge)    0.000     0.000 r  
                                                      0.000     0.000 r  aclk (IN)
                         net (fo=1917, unset)         1.716     1.716    iommu_inst/aclk
    SLICE_X42Y127        FDCE                                         r  iommu_inst/req_vaddr_q_reg[14]/C
  -------------------------------------------------------------------    -------------------
    SLICE_X42Y127        FDCE (Prop_fdce_C_Q)         0.518     2.234 r  iommu_inst/req_vaddr_q_reg[14]/Q
                         net (fo=25, routed)          1.091     3.325    iommu_inst/tlb_replacement/Q[14]
    SLICE_X45Y131        LUT6 (Prop_lut6_I0_O)        0.124     3.449 f  iommu_inst/tlb_replacement/tlb_vpn_q[0][3]_i_32/O
                         net (fo=1, routed)           0.564     4.013    iommu_inst/tlb_replacement/tlb_vpn_q[0][3]_i_32_n_0
    SLICE_X43Y129        LUT4 (Prop_lut4_I3_O)        0.124     4.137 r  iommu_inst/tlb_replacement/tlb_vpn_q[0][3]_i_14/O
                         net (fo=6, routed)           0.841     4.978    iommu_inst/tlb_replacement/req_vaddr_q_reg[15]_4
    SLICE_X43Y128        LUT6 (Prop_lut6_I5_O)        0.124     5.102 r  iommu_inst/tlb_replacement/tlb_vpn_q[2][3]_i_5/O
                         net (fo=3, routed)           0.599     5.701    iommu_inst/tlb_replacement/pt_valid_q_reg[3]
    SLICE_X41Y129        LUT6 (Prop_lut6_I0_O)        0.124     5.825 f  iommu_inst/tlb_replacement/tlb_vpn_q[2][3]_i_4/O
                         net (fo=10, routed)          0.712     6.537    iommu_inst/tlb_replacement_n_12
    SLICE_X42Y129        LUT6 (Prop_lut6_I4_O)        0.124     6.661 r  iommu_inst/tlb_vpn_q[0][3]_i_10/O
                         net (fo=40, routed)          0.939     7.599    iommu_inst/tlb_vpn_q[0][3]_i_10_n_0
    SLICE_X41Y128        LUT6 (Prop_lut6_I4_O)        0.124     7.723 r  iommu_inst/tlb_vpn_q[0][3]_i_4/O
                         net (fo=1, routed)           0.714     8.438    iommu_inst/tlb_vpn_q[0][3]_i_4_n_0
    SLICE_X41Y131        LUT6 (Prop_lut6_I1_O)        0.124     8.562 r  iommu_inst/tlb_vpn_q[0][3]_i_2/O
                         net (fo=4, routed)           0.780     9.342    iommu_inst/pt_vpn_q[3]
    SLICE_X38Y131        FDCE                                         r  iommu_inst/tlb_vpn_q_reg[1][3]/D
  -------------------------------------------------------------------    -------------------

                         (clock axi_clk rise edge)    8.000     8.000 r  
                                                      0.000     8.000 r  aclk (IN)
                         net (fo=1917, unset)         1.595     9.595    iommu_inst/aclk
    SLICE_X38Y131        FDCE                                         r  iommu_inst/tlb_vpn_q_reg[1][3]/C
                         clock pessimism              0.088     9.683    
                         clock uncertainty           -0.135     9.548    
    SLICE_X38Y131        FDCE (Setup_fdce_C_D)       -0.063     9.485    iommu_inst/tlb_vpn_q_reg[1][3]
  -------------------------------------------------------------------
                         required time                          9.485    
                         arrival time                          -9.342    
  -------------------------------------------------------------------
                         slack                                  0.143    

Slack (MET) :             0.200ns  (required time - arrival time)
  Source:                 dma_wr_inst/op_word_count_reg_reg[1]/C
                            (rising edge-triggered cell FDRE clocked by axi_clk  {rise@0.000ns fall@4.000ns period=8.000ns})
  Destination:            dma_wr_inst/output_last_cycle_reg_reg/D
                            (rising edge-triggered cell FDRE clocked by axi_clk  {rise@0.000ns fall@4.000ns period=8.000ns})
  Path Group:             axi_clk
  Path Type:              Setup (Max at Slow Process Corner)
  Requirement:            8.000ns  (axi_clk rise@8.000ns - axi_clk rise@0.000ns)
  Data Path Delay:        7.662ns  (logic 3.298ns (43.045%)  route 4.364ns (56.955%))
  Logic Levels:           10  (CARRY4=5 LUT3=1 LUT4=2 LUT6=2)
  Clock Path Skew:        -0.034ns (DCD - SCD + CPR)
    Destination Clock Delay (DCD):    1.607ns = ( 9.607 - 8.000 ) 
    Source Clock Delay      (SCD):    1.729ns
    Clock Pessimism Removal (CPR):    0.088ns
  Clock Uncertainty:      0.135ns  ((TSJ^2 + TIJ^2)^1/2 + DJ) / 2 + PE + UU
    Total System Jitter     (TSJ):    0.071ns
    Total Input Jitter      (TIJ):    0.000ns
    Discrete Jitter          (DJ):    0.000ns
    Phase Error              (PE):    0.000ns
    User Uncertainty         (UU):    0.100ns

    Location             Delay type                Incr(ns)  Path(ns)    Netlist Resource(s)
  -------------------------------------------------------------------    -------------------
                         (clock axi_clk rise edge)    0.000     0.000 r  
                                                      0.000     0.000 r  aclk (IN)
                         net (fo=1917, unset)         1.729     1.729    dma_wr_inst/aclk
    SLICE_X21Y116        FDRE                                         r  dma_wr_inst/op_word_count_reg_reg[1]/C
  -------------------------------------------------------------------    -------------------
    SLICE_X21Y116        FDRE (Prop_fdre_C_Q)         0.419     2.148 r  dma_wr_inst/op_word_count_reg_reg[1]/Q
                         net (fo=8, routed)           0.877     3.025    dma_wr_inst/op_word_count_reg__0[1]
    SLICE_X20Y115        LUT4 (Prop_lut4_I1_O)        0.296     3.321 r  dma_wr_inst/m_axi_awlen_reg[7]_i_36/O
                         net (fo=1, routed)           0.000     3.321    dma_wr_inst/m_axi_awlen_reg[7]_i_36_n_0
    SLICE_X20Y115        CARRY4 (Prop_carry4_S[0]_CO[3])
                                                      0.532     3.853 r  dma_wr_inst/m_axi_awlen_reg_reg[7]_i_18/CO[3]
                         net (fo=1, routed)           0.000     3.853    dma_wr_inst/m_axi_awlen_reg_reg[7]_i_18_n_0
    SLICE_X20Y116        CARRY4 (Prop_carry4_CI_CO[3])
                                                      0.114     3.967 r  dma_wr_inst/m_axi_awlen_reg_reg[7]_i_12/CO[3]
                         net (fo=47, routed)          0.930     4.896    dma_wr_inst/tr_word_count_next12_in
    SLICE_X16Y116        LUT6 (Prop_lut6_I5_O)        0.124     5.020 r  dma_wr_inst/m_axi_awlen_reg[7]_i_10/O
                         net (fo=34, routed)          0.704     5.724    dma_wr_inst/m_axi_awlen_reg[7]_i_10_n_0
    SLICE_X16Y116        LUT3 (Prop_lut3_I1_O)        0.150     5.874 r  dma_wr_inst/m_axi_awlen_reg[2]_i_2/O
                         net (fo=1, routed)           0.484     6.359    dma_wr_inst/m_axi_awlen_reg[2]_i_2_n_0
    SLICE_X17Y114        CARRY4 (Prop_carry4_CYINIT_CO[3])
                                                      0.788     7.147 r  dma_wr_inst/m_axi_awlen_reg_reg[2]_i_1/CO[3]
                         net (fo=1, routed)           0.000     7.147    dma_wr_inst/m_axi_awlen_reg_reg[2]_i_1_n_0
    SLICE_X17Y115        CARRY4 (Prop_carry4_CI_CO[3])
                                                      0.114     7.261 r  dma_wr_inst/m_axi_awlen_reg_reg[6]_i_1/CO[3]
                         net (fo=1, routed)           0.000     7.261    dma_wr_inst/m_axi_awlen_reg_reg[6]_i_1_n_0
    SLICE_X17Y116        CARRY4 (Prop_carry4_CI_O[1])
                                                      0.334     7.595 f  dma_wr_inst/m_axi_awlen_reg_reg[7]_i_1/O[1]
                         net (fo=3, routed)           0.821     8.416    dma_wr_inst/m_axi_awlen_reg1__0[10]
    SLICE_X15Y114        LUT4 (Prop_lut4_I3_O)        0.303     8.719 f  dma_wr_inst/output_last_cycle_reg_i_2__1/O
                         net (fo=1, routed)           0.548     9.267    dma_wr_inst/output_last_cycle_reg_i_2__1_n_0
    SLICE_X15Y113        LUT6 (Prop_lut6_I3_O)        0.124     9.391 r  dma_wr_inst/output_last_cycle_reg_i_1__1/O
                         net (fo=1, routed)           0.000     9.391    dma_wr_inst/output_last_cycle_reg_i_1__1_n_0
    SLICE_X15Y113        FDRE                                         r  dma_wr_inst/output_last_cycle_reg_reg/D
  -------------------------------------------------------------------    -------------------

                         (clock axi_clk rise edge)    8.000     8.000 r  
                                                      0.000     8.000 r  aclk (IN)
                         net (fo=1917, unset)         1.607     9.607    dma_wr_inst/aclk
    SLICE_X15Y113        FDRE                                         r  dma_wr_inst/output_last_cycle_reg_reg/C
                         clock pessimism              0.088     9.695    
                         clock uncertainty           -0.135     9.560    
    SLICE_X15Y113        FDRE (Setup_fdre_C_D)        0.031     9.591    dma_wr_inst/output_last_cycle_reg_reg
  -------------------------------------------------------------------
                         required time                          9.591    
                         arrival time                          -9.391    
  -------------------------------------------------------------------
                         slack                                  0.200    

Slack (MET) :             0.245ns  (required time - arrival time)
  Source:                 iommu_inst/req_vaddr_q_reg[14]/C
                            (rising edge-triggered cell FDCE clocked by axi_clk  {rise@0.000ns fall@4.000ns period=8.000ns})
  Destination:            iommu_inst/tlb_ppn_q_reg[3][1]/D
                            (rising edge-triggered cell FDCE clocked by axi_clk  {rise@0.000ns fall@4.000ns period=8.000ns})
  Path Group:             axi_clk
  Path Type:              Setup (Max at Slow Process Corner)
  Requirement:            8.000ns  (axi_clk rise@8.000ns - axi_clk rise@0.000ns)
  Data Path Delay:        7.520ns  (logic 1.386ns (18.432%)  route 6.134ns (81.568%))
  Logic Levels:           7  (LUT4=1 LUT6=6)
  Clock Path Skew:        -0.033ns (DCD - SCD + CPR)
    Destination Clock Delay (DCD):    1.595ns = ( 9.595 - 8.000 ) 
    Source Clock Delay      (SCD):    1.716ns
    Clock Pessimism Removal (CPR):    0.088ns
  Clock Uncertainty:      0.135ns  ((TSJ^2 + TIJ^2)^1/2 + DJ) / 2 + PE + UU
    Total System Jitter     (TSJ):    0.071ns
    Total Input Jitter      (TIJ):    0.000ns
    Discrete Jitter          (DJ):    0.000ns
    Phase Error              (PE):    0.000ns
    User Uncertainty         (UU):    0.100ns

    Location             Delay type                Incr(ns)  Path(ns)    Netlist Resource(s)
  -------------------------------------------------------------------    -------------------
                         (clock axi_clk rise edge)    0.000     0.000 r  
                                                      0.000     0.000 r  aclk (IN)
                         net (fo=1917, unset)         1.716     1.716    iommu_inst/aclk
    SLICE_X42Y127        FDCE                                         r  iommu_inst/req_vaddr_q_reg[14]/C
  -------------------------------------------------------------------    -------------------
    SLICE_X42Y127        FDCE (Prop_fdce_C_Q)         0.518     2.234 r  iommu_inst/req_vaddr_q_reg[14]/Q
                         net (fo=25, routed)          1.091     3.325    iommu_inst/tlb_replacement/Q[14]
    SLICE_X45Y131        LUT6 (Prop_lut6_I0_O)        0.124     3.449 f  iommu_inst/tlb_replacement/tlb_vpn_q[0][3]_i_32/O
                         net (fo=1, routed)           0.564     4.013    iommu_inst/tlb_replacement/tlb_vpn_q[0][3]_i_32_n_0
    SLICE_X43Y129        LUT4 (Prop_lut4_I3_O)        0.124     4.137 r  iommu_inst/tlb_replacement/tlb_vpn_q[0][3]_i_14/O
                         net (fo=6, routed)           0.841     4.978    iommu_inst/tlb_replacement/req_vaddr_q_reg[15]_4
    SLICE_X43Y128        LUT6 (Prop_lut6_I5_O)        0.124     5.102 r  iommu_inst/tlb_replacement/tlb_vpn_q[2][3]_i_5/O
                         net (fo=3, routed)           0.599     5.701    iommu_inst/tlb_replacement/pt_valid_q_reg[3]
    SLICE_X41Y129        LUT6 (Prop_lut6_I0_O)        0.124     5.825 f  iommu_inst/tlb_replacement/tlb_vpn_q[2][3]_i_4/O
                         net (fo=10, routed)          0.712     6.537    iommu_inst/tlb_replacement_n_12
    SLICE_X42Y129        LUT6 (Prop_lut6_I4_O)        0.124     6.661 r  iommu_inst/tlb_vpn_q[0][3]_i_10/O
                         net (fo=40, routed)          0.788     7.449    iommu_inst/tlb_vpn_q[0][3]_i_10_n_0
    SLICE_X46Y131        LUT6 (Prop_lut6_I4_O)        0.124     7.573 f  iommu_inst/tlb_ppn_q[3][1]_i_4/O
                         net (fo=1, routed)           0.879     8.452    iommu_inst/tlb_ppn_q[3][1]_i_4_n_0
    SLICE_X42Y131        LUT6 (Prop_lut6_I2_O)        0.124     8.576 r  iommu_inst/tlb_ppn_q[3][1]_i_1/O
                         net (fo=5, routed)           0.660     9.236    iommu_inst/pt_ppn_q[1]
    SLICE_X36Y131        FDCE                                         r  iommu_inst/tlb_ppn_q_reg[3][1]/D
  -------------------------------------------------------------------    -------------------

                         (clock axi_clk rise edge)    8.000     8.000 r  
                                                      0.000     8.000 r  aclk (IN)
                         net (fo=1917, unset)         1.595     9.595    iommu_inst/aclk
    SLICE_X36Y131        FDCE                                         r  iommu_inst/tlb_ppn_q_reg[3][1]/C
                         clock pessimism              0.088     9.683    
                         clock uncertainty           -0.135     9.548    
    SLICE_X36Y131        FDCE (Setup_fdce_C_D)       -0.067     9.481    iommu_inst/tlb_ppn_q_reg[3][1]
  -------------------------------------------------------------------
                         required time                          9.481    
                         arrival time                          -9.236    
  -------------------------------------------------------------------
                         slack                                  0.245    

Slack (MET) :             0.270ns  (required time - arrival time)
  Source:                 iommu_inst/req_vaddr_q_reg[14]/C
                            (rising edge-triggered cell FDCE clocked by axi_clk  {rise@0.000ns fall@4.000ns period=8.000ns})
  Destination:            iommu_inst/tlb_ppn_q_reg[2][1]/D
                            (rising edge-triggered cell FDCE clocked by axi_clk  {rise@0.000ns fall@4.000ns period=8.000ns})
  Path Group:             axi_clk
  Path Type:              Setup (Max at Slow Process Corner)
  Requirement:            8.000ns  (axi_clk rise@8.000ns - axi_clk rise@0.000ns)
  Data Path Delay:        7.517ns  (logic 1.386ns (18.439%)  route 6.131ns (81.561%))
  Logic Levels:           7  (LUT4=1 LUT6=6)
  Clock Path Skew:        -0.031ns (DCD - SCD + CPR)
    Destination Clock Delay (DCD):    1.597ns = ( 9.597 - 8.000 ) 
    Source Clock Delay      (SCD):    1.716ns
    Clock Pessimism Removal (CPR):    0.088ns
  Clock Uncertainty:      0.135ns  ((TSJ^2 + TIJ^2)^1/2 + DJ) / 2 + PE + UU
    Total System Jitter     (TSJ):    0.071ns
    Total Input Jitter      (TIJ):    0.000ns
    Discrete Jitter          (DJ):    0.000ns
    Phase Error              (PE):    0.000ns
    User Uncertainty         (UU):    0.100ns

    Location             Delay type                Incr(ns)  Path(ns)    Netlist Resource(s)
  -------------------------------------------------------------------    -------------------
                         (clock axi_clk rise edge)    0.000     0.000 r  
                                                      0.000     0.000 r  aclk (IN)
                         net (fo=1917, unset)         1.716     1.716    iommu_inst/aclk
    SLICE_X42Y127        FDCE                                         r  iommu_inst/req_vaddr_q_reg[14]/C
  -------------------------------------------------------------------    -------------------
    SLICE_X42Y127        FDCE (Prop_fdce_C_Q)         0.518     2.234 r  iommu_inst/req_vaddr_q_reg[14]/Q
                         net (fo=25, routed)          1.091     3.325    iommu_inst/tlb_replacement/Q[14]
    SLICE_X45Y131        LUT6 (Prop_lut6_I0_O)        0.124     3.449 f  iommu_inst/tlb_replacement/tlb_vpn_q[0][3]_i_32/O
                         net (fo=1, routed)           0.564     4.013    iommu_inst/tlb_replacement/tlb_vpn_q[0][3]_i_32_n_0
    SLICE_X43Y129        LUT4 (Prop_lut4_I3_O)        0.124     4.137 r  iommu_inst/tlb_replacement/tlb_vpn_q[0][3]_i_14/O
                         net (fo=6, routed)           0.841     4.978    iommu_inst/tlb_replacement/req_vaddr_q_reg[15]_4
    SLICE_X43Y128        LUT6 (Prop_lut6_I5_O)        0.124     5.102 r  iommu_inst/tlb_replacement/tlb_vpn_q[2][3]_i_5/O
                         net (fo=3, routed)           0.599     5.701    iommu_inst/tlb_replacement/pt_valid_q_reg[3]
    SLICE_X41Y129        LUT6 (Prop_lut6_I0_O)        0.124     5.825 f  iommu_inst/tlb_replacement/tlb_vpn_q[2][3]_i_4/O
                         net (fo=10, routed)          0.712     6.537    iommu_inst/tlb_replacement_n_12
    SLICE_X42Y129        LUT6 (Prop_lut6_I4_O)        0.124     6.661 r  iommu_inst/tlb_vpn_q[0][3]_i_10/O
                         net (fo=40, routed)          0.788     7.449    iommu_inst/tlb_vpn_q[0][3]_i_10_n_0
    SLICE_X46Y131        LUT6 (Prop_lut6_I4_O)        0.124     7.573 f  iommu_inst/tlb_ppn_q[3][1]_i_4/O
                         net (fo=1, routed)           0.879     8.452    iommu_inst/tlb_ppn_q[3][1]_i_4_n_0
    SLICE_X42Y131        LUT6 (Prop_lut6_I2_O)        0.124     8.576 r  iommu_inst/tlb_ppn_q[3][1]_i_1/O
                         net (fo=5, routed)           0.657     9.233    iommu_inst/pt_ppn_q[1]
    SLICE_X36Y132        FDCE                                         r  iommu_inst/tlb_ppn_q_reg[2][1]/D
  -------------------------------------------------------------------    -------------------

                         (clock axi_clk rise edge)    8.000     8.000 r  
                                                      0.000     8.000 r  aclk (IN)
                         net (fo=1917, unset)         1.597     9.597    iommu_inst/aclk
    SLICE_X36Y132        FDCE                                         r  iommu_inst/tlb_ppn_q_reg[2][1]/C
                         clock pessimism              0.088     9.685    
                         clock uncertainty           -0.135     9.550    
    SLICE_X36Y132        FDCE (Setup_fdce_C_D)       -0.047     9.503    iommu_inst/tlb_ppn_q_reg[2][1]
  -------------------------------------------------------------------
                         required time                          9.503    
                         arrival time                          -9.233    
  -------------------------------------------------------------------
                         slack                                  0.270    

Slack (MET) :             0.277ns  (required time - arrival time)
  Source:                 iommu_inst/req_vaddr_q_reg[14]/C
                            (rising edge-triggered cell FDCE clocked by axi_clk  {rise@0.000ns fall@4.000ns period=8.000ns})
  Destination:            iommu_inst/tlb_ppn_q_reg[1][1]/D
                            (rising edge-triggered cell FDCE clocked by axi_clk  {rise@0.000ns fall@4.000ns period=8.000ns})
  Path Group:             axi_clk
  Path Type:              Setup (Max at Slow Process Corner)
  Requirement:            8.000ns  (axi_clk rise@8.000ns - axi_clk rise@0.000ns)
  Data Path Delay:        7.502ns  (logic 1.386ns (18.474%)  route 6.116ns (81.526%))
  Logic Levels:           7  (LUT4=1 LUT6=6)
  Clock Path Skew:        -0.018ns (DCD - SCD + CPR)
    Destination Clock Delay (DCD):    1.596ns = ( 9.596 - 8.000 ) 
    Source Clock Delay      (SCD):    1.716ns
    Clock Pessimism Removal (CPR):    0.102ns
  Clock Uncertainty:      0.135ns  ((TSJ^2 + TIJ^2)^1/2 + DJ) / 2 + PE + UU
    Total System Jitter     (TSJ):    0.071ns
    Total Input Jitter      (TIJ):    0.000ns
    Discrete Jitter          (DJ):    0.000ns
    Phase Error              (PE):    0.000ns
    User Uncertainty         (UU):    0.100ns

    Location             Delay type                Incr(ns)  Path(ns)    Netlist Resource(s)
  -------------------------------------------------------------------    -------------------
                         (clock axi_clk rise edge)    0.000     0.000 r  
                                                      0.000     0.000 r  aclk (IN)
                         net (fo=1917, unset)         1.716     1.716    iommu_inst/aclk
    SLICE_X42Y127        FDCE                                         r  iommu_inst/req_vaddr_q_reg[14]/C
  -------------------------------------------------------------------    -------------------
    SLICE_X42Y127        FDCE (Prop_fdce_C_Q)         0.518     2.234 r  iommu_inst/req_vaddr_q_reg[14]/Q
                         net (fo=25, routed)          1.091     3.325    iommu_inst/tlb_replacement/Q[14]
    SLICE_X45Y131        LUT6 (Prop_lut6_I0_O)        0.124     3.449 f  iommu_inst/tlb_replacement/tlb_vpn_q[0][3]_i_32/O
                         net (fo=1, routed)           0.564     4.013    iommu_inst/tlb_replacement/tlb_vpn_q[0][3]_i_32_n_0
    SLICE_X43Y129        LUT4 (Prop_lut4_I3_O)        0.124     4.137 r  iommu_inst/tlb_replacement/tlb_vpn_q[0][3]_i_14/O
                         net (fo=6, routed)           0.841     4.978    iommu_inst/tlb_replacement/req_vaddr_q_reg[15]_4
    SLICE_X43Y128        LUT6 (Prop_lut6_I5_O)        0.124     5.102 r  iommu_inst/tlb_replacement/tlb_vpn_q[2][3]_i_5/O
                         net (fo=3, routed)           0.599     5.701    iommu_inst/tlb_replacement/pt_valid_q_reg[3]
    SLICE_X41Y129        LUT6 (Prop_lut6_I0_O)        0.124     5.825 f  iommu_inst/tlb_replacement/tlb_vpn_q[2][3]_i_4/O
                         net (fo=10, routed)          0.712     6.537    iommu_inst/tlb_replacement_n_12
    SLICE_X42Y129        LUT6 (Prop_lut6_I4_O)        0.124     6.661 r  iommu_inst/tlb_vpn_q[0][3]_i_10/O
                         net (fo=40, routed)          0.788     7.449    iommu_inst/tlb_vpn_q[0][3]_i_10_n_0
    SLICE_X46Y131        LUT6 (Prop_lut6_I4_O)        0.124     7.573 f  iommu_inst/tlb_ppn_q[3][1]_i_4/O
                         net (fo=1, routed)           0.879     8.452    iommu_inst/tlb_ppn_q[3][1]_i_4_n_0
    SLICE_X42Y131        LUT6 (Prop_lut6_I2_O)        0.124     8.576 r  iommu_inst/tlb_ppn_q[3][1]_i_1/O
                         net (fo=5, routed)           0.642     9.218    iommu_inst/pt_ppn_q[1]
    SLICE_X40Y131        FDCE                                         r  iommu_inst/tlb_ppn_q_reg[1][1]/D
  -------------------------------------------------------------------    -------------------

                         (clock axi_clk rise edge)    8.000     8.000 r  
                                                      0.000     8.000 r  aclk (IN)
                         net (fo=1917, unset)         1.596     9.596    iommu_inst/aclk
    SLICE_X40Y131        FDCE                                         r  iommu_inst/tlb_ppn_q_reg[1][1]/C
                         clock pessimism              0.102     9.698    
                         clock uncertainty           -0.135     9.563    
    SLICE_X40Y131        FDCE (Setup_fdce_C_D)       -0.067     9.496    iommu_inst/tlb_ppn_q_reg[1][1]
  -------------------------------------------------------------------
                         required time                          9.496    
                         arrival time                          -9.218    
  -------------------------------------------------------------------
                         slack                                  0.277    

Slack (MET) :             0.297ns  (required time - arrival time)
  Source:                 iommu_inst/req_vaddr_q_reg[14]/C
                            (rising edge-triggered cell FDCE clocked by axi_clk  {rise@0.000ns fall@4.000ns period=8.000ns})
  Destination:            iommu_inst/tlb_vpn_q_reg[2][1]/D
                            (rising edge-triggered cell FDCE clocked by axi_clk  {rise@0.000ns fall@4.000ns period=8.000ns})
  Path Group:             axi_clk
  Path Type:              Setup (Max at Slow Process Corner)
  Requirement:            8.000ns  (axi_clk rise@8.000ns - axi_clk rise@0.000ns)
  Data Path Delay:        7.459ns  (logic 1.386ns (18.580%)  route 6.073ns (81.420%))
  Logic Levels:           7  (LUT4=1 LUT6=6)
  Clock Path Skew:        -0.033ns (DCD - SCD + CPR)
    Destination Clock Delay (DCD):    1.595ns = ( 9.595 - 8.000 ) 
    Source Clock Delay      (SCD):    1.716ns
    Clock Pessimism Removal (CPR):    0.088ns
  Clock Uncertainty:      0.135ns  ((TSJ^2 + TIJ^2)^1/2 + DJ) / 2 + PE + UU
    Total System Jitter     (TSJ):    0.071ns
    Total Input Jitter      (TIJ):    0.000ns
    Discrete Jitter          (DJ):    0.000ns
    Phase Error              (PE):    0.000ns
    User Uncertainty         (UU):    0.100ns

    Location             Delay type                Incr(ns)  Path(ns)    Netlist Resource(s)
  -------------------------------------------------------------------    -------------------
                         (clock axi_clk rise edge)    0.000     0.000 r  
                                                      0.000     0.000 r  aclk (IN)
                         net (fo=1917, unset)         1.716     1.716    iommu_inst/aclk
    SLICE_X42Y127        FDCE                                         r  iommu_inst/req_vaddr_q_reg[14]/C
  -------------------------------------------------------------------    -------------------
    SLICE_X42Y127        FDCE (Prop_fdce_C_Q)         0.518     2.234 r  iommu_inst/req_vaddr_q_reg[14]/Q
                         net (fo=25, routed)          1.091     3.325    iommu_inst/tlb_replacement/Q[14]
    SLICE_X45Y131        LUT6 (Prop_lut6_I0_O)        0.124     3.449 f  iommu_inst/tlb_replacement/tlb_vpn_q[0][3]_i_32/O
                         net (fo=1, routed)           0.564     4.013    iommu_inst/tlb_replacement/tlb_vpn_q[0][3]_i_32_n_0
    SLICE_X43Y129        LUT4 (Prop_lut4_I3_O)        0.124     4.137 r  iommu_inst/tlb_replacement/tlb_vpn_q[0][3]_i_14/O
                         net (fo=6, routed)           0.841     4.978    iommu_inst/tlb_replacement/req_vaddr_q_reg[15]_4
    SLICE_X43Y128        LUT6 (Prop_lut6_I5_O)        0.124     5.102 r  iommu_inst/tlb_replacement/tlb_vpn_q[2][3]_i_5/O
                         net (fo=3, routed)           0.599     5.701    iommu_inst/tlb_replacement/pt_valid_q_reg[3]
    SLICE_X41Y129        LUT6 (Prop_lut6_I0_O)        0.124     5.825 f  iommu_inst/tlb_replacement/tlb_vpn_q[2][3]_i_4/O
                         net (fo=10, routed)          0.712     6.537    iommu_inst/tlb_replacement_n_12
    SLICE_X42Y129        LUT6 (Prop_lut6_I4_O)        0.124     6.661 r  iommu_inst/tlb_vpn_q[0][3]_i_10/O
                         net (fo=40, routed)          0.895     7.556    iommu_inst/tlb_vpn_q[0][3]_i_10_n_0
    SLICE_X43Y133        LUT6 (Prop_lut6_I4_O)        0.124     7.680 r  iommu_inst/tlb_vpn_q[0][1]_i_5/O
                         net (fo=1, routed)           0.605     8.286    iommu_inst/tlb_vpn_q[0][1]_i_5_n_0
    SLICE_X38Y129        LUT6 (Prop_lut6_I5_O)        0.124     8.410 r  iommu_inst/tlb_vpn_q[0][1]_i_1/O
                         net (fo=4, routed)           0.766     9.175    iommu_inst/pt_vpn_q[1]
    SLICE_X39Y131        FDCE                                         r  iommu_inst/tlb_vpn_q_reg[2][1]/D
  -------------------------------------------------------------------    -------------------

                         (clock axi_clk rise edge)    8.000     8.000 r  
                                                      0.000     8.000 r  aclk (IN)
                         net (fo=1917, unset)         1.595     9.595    iommu_inst/aclk
    SLICE_X39Y131        FDCE                                         r  iommu_inst/tlb_vpn_q_reg[2][1]/C
                         clock pessimism              0.088     9.683    
                         clock uncertainty           -0.135     9.548    
    SLICE_X39Y131        FDCE (Setup_fdce_C_D)       -0.075     9.473    iommu_inst/tlb_vpn_q_reg[2][1]
  -------------------------------------------------------------------
                         required time                          9.473    
                         arrival time                          -9.175    
  -------------------------------------------------------------------
                         slack                                  0.297    

Slack (MET) :             0.317ns  (required time - arrival time)
  Source:                 iommu_inst/req_vaddr_q_reg[14]/C
                            (rising edge-triggered cell FDCE clocked by axi_clk  {rise@0.000ns fall@4.000ns period=8.000ns})
  Destination:            iommu_inst/resp_paddr_o_reg[14]/D
                            (rising edge-triggered cell FDCE clocked by axi_clk  {rise@0.000ns fall@4.000ns period=8.000ns})
  Path Group:             axi_clk
  Path Type:              Setup (Max at Slow Process Corner)
  Requirement:            8.000ns  (axi_clk rise@8.000ns - axi_clk rise@0.000ns)
  Data Path Delay:        7.544ns  (logic 1.510ns (20.016%)  route 6.034ns (79.984%))
  Logic Levels:           8  (LUT4=2 LUT6=6)
  Clock Path Skew:        -0.033ns (DCD - SCD + CPR)
    Destination Clock Delay (DCD):    1.595ns = ( 9.595 - 8.000 ) 
    Source Clock Delay      (SCD):    1.716ns
    Clock Pessimism Removal (CPR):    0.088ns
  Clock Uncertainty:      0.135ns  ((TSJ^2 + TIJ^2)^1/2 + DJ) / 2 + PE + UU
    Total System Jitter     (TSJ):    0.071ns
    Total Input Jitter      (TIJ):    0.000ns
    Discrete Jitter          (DJ):    0.000ns
    Phase Error              (PE):    0.000ns
    User Uncertainty         (UU):    0.100ns

    Location             Delay type                Incr(ns)  Path(ns)    Netlist Resource(s)
  -------------------------------------------------------------------    -------------------
                         (clock axi_clk rise edge)    0.000     0.000 r  
                                                      0.000     0.000 r  aclk (IN)
                         net (fo=1917, unset)         1.716     1.716    iommu_inst/aclk
    SLICE_X42Y127        FDCE                                         r  iommu_inst/req_vaddr_q_reg[14]/C
  -------------------------------------------------------------------    -------------------
    SLICE_X42Y127        FDCE (Prop_fdce_C_Q)         0.518     2.234 r  iommu_inst/req_vaddr_q_reg[14]/Q
                         net (fo=25, routed)          1.091     3.325    iommu_inst/tlb_replacement/Q[14]
    SLICE_X45Y131        LUT6 (Prop_lut6_I0_O)        0.124     3.449 f  iommu_inst/tlb_replacement/tlb_vpn_q[0][3]_i_32/O
                         net (fo=1, routed)           0.564     4.013    iommu_inst/tlb_replacement/tlb_vpn_q[0][3]_i_32_n_0
    SLICE_X43Y129        LUT4 (Prop_lut4_I3_O)        0.124     4.137 r  iommu_inst/tlb_replacement/tlb_vpn_q[0][3]_i_14/O
                         net (fo=6, routed)           0.841     4.978    iommu_inst/tlb_replacement/req_vaddr_q_reg[15]_4
    SLICE_X43Y128        LUT6 (Prop_lut6_I5_O)        0.124     5.102 r  iommu_inst/tlb_replacement/tlb_vpn_q[2][3]_i_5/O
                         net (fo=3, routed)           0.599     5.701    iommu_inst/tlb_replacement/pt_valid_q_reg[3]
    SLICE_X41Y129        LUT6 (Prop_lut6_I0_O)        0.124     5.825 f  iommu_inst/tlb_replacement/tlb_vpn_q[2][3]_i_4/O
                         net (fo=10, routed)          0.712     6.537    iommu_inst/tlb_replacement_n_12
    SLICE_X42Y129        LUT6 (Prop_lut6_I4_O)        0.124     6.661 r  iommu_inst/tlb_vpn_q[0][3]_i_10/O
                         net (fo=40, routed)          0.785     7.446    iommu_inst/tlb_vpn_q[0][3]_i_10_n_0
    SLICE_X46Y131        LUT6 (Prop_lut6_I4_O)        0.124     7.570 f  iommu_inst/tlb_ppn_q[3][2]_i_4/O
                         net (fo=1, routed)           0.820     8.390    iommu_inst/tlb_ppn_q[3][2]_i_4_n_0
    SLICE_X39Y132        LUT6 (Prop_lut6_I2_O)        0.124     8.514 r  iommu_inst/tlb_ppn_q[3][2]_i_1/O
                         net (fo=5, routed)           0.622     9.136    iommu_inst/pt_ppn_q[2]
    SLICE_X45Y130        LUT4 (Prop_lut4_I3_O)        0.124     9.260 r  iommu_inst/resp_paddr_o[14]_i_1/O
                         net (fo=1, routed)           0.000     9.260    iommu_inst/resp_paddr_o[14]_i_1_n_0
    SLICE_X45Y130        FDCE                                         r  iommu_inst/resp_paddr_o_reg[14]/D
  -------------------------------------------------------------------    -------------------

                         (clock axi_clk rise edge)    8.000     8.000 r  
                                                      0.000     8.000 r  aclk (IN)
                         net (fo=1917, unset)         1.595     9.595    iommu_inst/aclk
    SLICE_X45Y130        FDCE                                         r  iommu_inst/resp_paddr_o_reg[14]/C
                         clock pessimism              0.088     9.683    
                         clock uncertainty           -0.135     9.548    
    SLICE_X45Y130        FDCE (Setup_fdce_C_D)        0.029     9.577    iommu_inst/resp_paddr_o_reg[14]
  -------------------------------------------------------------------
                         required time                          9.577    
                         arrival time                          -9.260    
  -------------------------------------------------------------------
                         slack                                  0.317    

Slack (MET) :             0.322ns  (required time - arrival time)
  Source:                 iommu_inst/req_vaddr_q_reg[14]/C
                            (rising edge-triggered cell FDCE clocked by axi_clk  {rise@0.000ns fall@4.000ns period=8.000ns})
  Destination:            iommu_inst/tlb_vpn_q_reg[0][0]/D
                            (rising edge-triggered cell FDCE clocked by axi_clk  {rise@0.000ns fall@4.000ns period=8.000ns})
  Path Group:             axi_clk
  Path Type:              Setup (Max at Slow Process Corner)
  Requirement:            8.000ns  (axi_clk rise@8.000ns - axi_clk rise@0.000ns)
  Data Path Delay:        7.461ns  (logic 1.386ns (18.578%)  route 6.075ns (81.422%))
  Logic Levels:           7  (LUT4=1 LUT6=6)
  Clock Path Skew:        -0.015ns (DCD - SCD + CPR)
    Destination Clock Delay (DCD):    1.599ns = ( 9.599 - 8.000 ) 
    Source Clock Delay      (SCD):    1.716ns
    Clock Pessimism Removal (CPR):    0.102ns
  Clock Uncertainty:      0.135ns  ((TSJ^2 + TIJ^2)^1/2 + DJ) / 2 + PE + UU
    Total System Jitter     (TSJ):    0.071ns
    Total Input Jitter      (TIJ):    0.000ns
    Discrete Jitter          (DJ):    0.000ns
    Phase Error              (PE):    0.000ns
    User Uncertainty         (UU):    0.100ns

    Location             Delay type                Incr(ns)  Path(ns)    Netlist Resource(s)
  -------------------------------------------------------------------    -------------------
                         (clock axi_clk rise edge)    0.000     0.000 r  
                                                      0.000     0.000 r  aclk (IN)
                         net (fo=1917, unset)         1.716     1.716    iommu_inst/aclk
    SLICE_X42Y127        FDCE                                         r  iommu_inst/req_vaddr_q_reg[14]/C
  -------------------------------------------------------------------    -------------------
    SLICE_X42Y127        FDCE (Prop_fdce_C_Q)         0.518     2.234 r  iommu_inst/req_vaddr_q_reg[14]/Q
                         net (fo=25, routed)          1.091     3.325    iommu_inst/tlb_replacement/Q[14]
    SLICE_X45Y131        LUT6 (Prop_lut6_I0_O)        0.124     3.449 f  iommu_inst/tlb_replacement/tlb_vpn_q[0][3]_i_32/O
                         net (fo=1, routed)           0.564     4.013    iommu_inst/tlb_replacement/tlb_vpn_q[0][3]_i_32_n_0
    SLICE_X43Y129        LUT4 (Prop_lut4_I3_O)        0.124     4.137 r  iommu_inst/tlb_replacement/tlb_vpn_q[0][3]_i_14/O
                         net (fo=6, routed)           0.841     4.978    iommu_inst/tlb_replacement/req_vaddr_q_reg[15]_4
    SLICE_X43Y128        LUT6 (Prop_lut6_I5_O)        0.124     5.102 r  iommu_inst/tlb_replacement/tlb_vpn_q[2][3]_i_5/O
                         net (fo=3, routed)           0.599     5.701    iommu_inst/tlb_replacement/pt_valid_q_reg[3]
    SLICE_X41Y129        LUT6 (Prop_lut6_I0_O)        0.124     5.825 f  iommu_inst/tlb_replacement/tlb_vpn_q[2][3]_i_4/O
                         net (fo=10, routed)          0.712     6.537    iommu_inst/tlb_replacement_n_12
    SLICE_X42Y129        LUT6 (Prop_lut6_I4_O)        0.124     6.661 r  iommu_inst/tlb_vpn_q[0][3]_i_10/O
                         net (fo=40, routed)          0.788     7.448    iommu_inst/tlb_vpn_q[0][3]_i_10_n_0
    SLICE_X43Y133        LUT6 (Prop_lut6_I4_O)        0.124     7.572 r  iommu_inst/tlb_vpn_q[0][0]_i_5/O
                         net (fo=1, routed)           0.837     8.409    iommu_inst/tlb_vpn_q[0][0]_i_5_n_0
    SLICE_X42Y131        LUT6 (Prop_lut6_I5_O)        0.124     8.533 r  iommu_inst/tlb_vpn_q[0][0]_i_1/O
                         net (fo=4, routed)           0.644     9.177    iommu_inst/pt_vpn_q[0]
    SLICE_X40Y133        FDCE                                         r  iommu_inst/tlb_vpn_q_reg[0][0]/D
  -------------------------------------------------------------------    -------------------

                         (clock axi_clk rise edge)    8.000     8.000 r  
                                                      0.000     8.000 r  aclk (IN)
                         net (fo=1917, unset)         1.599     9.599    iommu_inst/aclk
    SLICE_X40Y133        FDCE                                         r  iommu_inst/tlb_vpn_q_reg[0][0]/C
                         clock pessimism              0.102     9.701    
                         clock uncertainty           -0.135     9.566    
    SLICE_X40Y133        FDCE (Setup_fdce_C_D)       -0.067     9.499    iommu_inst/tlb_vpn_q_reg[0][0]
  -------------------------------------------------------------------
                         required time                          9.499    
                         arrival time                          -9.177    
  -------------------------------------------------------------------
                         slack                                  0.322    

Slack (MET) :             0.341ns  (required time - arrival time)
  Source:                 iommu_inst/req_vaddr_q_reg[14]/C
                            (rising edge-triggered cell FDCE clocked by axi_clk  {rise@0.000ns fall@4.000ns period=8.000ns})
  Destination:            iommu_inst/tlb_ppn_q_reg[0][0]/D
                            (rising edge-triggered cell FDCE clocked by axi_clk  {rise@0.000ns fall@4.000ns period=8.000ns})
  Path Group:             axi_clk
  Path Type:              Setup (Max at Slow Process Corner)
  Requirement:            8.000ns  (axi_clk rise@8.000ns - axi_clk rise@0.000ns)
  Data Path Delay:        7.405ns  (logic 1.386ns (18.718%)  route 6.019ns (81.282%))
  Logic Levels:           7  (LUT4=1 LUT6=6)
  Clock Path Skew:        -0.016ns (DCD - SCD + CPR)
    Destination Clock Delay (DCD):    1.598ns = ( 9.598 - 8.000 ) 
    Source Clock Delay      (SCD):    1.716ns
    Clock Pessimism Removal (CPR):    0.102ns
  Clock Uncertainty:      0.135ns  ((TSJ^2 + TIJ^2)^1/2 + DJ) / 2 + PE + UU
    Total System Jitter     (TSJ):    0.071ns
    Total Input Jitter      (TIJ):    0.000ns
    Discrete Jitter          (DJ):    0.000ns
    Phase Error              (PE):    0.000ns
    User Uncertainty         (UU):    0.100ns

    Location             Delay type                Incr(ns)  Path(ns)    Netlist Resource(s)
  -------------------------------------------------------------------    -------------------
                         (clock axi_clk rise edge)    0.000     0.000 r  
                                                      0.000     0.000 r  aclk (IN)
                         net (fo=1917, unset)         1.716     1.716    iommu_inst/aclk
    SLICE_X42Y127        FDCE                                         r  iommu_inst/req_vaddr_q_reg[14]/C
  -------------------------------------------------------------------    -------------------
    SLICE_X42Y127        FDCE (Prop_fdce_C_Q)         0.518     2.234 r  iommu_inst/req_vaddr_q_reg[14]/Q
                         net (fo=25, routed)          1.091     3.325    iommu_inst/tlb_replacement/Q[14]
    SLICE_X45Y131        LUT6 (Prop_lut6_I0_O)        0.124     3.449 f  iommu_inst/tlb_replacement/tlb_vpn_q[0][3]_i_32/O
                         net (fo=1, routed)           0.564     4.013    iommu_inst/tlb_replacement/tlb_vpn_q[0][3]_i_32_n_0
    SLICE_X43Y129        LUT4 (Prop_lut4_I3_O)        0.124     4.137 r  iommu_inst/tlb_replacement/tlb_vpn_q[0][3]_i_14/O
                         net (fo=6, routed)           0.841     4.978    iommu_inst/tlb_replacement/req_vaddr_q_reg[15]_4
    SLICE_X43Y128        LUT6 (Prop_lut6_I5_O)        0.124     5.102 r  iommu_inst/tlb_replacement/tlb_vpn_q[2][3]_i_5/O
                         net (fo=3, routed)           0.599     5.701    iommu_inst/tlb_replacement/pt_valid_q_reg[3]
    SLICE_X41Y129        LUT6 (Prop_lut6_I0_O)        0.124     5.825 f  iommu_inst/tlb_replacement/tlb_vpn_q[2][3]_i_4/O
                         net (fo=10, routed)          0.712     6.537    iommu_inst/tlb_replacement_n_12
    SLICE_X42Y129        LUT6 (Prop_lut6_I4_O)        0.124     6.661 r  iommu_inst/tlb_vpn_q[0][3]_i_10/O
                         net (fo=40, routed)          0.656     7.317    iommu_inst/tlb_vpn_q[0][3]_i_10_n_0
    SLICE_X38Y130        LUT6 (Prop_lut6_I4_O)        0.124     7.441 f  iommu_inst/tlb_ppn_q[3][0]_i_2/O
                         net (fo=1, routed)           0.824     8.266    iommu_inst/tlb_ppn_q[3][0]_i_2_n_0
    SLICE_X40Y131        LUT6 (Prop_lut6_I0_O)        0.124     8.390 r  iommu_inst/tlb_ppn_q[3][0]_i_1/O
                         net (fo=5, routed)           0.731     9.121    iommu_inst/pt_ppn_q[0]
    SLICE_X40Y132        FDCE                                         r  iommu_inst/tlb_ppn_q_reg[0][0]/D
  -------------------------------------------------------------------    -------------------

                         (clock axi_clk rise edge)    8.000     8.000 r  
                                                      0.000     8.000 r  aclk (IN)
                         net (fo=1917, unset)         1.598     9.598    iommu_inst/aclk
    SLICE_X40Y132        FDCE                                         r  iommu_inst/tlb_ppn_q_reg[0][0]/C
                         clock pessimism              0.102     9.700    
                         clock uncertainty           -0.135     9.565    
    SLICE_X40Y132        FDCE (Setup_fdce_C_D)       -0.103     9.462    iommu_inst/tlb_ppn_q_reg[0][0]
  -------------------------------------------------------------------
                         required time                          9.462    
                         arrival time                          -9.121    
  -------------------------------------------------------------------
                         slack                                  0.341    

Slack (MET) :             0.347ns  (required time - arrival time)
  Source:                 iommu_inst/req_vaddr_q_reg[12]/C
                            (rising edge-triggered cell FDCE clocked by axi_clk  {rise@0.000ns fall@4.000ns period=8.000ns})
  Destination:            iommu_inst/resp_fault_o_reg[1]/D
                            (rising edge-triggered cell FDCE clocked by axi_clk  {rise@0.000ns fall@4.000ns period=8.000ns})
  Path Group:             axi_clk
  Path Type:              Setup (Max at Slow Process Corner)
  Requirement:            8.000ns  (axi_clk rise@8.000ns - axi_clk rise@0.000ns)
  Data Path Delay:        7.514ns  (logic 2.008ns (26.722%)  route 5.506ns (73.278%))
  Logic Levels:           7  (LUT3=1 LUT4=4 LUT6=2)
  Clock Path Skew:        -0.034ns (DCD - SCD + CPR)
    Destination Clock Delay (DCD):    1.594ns = ( 9.594 - 8.000 ) 
    Source Clock Delay      (SCD):    1.716ns
    Clock Pessimism Removal (CPR):    0.088ns
  Clock Uncertainty:      0.135ns  ((TSJ^2 + TIJ^2)^1/2 + DJ) / 2 + PE + UU
    Total System Jitter     (TSJ):    0.071ns
    Total Input Jitter      (TIJ):    0.000ns
    Discrete Jitter          (DJ):    0.000ns
    Phase Error              (PE):    0.000ns
    User Uncertainty         (UU):    0.100ns

    Location             Delay type                Incr(ns)  Path(ns)    Netlist Resource(s)
  -------------------------------------------------------------------    -------------------
                         (clock axi_clk rise edge)    0.000     0.000 r  
                                                      0.000     0.000 r  aclk (IN)
                         net (fo=1917, unset)         1.716     1.716    iommu_inst/aclk
    SLICE_X44Y126        FDCE                                         r  iommu_inst/req_vaddr_q_reg[12]/C
  -------------------------------------------------------------------    -------------------
    SLICE_X44Y126        FDCE (Prop_fdce_C_Q)         0.456     2.172 r  iommu_inst/req_vaddr_q_reg[12]/Q
                         net (fo=25, routed)          1.115     3.287    iommu_inst/tlb_replacement/Q[12]
    SLICE_X41Y130        LUT6 (Prop_lut6_I1_O)        0.124     3.411 r  iommu_inst/tlb_replacement/plru_tree_q[2]_i_29/O
                         net (fo=3, routed)           0.686     4.098    iommu_inst/tlb_replacement/tlb_vpn_q_reg[1][0]
    SLICE_X38Y131        LUT4 (Prop_lut4_I0_O)        0.148     4.246 f  iommu_inst/tlb_replacement/plru_tree_q[2]_i_28/O
                         net (fo=1, routed)           0.805     5.050    iommu_inst/tlb_replacement/plru_tree_q[2]_i_28_n_0
    SLICE_X38Y132        LUT4 (Prop_lut4_I3_O)        0.328     5.378 f  iommu_inst/tlb_replacement/plru_tree_q[2]_i_10/O
                         net (fo=9, routed)           0.728     6.107    iommu_inst/tlb_replacement_n_6
    SLICE_X40Y131        LUT3 (Prop_lut3_I2_O)        0.150     6.257 r  iommu_inst/resp_paddr_o[15]_i_5/O
                         net (fo=6, routed)           0.702     6.958    iommu_inst/resp_paddr_o[15]_i_5_n_0
    SLICE_X39Y131        LUT4 (Prop_lut4_I1_O)        0.326     7.284 r  iommu_inst/resp_allow_o_i_7/O
                         net (fo=1, routed)           0.643     7.928    iommu_inst/resp_allow_o_i_7_n_0
    SLICE_X39Y131        LUT4 (Prop_lut4_I1_O)        0.150     8.078 f  iommu_inst/resp_allow_o_i_4/O
                         net (fo=2, routed)           0.827     8.904    iommu_inst/resp_allow_o_i_4_n_0
    SLICE_X40Y128        LUT6 (Prop_lut6_I1_O)        0.326     9.230 r  iommu_inst/resp_fault_o[1]_i_1/O
                         net (fo=1, routed)           0.000     9.230    iommu_inst/resp_fault_o[1]_i_1_n_0
    SLICE_X40Y128        FDCE                                         r  iommu_inst/resp_fault_o_reg[1]/D
  -------------------------------------------------------------------    -------------------

                         (clock axi_clk rise edge)    8.000     8.000 r  
                                                      0.000     8.000 r  aclk (IN)
                         net (fo=1917, unset)         1.594     9.594    iommu_inst/aclk
    SLICE_X40Y128        FDCE                                         r  iommu_inst/resp_fault_o_reg[1]/C
                         clock pessimism              0.088     9.682    
                         clock uncertainty           -0.135     9.547    
    SLICE_X40Y128        FDCE (Setup_fdce_C_D)        0.031     9.578    iommu_inst/resp_fault_o_reg[1]
  -------------------------------------------------------------------
                         required time                          9.578    
                         arrival time                          -9.230    
  -------------------------------------------------------------------
                         slack                                  0.347    

Slack (MET) :             0.357ns  (required time - arrival time)
  Source:                 iommu_inst/req_len_q_reg[7]/C
                            (rising edge-triggered cell FDCE clocked by axi_clk  {rise@0.000ns fall@4.000ns period=8.000ns})
  Destination:            iommu_inst/tlb_read_q_reg[3]/CE
                            (rising edge-triggered cell FDCE clocked by axi_clk  {rise@0.000ns fall@4.000ns period=8.000ns})
  Path Group:             axi_clk
  Path Type:              Setup (Max at Slow Process Corner)
  Requirement:            8.000ns  (axi_clk rise@8.000ns - axi_clk rise@0.000ns)
  Data Path Delay:        7.275ns  (logic 2.721ns (37.403%)  route 4.554ns (62.597%))
  Logic Levels:           12  (CARRY4=4 LUT3=2 LUT4=3 LUT5=2 LUT6=1)
  Clock Path Skew:        -0.028ns (DCD - SCD + CPR)
    Destination Clock Delay (DCD):    1.597ns = ( 9.597 - 8.000 ) 
    Source Clock Delay      (SCD):    1.713ns
    Clock Pessimism Removal (CPR):    0.088ns
  Clock Uncertainty:      0.135ns  ((TSJ^2 + TIJ^2)^1/2 + DJ) / 2 + PE + UU
    Total System Jitter     (TSJ):    0.071ns
    Total Input Jitter      (TIJ):    0.000ns
    Discrete Jitter          (DJ):    0.000ns
    Phase Error              (PE):    0.000ns
    User Uncertainty         (UU):    0.100ns

    Location             Delay type                Incr(ns)  Path(ns)    Netlist Resource(s)
  -------------------------------------------------------------------    -------------------
                         (clock axi_clk rise edge)    0.000     0.000 r  
                                                      0.000     0.000 r  aclk (IN)
                         net (fo=1917, unset)         1.713     1.713    iommu_inst/aclk
    SLICE_X40Y125        FDCE                                         r  iommu_inst/req_len_q_reg[7]/C
  -------------------------------------------------------------------    -------------------
    SLICE_X40Y125        FDCE (Prop_fdce_C_Q)         0.456     2.169 f  iommu_inst/req_len_q_reg[7]/Q
                         net (fo=4, routed)           0.510     2.679    iommu_inst/tlb_replacement/plru_tree_q_reg[2]_i_15_0[7]
    SLICE_X40Y125        LUT4 (Prop_lut4_I0_O)        0.124     2.803 f  iommu_inst/tlb_replacement/plru_tree_q[2]_i_30/O
                         net (fo=1, routed)           0.403     3.206    iommu_inst/tlb_replacement/plru_tree_q[2]_i_30_n_0
    SLICE_X41Y125        LUT5 (Prop_lut5_I4_O)        0.124     3.330 f  iommu_inst/tlb_replacement/plru_tree_q[2]_i_14/O
                         net (fo=1, routed)           0.433     3.763    iommu_inst/tlb_replacement/plru_tree_q[2]_i_14_n_0
    SLICE_X41Y124        LUT6 (Prop_lut6_I5_O)        0.124     3.887 r  iommu_inst/tlb_replacement/plru_tree_q[2]_i_6/O
                         net (fo=4, routed)           0.442     4.328    iommu_inst/tlb_replacement/plru_tree_q[2]_i_6_n_0
    SLICE_X39Y124        LUT4 (Prop_lut4_I1_O)        0.124     4.452 r  iommu_inst/tlb_replacement/plru_tree_q[2]_i_58/O
                         net (fo=1, routed)           0.000     4.452    iommu_inst/tlb_replacement/plru_tree_q[2]_i_58_n_0
    SLICE_X39Y124        CARRY4 (Prop_carry4_S[1]_CO[3])
                                                      0.550     5.002 r  iommu_inst/tlb_replacement/plru_tree_q_reg[2]_i_44/CO[3]
                         net (fo=1, routed)           0.009     5.011    iommu_inst/tlb_replacement/plru_tree_q_reg[2]_i_44_n_0
    SLICE_X39Y125        CARRY4 (Prop_carry4_CI_CO[3])
                                                      0.114     5.125 r  iommu_inst/tlb_replacement/plru_tree_q_reg[2]_i_32/CO[3]
                         net (fo=1, routed)           0.000     5.125    iommu_inst/tlb_replacement/plru_tree_q_reg[2]_i_32_n_0
    SLICE_X39Y126        CARRY4 (Prop_carry4_CI_CO[3])
                                                      0.114     5.239 r  iommu_inst/tlb_replacement/plru_tree_q_reg[2]_i_16/CO[3]
                         net (fo=1, routed)           0.000     5.239    iommu_inst/tlb_replacement/plru_tree_q_reg[2]_i_16_n_0
    SLICE_X39Y127        CARRY4 (Prop_carry4_CI_O[3])
                                                      0.313     5.552 r  iommu_inst/tlb_replacement/plru_tree_q_reg[2]_i_9/O[3]
                         net (fo=1, routed)           0.688     6.241    iommu_inst/tlb_replacement/p_0_in16_in[3]
    SLICE_X39Y129        LUT3 (Prop_lut3_I1_O)        0.306     6.547 f  iommu_inst/tlb_replacement/plru_tree_q[2]_i_7/O
                         net (fo=1, routed)           0.302     6.849    iommu_inst/tlb_replacement/plru_tree_q[2]_i_7_n_0
    SLICE_X41Y129        LUT5 (Prop_lut5_I1_O)        0.124     6.973 r  iommu_inst/tlb_replacement/plru_tree_q[2]_i_2/O
                         net (fo=11, routed)          0.366     7.339    iommu_inst/tlb_replacement_n_5
    SLICE_X40Y130        LUT3 (Prop_lut3_I1_O)        0.124     7.463 r  iommu_inst/tlb_miss_count_o[0]_i_1/O
                         net (fo=38, routed)          0.795     8.258    iommu_inst/tlb_replacement/tlb_vpn_q_reg[1][0]_0
    SLICE_X36Y132        LUT4 (Prop_lut4_I1_O)        0.124     8.382 r  iommu_inst/tlb_replacement/tlb_vpn_q[3][3]_i_1/O
                         net (fo=11, routed)          0.606     8.988    iommu_inst/tlb_replacement_n_1
    SLICE_X37Y132        FDCE                                         r  iommu_inst/tlb_read_q_reg[3]/CE
  -------------------------------------------------------------------    -------------------

                         (clock axi_clk rise edge)    8.000     8.000 r  
                                                      0.000     8.000 r  aclk (IN)
                         net (fo=1917, unset)         1.597     9.597    iommu_inst/aclk
    SLICE_X37Y132        FDCE                                         r  iommu_inst/tlb_read_q_reg[3]/C
                         clock pessimism              0.088     9.685    
                         clock uncertainty           -0.135     9.550    
    SLICE_X37Y132        FDCE (Setup_fdce_C_CE)      -0.205     9.345    iommu_inst/tlb_read_q_reg[3]
  -------------------------------------------------------------------
                         required time                          9.345    
                         arrival time                          -8.988    
  -------------------------------------------------------------------
                         slack                                  0.357    

Slack (MET) :             0.357ns  (required time - arrival time)
  Source:                 iommu_inst/req_len_q_reg[7]/C
                            (rising edge-triggered cell FDCE clocked by axi_clk  {rise@0.000ns fall@4.000ns period=8.000ns})
  Destination:            iommu_inst/tlb_write_q_reg[3]/CE
                            (rising edge-triggered cell FDCE clocked by axi_clk  {rise@0.000ns fall@4.000ns period=8.000ns})
  Path Group:             axi_clk
  Path Type:              Setup (Max at Slow Process Corner)
  Requirement:            8.000ns  (axi_clk rise@8.000ns - axi_clk rise@0.000ns)
  Data Path Delay:        7.275ns  (logic 2.721ns (37.403%)  route 4.554ns (62.597%))
  Logic Levels:           12  (CARRY4=4 LUT3=2 LUT4=3 LUT5=2 LUT6=1)
  Clock Path Skew:        -0.028ns (DCD - SCD + CPR)
    Destination Clock Delay (DCD):    1.597ns = ( 9.597 - 8.000 ) 
    Source Clock Delay      (SCD):    1.713ns
    Clock Pessimism Removal (CPR):    0.088ns
  Clock Uncertainty:      0.135ns  ((TSJ^2 + TIJ^2)^1/2 + DJ) / 2 + PE + UU
    Total System Jitter     (TSJ):    0.071ns
    Total Input Jitter      (TIJ):    0.000ns
    Discrete Jitter          (DJ):    0.000ns
    Phase Error              (PE):    0.000ns
    User Uncertainty         (UU):    0.100ns

    Location             Delay type                Incr(ns)  Path(ns)    Netlist Resource(s)
  -------------------------------------------------------------------    -------------------
                         (clock axi_clk rise edge)    0.000     0.000 r  
                                                      0.000     0.000 r  aclk (IN)
                         net (fo=1917, unset)         1.713     1.713    iommu_inst/aclk
    SLICE_X40Y125        FDCE                                         r  iommu_inst/req_len_q_reg[7]/C
  -------------------------------------------------------------------    -------------------
    SLICE_X40Y125        FDCE (Prop_fdce_C_Q)         0.456     2.169 f  iommu_inst/req_len_q_reg[7]/Q
                         net (fo=4, routed)           0.510     2.679    iommu_inst/tlb_replacement/plru_tree_q_reg[2]_i_15_0[7]
    SLICE_X40Y125        LUT4 (Prop_lut4_I0_O)        0.124     2.803 f  iommu_inst/tlb_replacement/plru_tree_q[2]_i_30/O
                         net (fo=1, routed)           0.403     3.206    iommu_inst/tlb_replacement/plru_tree_q[2]_i_30_n_0
    SLICE_X41Y125        LUT5 (Prop_lut5_I4_O)        0.124     3.330 f  iommu_inst/tlb_replacement/plru_tree_q[2]_i_14/O
                         net (fo=1, routed)           0.433     3.763    iommu_inst/tlb_replacement/plru_tree_q[2]_i_14_n_0
    SLICE_X41Y124        LUT6 (Prop_lut6_I5_O)        0.124     3.887 r  iommu_inst/tlb_replacement/plru_tree_q[2]_i_6/O
                         net (fo=4, routed)           0.442     4.328    iommu_inst/tlb_replacement/plru_tree_q[2]_i_6_n_0
    SLICE_X39Y124        LUT4 (Prop_lut4_I1_O)        0.124     4.452 r  iommu_inst/tlb_replacement/plru_tree_q[2]_i_58/O
                         net (fo=1, routed)           0.000     4.452    iommu_inst/tlb_replacement/plru_tree_q[2]_i_58_n_0
    SLICE_X39Y124        CARRY4 (Prop_carry4_S[1]_CO[3])
                                                      0.550     5.002 r  iommu_inst/tlb_replacement/plru_tree_q_reg[2]_i_44/CO[3]
                         net (fo=1, routed)           0.009     5.011    iommu_inst/tlb_replacement/plru_tree_q_reg[2]_i_44_n_0
    SLICE_X39Y125        CARRY4 (Prop_carry4_CI_CO[3])
                                                      0.114     5.125 r  iommu_inst/tlb_replacement/plru_tree_q_reg[2]_i_32/CO[3]
                         net (fo=1, routed)           0.000     5.125    iommu_inst/tlb_replacement/plru_tree_q_reg[2]_i_32_n_0
    SLICE_X39Y126        CARRY4 (Prop_carry4_CI_CO[3])
                                                      0.114     5.239 r  iommu_inst/tlb_replacement/plru_tree_q_reg[2]_i_16/CO[3]
                         net (fo=1, routed)           0.000     5.239    iommu_inst/tlb_replacement/plru_tree_q_reg[2]_i_16_n_0
    SLICE_X39Y127        CARRY4 (Prop_carry4_CI_O[3])
                                                      0.313     5.552 r  iommu_inst/tlb_replacement/plru_tree_q_reg[2]_i_9/O[3]
                         net (fo=1, routed)           0.688     6.241    iommu_inst/tlb_replacement/p_0_in16_in[3]
    SLICE_X39Y129        LUT3 (Prop_lut3_I1_O)        0.306     6.547 f  iommu_inst/tlb_replacement/plru_tree_q[2]_i_7/O
                         net (fo=1, routed)           0.302     6.849    iommu_inst/tlb_replacement/plru_tree_q[2]_i_7_n_0
    SLICE_X41Y129        LUT5 (Prop_lut5_I1_O)        0.124     6.973 r  iommu_inst/tlb_replacement/plru_tree_q[2]_i_2/O
                         net (fo=11, routed)          0.366     7.339    iommu_inst/tlb_replacement_n_5
    SLICE_X40Y130        LUT3 (Prop_lut3_I1_O)        0.124     7.463 r  iommu_inst/tlb_miss_count_o[0]_i_1/O
                         net (fo=38, routed)          0.795     8.258    iommu_inst/tlb_replacement/tlb_vpn_q_reg[1][0]_0
    SLICE_X36Y132        LUT4 (Prop_lut4_I1_O)        0.124     8.382 r  iommu_inst/tlb_replacement/tlb_vpn_q[3][3]_i_1/O
                         net (fo=11, routed)          0.606     8.988    iommu_inst/tlb_replacement_n_1
    SLICE_X37Y132        FDCE                                         r  iommu_inst/tlb_write_q_reg[3]/CE
  -------------------------------------------------------------------    -------------------

                         (clock axi_clk rise edge)    8.000     8.000 r  
                                                      0.000     8.000 r  aclk (IN)
                         net (fo=1917, unset)         1.597     9.597    iommu_inst/aclk
    SLICE_X37Y132        FDCE                                         r  iommu_inst/tlb_write_q_reg[3]/C
                         clock pessimism              0.088     9.685    
                         clock uncertainty           -0.135     9.550    
    SLICE_X37Y132        FDCE (Setup_fdce_C_CE)      -0.205     9.345    iommu_inst/tlb_write_q_reg[3]
  -------------------------------------------------------------------
                         required time                          9.345    
                         arrival time                          -8.988    
  -------------------------------------------------------------------
                         slack                                  0.357    

Slack (MET) :             0.375ns  (required time - arrival time)
  Source:                 iommu_inst/req_len_q_reg[7]/C
                            (rising edge-triggered cell FDCE clocked by axi_clk  {rise@0.000ns fall@4.000ns period=8.000ns})
  Destination:            iommu_inst/tlb_ppn_q_reg[2][1]/CE
                            (rising edge-triggered cell FDCE clocked by axi_clk  {rise@0.000ns fall@4.000ns period=8.000ns})
  Path Group:             axi_clk
  Path Type:              Setup (Max at Slow Process Corner)
  Requirement:            8.000ns  (axi_clk rise@8.000ns - axi_clk rise@0.000ns)
  Data Path Delay:        7.256ns  (logic 2.721ns (37.499%)  route 4.535ns (62.501%))
  Logic Levels:           12  (CARRY4=4 LUT3=2 LUT4=3 LUT5=2 LUT6=1)
  Clock Path Skew:        -0.028ns (DCD - SCD + CPR)
    Destination Clock Delay (DCD):    1.597ns = ( 9.597 - 8.000 ) 
    Source Clock Delay      (SCD):    1.713ns
    Clock Pessimism Removal (CPR):    0.088ns
  Clock Uncertainty:      0.135ns  ((TSJ^2 + TIJ^2)^1/2 + DJ) / 2 + PE + UU
    Total System Jitter     (TSJ):    0.071ns
    Total Input Jitter      (TIJ):    0.000ns
    Discrete Jitter          (DJ):    0.000ns
    Phase Error              (PE):    0.000ns
    User Uncertainty         (UU):    0.100ns

    Location             Delay type                Incr(ns)  Path(ns)    Netlist Resource(s)
  -------------------------------------------------------------------    -------------------
                         (clock axi_clk rise edge)    0.000     0.000 r  
                                                      0.000     0.000 r  aclk (IN)
                         net (fo=1917, unset)         1.713     1.713    iommu_inst/aclk
    SLICE_X40Y125        FDCE                                         r  iommu_inst/req_len_q_reg[7]/C
  -------------------------------------------------------------------    -------------------
    SLICE_X40Y125        FDCE (Prop_fdce_C_Q)         0.456     2.169 f  iommu_inst/req_len_q_reg[7]/Q
                         net (fo=4, routed)           0.510     2.679    iommu_inst/tlb_replacement/plru_tree_q_reg[2]_i_15_0[7]
    SLICE_X40Y125        LUT4 (Prop_lut4_I0_O)        0.124     2.803 f  iommu_inst/tlb_replacement/plru_tree_q[2]_i_30/O
                         net (fo=1, routed)           0.403     3.206    iommu_inst/tlb_replacement/plru_tree_q[2]_i_30_n_0
    SLICE_X41Y125        LUT5 (Prop_lut5_I4_O)        0.124     3.330 f  iommu_inst/tlb_replacement/plru_tree_q[2]_i_14/O
                         net (fo=1, routed)           0.433     3.763    iommu_inst/tlb_replacement/plru_tree_q[2]_i_14_n_0
    SLICE_X41Y124        LUT6 (Prop_lut6_I5_O)        0.124     3.887 r  iommu_inst/tlb_replacement/plru_tree_q[2]_i_6/O
                         net (fo=4, routed)           0.442     4.328    iommu_inst/tlb_replacement/plru_tree_q[2]_i_6_n_0
    SLICE_X39Y124        LUT4 (Prop_lut4_I1_O)        0.124     4.452 r  iommu_inst/tlb_replacement/plru_tree_q[2]_i_58/O
                         net (fo=1, routed)           0.000     4.452    iommu_inst/tlb_replacement/plru_tree_q[2]_i_58_n_0
    SLICE_X39Y124        CARRY4 (Prop_carry4_S[1]_CO[3])
                                                      0.550     5.002 r  iommu_inst/tlb_replacement/plru_tree_q_reg[2]_i_44/CO[3]
                         net (fo=1, routed)           0.009     5.011    iommu_inst/tlb_replacement/plru_tree_q_reg[2]_i_44_n_0
    SLICE_X39Y125        CARRY4 (Prop_carry4_CI_CO[3])
                                                      0.114     5.125 r  iommu_inst/tlb_replacement/plru_tree_q_reg[2]_i_32/CO[3]
                         net (fo=1, routed)           0.000     5.125    iommu_inst/tlb_replacement/plru_tree_q_reg[2]_i_32_n_0
    SLICE_X39Y126        CARRY4 (Prop_carry4_CI_CO[3])
                                                      0.114     5.239 r  iommu_inst/tlb_replacement/plru_tree_q_reg[2]_i_16/CO[3]
                         net (fo=1, routed)           0.000     5.239    iommu_inst/tlb_replacement/plru_tree_q_reg[2]_i_16_n_0
    SLICE_X39Y127        CARRY4 (Prop_carry4_CI_O[3])
                                                      0.313     5.552 r  iommu_inst/tlb_replacement/plru_tree_q_reg[2]_i_9/O[3]
                         net (fo=1, routed)           0.688     6.241    iommu_inst/tlb_replacement/p_0_in16_in[3]
    SLICE_X39Y129        LUT3 (Prop_lut3_I1_O)        0.306     6.547 f  iommu_inst/tlb_replacement/plru_tree_q[2]_i_7/O
                         net (fo=1, routed)           0.302     6.849    iommu_inst/tlb_replacement/plru_tree_q[2]_i_7_n_0
    SLICE_X41Y129        LUT5 (Prop_lut5_I1_O)        0.124     6.973 r  iommu_inst/tlb_replacement/plru_tree_q[2]_i_2/O
                         net (fo=11, routed)          0.366     7.339    iommu_inst/tlb_replacement_n_5
    SLICE_X40Y130        LUT3 (Prop_lut3_I1_O)        0.124     7.463 r  iommu_inst/tlb_miss_count_o[0]_i_1/O
                         net (fo=38, routed)          0.695     8.158    iommu_inst/tlb_replacement/tlb_vpn_q_reg[1][0]_0
    SLICE_X41Y130        LUT4 (Prop_lut4_I0_O)        0.124     8.282 r  iommu_inst/tlb_replacement/tlb_vpn_q[2][3]_i_1/O
                         net (fo=11, routed)          0.688     8.969    iommu_inst/tlb_replacement_n_4
    SLICE_X36Y132        FDCE                                         r  iommu_inst/tlb_ppn_q_reg[2][1]/CE
  -------------------------------------------------------------------    -------------------

                         (clock axi_clk rise edge)    8.000     8.000 r  
                                                      0.000     8.000 r  aclk (IN)
                         net (fo=1917, unset)         1.597     9.597    iommu_inst/aclk
    SLICE_X36Y132        FDCE                                         r  iommu_inst/tlb_ppn_q_reg[2][1]/C
                         clock pessimism              0.088     9.685    
                         clock uncertainty           -0.135     9.550    
    SLICE_X36Y132        FDCE (Setup_fdce_C_CE)      -0.205     9.345    iommu_inst/tlb_ppn_q_reg[2][1]
  -------------------------------------------------------------------
                         required time                          9.345    
                         arrival time                          -8.969    
  -------------------------------------------------------------------
                         slack                                  0.375    

Slack (MET) :             0.388ns  (required time - arrival time)
  Source:                 iommu_inst/req_vaddr_q_reg[14]/C
                            (rising edge-triggered cell FDCE clocked by axi_clk  {rise@0.000ns fall@4.000ns period=8.000ns})
  Destination:            iommu_inst/tlb_vpn_q_reg[2][3]/D
                            (rising edge-triggered cell FDCE clocked by axi_clk  {rise@0.000ns fall@4.000ns period=8.000ns})
  Path Group:             axi_clk
  Path Type:              Setup (Max at Slow Process Corner)
  Requirement:            8.000ns  (axi_clk rise@8.000ns - axi_clk rise@0.000ns)
  Data Path Delay:        7.418ns  (logic 1.386ns (18.684%)  route 6.032ns (81.316%))
  Logic Levels:           7  (LUT4=1 LUT6=6)
  Clock Path Skew:        -0.031ns (DCD - SCD + CPR)
    Destination Clock Delay (DCD):    1.597ns = ( 9.597 - 8.000 ) 
    Source Clock Delay      (SCD):    1.716ns
    Clock Pessimism Removal (CPR):    0.088ns
  Clock Uncertainty:      0.135ns  ((TSJ^2 + TIJ^2)^1/2 + DJ) / 2 + PE + UU
    Total System Jitter     (TSJ):    0.071ns
    Total Input Jitter      (TIJ):    0.000ns
    Discrete Jitter          (DJ):    0.000ns
    Phase Error              (PE):    0.000ns
    User Uncertainty         (UU):    0.100ns

    Location             Delay type                Incr(ns)  Path(ns)    Netlist Resource(s)
  -------------------------------------------------------------------    -------------------
                         (clock axi_clk rise edge)    0.000     0.000 r  
                                                      0.000     0.000 r  aclk (IN)
                         net (fo=1917, unset)         1.716     1.716    iommu_inst/aclk
    SLICE_X42Y127        FDCE                                         r  iommu_inst/req_vaddr_q_reg[14]/C
  -------------------------------------------------------------------    -------------------
    SLICE_X42Y127        FDCE (Prop_fdce_C_Q)         0.518     2.234 r  iommu_inst/req_vaddr_q_reg[14]/Q
                         net (fo=25, routed)          1.091     3.325    iommu_inst/tlb_replacement/Q[14]
    SLICE_X45Y131        LUT6 (Prop_lut6_I0_O)        0.124     3.449 f  iommu_inst/tlb_replacement/tlb_vpn_q[0][3]_i_32/O
                         net (fo=1, routed)           0.564     4.013    iommu_inst/tlb_replacement/tlb_vpn_q[0][3]_i_32_n_0
    SLICE_X43Y129        LUT4 (Prop_lut4_I3_O)        0.124     4.137 r  iommu_inst/tlb_replacement/tlb_vpn_q[0][3]_i_14/O
                         net (fo=6, routed)           0.841     4.978    iommu_inst/tlb_replacement/req_vaddr_q_reg[15]_4
    SLICE_X43Y128        LUT6 (Prop_lut6_I5_O)        0.124     5.102 r  iommu_inst/tlb_replacement/tlb_vpn_q[2][3]_i_5/O
                         net (fo=3, routed)           0.599     5.701    iommu_inst/tlb_replacement/pt_valid_q_reg[3]
    SLICE_X41Y129        LUT6 (Prop_lut6_I0_O)        0.124     5.825 f  iommu_inst/tlb_replacement/tlb_vpn_q[2][3]_i_4/O
                         net (fo=10, routed)          0.712     6.537    iommu_inst/tlb_replacement_n_12
    SLICE_X42Y129        LUT6 (Prop_lut6_I4_O)        0.124     6.661 r  iommu_inst/tlb_vpn_q[0][3]_i_10/O
                         net (fo=40, routed)          0.939     7.599    iommu_inst/tlb_vpn_q[0][3]_i_10_n_0
    SLICE_X41Y128        LUT6 (Prop_lut6_I4_O)        0.124     7.723 r  iommu_inst/tlb_vpn_q[0][3]_i_4/O
                         net (fo=1, routed)           0.714     8.438    iommu_inst/tlb_vpn_q[0][3]_i_4_n_0
    SLICE_X41Y131        LUT6 (Prop_lut6_I1_O)        0.124     8.562 r  iommu_inst/tlb_vpn_q[0][3]_i_2/O
                         net (fo=4, routed)           0.572     9.134    iommu_inst/pt_vpn_q[3]
    SLICE_X38Y132        FDCE                                         r  iommu_inst/tlb_vpn_q_reg[2][3]/D
  -------------------------------------------------------------------    -------------------

                         (clock axi_clk rise edge)    8.000     8.000 r  
                                                      0.000     8.000 r  aclk (IN)
                         net (fo=1917, unset)         1.597     9.597    iommu_inst/aclk
    SLICE_X38Y132        FDCE                                         r  iommu_inst/tlb_vpn_q_reg[2][3]/C
                         clock pessimism              0.088     9.685    
                         clock uncertainty           -0.135     9.550    
    SLICE_X38Y132        FDCE (Setup_fdce_C_D)       -0.028     9.522    iommu_inst/tlb_vpn_q_reg[2][3]
  -------------------------------------------------------------------
                         required time                          9.522    
                         arrival time                          -9.134    
  -------------------------------------------------------------------
                         slack                                  0.388    

Slack (MET) :             0.389ns  (required time - arrival time)
  Source:                 iommu_inst/req_vaddr_q_reg[12]/C
                            (rising edge-triggered cell FDCE clocked by axi_clk  {rise@0.000ns fall@4.000ns period=8.000ns})
  Destination:            iommu_inst/resp_allow_o_reg/D
                            (rising edge-triggered cell FDCE clocked by axi_clk  {rise@0.000ns fall@4.000ns period=8.000ns})
  Path Group:             axi_clk
  Path Type:              Setup (Max at Slow Process Corner)
  Requirement:            8.000ns  (axi_clk rise@8.000ns - axi_clk rise@0.000ns)
  Data Path Delay:        7.470ns  (logic 2.008ns (26.879%)  route 5.462ns (73.121%))
  Logic Levels:           7  (LUT3=1 LUT4=4 LUT6=2)
  Clock Path Skew:        -0.034ns (DCD - SCD + CPR)
    Destination Clock Delay (DCD):    1.594ns = ( 9.594 - 8.000 ) 
    Source Clock Delay      (SCD):    1.716ns
    Clock Pessimism Removal (CPR):    0.088ns
  Clock Uncertainty:      0.135ns  ((TSJ^2 + TIJ^2)^1/2 + DJ) / 2 + PE + UU
    Total System Jitter     (TSJ):    0.071ns
    Total Input Jitter      (TIJ):    0.000ns
    Discrete Jitter          (DJ):    0.000ns
    Phase Error              (PE):    0.000ns
    User Uncertainty         (UU):    0.100ns

    Location             Delay type                Incr(ns)  Path(ns)    Netlist Resource(s)
  -------------------------------------------------------------------    -------------------
                         (clock axi_clk rise edge)    0.000     0.000 r  
                                                      0.000     0.000 r  aclk (IN)
                         net (fo=1917, unset)         1.716     1.716    iommu_inst/aclk
    SLICE_X44Y126        FDCE                                         r  iommu_inst/req_vaddr_q_reg[12]/C
  -------------------------------------------------------------------    -------------------
    SLICE_X44Y126        FDCE (Prop_fdce_C_Q)         0.456     2.172 r  iommu_inst/req_vaddr_q_reg[12]/Q
                         net (fo=25, routed)          1.115     3.287    iommu_inst/tlb_replacement/Q[12]
    SLICE_X41Y130        LUT6 (Prop_lut6_I1_O)        0.124     3.411 f  iommu_inst/tlb_replacement/plru_tree_q[2]_i_29/O
                         net (fo=3, routed)           0.686     4.098    iommu_inst/tlb_replacement/tlb_vpn_q_reg[1][0]
    SLICE_X38Y131        LUT4 (Prop_lut4_I0_O)        0.148     4.246 r  iommu_inst/tlb_replacement/plru_tree_q[2]_i_28/O
                         net (fo=1, routed)           0.805     5.050    iommu_inst/tlb_replacement/plru_tree_q[2]_i_28_n_0
    SLICE_X38Y132        LUT4 (Prop_lut4_I3_O)        0.328     5.378 r  iommu_inst/tlb_replacement/plru_tree_q[2]_i_10/O
                         net (fo=9, routed)           0.728     6.107    iommu_inst/tlb_replacement_n_6
    SLICE_X40Y131        LUT3 (Prop_lut3_I2_O)        0.150     6.257 f  iommu_inst/resp_paddr_o[15]_i_5/O
                         net (fo=6, routed)           0.702     6.958    iommu_inst/resp_paddr_o[15]_i_5_n_0
    SLICE_X39Y131        LUT4 (Prop_lut4_I1_O)        0.326     7.284 f  iommu_inst/resp_allow_o_i_7/O
                         net (fo=1, routed)           0.643     7.928    iommu_inst/resp_allow_o_i_7_n_0
    SLICE_X39Y131        LUT4 (Prop_lut4_I1_O)        0.150     8.078 r  iommu_inst/resp_allow_o_i_4/O
                         net (fo=2, routed)           0.783     8.860    iommu_inst/resp_allow_o_i_4_n_0
    SLICE_X39Y130        LUT6 (Prop_lut6_I4_O)        0.326     9.186 r  iommu_inst/resp_allow_o_i_1/O
                         net (fo=1, routed)           0.000     9.186    iommu_inst/resp_allow_o1_out
    SLICE_X39Y130        FDCE                                         r  iommu_inst/resp_allow_o_reg/D
  -------------------------------------------------------------------    -------------------

                         (clock axi_clk rise edge)    8.000     8.000 r  
                                                      0.000     8.000 r  aclk (IN)
                         net (fo=1917, unset)         1.594     9.594    iommu_inst/aclk
    SLICE_X39Y130        FDCE                                         r  iommu_inst/resp_allow_o_reg/C
                         clock pessimism              0.088     9.682    
                         clock uncertainty           -0.135     9.547    
    SLICE_X39Y130        FDCE (Setup_fdce_C_D)        0.029     9.576    iommu_inst/resp_allow_o_reg
  -------------------------------------------------------------------
                         required time                          9.576    
                         arrival time                          -9.186    
  -------------------------------------------------------------------
                         slack                                  0.389    

Slack (MET) :             0.390ns  (required time - arrival time)
  Source:                 iommu_inst/req_len_q_reg[7]/C
                            (rising edge-triggered cell FDCE clocked by axi_clk  {rise@0.000ns fall@4.000ns period=8.000ns})
  Destination:            iommu_inst/tlb_read_q_reg[2]/CE
                            (rising edge-triggered cell FDCE clocked by axi_clk  {rise@0.000ns fall@4.000ns period=8.000ns})
  Path Group:             axi_clk
  Path Type:              Setup (Max at Slow Process Corner)
  Requirement:            8.000ns  (axi_clk rise@8.000ns - axi_clk rise@0.000ns)
  Data Path Delay:        7.240ns  (logic 2.721ns (37.585%)  route 4.519ns (62.415%))
  Logic Levels:           12  (CARRY4=4 LUT3=2 LUT4=3 LUT5=2 LUT6=1)
  Clock Path Skew:        -0.030ns (DCD - SCD + CPR)
    Destination Clock Delay (DCD):    1.595ns = ( 9.595 - 8.000 ) 
    Source Clock Delay      (SCD):    1.713ns
    Clock Pessimism Removal (CPR):    0.088ns
  Clock Uncertainty:      0.135ns  ((TSJ^2 + TIJ^2)^1/2 + DJ) / 2 + PE + UU
    Total System Jitter     (TSJ):    0.071ns
    Total Input Jitter      (TIJ):    0.000ns
    Discrete Jitter          (DJ):    0.000ns
    Phase Error              (PE):    0.000ns
    User Uncertainty         (UU):    0.100ns

    Location             Delay type                Incr(ns)  Path(ns)    Netlist Resource(s)
  -------------------------------------------------------------------    -------------------
                         (clock axi_clk rise edge)    0.000     0.000 r  
                                                      0.000     0.000 r  aclk (IN)
                         net (fo=1917, unset)         1.713     1.713    iommu_inst/aclk
    SLICE_X40Y125        FDCE                                         r  iommu_inst/req_len_q_reg[7]/C
  -------------------------------------------------------------------    -------------------
    SLICE_X40Y125        FDCE (Prop_fdce_C_Q)         0.456     2.169 f  iommu_inst/req_len_q_reg[7]/Q
                         net (fo=4, routed)           0.510     2.679    iommu_inst/tlb_replacement/plru_tree_q_reg[2]_i_15_0[7]
    SLICE_X40Y125        LUT4 (Prop_lut4_I0_O)        0.124     2.803 f  iommu_inst/tlb_replacement/plru_tree_q[2]_i_30/O
                         net (fo=1, routed)           0.403     3.206    iommu_inst/tlb_replacement/plru_tree_q[2]_i_30_n_0
    SLICE_X41Y125        LUT5 (Prop_lut5_I4_O)        0.124     3.330 f  iommu_inst/tlb_replacement/plru_tree_q[2]_i_14/O
                         net (fo=1, routed)           0.433     3.763    iommu_inst/tlb_replacement/plru_tree_q[2]_i_14_n_0
    SLICE_X41Y124        LUT6 (Prop_lut6_I5_O)        0.124     3.887 r  iommu_inst/tlb_replacement/plru_tree_q[2]_i_6/O
                         net (fo=4, routed)           0.442     4.328    iommu_inst/tlb_replacement/plru_tree_q[2]_i_6_n_0
    SLICE_X39Y124        LUT4 (Prop_lut4_I1_O)        0.124     4.452 r  iommu_inst/tlb_replacement/plru_tree_q[2]_i_58/O
                         net (fo=1, routed)           0.000     4.452    iommu_inst/tlb_replacement/plru_tree_q[2]_i_58_n_0
    SLICE_X39Y124        CARRY4 (Prop_carry4_S[1]_CO[3])
                                                      0.550     5.002 r  iommu_inst/tlb_replacement/plru_tree_q_reg[2]_i_44/CO[3]
                         net (fo=1, routed)           0.009     5.011    iommu_inst/tlb_replacement/plru_tree_q_reg[2]_i_44_n_0
    SLICE_X39Y125        CARRY4 (Prop_carry4_CI_CO[3])
                                                      0.114     5.125 r  iommu_inst/tlb_replacement/plru_tree_q_reg[2]_i_32/CO[3]
                         net (fo=1, routed)           0.000     5.125    iommu_inst/tlb_replacement/plru_tree_q_reg[2]_i_32_n_0
    SLICE_X39Y126        CARRY4 (Prop_carry4_CI_CO[3])
                                                      0.114     5.239 r  iommu_inst/tlb_replacement/plru_tree_q_reg[2]_i_16/CO[3]
                         net (fo=1, routed)           0.000     5.239    iommu_inst/tlb_replacement/plru_tree_q_reg[2]_i_16_n_0
    SLICE_X39Y127        CARRY4 (Prop_carry4_CI_O[3])
                                                      0.313     5.552 r  iommu_inst/tlb_replacement/plru_tree_q_reg[2]_i_9/O[3]
                         net (fo=1, routed)           0.688     6.241    iommu_inst/tlb_replacement/p_0_in16_in[3]
    SLICE_X39Y129        LUT3 (Prop_lut3_I1_O)        0.306     6.547 f  iommu_inst/tlb_replacement/plru_tree_q[2]_i_7/O
                         net (fo=1, routed)           0.302     6.849    iommu_inst/tlb_replacement/plru_tree_q[2]_i_7_n_0
    SLICE_X41Y129        LUT5 (Prop_lut5_I1_O)        0.124     6.973 r  iommu_inst/tlb_replacement/plru_tree_q[2]_i_2/O
                         net (fo=11, routed)          0.366     7.339    iommu_inst/tlb_replacement_n_5
    SLICE_X40Y130        LUT3 (Prop_lut3_I1_O)        0.124     7.463 r  iommu_inst/tlb_miss_count_o[0]_i_1/O
                         net (fo=38, routed)          0.695     8.158    iommu_inst/tlb_replacement/tlb_vpn_q_reg[1][0]_0
    SLICE_X41Y130        LUT4 (Prop_lut4_I0_O)        0.124     8.282 r  iommu_inst/tlb_replacement/tlb_vpn_q[2][3]_i_1/O
                         net (fo=11, routed)          0.671     8.953    iommu_inst/tlb_replacement_n_4
    SLICE_X39Y131        FDCE                                         r  iommu_inst/tlb_read_q_reg[2]/CE
  -------------------------------------------------------------------    -------------------

                         (clock axi_clk rise edge)    8.000     8.000 r  
                                                      0.000     8.000 r  aclk (IN)
                         net (fo=1917, unset)         1.595     9.595    iommu_inst/aclk
    SLICE_X39Y131        FDCE                                         r  iommu_inst/tlb_read_q_reg[2]/C
                         clock pessimism              0.088     9.683    
                         clock uncertainty           -0.135     9.548    
    SLICE_X39Y131        FDCE (Setup_fdce_C_CE)      -0.205     9.343    iommu_inst/tlb_read_q_reg[2]
  -------------------------------------------------------------------
                         required time                          9.343    
                         arrival time                          -8.953    
  -------------------------------------------------------------------
                         slack                                  0.390    

Slack (MET) :             0.390ns  (required time - arrival time)
  Source:                 iommu_inst/req_len_q_reg[7]/C
                            (rising edge-triggered cell FDCE clocked by axi_clk  {rise@0.000ns fall@4.000ns period=8.000ns})
  Destination:            iommu_inst/tlb_vpn_q_reg[2][0]/CE
                            (rising edge-triggered cell FDCE clocked by axi_clk  {rise@0.000ns fall@4.000ns period=8.000ns})
  Path Group:             axi_clk
  Path Type:              Setup (Max at Slow Process Corner)
  Requirement:            8.000ns  (axi_clk rise@8.000ns - axi_clk rise@0.000ns)
  Data Path Delay:        7.240ns  (logic 2.721ns (37.585%)  route 4.519ns (62.415%))
  Logic Levels:           12  (CARRY4=4 LUT3=2 LUT4=3 LUT5=2 LUT6=1)
  Clock Path Skew:        -0.030ns (DCD - SCD + CPR)
    Destination Clock Delay (DCD):    1.595ns = ( 9.595 - 8.000 ) 
    Source Clock Delay      (SCD):    1.713ns
    Clock Pessimism Removal (CPR):    0.088ns
  Clock Uncertainty:      0.135ns  ((TSJ^2 + TIJ^2)^1/2 + DJ) / 2 + PE + UU
    Total System Jitter     (TSJ):    0.071ns
    Total Input Jitter      (TIJ):    0.000ns
    Discrete Jitter          (DJ):    0.000ns
    Phase Error              (PE):    0.000ns
    User Uncertainty         (UU):    0.100ns

    Location             Delay type                Incr(ns)  Path(ns)    Netlist Resource(s)
  -------------------------------------------------------------------    -------------------
                         (clock axi_clk rise edge)    0.000     0.000 r  
                                                      0.000     0.000 r  aclk (IN)
                         net (fo=1917, unset)         1.713     1.713    iommu_inst/aclk
    SLICE_X40Y125        FDCE                                         r  iommu_inst/req_len_q_reg[7]/C
  -------------------------------------------------------------------    -------------------
    SLICE_X40Y125        FDCE (Prop_fdce_C_Q)         0.456     2.169 f  iommu_inst/req_len_q_reg[7]/Q
                         net (fo=4, routed)           0.510     2.679    iommu_inst/tlb_replacement/plru_tree_q_reg[2]_i_15_0[7]
    SLICE_X40Y125        LUT4 (Prop_lut4_I0_O)        0.124     2.803 f  iommu_inst/tlb_replacement/plru_tree_q[2]_i_30/O
                         net (fo=1, routed)           0.403     3.206    iommu_inst/tlb_replacement/plru_tree_q[2]_i_30_n_0
    SLICE_X41Y125        LUT5 (Prop_lut5_I4_O)        0.124     3.330 f  iommu_inst/tlb_replacement/plru_tree_q[2]_i_14/O
                         net (fo=1, routed)           0.433     3.763    iommu_inst/tlb_replacement/plru_tree_q[2]_i_14_n_0
    SLICE_X41Y124        LUT6 (Prop_lut6_I5_O)        0.124     3.887 r  iommu_inst/tlb_replacement/plru_tree_q[2]_i_6/O
                         net (fo=4, routed)           0.442     4.328    iommu_inst/tlb_replacement/plru_tree_q[2]_i_6_n_0
    SLICE_X39Y124        LUT4 (Prop_lut4_I1_O)        0.124     4.452 r  iommu_inst/tlb_replacement/plru_tree_q[2]_i_58/O
                         net (fo=1, routed)           0.000     4.452    iommu_inst/tlb_replacement/plru_tree_q[2]_i_58_n_0
    SLICE_X39Y124        CARRY4 (Prop_carry4_S[1]_CO[3])
                                                      0.550     5.002 r  iommu_inst/tlb_replacement/plru_tree_q_reg[2]_i_44/CO[3]
                         net (fo=1, routed)           0.009     5.011    iommu_inst/tlb_replacement/plru_tree_q_reg[2]_i_44_n_0
    SLICE_X39Y125        CARRY4 (Prop_carry4_CI_CO[3])
                                                      0.114     5.125 r  iommu_inst/tlb_replacement/plru_tree_q_reg[2]_i_32/CO[3]
                         net (fo=1, routed)           0.000     5.125    iommu_inst/tlb_replacement/plru_tree_q_reg[2]_i_32_n_0
    SLICE_X39Y126        CARRY4 (Prop_carry4_CI_CO[3])
                                                      0.114     5.239 r  iommu_inst/tlb_replacement/plru_tree_q_reg[2]_i_16/CO[3]
                         net (fo=1, routed)           0.000     5.239    iommu_inst/tlb_replacement/plru_tree_q_reg[2]_i_16_n_0
    SLICE_X39Y127        CARRY4 (Prop_carry4_CI_O[3])
                                                      0.313     5.552 r  iommu_inst/tlb_replacement/plru_tree_q_reg[2]_i_9/O[3]
                         net (fo=1, routed)           0.688     6.241    iommu_inst/tlb_replacement/p_0_in16_in[3]
    SLICE_X39Y129        LUT3 (Prop_lut3_I1_O)        0.306     6.547 f  iommu_inst/tlb_replacement/plru_tree_q[2]_i_7/O
                         net (fo=1, routed)           0.302     6.849    iommu_inst/tlb_replacement/plru_tree_q[2]_i_7_n_0
    SLICE_X41Y129        LUT5 (Prop_lut5_I1_O)        0.124     6.973 r  iommu_inst/tlb_replacement/plru_tree_q[2]_i_2/O
                         net (fo=11, routed)          0.366     7.339    iommu_inst/tlb_replacement_n_5
    SLICE_X40Y130        LUT3 (Prop_lut3_I1_O)        0.124     7.463 r  iommu_inst/tlb_miss_count_o[0]_i_1/O
                         net (fo=38, routed)          0.695     8.158    iommu_inst/tlb_replacement/tlb_vpn_q_reg[1][0]_0
    SLICE_X41Y130        LUT4 (Prop_lut4_I0_O)        0.124     8.282 r  iommu_inst/tlb_replacement/tlb_vpn_q[2][3]_i_1/O
                         net (fo=11, routed)          0.671     8.953    iommu_inst/tlb_replacement_n_4
    SLICE_X39Y131        FDCE                                         r  iommu_inst/tlb_vpn_q_reg[2][0]/CE
  -------------------------------------------------------------------    -------------------

                         (clock axi_clk rise edge)    8.000     8.000 r  
                                                      0.000     8.000 r  aclk (IN)
                         net (fo=1917, unset)         1.595     9.595    iommu_inst/aclk
    SLICE_X39Y131        FDCE                                         r  iommu_inst/tlb_vpn_q_reg[2][0]/C
                         clock pessimism              0.088     9.683    
                         clock uncertainty           -0.135     9.548    
    SLICE_X39Y131        FDCE (Setup_fdce_C_CE)      -0.205     9.343    iommu_inst/tlb_vpn_q_reg[2][0]
  -------------------------------------------------------------------
                         required time                          9.343    
                         arrival time                          -8.953    
  -------------------------------------------------------------------
                         slack                                  0.390    

Slack (MET) :             0.390ns  (required time - arrival time)
  Source:                 iommu_inst/req_len_q_reg[7]/C
                            (rising edge-triggered cell FDCE clocked by axi_clk  {rise@0.000ns fall@4.000ns period=8.000ns})
  Destination:            iommu_inst/tlb_vpn_q_reg[2][1]/CE
                            (rising edge-triggered cell FDCE clocked by axi_clk  {rise@0.000ns fall@4.000ns period=8.000ns})
  Path Group:             axi_clk
  Path Type:              Setup (Max at Slow Process Corner)
  Requirement:            8.000ns  (axi_clk rise@8.000ns - axi_clk rise@0.000ns)
  Data Path Delay:        7.240ns  (logic 2.721ns (37.585%)  route 4.519ns (62.415%))
  Logic Levels:           12  (CARRY4=4 LUT3=2 LUT4=3 LUT5=2 LUT6=1)
  Clock Path Skew:        -0.030ns (DCD - SCD + CPR)
    Destination Clock Delay (DCD):    1.595ns = ( 9.595 - 8.000 ) 
    Source Clock Delay      (SCD):    1.713ns
    Clock Pessimism Removal (CPR):    0.088ns
  Clock Uncertainty:      0.135ns  ((TSJ^2 + TIJ^2)^1/2 + DJ) / 2 + PE + UU
    Total System Jitter     (TSJ):    0.071ns
    Total Input Jitter      (TIJ):    0.000ns
    Discrete Jitter          (DJ):    0.000ns
    Phase Error              (PE):    0.000ns
    User Uncertainty         (UU):    0.100ns

    Location             Delay type                Incr(ns)  Path(ns)    Netlist Resource(s)
  -------------------------------------------------------------------    -------------------
                         (clock axi_clk rise edge)    0.000     0.000 r  
                                                      0.000     0.000 r  aclk (IN)
                         net (fo=1917, unset)         1.713     1.713    iommu_inst/aclk
    SLICE_X40Y125        FDCE                                         r  iommu_inst/req_len_q_reg[7]/C
  -------------------------------------------------------------------    -------------------
    SLICE_X40Y125        FDCE (Prop_fdce_C_Q)         0.456     2.169 f  iommu_inst/req_len_q_reg[7]/Q
                         net (fo=4, routed)           0.510     2.679    iommu_inst/tlb_replacement/plru_tree_q_reg[2]_i_15_0[7]
    SLICE_X40Y125        LUT4 (Prop_lut4_I0_O)        0.124     2.803 f  iommu_inst/tlb_replacement/plru_tree_q[2]_i_30/O
                         net (fo=1, routed)           0.403     3.206    iommu_inst/tlb_replacement/plru_tree_q[2]_i_30_n_0
    SLICE_X41Y125        LUT5 (Prop_lut5_I4_O)        0.124     3.330 f  iommu_inst/tlb_replacement/plru_tree_q[2]_i_14/O
                         net (fo=1, routed)           0.433     3.763    iommu_inst/tlb_replacement/plru_tree_q[2]_i_14_n_0
    SLICE_X41Y124        LUT6 (Prop_lut6_I5_O)        0.124     3.887 r  iommu_inst/tlb_replacement/plru_tree_q[2]_i_6/O
                         net (fo=4, routed)           0.442     4.328    iommu_inst/tlb_replacement/plru_tree_q[2]_i_6_n_0
    SLICE_X39Y124        LUT4 (Prop_lut4_I1_O)        0.124     4.452 r  iommu_inst/tlb_replacement/plru_tree_q[2]_i_58/O
                         net (fo=1, routed)           0.000     4.452    iommu_inst/tlb_replacement/plru_tree_q[2]_i_58_n_0
    SLICE_X39Y124        CARRY4 (Prop_carry4_S[1]_CO[3])
                                                      0.550     5.002 r  iommu_inst/tlb_replacement/plru_tree_q_reg[2]_i_44/CO[3]
                         net (fo=1, routed)           0.009     5.011    iommu_inst/tlb_replacement/plru_tree_q_reg[2]_i_44_n_0
    SLICE_X39Y125        CARRY4 (Prop_carry4_CI_CO[3])
                                                      0.114     5.125 r  iommu_inst/tlb_replacement/plru_tree_q_reg[2]_i_32/CO[3]
                         net (fo=1, routed)           0.000     5.125    iommu_inst/tlb_replacement/plru_tree_q_reg[2]_i_32_n_0
    SLICE_X39Y126        CARRY4 (Prop_carry4_CI_CO[3])
                                                      0.114     5.239 r  iommu_inst/tlb_replacement/plru_tree_q_reg[2]_i_16/CO[3]
                         net (fo=1, routed)           0.000     5.239    iommu_inst/tlb_replacement/plru_tree_q_reg[2]_i_16_n_0
    SLICE_X39Y127        CARRY4 (Prop_carry4_CI_O[3])
                                                      0.313     5.552 r  iommu_inst/tlb_replacement/plru_tree_q_reg[2]_i_9/O[3]
                         net (fo=1, routed)           0.688     6.241    iommu_inst/tlb_replacement/p_0_in16_in[3]
    SLICE_X39Y129        LUT3 (Prop_lut3_I1_O)        0.306     6.547 f  iommu_inst/tlb_replacement/plru_tree_q[2]_i_7/O
                         net (fo=1, routed)           0.302     6.849    iommu_inst/tlb_replacement/plru_tree_q[2]_i_7_n_0
    SLICE_X41Y129        LUT5 (Prop_lut5_I1_O)        0.124     6.973 r  iommu_inst/tlb_replacement/plru_tree_q[2]_i_2/O
                         net (fo=11, routed)          0.366     7.339    iommu_inst/tlb_replacement_n_5
    SLICE_X40Y130        LUT3 (Prop_lut3_I1_O)        0.124     7.463 r  iommu_inst/tlb_miss_count_o[0]_i_1/O
                         net (fo=38, routed)          0.695     8.158    iommu_inst/tlb_replacement/tlb_vpn_q_reg[1][0]_0
    SLICE_X41Y130        LUT4 (Prop_lut4_I0_O)        0.124     8.282 r  iommu_inst/tlb_replacement/tlb_vpn_q[2][3]_i_1/O
                         net (fo=11, routed)          0.671     8.953    iommu_inst/tlb_replacement_n_4
    SLICE_X39Y131        FDCE                                         r  iommu_inst/tlb_vpn_q_reg[2][1]/CE
  -------------------------------------------------------------------    -------------------

                         (clock axi_clk rise edge)    8.000     8.000 r  
                                                      0.000     8.000 r  aclk (IN)
                         net (fo=1917, unset)         1.595     9.595    iommu_inst/aclk
    SLICE_X39Y131        FDCE                                         r  iommu_inst/tlb_vpn_q_reg[2][1]/C
                         clock pessimism              0.088     9.683    
                         clock uncertainty           -0.135     9.548    
    SLICE_X39Y131        FDCE (Setup_fdce_C_CE)      -0.205     9.343    iommu_inst/tlb_vpn_q_reg[2][1]
  -------------------------------------------------------------------
                         required time                          9.343    
                         arrival time                          -8.953    
  -------------------------------------------------------------------
                         slack                                  0.390    

Slack (MET) :             0.390ns  (required time - arrival time)
  Source:                 iommu_inst/req_len_q_reg[7]/C
                            (rising edge-triggered cell FDCE clocked by axi_clk  {rise@0.000ns fall@4.000ns period=8.000ns})
  Destination:            iommu_inst/tlb_vpn_q_reg[2][2]/CE
                            (rising edge-triggered cell FDCE clocked by axi_clk  {rise@0.000ns fall@4.000ns period=8.000ns})
  Path Group:             axi_clk
  Path Type:              Setup (Max at Slow Process Corner)
  Requirement:            8.000ns  (axi_clk rise@8.000ns - axi_clk rise@0.000ns)
  Data Path Delay:        7.240ns  (logic 2.721ns (37.585%)  route 4.519ns (62.415%))
  Logic Levels:           12  (CARRY4=4 LUT3=2 LUT4=3 LUT5=2 LUT6=1)
  Clock Path Skew:        -0.030ns (DCD - SCD + CPR)
    Destination Clock Delay (DCD):    1.595ns = ( 9.595 - 8.000 ) 
    Source Clock Delay      (SCD):    1.713ns
    Clock Pessimism Removal (CPR):    0.088ns
  Clock Uncertainty:      0.135ns  ((TSJ^2 + TIJ^2)^1/2 + DJ) / 2 + PE + UU
    Total System Jitter     (TSJ):    0.071ns
    Total Input Jitter      (TIJ):    0.000ns
    Discrete Jitter          (DJ):    0.000ns
    Phase Error              (PE):    0.000ns
    User Uncertainty         (UU):    0.100ns

    Location             Delay type                Incr(ns)  Path(ns)    Netlist Resource(s)
  -------------------------------------------------------------------    -------------------
                         (clock axi_clk rise edge)    0.000     0.000 r  
                                                      0.000     0.000 r  aclk (IN)
                         net (fo=1917, unset)         1.713     1.713    iommu_inst/aclk
    SLICE_X40Y125        FDCE                                         r  iommu_inst/req_len_q_reg[7]/C
  -------------------------------------------------------------------    -------------------
    SLICE_X40Y125        FDCE (Prop_fdce_C_Q)         0.456     2.169 f  iommu_inst/req_len_q_reg[7]/Q
                         net (fo=4, routed)           0.510     2.679    iommu_inst/tlb_replacement/plru_tree_q_reg[2]_i_15_0[7]
    SLICE_X40Y125        LUT4 (Prop_lut4_I0_O)        0.124     2.803 f  iommu_inst/tlb_replacement/plru_tree_q[2]_i_30/O
                         net (fo=1, routed)           0.403     3.206    iommu_inst/tlb_replacement/plru_tree_q[2]_i_30_n_0
    SLICE_X41Y125        LUT5 (Prop_lut5_I4_O)        0.124     3.330 f  iommu_inst/tlb_replacement/plru_tree_q[2]_i_14/O
                         net (fo=1, routed)           0.433     3.763    iommu_inst/tlb_replacement/plru_tree_q[2]_i_14_n_0
    SLICE_X41Y124        LUT6 (Prop_lut6_I5_O)        0.124     3.887 r  iommu_inst/tlb_replacement/plru_tree_q[2]_i_6/O
                         net (fo=4, routed)           0.442     4.328    iommu_inst/tlb_replacement/plru_tree_q[2]_i_6_n_0
    SLICE_X39Y124        LUT4 (Prop_lut4_I1_O)        0.124     4.452 r  iommu_inst/tlb_replacement/plru_tree_q[2]_i_58/O
                         net (fo=1, routed)           0.000     4.452    iommu_inst/tlb_replacement/plru_tree_q[2]_i_58_n_0
    SLICE_X39Y124        CARRY4 (Prop_carry4_S[1]_CO[3])
                                                      0.550     5.002 r  iommu_inst/tlb_replacement/plru_tree_q_reg[2]_i_44/CO[3]
                         net (fo=1, routed)           0.009     5.011    iommu_inst/tlb_replacement/plru_tree_q_reg[2]_i_44_n_0
    SLICE_X39Y125        CARRY4 (Prop_carry4_CI_CO[3])
                                                      0.114     5.125 r  iommu_inst/tlb_replacement/plru_tree_q_reg[2]_i_32/CO[3]
                         net (fo=1, routed)           0.000     5.125    iommu_inst/tlb_replacement/plru_tree_q_reg[2]_i_32_n_0
    SLICE_X39Y126        CARRY4 (Prop_carry4_CI_CO[3])
                                                      0.114     5.239 r  iommu_inst/tlb_replacement/plru_tree_q_reg[2]_i_16/CO[3]
                         net (fo=1, routed)           0.000     5.239    iommu_inst/tlb_replacement/plru_tree_q_reg[2]_i_16_n_0
    SLICE_X39Y127        CARRY4 (Prop_carry4_CI_O[3])
                                                      0.313     5.552 r  iommu_inst/tlb_replacement/plru_tree_q_reg[2]_i_9/O[3]
                         net (fo=1, routed)           0.688     6.241    iommu_inst/tlb_replacement/p_0_in16_in[3]
    SLICE_X39Y129        LUT3 (Prop_lut3_I1_O)        0.306     6.547 f  iommu_inst/tlb_replacement/plru_tree_q[2]_i_7/O
                         net (fo=1, routed)           0.302     6.849    iommu_inst/tlb_replacement/plru_tree_q[2]_i_7_n_0
    SLICE_X41Y129        LUT5 (Prop_lut5_I1_O)        0.124     6.973 r  iommu_inst/tlb_replacement/plru_tree_q[2]_i_2/O
                         net (fo=11, routed)          0.366     7.339    iommu_inst/tlb_replacement_n_5
    SLICE_X40Y130        LUT3 (Prop_lut3_I1_O)        0.124     7.463 r  iommu_inst/tlb_miss_count_o[0]_i_1/O
                         net (fo=38, routed)          0.695     8.158    iommu_inst/tlb_replacement/tlb_vpn_q_reg[1][0]_0
    SLICE_X41Y130        LUT4 (Prop_lut4_I0_O)        0.124     8.282 r  iommu_inst/tlb_replacement/tlb_vpn_q[2][3]_i_1/O
                         net (fo=11, routed)          0.671     8.953    iommu_inst/tlb_replacement_n_4
    SLICE_X39Y131        FDCE                                         r  iommu_inst/tlb_vpn_q_reg[2][2]/CE
  -------------------------------------------------------------------    -------------------

                         (clock axi_clk rise edge)    8.000     8.000 r  
                                                      0.000     8.000 r  aclk (IN)
                         net (fo=1917, unset)         1.595     9.595    iommu_inst/aclk
    SLICE_X39Y131        FDCE                                         r  iommu_inst/tlb_vpn_q_reg[2][2]/C
                         clock pessimism              0.088     9.683    
                         clock uncertainty           -0.135     9.548    
    SLICE_X39Y131        FDCE (Setup_fdce_C_CE)      -0.205     9.343    iommu_inst/tlb_vpn_q_reg[2][2]
  -------------------------------------------------------------------
                         required time                          9.343    
                         arrival time                          -8.953    
  -------------------------------------------------------------------
                         slack                                  0.390    

Slack (MET) :             0.390ns  (required time - arrival time)
  Source:                 iommu_inst/req_len_q_reg[7]/C
                            (rising edge-triggered cell FDCE clocked by axi_clk  {rise@0.000ns fall@4.000ns period=8.000ns})
  Destination:            iommu_inst/tlb_write_q_reg[2]/CE
                            (rising edge-triggered cell FDCE clocked by axi_clk  {rise@0.000ns fall@4.000ns period=8.000ns})
  Path Group:             axi_clk
  Path Type:              Setup (Max at Slow Process Corner)
  Requirement:            8.000ns  (axi_clk rise@8.000ns - axi_clk rise@0.000ns)
  Data Path Delay:        7.240ns  (logic 2.721ns (37.585%)  route 4.519ns (62.415%))
  Logic Levels:           12  (CARRY4=4 LUT3=2 LUT4=3 LUT5=2 LUT6=1)
  Clock Path Skew:        -0.030ns (DCD - SCD + CPR)
    Destination Clock Delay (DCD):    1.595ns = ( 9.595 - 8.000 ) 
    Source Clock Delay      (SCD):    1.713ns
    Clock Pessimism Removal (CPR):    0.088ns
  Clock Uncertainty:      0.135ns  ((TSJ^2 + TIJ^2)^1/2 + DJ) / 2 + PE + UU
    Total System Jitter     (TSJ):    0.071ns
    Total Input Jitter      (TIJ):    0.000ns
    Discrete Jitter          (DJ):    0.000ns
    Phase Error              (PE):    0.000ns
    User Uncertainty         (UU):    0.100ns

    Location             Delay type                Incr(ns)  Path(ns)    Netlist Resource(s)
  -------------------------------------------------------------------    -------------------
                         (clock axi_clk rise edge)    0.000     0.000 r  
                                                      0.000     0.000 r  aclk (IN)
                         net (fo=1917, unset)         1.713     1.713    iommu_inst/aclk
    SLICE_X40Y125        FDCE                                         r  iommu_inst/req_len_q_reg[7]/C
  -------------------------------------------------------------------    -------------------
    SLICE_X40Y125        FDCE (Prop_fdce_C_Q)         0.456     2.169 f  iommu_inst/req_len_q_reg[7]/Q
                         net (fo=4, routed)           0.510     2.679    iommu_inst/tlb_replacement/plru_tree_q_reg[2]_i_15_0[7]
    SLICE_X40Y125        LUT4 (Prop_lut4_I0_O)        0.124     2.803 f  iommu_inst/tlb_replacement/plru_tree_q[2]_i_30/O
                         net (fo=1, routed)           0.403     3.206    iommu_inst/tlb_replacement/plru_tree_q[2]_i_30_n_0
    SLICE_X41Y125        LUT5 (Prop_lut5_I4_O)        0.124     3.330 f  iommu_inst/tlb_replacement/plru_tree_q[2]_i_14/O
                         net (fo=1, routed)           0.433     3.763    iommu_inst/tlb_replacement/plru_tree_q[2]_i_14_n_0
    SLICE_X41Y124        LUT6 (Prop_lut6_I5_O)        0.124     3.887 r  iommu_inst/tlb_replacement/plru_tree_q[2]_i_6/O
                         net (fo=4, routed)           0.442     4.328    iommu_inst/tlb_replacement/plru_tree_q[2]_i_6_n_0
    SLICE_X39Y124        LUT4 (Prop_lut4_I1_O)        0.124     4.452 r  iommu_inst/tlb_replacement/plru_tree_q[2]_i_58/O
                         net (fo=1, routed)           0.000     4.452    iommu_inst/tlb_replacement/plru_tree_q[2]_i_58_n_0
    SLICE_X39Y124        CARRY4 (Prop_carry4_S[1]_CO[3])
                                                      0.550     5.002 r  iommu_inst/tlb_replacement/plru_tree_q_reg[2]_i_44/CO[3]
                         net (fo=1, routed)           0.009     5.011    iommu_inst/tlb_replacement/plru_tree_q_reg[2]_i_44_n_0
    SLICE_X39Y125        CARRY4 (Prop_carry4_CI_CO[3])
                                                      0.114     5.125 r  iommu_inst/tlb_replacement/plru_tree_q_reg[2]_i_32/CO[3]
                         net (fo=1, routed)           0.000     5.125    iommu_inst/tlb_replacement/plru_tree_q_reg[2]_i_32_n_0
    SLICE_X39Y126        CARRY4 (Prop_carry4_CI_CO[3])
                                                      0.114     5.239 r  iommu_inst/tlb_replacement/plru_tree_q_reg[2]_i_16/CO[3]
                         net (fo=1, routed)           0.000     5.239    iommu_inst/tlb_replacement/plru_tree_q_reg[2]_i_16_n_0
    SLICE_X39Y127        CARRY4 (Prop_carry4_CI_O[3])
                                                      0.313     5.552 r  iommu_inst/tlb_replacement/plru_tree_q_reg[2]_i_9/O[3]
                         net (fo=1, routed)           0.688     6.241    iommu_inst/tlb_replacement/p_0_in16_in[3]
    SLICE_X39Y129        LUT3 (Prop_lut3_I1_O)        0.306     6.547 f  iommu_inst/tlb_replacement/plru_tree_q[2]_i_7/O
                         net (fo=1, routed)           0.302     6.849    iommu_inst/tlb_replacement/plru_tree_q[2]_i_7_n_0
    SLICE_X41Y129        LUT5 (Prop_lut5_I1_O)        0.124     6.973 r  iommu_inst/tlb_replacement/plru_tree_q[2]_i_2/O
                         net (fo=11, routed)          0.366     7.339    iommu_inst/tlb_replacement_n_5
    SLICE_X40Y130        LUT3 (Prop_lut3_I1_O)        0.124     7.463 r  iommu_inst/tlb_miss_count_o[0]_i_1/O
                         net (fo=38, routed)          0.695     8.158    iommu_inst/tlb_replacement/tlb_vpn_q_reg[1][0]_0
    SLICE_X41Y130        LUT4 (Prop_lut4_I0_O)        0.124     8.282 r  iommu_inst/tlb_replacement/tlb_vpn_q[2][3]_i_1/O
                         net (fo=11, routed)          0.671     8.953    iommu_inst/tlb_replacement_n_4
    SLICE_X39Y131        FDCE                                         r  iommu_inst/tlb_write_q_reg[2]/CE
  -------------------------------------------------------------------    -------------------

                         (clock axi_clk rise edge)    8.000     8.000 r  
                                                      0.000     8.000 r  aclk (IN)
                         net (fo=1917, unset)         1.595     9.595    iommu_inst/aclk
    SLICE_X39Y131        FDCE                                         r  iommu_inst/tlb_write_q_reg[2]/C
                         clock pessimism              0.088     9.683    
                         clock uncertainty           -0.135     9.548    
    SLICE_X39Y131        FDCE (Setup_fdce_C_CE)      -0.205     9.343    iommu_inst/tlb_write_q_reg[2]
  -------------------------------------------------------------------
                         required time                          9.343    
                         arrival time                          -8.953    
  -------------------------------------------------------------------
                         slack                                  0.390    





Min Delay Paths
--------------------------------------------------------------------------------------
Slack (MET) :             0.021ns  (arrival time - required time)
  Source:                 crossbar_inst/axi_crossbar_rd_inst/s_ifaces[0].reg_inst/s_axi_rdata_reg_reg[17]/C
                            (rising edge-triggered cell FDRE clocked by axi_clk  {rise@0.000ns fall@4.000ns period=8.000ns})
  Destination:            cdma_inst/out_fifo_wdata_reg_0_31_12_17/RAMC_D1/I
                            (rising edge-triggered cell RAMD32 clocked by axi_clk  {rise@0.000ns fall@4.000ns period=8.000ns})
  Path Group:             axi_clk
  Path Type:              Hold (Min at Fast Process Corner)
  Requirement:            0.000ns  (axi_clk rise@0.000ns - axi_clk rise@0.000ns)
  Data Path Delay:        0.251ns  (logic 0.141ns (56.174%)  route 0.110ns (43.826%))
  Logic Levels:           0  
  Clock Path Skew:        0.016ns (DCD - SCD - CPR)
    Destination Clock Delay (DCD):    0.915ns
    Source Clock Delay      (SCD):    0.642ns
    Clock Pessimism Removal (CPR):    0.257ns
  Clock Uncertainty:      0.100ns  ((TSJ^2 + TIJ^2)^1/2 + DJ) / 2 + PE + UU
    Total System Jitter     (TSJ):    0.000ns
    Total Input Jitter      (TIJ):    0.000ns
    Discrete Jitter          (DJ):    0.000ns
    Phase Error              (PE):    0.000ns
    User Uncertainty         (UU):    0.100ns

    Location             Delay type                Incr(ns)  Path(ns)    Netlist Resource(s)
  -------------------------------------------------------------------    -------------------
                         (clock axi_clk rise edge)    0.000     0.000 r  
                                                      0.000     0.000 r  aclk (IN)
                         net (fo=1917, unset)         0.642     0.642    crossbar_inst/axi_crossbar_rd_inst/s_ifaces[0].reg_inst/aclk
    SLICE_X31Y100        FDRE                                         r  crossbar_inst/axi_crossbar_rd_inst/s_ifaces[0].reg_inst/s_axi_rdata_reg_reg[17]/C
  -------------------------------------------------------------------    -------------------
    SLICE_X31Y100        FDRE (Prop_fdre_C_Q)         0.141     0.783 r  crossbar_inst/axi_crossbar_rd_inst/s_ifaces[0].reg_inst/s_axi_rdata_reg_reg[17]/Q
                         net (fo=1, routed)           0.110     0.893    cdma_inst/out_fifo_wdata_reg_0_31_12_17/DIC1
    SLICE_X30Y100        RAMD32                                       r  cdma_inst/out_fifo_wdata_reg_0_31_12_17/RAMC_D1/I
  -------------------------------------------------------------------    -------------------

                         (clock axi_clk rise edge)    0.000     0.000 r  
                                                      0.000     0.000 r  aclk (IN)
                         net (fo=1917, unset)         0.915     0.915    cdma_inst/out_fifo_wdata_reg_0_31_12_17/WCLK
    SLICE_X30Y100        RAMD32                                       r  cdma_inst/out_fifo_wdata_reg_0_31_12_17/RAMC_D1/CLK
                         clock pessimism             -0.257     0.658    
                         clock uncertainty            0.100     0.758    
    SLICE_X30Y100        RAMD32 (Hold_ramd32_CLK_I)
                                                      0.114     0.872    cdma_inst/out_fifo_wdata_reg_0_31_12_17/RAMC_D1
  -------------------------------------------------------------------
                         required time                         -0.872    
                         arrival time                           0.893    
  -------------------------------------------------------------------
                         slack                                  0.021    

Slack (MET) :             0.021ns  (arrival time - required time)
  Source:                 crossbar_inst/axi_crossbar_rd_inst/s_ifaces[0].reg_inst/s_axi_rdata_reg_reg[11]/C
                            (rising edge-triggered cell FDRE clocked by axi_clk  {rise@0.000ns fall@4.000ns period=8.000ns})
  Destination:            cdma_inst/out_fifo_wdata_reg_0_31_6_11/RAMC_D1/I
                            (rising edge-triggered cell RAMD32 clocked by axi_clk  {rise@0.000ns fall@4.000ns period=8.000ns})
  Path Group:             axi_clk
  Path Type:              Hold (Min at Fast Process Corner)
  Requirement:            0.000ns  (axi_clk rise@0.000ns - axi_clk rise@0.000ns)
  Data Path Delay:        0.251ns  (logic 0.141ns (56.174%)  route 0.110ns (43.826%))
  Logic Levels:           0  
  Clock Path Skew:        0.016ns (DCD - SCD - CPR)
    Destination Clock Delay (DCD):    0.915ns
    Source Clock Delay      (SCD):    0.642ns
    Clock Pessimism Removal (CPR):    0.257ns
  Clock Uncertainty:      0.100ns  ((TSJ^2 + TIJ^2)^1/2 + DJ) / 2 + PE + UU
    Total System Jitter     (TSJ):    0.000ns
    Total Input Jitter      (TIJ):    0.000ns
    Discrete Jitter          (DJ):    0.000ns
    Phase Error              (PE):    0.000ns
    User Uncertainty         (UU):    0.100ns

    Location             Delay type                Incr(ns)  Path(ns)    Netlist Resource(s)
  -------------------------------------------------------------------    -------------------
                         (clock axi_clk rise edge)    0.000     0.000 r  
                                                      0.000     0.000 r  aclk (IN)
                         net (fo=1917, unset)         0.642     0.642    crossbar_inst/axi_crossbar_rd_inst/s_ifaces[0].reg_inst/aclk
    SLICE_X31Y101        FDRE                                         r  crossbar_inst/axi_crossbar_rd_inst/s_ifaces[0].reg_inst/s_axi_rdata_reg_reg[11]/C
  -------------------------------------------------------------------    -------------------
    SLICE_X31Y101        FDRE (Prop_fdre_C_Q)         0.141     0.783 r  crossbar_inst/axi_crossbar_rd_inst/s_ifaces[0].reg_inst/s_axi_rdata_reg_reg[11]/Q
                         net (fo=1, routed)           0.110     0.893    cdma_inst/out_fifo_wdata_reg_0_31_6_11/DIC1
    SLICE_X30Y101        RAMD32                                       r  cdma_inst/out_fifo_wdata_reg_0_31_6_11/RAMC_D1/I
  -------------------------------------------------------------------    -------------------

                         (clock axi_clk rise edge)    0.000     0.000 r  
                                                      0.000     0.000 r  aclk (IN)
                         net (fo=1917, unset)         0.915     0.915    cdma_inst/out_fifo_wdata_reg_0_31_6_11/WCLK
    SLICE_X30Y101        RAMD32                                       r  cdma_inst/out_fifo_wdata_reg_0_31_6_11/RAMC_D1/CLK
                         clock pessimism             -0.257     0.658    
                         clock uncertainty            0.100     0.758    
    SLICE_X30Y101        RAMD32 (Hold_ramd32_CLK_I)
                                                      0.114     0.872    cdma_inst/out_fifo_wdata_reg_0_31_6_11/RAMC_D1
  -------------------------------------------------------------------
                         required time                         -0.872    
                         arrival time                           0.893    
  -------------------------------------------------------------------
                         slack                                  0.021    

Slack (MET) :             0.023ns  (arrival time - required time)
  Source:                 crossbar_inst/axi_crossbar_rd_inst/s_ifaces[0].reg_inst/s_axi_rdata_reg_reg[0]/C
                            (rising edge-triggered cell FDRE clocked by axi_clk  {rise@0.000ns fall@4.000ns period=8.000ns})
  Destination:            cdma_inst/out_fifo_wdata_reg_0_31_0_5/RAMA/I
                            (rising edge-triggered cell RAMD32 clocked by axi_clk  {rise@0.000ns fall@4.000ns period=8.000ns})
  Path Group:             axi_clk
  Path Type:              Hold (Min at Fast Process Corner)
  Requirement:            0.000ns  (axi_clk rise@0.000ns - axi_clk rise@0.000ns)
  Data Path Delay:        0.306ns  (logic 0.141ns (46.093%)  route 0.165ns (53.907%))
  Logic Levels:           0  
  Clock Path Skew:        0.036ns (DCD - SCD - CPR)
    Destination Clock Delay (DCD):    0.918ns
    Source Clock Delay      (SCD):    0.644ns
    Clock Pessimism Removal (CPR):    0.238ns
  Clock Uncertainty:      0.100ns  ((TSJ^2 + TIJ^2)^1/2 + DJ) / 2 + PE + UU
    Total System Jitter     (TSJ):    0.000ns
    Total Input Jitter      (TIJ):    0.000ns
    Discrete Jitter          (DJ):    0.000ns
    Phase Error              (PE):    0.000ns
    User Uncertainty         (UU):    0.100ns

    Location             Delay type                Incr(ns)  Path(ns)    Netlist Resource(s)
  -------------------------------------------------------------------    -------------------
                         (clock axi_clk rise edge)    0.000     0.000 r  
                                                      0.000     0.000 r  aclk (IN)
                         net (fo=1917, unset)         0.644     0.644    crossbar_inst/axi_crossbar_rd_inst/s_ifaces[0].reg_inst/aclk
    SLICE_X18Y103        FDRE                                         r  crossbar_inst/axi_crossbar_rd_inst/s_ifaces[0].reg_inst/s_axi_rdata_reg_reg[0]/C
  -------------------------------------------------------------------    -------------------
    SLICE_X18Y103        FDRE (Prop_fdre_C_Q)         0.141     0.785 r  crossbar_inst/axi_crossbar_rd_inst/s_ifaces[0].reg_inst/s_axi_rdata_reg_reg[0]/Q
                         net (fo=1, routed)           0.165     0.950    cdma_inst/out_fifo_wdata_reg_0_31_0_5/DIA0
    SLICE_X14Y103        RAMD32                                       r  cdma_inst/out_fifo_wdata_reg_0_31_0_5/RAMA/I
  -------------------------------------------------------------------    -------------------

                         (clock axi_clk rise edge)    0.000     0.000 r  
                                                      0.000     0.000 r  aclk (IN)
                         net (fo=1917, unset)         0.918     0.918    cdma_inst/out_fifo_wdata_reg_0_31_0_5/WCLK
    SLICE_X14Y103        RAMD32                                       r  cdma_inst/out_fifo_wdata_reg_0_31_0_5/RAMA/CLK
                         clock pessimism             -0.238     0.680    
                         clock uncertainty            0.100     0.780    
    SLICE_X14Y103        RAMD32 (Hold_ramd32_CLK_I)
                                                      0.147     0.927    cdma_inst/out_fifo_wdata_reg_0_31_0_5/RAMA
  -------------------------------------------------------------------
                         required time                         -0.927    
                         arrival time                           0.950    
  -------------------------------------------------------------------
                         slack                                  0.023    

Slack (MET) :             0.029ns  (arrival time - required time)
  Source:                 crossbar_inst/axi_crossbar_wr_inst/m_ifaces[0].reg_inst/temp_m_axi_wdata_reg_reg[25]/C
                            (rising edge-triggered cell FDRE clocked by axi_clk  {rise@0.000ns fall@4.000ns period=8.000ns})
  Destination:            crossbar_inst/axi_crossbar_wr_inst/m_ifaces[0].reg_inst/m_axi_wdata_reg_reg[25]/D
                            (rising edge-triggered cell FDRE clocked by axi_clk  {rise@0.000ns fall@4.000ns period=8.000ns})
  Path Group:             axi_clk
  Path Type:              Hold (Min at Fast Process Corner)
  Requirement:            0.000ns  (axi_clk rise@0.000ns - axi_clk rise@0.000ns)
  Data Path Delay:        0.237ns  (logic 0.186ns (78.504%)  route 0.051ns (21.496%))
  Logic Levels:           1  (LUT5=1)
  Clock Path Skew:        0.016ns (DCD - SCD - CPR)
    Destination Clock Delay (DCD):    0.916ns
    Source Clock Delay      (SCD):    0.642ns
    Clock Pessimism Removal (CPR):    0.258ns
  Clock Uncertainty:      0.100ns  ((TSJ^2 + TIJ^2)^1/2 + DJ) / 2 + PE + UU
    Total System Jitter     (TSJ):    0.000ns
    Total Input Jitter      (TIJ):    0.000ns
    Discrete Jitter          (DJ):    0.000ns
    Phase Error              (PE):    0.000ns
    User Uncertainty         (UU):    0.100ns

    Location             Delay type                Incr(ns)  Path(ns)    Netlist Resource(s)
  -------------------------------------------------------------------    -------------------
                         (clock axi_clk rise edge)    0.000     0.000 r  
                                                      0.000     0.000 r  aclk (IN)
                         net (fo=1917, unset)         0.642     0.642    crossbar_inst/axi_crossbar_wr_inst/m_ifaces[0].reg_inst/aclk
    SLICE_X26Y103        FDRE                                         r  crossbar_inst/axi_crossbar_wr_inst/m_ifaces[0].reg_inst/temp_m_axi_wdata_reg_reg[25]/C
  -------------------------------------------------------------------    -------------------
    SLICE_X26Y103        FDRE (Prop_fdre_C_Q)         0.141     0.783 r  crossbar_inst/axi_crossbar_wr_inst/m_ifaces[0].reg_inst/temp_m_axi_wdata_reg_reg[25]/Q
                         net (fo=1, routed)           0.051     0.834    crossbar_inst/axi_crossbar_wr_inst/m_ifaces[0].reg_inst/temp_m_axi_wdata_reg[25]
    SLICE_X27Y103        LUT5 (Prop_lut5_I4_O)        0.045     0.879 r  crossbar_inst/axi_crossbar_wr_inst/m_ifaces[0].reg_inst/m_axi_wdata_reg[25]_i_1/O
                         net (fo=1, routed)           0.000     0.879    crossbar_inst/axi_crossbar_wr_inst/m_ifaces[0].reg_inst/m_axi_wdata_reg[25]_i_1_n_0
    SLICE_X27Y103        FDRE                                         r  crossbar_inst/axi_crossbar_wr_inst/m_ifaces[0].reg_inst/m_axi_wdata_reg_reg[25]/D
  -------------------------------------------------------------------    -------------------

                         (clock axi_clk rise edge)    0.000     0.000 r  
                                                      0.000     0.000 r  aclk (IN)
                         net (fo=1917, unset)         0.916     0.916    crossbar_inst/axi_crossbar_wr_inst/m_ifaces[0].reg_inst/aclk
    SLICE_X27Y103        FDRE                                         r  crossbar_inst/axi_crossbar_wr_inst/m_ifaces[0].reg_inst/m_axi_wdata_reg_reg[25]/C
                         clock pessimism             -0.258     0.658    
                         clock uncertainty            0.100     0.758    
    SLICE_X27Y103        FDRE (Hold_fdre_C_D)         0.092     0.850    crossbar_inst/axi_crossbar_wr_inst/m_ifaces[0].reg_inst/m_axi_wdata_reg_reg[25]
  -------------------------------------------------------------------
                         required time                         -0.850    
                         arrival time                           0.879    
  -------------------------------------------------------------------
                         slack                                  0.029    

Slack (MET) :             0.036ns  (arrival time - required time)
  Source:                 crossbar_inst/axi_crossbar_rd_inst/s_ifaces[1].reg_inst/s_axi_rdata_reg_reg[4]/C
                            (rising edge-triggered cell FDRE clocked by axi_clk  {rise@0.000ns fall@4.000ns period=8.000ns})
  Destination:            dma_rd_inst/out_fifo_tdata_reg_0_31_0_5/RAMC/I
                            (rising edge-triggered cell RAMD32 clocked by axi_clk  {rise@0.000ns fall@4.000ns period=8.000ns})
  Path Group:             axi_clk
  Path Type:              Hold (Min at Fast Process Corner)
  Requirement:            0.000ns  (axi_clk rise@0.000ns - axi_clk rise@0.000ns)
  Data Path Delay:        0.296ns  (logic 0.141ns (47.654%)  route 0.155ns (52.346%))
  Logic Levels:           0  
  Clock Path Skew:        0.016ns (DCD - SCD - CPR)
    Destination Clock Delay (DCD):    0.913ns
    Source Clock Delay      (SCD):    0.639ns
    Clock Pessimism Removal (CPR):    0.258ns
  Clock Uncertainty:      0.100ns  ((TSJ^2 + TIJ^2)^1/2 + DJ) / 2 + PE + UU
    Total System Jitter     (TSJ):    0.000ns
    Total Input Jitter      (TIJ):    0.000ns
    Discrete Jitter          (DJ):    0.000ns
    Phase Error              (PE):    0.000ns
    User Uncertainty         (UU):    0.100ns

    Location             Delay type                Incr(ns)  Path(ns)    Netlist Resource(s)
  -------------------------------------------------------------------    -------------------
                         (clock axi_clk rise edge)    0.000     0.000 r  
                                                      0.000     0.000 r  aclk (IN)
                         net (fo=1917, unset)         0.639     0.639    crossbar_inst/axi_crossbar_rd_inst/s_ifaces[1].reg_inst/aclk
    SLICE_X37Y108        FDRE                                         r  crossbar_inst/axi_crossbar_rd_inst/s_ifaces[1].reg_inst/s_axi_rdata_reg_reg[4]/C
  -------------------------------------------------------------------    -------------------
    SLICE_X37Y108        FDRE (Prop_fdre_C_Q)         0.141     0.780 r  crossbar_inst/axi_crossbar_rd_inst/s_ifaces[1].reg_inst/s_axi_rdata_reg_reg[4]/Q
                         net (fo=1, routed)           0.155     0.935    dma_rd_inst/out_fifo_tdata_reg_0_31_0_5/DIC0
    SLICE_X38Y107        RAMD32                                       r  dma_rd_inst/out_fifo_tdata_reg_0_31_0_5/RAMC/I
  -------------------------------------------------------------------    -------------------

                         (clock axi_clk rise edge)    0.000     0.000 r  
                                                      0.000     0.000 r  aclk (IN)
                         net (fo=1917, unset)         0.913     0.913    dma_rd_inst/out_fifo_tdata_reg_0_31_0_5/WCLK
    SLICE_X38Y107        RAMD32                                       r  dma_rd_inst/out_fifo_tdata_reg_0_31_0_5/RAMC/CLK
                         clock pessimism             -0.258     0.655    
                         clock uncertainty            0.100     0.755    
    SLICE_X38Y107        RAMD32 (Hold_ramd32_CLK_I)
                                                      0.144     0.899    dma_rd_inst/out_fifo_tdata_reg_0_31_0_5/RAMC
  -------------------------------------------------------------------
                         required time                         -0.899    
                         arrival time                           0.935    
  -------------------------------------------------------------------
                         slack                                  0.036    

Slack (MET) :             0.037ns  (arrival time - required time)
  Source:                 crossbar_inst/axi_crossbar_rd_inst/s_ifaces[1].reg_inst/temp_s_axi_rdata_reg_reg[12]/C
                            (rising edge-triggered cell FDRE clocked by axi_clk  {rise@0.000ns fall@4.000ns period=8.000ns})
  Destination:            crossbar_inst/axi_crossbar_rd_inst/s_ifaces[1].reg_inst/s_axi_rdata_reg_reg[12]/D
                            (rising edge-triggered cell FDRE clocked by axi_clk  {rise@0.000ns fall@4.000ns period=8.000ns})
  Path Group:             axi_clk
  Path Type:              Hold (Min at Fast Process Corner)
  Requirement:            0.000ns  (axi_clk rise@0.000ns - axi_clk rise@0.000ns)
  Data Path Delay:        0.273ns  (logic 0.186ns (68.106%)  route 0.087ns (31.894%))
  Logic Levels:           1  (LUT5=1)
  Clock Path Skew:        0.016ns (DCD - SCD - CPR)
    Destination Clock Delay (DCD):    0.913ns
    Source Clock Delay      (SCD):    0.639ns
    Clock Pessimism Removal (CPR):    0.258ns
  Clock Uncertainty:      0.100ns  ((TSJ^2 + TIJ^2)^1/2 + DJ) / 2 + PE + UU
    Total System Jitter     (TSJ):    0.000ns
    Total Input Jitter      (TIJ):    0.000ns
    Discrete Jitter          (DJ):    0.000ns
    Phase Error              (PE):    0.000ns
    User Uncertainty         (UU):    0.100ns

    Location             Delay type                Incr(ns)  Path(ns)    Netlist Resource(s)
  -------------------------------------------------------------------    -------------------
                         (clock axi_clk rise edge)    0.000     0.000 r  
                                                      0.000     0.000 r  aclk (IN)
                         net (fo=1917, unset)         0.639     0.639    crossbar_inst/axi_crossbar_rd_inst/s_ifaces[1].reg_inst/aclk
    SLICE_X39Y109        FDRE                                         r  crossbar_inst/axi_crossbar_rd_inst/s_ifaces[1].reg_inst/temp_s_axi_rdata_reg_reg[12]/C
  -------------------------------------------------------------------    -------------------
    SLICE_X39Y109        FDRE (Prop_fdre_C_Q)         0.141     0.780 r  crossbar_inst/axi_crossbar_rd_inst/s_ifaces[1].reg_inst/temp_s_axi_rdata_reg_reg[12]/Q
                         net (fo=1, routed)           0.087     0.867    crossbar_inst/axi_crossbar_rd_inst/s_ifaces[1].reg_inst/temp_s_axi_rdata_reg_reg_n_0_[12]
    SLICE_X38Y109        LUT5 (Prop_lut5_I4_O)        0.045     0.912 r  crossbar_inst/axi_crossbar_rd_inst/s_ifaces[1].reg_inst/s_axi_rdata_reg[12]_i_1__0/O
                         net (fo=1, routed)           0.000     0.912    crossbar_inst/axi_crossbar_rd_inst/s_ifaces[1].reg_inst/s_axi_rdata_reg[12]_i_1__0_n_0
    SLICE_X38Y109        FDRE                                         r  crossbar_inst/axi_crossbar_rd_inst/s_ifaces[1].reg_inst/s_axi_rdata_reg_reg[12]/D
  -------------------------------------------------------------------    -------------------

                         (clock axi_clk rise edge)    0.000     0.000 r  
                                                      0.000     0.000 r  aclk (IN)
                         net (fo=1917, unset)         0.913     0.913    crossbar_inst/axi_crossbar_rd_inst/s_ifaces[1].reg_inst/aclk
    SLICE_X38Y109        FDRE                                         r  crossbar_inst/axi_crossbar_rd_inst/s_ifaces[1].reg_inst/s_axi_rdata_reg_reg[12]/C
                         clock pessimism             -0.258     0.655    
                         clock uncertainty            0.100     0.755    
    SLICE_X38Y109        FDRE (Hold_fdre_C_D)         0.120     0.875    crossbar_inst/axi_crossbar_rd_inst/s_ifaces[1].reg_inst/s_axi_rdata_reg_reg[12]
  -------------------------------------------------------------------
                         required time                         -0.875    
                         arrival time                           0.912    
  -------------------------------------------------------------------
                         slack                                  0.037    

Slack (MET) :             0.040ns  (arrival time - required time)
  Source:                 dma_wr_inst/status_fifo_wr_ptr_reg_reg[1]/C
                            (rising edge-triggered cell FDRE clocked by axi_clk  {rise@0.000ns fall@4.000ns period=8.000ns})
  Destination:            dma_wr_inst/status_fifo_last_reg_0_31_0_0/DP/WADR1
                            (rising edge-triggered cell RAMD32 clocked by axi_clk  {rise@0.000ns fall@4.000ns period=8.000ns})
  Path Group:             axi_clk
  Path Type:              Hold (Min at Fast Process Corner)
  Requirement:            0.000ns  (axi_clk rise@0.000ns - axi_clk rise@0.000ns)
  Data Path Delay:        0.484ns  (logic 0.141ns (29.113%)  route 0.343ns (70.887%))
  Logic Levels:           0  
  Clock Path Skew:        0.035ns (DCD - SCD - CPR)
    Destination Clock Delay (DCD):    0.910ns
    Source Clock Delay      (SCD):    0.637ns
    Clock Pessimism Removal (CPR):    0.238ns
  Clock Uncertainty:      0.100ns  ((TSJ^2 + TIJ^2)^1/2 + DJ) / 2 + PE + UU
    Total System Jitter     (TSJ):    0.000ns
    Total Input Jitter      (TIJ):    0.000ns
    Discrete Jitter          (DJ):    0.000ns
    Phase Error              (PE):    0.000ns
    User Uncertainty         (UU):    0.100ns

    Location             Delay type                Incr(ns)  Path(ns)    Netlist Resource(s)
  -------------------------------------------------------------------    -------------------
                         (clock axi_clk rise edge)    0.000     0.000 r  
                                                      0.000     0.000 r  aclk (IN)
                         net (fo=1917, unset)         0.637     0.637    dma_wr_inst/aclk
    SLICE_X9Y118         FDRE                                         r  dma_wr_inst/status_fifo_wr_ptr_reg_reg[1]/C
  -------------------------------------------------------------------    -------------------
    SLICE_X9Y118         FDRE (Prop_fdre_C_Q)         0.141     0.778 r  dma_wr_inst/status_fifo_wr_ptr_reg_reg[1]/Q
                         net (fo=9, routed)           0.343     1.121    dma_wr_inst/status_fifo_last_reg_0_31_0_0/A1
    SLICE_X10Y118        RAMD32                                       r  dma_wr_inst/status_fifo_last_reg_0_31_0_0/DP/WADR1
  -------------------------------------------------------------------    -------------------

                         (clock axi_clk rise edge)    0.000     0.000 r  
                                                      0.000     0.000 r  aclk (IN)
                         net (fo=1917, unset)         0.910     0.910    dma_wr_inst/status_fifo_last_reg_0_31_0_0/WCLK
    SLICE_X10Y118        RAMD32                                       r  dma_wr_inst/status_fifo_last_reg_0_31_0_0/DP/CLK
                         clock pessimism             -0.238     0.672    
                         clock uncertainty            0.100     0.772    
    SLICE_X10Y118        RAMD32 (Hold_ramd32_CLK_WADR1)
                                                      0.309     1.081    dma_wr_inst/status_fifo_last_reg_0_31_0_0/DP
  -------------------------------------------------------------------
                         required time                         -1.081    
                         arrival time                           1.121    
  -------------------------------------------------------------------
                         slack                                  0.040    

Slack (MET) :             0.040ns  (arrival time - required time)
  Source:                 dma_wr_inst/status_fifo_wr_ptr_reg_reg[1]/C
                            (rising edge-triggered cell FDRE clocked by axi_clk  {rise@0.000ns fall@4.000ns period=8.000ns})
  Destination:            dma_wr_inst/status_fifo_last_reg_0_31_0_0/SP/WADR1
                            (rising edge-triggered cell RAMD32 clocked by axi_clk  {rise@0.000ns fall@4.000ns period=8.000ns})
  Path Group:             axi_clk
  Path Type:              Hold (Min at Fast Process Corner)
  Requirement:            0.000ns  (axi_clk rise@0.000ns - axi_clk rise@0.000ns)
  Data Path Delay:        0.484ns  (logic 0.141ns (29.113%)  route 0.343ns (70.887%))
  Logic Levels:           0  
  Clock Path Skew:        0.035ns (DCD - SCD - CPR)
    Destination Clock Delay (DCD):    0.910ns
    Source Clock Delay      (SCD):    0.637ns
    Clock Pessimism Removal (CPR):    0.238ns
  Clock Uncertainty:      0.100ns  ((TSJ^2 + TIJ^2)^1/2 + DJ) / 2 + PE + UU
    Total System Jitter     (TSJ):    0.000ns
    Total Input Jitter      (TIJ):    0.000ns
    Discrete Jitter          (DJ):    0.000ns
    Phase Error              (PE):    0.000ns
    User Uncertainty         (UU):    0.100ns

    Location             Delay type                Incr(ns)  Path(ns)    Netlist Resource(s)
  -------------------------------------------------------------------    -------------------
                         (clock axi_clk rise edge)    0.000     0.000 r  
                                                      0.000     0.000 r  aclk (IN)
                         net (fo=1917, unset)         0.637     0.637    dma_wr_inst/aclk
    SLICE_X9Y118         FDRE                                         r  dma_wr_inst/status_fifo_wr_ptr_reg_reg[1]/C
  -------------------------------------------------------------------    -------------------
    SLICE_X9Y118         FDRE (Prop_fdre_C_Q)         0.141     0.778 r  dma_wr_inst/status_fifo_wr_ptr_reg_reg[1]/Q
                         net (fo=9, routed)           0.343     1.121    dma_wr_inst/status_fifo_last_reg_0_31_0_0/A1
    SLICE_X10Y118        RAMD32                                       r  dma_wr_inst/status_fifo_last_reg_0_31_0_0/SP/WADR1
  -------------------------------------------------------------------    -------------------

                         (clock axi_clk rise edge)    0.000     0.000 r  
                                                      0.000     0.000 r  aclk (IN)
                         net (fo=1917, unset)         0.910     0.910    dma_wr_inst/status_fifo_last_reg_0_31_0_0/WCLK
    SLICE_X10Y118        RAMD32                                       r  dma_wr_inst/status_fifo_last_reg_0_31_0_0/SP/CLK
                         clock pessimism             -0.238     0.672    
                         clock uncertainty            0.100     0.772    
    SLICE_X10Y118        RAMD32 (Hold_ramd32_CLK_WADR1)
                                                      0.309     1.081    dma_wr_inst/status_fifo_last_reg_0_31_0_0/SP
  -------------------------------------------------------------------
                         required time                         -1.081    
                         arrival time                           1.121    
  -------------------------------------------------------------------
                         slack                                  0.040    

Slack (MET) :             0.044ns  (arrival time - required time)
  Source:                 crossbar_inst/axi_crossbar_rd_inst/s_ifaces[1].reg_inst/s_axi_rdata_reg_reg[17]/C
                            (rising edge-triggered cell FDRE clocked by axi_clk  {rise@0.000ns fall@4.000ns period=8.000ns})
  Destination:            dma_rd_inst/out_fifo_tdata_reg_0_31_12_17/RAMC_D1/I
                            (rising edge-triggered cell RAMD32 clocked by axi_clk  {rise@0.000ns fall@4.000ns period=8.000ns})
  Path Group:             axi_clk
  Path Type:              Hold (Min at Fast Process Corner)
  Requirement:            0.000ns  (axi_clk rise@0.000ns - axi_clk rise@0.000ns)
  Data Path Delay:        0.274ns  (logic 0.164ns (59.853%)  route 0.110ns (40.147%))
  Logic Levels:           0  
  Clock Path Skew:        0.016ns (DCD - SCD - CPR)
    Destination Clock Delay (DCD):    0.913ns
    Source Clock Delay      (SCD):    0.639ns
    Clock Pessimism Removal (CPR):    0.258ns
  Clock Uncertainty:      0.100ns  ((TSJ^2 + TIJ^2)^1/2 + DJ) / 2 + PE + UU
    Total System Jitter     (TSJ):    0.000ns
    Total Input Jitter      (TIJ):    0.000ns
    Discrete Jitter          (DJ):    0.000ns
    Phase Error              (PE):    0.000ns
    User Uncertainty         (UU):    0.100ns

    Location             Delay type                Incr(ns)  Path(ns)    Netlist Resource(s)
  -------------------------------------------------------------------    -------------------
                         (clock axi_clk rise edge)    0.000     0.000 r  
                                                      0.000     0.000 r  aclk (IN)
                         net (fo=1917, unset)         0.639     0.639    crossbar_inst/axi_crossbar_rd_inst/s_ifaces[1].reg_inst/aclk
    SLICE_X38Y109        FDRE                                         r  crossbar_inst/axi_crossbar_rd_inst/s_ifaces[1].reg_inst/s_axi_rdata_reg_reg[17]/C
  -------------------------------------------------------------------    -------------------
    SLICE_X38Y109        FDRE (Prop_fdre_C_Q)         0.164     0.803 r  crossbar_inst/axi_crossbar_rd_inst/s_ifaces[1].reg_inst/s_axi_rdata_reg_reg[17]/Q
                         net (fo=1, routed)           0.110     0.913    dma_rd_inst/out_fifo_tdata_reg_0_31_12_17/DIC1
    SLICE_X38Y108        RAMD32                                       r  dma_rd_inst/out_fifo_tdata_reg_0_31_12_17/RAMC_D1/I
  -------------------------------------------------------------------    -------------------

                         (clock axi_clk rise edge)    0.000     0.000 r  
                                                      0.000     0.000 r  aclk (IN)
                         net (fo=1917, unset)         0.913     0.913    dma_rd_inst/out_fifo_tdata_reg_0_31_12_17/WCLK
    SLICE_X38Y108        RAMD32                                       r  dma_rd_inst/out_fifo_tdata_reg_0_31_12_17/RAMC_D1/CLK
                         clock pessimism             -0.258     0.655    
                         clock uncertainty            0.100     0.755    
    SLICE_X38Y108        RAMD32 (Hold_ramd32_CLK_I)
                                                      0.114     0.869    dma_rd_inst/out_fifo_tdata_reg_0_31_12_17/RAMC_D1
  -------------------------------------------------------------------
                         required time                         -0.869    
                         arrival time                           0.913    
  -------------------------------------------------------------------
                         slack                                  0.044    

Slack (MET) :             0.048ns  (arrival time - required time)
  Source:                 crossbar_inst/axi_crossbar_rd_inst/s_ifaces[1].reg_inst/temp_s_axi_rresp_reg_reg[0]/C
                            (rising edge-triggered cell FDRE clocked by axi_clk  {rise@0.000ns fall@4.000ns period=8.000ns})
  Destination:            crossbar_inst/axi_crossbar_rd_inst/s_ifaces[1].reg_inst/s_axi_rresp_reg_reg[0]/D
                            (rising edge-triggered cell FDRE clocked by axi_clk  {rise@0.000ns fall@4.000ns period=8.000ns})
  Path Group:             axi_clk
  Path Type:              Hold (Min at Fast Process Corner)
  Requirement:            0.000ns  (axi_clk rise@0.000ns - axi_clk rise@0.000ns)
  Data Path Delay:        0.303ns  (logic 0.186ns (61.408%)  route 0.117ns (38.592%))
  Logic Levels:           1  (LUT5=1)
  Clock Path Skew:        0.035ns (DCD - SCD - CPR)
    Destination Clock Delay (DCD):    0.913ns
    Source Clock Delay      (SCD):    0.640ns
    Clock Pessimism Removal (CPR):    0.238ns
  Clock Uncertainty:      0.100ns  ((TSJ^2 + TIJ^2)^1/2 + DJ) / 2 + PE + UU
    Total System Jitter     (TSJ):    0.000ns
    Total Input Jitter      (TIJ):    0.000ns
    Discrete Jitter          (DJ):    0.000ns
    Phase Error              (PE):    0.000ns
    User Uncertainty         (UU):    0.100ns

    Location             Delay type                Incr(ns)  Path(ns)    Netlist Resource(s)
  -------------------------------------------------------------------    -------------------
                         (clock axi_clk rise edge)    0.000     0.000 r  
                                                      0.000     0.000 r  aclk (IN)
                         net (fo=1917, unset)         0.640     0.640    crossbar_inst/axi_crossbar_rd_inst/s_ifaces[1].reg_inst/aclk
    SLICE_X33Y109        FDRE                                         r  crossbar_inst/axi_crossbar_rd_inst/s_ifaces[1].reg_inst/temp_s_axi_rresp_reg_reg[0]/C
  -------------------------------------------------------------------    -------------------
    SLICE_X33Y109        FDRE (Prop_fdre_C_Q)         0.141     0.781 r  crossbar_inst/axi_crossbar_rd_inst/s_ifaces[1].reg_inst/temp_s_axi_rresp_reg_reg[0]/Q
                         net (fo=1, routed)           0.117     0.898    crossbar_inst/axi_crossbar_rd_inst/s_ifaces[1].reg_inst/temp_s_axi_rresp_reg[0]
    SLICE_X34Y109        LUT5 (Prop_lut5_I4_O)        0.045     0.943 r  crossbar_inst/axi_crossbar_rd_inst/s_ifaces[1].reg_inst/s_axi_rresp_reg[0]_i_1__0/O
                         net (fo=1, routed)           0.000     0.943    crossbar_inst/axi_crossbar_rd_inst/s_ifaces[1].reg_inst/s_axi_rresp_reg[0]_i_1__0_n_0
    SLICE_X34Y109        FDRE                                         r  crossbar_inst/axi_crossbar_rd_inst/s_ifaces[1].reg_inst/s_axi_rresp_reg_reg[0]/D
  -------------------------------------------------------------------    -------------------

                         (clock axi_clk rise edge)    0.000     0.000 r  
                                                      0.000     0.000 r  aclk (IN)
                         net (fo=1917, unset)         0.913     0.913    crossbar_inst/axi_crossbar_rd_inst/s_ifaces[1].reg_inst/aclk
    SLICE_X34Y109        FDRE                                         r  crossbar_inst/axi_crossbar_rd_inst/s_ifaces[1].reg_inst/s_axi_rresp_reg_reg[0]/C
                         clock pessimism             -0.238     0.675    
                         clock uncertainty            0.100     0.775    
    SLICE_X34Y109        FDRE (Hold_fdre_C_D)         0.120     0.895    crossbar_inst/axi_crossbar_rd_inst/s_ifaces[1].reg_inst/s_axi_rresp_reg_reg[0]
  -------------------------------------------------------------------
                         required time                         -0.895    
                         arrival time                           0.943    
  -------------------------------------------------------------------
                         slack                                  0.048    

Slack (MET) :             0.048ns  (arrival time - required time)
  Source:                 crossbar_inst/axi_crossbar_rd_inst/s_ifaces[1].reg_inst/s_axi_rdata_reg_reg[18]/C
                            (rising edge-triggered cell FDRE clocked by axi_clk  {rise@0.000ns fall@4.000ns period=8.000ns})
  Destination:            dma_rd_inst/out_fifo_tdata_reg_0_31_18_23/RAMA/I
                            (rising edge-triggered cell RAMD32 clocked by axi_clk  {rise@0.000ns fall@4.000ns period=8.000ns})
  Path Group:             axi_clk
  Path Type:              Hold (Min at Fast Process Corner)
  Requirement:            0.000ns  (axi_clk rise@0.000ns - axi_clk rise@0.000ns)
  Data Path Delay:        0.311ns  (logic 0.141ns (45.298%)  route 0.170ns (54.702%))
  Logic Levels:           0  
  Clock Path Skew:        0.016ns (DCD - SCD - CPR)
    Destination Clock Delay (DCD):    0.914ns
    Source Clock Delay      (SCD):    0.640ns
    Clock Pessimism Removal (CPR):    0.258ns
  Clock Uncertainty:      0.100ns  ((TSJ^2 + TIJ^2)^1/2 + DJ) / 2 + PE + UU
    Total System Jitter     (TSJ):    0.000ns
    Total Input Jitter      (TIJ):    0.000ns
    Discrete Jitter          (DJ):    0.000ns
    Phase Error              (PE):    0.000ns
    User Uncertainty         (UU):    0.100ns

    Location             Delay type                Incr(ns)  Path(ns)    Netlist Resource(s)
  -------------------------------------------------------------------    -------------------
                         (clock axi_clk rise edge)    0.000     0.000 r  
                                                      0.000     0.000 r  aclk (IN)
                         net (fo=1917, unset)         0.640     0.640    crossbar_inst/axi_crossbar_rd_inst/s_ifaces[1].reg_inst/aclk
    SLICE_X35Y104        FDRE                                         r  crossbar_inst/axi_crossbar_rd_inst/s_ifaces[1].reg_inst/s_axi_rdata_reg_reg[18]/C
  -------------------------------------------------------------------    -------------------
    SLICE_X35Y104        FDRE (Prop_fdre_C_Q)         0.141     0.781 r  crossbar_inst/axi_crossbar_rd_inst/s_ifaces[1].reg_inst/s_axi_rdata_reg_reg[18]/Q
                         net (fo=1, routed)           0.170     0.951    dma_rd_inst/out_fifo_tdata_reg_0_31_18_23/DIA0
    SLICE_X34Y103        RAMD32                                       r  dma_rd_inst/out_fifo_tdata_reg_0_31_18_23/RAMA/I
  -------------------------------------------------------------------    -------------------

                         (clock axi_clk rise edge)    0.000     0.000 r  
                                                      0.000     0.000 r  aclk (IN)
                         net (fo=1917, unset)         0.914     0.914    dma_rd_inst/out_fifo_tdata_reg_0_31_18_23/WCLK
    SLICE_X34Y103        RAMD32                                       r  dma_rd_inst/out_fifo_tdata_reg_0_31_18_23/RAMA/CLK
                         clock pessimism             -0.258     0.656    
                         clock uncertainty            0.100     0.756    
    SLICE_X34Y103        RAMD32 (Hold_ramd32_CLK_I)
                                                      0.147     0.903    dma_rd_inst/out_fifo_tdata_reg_0_31_18_23/RAMA
  -------------------------------------------------------------------
                         required time                         -0.903    
                         arrival time                           0.951    
  -------------------------------------------------------------------
                         slack                                  0.048    

Slack (MET) :             0.050ns  (arrival time - required time)
  Source:                 cdma_inst/m_axi_araddr_reg_reg[12]/C
                            (rising edge-triggered cell FDRE clocked by axi_clk  {rise@0.000ns fall@4.000ns period=8.000ns})
  Destination:            crossbar_inst/axi_crossbar_rd_inst/m_ifaces[0].reg_inst/m_axi_araddr_reg_reg[12]/D
                            (rising edge-triggered cell FDRE clocked by axi_clk  {rise@0.000ns fall@4.000ns period=8.000ns})
  Path Group:             axi_clk
  Path Type:              Hold (Min at Fast Process Corner)
  Requirement:            0.000ns  (axi_clk rise@0.000ns - axi_clk rise@0.000ns)
  Data Path Delay:        0.500ns  (logic 0.186ns (37.227%)  route 0.314ns (62.773%))
  Logic Levels:           1  (LUT3=1)
  Clock Path Skew:        0.258ns (DCD - SCD - CPR)
    Destination Clock Delay (DCD):    0.898ns
    Source Clock Delay      (SCD):    0.631ns
    Clock Pessimism Removal (CPR):    0.009ns
  Clock Uncertainty:      0.100ns  ((TSJ^2 + TIJ^2)^1/2 + DJ) / 2 + PE + UU
    Total System Jitter     (TSJ):    0.000ns
    Total Input Jitter      (TIJ):    0.000ns
    Discrete Jitter          (DJ):    0.000ns
    Phase Error              (PE):    0.000ns
    User Uncertainty         (UU):    0.100ns

    Location             Delay type                Incr(ns)  Path(ns)    Netlist Resource(s)
  -------------------------------------------------------------------    -------------------
                         (clock axi_clk rise edge)    0.000     0.000 r  
                                                      0.000     0.000 r  aclk (IN)
                         net (fo=1917, unset)         0.631     0.631    cdma_inst/aclk
    SLICE_X32Y121        FDRE                                         r  cdma_inst/m_axi_araddr_reg_reg[12]/C
  -------------------------------------------------------------------    -------------------
    SLICE_X32Y121        FDRE (Prop_fdre_C_Q)         0.141     0.772 r  cdma_inst/m_axi_araddr_reg_reg[12]/Q
                         net (fo=1, routed)           0.314     1.086    dma_rd_inst/m_axi_araddr_reg_reg[15]_1[12]
    SLICE_X36Y124        LUT3 (Prop_lut3_I2_O)        0.045     1.131 r  dma_rd_inst/m_axi_araddr_reg[12]_i_1/O
                         net (fo=1, routed)           0.000     1.131    crossbar_inst/axi_crossbar_rd_inst/m_ifaces[0].reg_inst/m_axi_araddr_reg_reg[15]_0[12]
    SLICE_X36Y124        FDRE                                         r  crossbar_inst/axi_crossbar_rd_inst/m_ifaces[0].reg_inst/m_axi_araddr_reg_reg[12]/D
  -------------------------------------------------------------------    -------------------

                         (clock axi_clk rise edge)    0.000     0.000 r  
                                                      0.000     0.000 r  aclk (IN)
                         net (fo=1917, unset)         0.898     0.898    crossbar_inst/axi_crossbar_rd_inst/m_ifaces[0].reg_inst/aclk
    SLICE_X36Y124        FDRE                                         r  crossbar_inst/axi_crossbar_rd_inst/m_ifaces[0].reg_inst/m_axi_araddr_reg_reg[12]/C
                         clock pessimism             -0.009     0.889    
                         clock uncertainty            0.100     0.989    
    SLICE_X36Y124        FDRE (Hold_fdre_C_D)         0.092     1.081    crossbar_inst/axi_crossbar_rd_inst/m_ifaces[0].reg_inst/m_axi_araddr_reg_reg[12]
  -------------------------------------------------------------------
                         required time                         -1.081    
                         arrival time                           1.131    
  -------------------------------------------------------------------
                         slack                                  0.050    

Slack (MET) :             0.054ns  (arrival time - required time)
  Source:                 cdma_inst/active_count_reg_reg[0]/C
                            (rising edge-triggered cell FDRE clocked by axi_clk  {rise@0.000ns fall@4.000ns period=8.000ns})
  Destination:            cdma_inst/active_count_reg_reg[3]/D
                            (rising edge-triggered cell FDRE clocked by axi_clk  {rise@0.000ns fall@4.000ns period=8.000ns})
  Path Group:             axi_clk
  Path Type:              Hold (Min at Fast Process Corner)
  Requirement:            0.000ns  (axi_clk rise@0.000ns - axi_clk rise@0.000ns)
  Data Path Delay:        0.299ns  (logic 0.189ns (63.138%)  route 0.110ns (36.862%))
  Logic Levels:           1  (LUT5=1)
  Clock Path Skew:        0.014ns (DCD - SCD - CPR)
    Destination Clock Delay (DCD):    0.907ns
    Source Clock Delay      (SCD):    0.634ns
    Clock Pessimism Removal (CPR):    0.259ns
  Clock Uncertainty:      0.100ns  ((TSJ^2 + TIJ^2)^1/2 + DJ) / 2 + PE + UU
    Total System Jitter     (TSJ):    0.000ns
    Total Input Jitter      (TIJ):    0.000ns
    Discrete Jitter          (DJ):    0.000ns
    Phase Error              (PE):    0.000ns
    User Uncertainty         (UU):    0.100ns

    Location             Delay type                Incr(ns)  Path(ns)    Netlist Resource(s)
  -------------------------------------------------------------------    -------------------
                         (clock axi_clk rise edge)    0.000     0.000 r  
                                                      0.000     0.000 r  aclk (IN)
                         net (fo=1917, unset)         0.634     0.634    cdma_inst/aclk
    SLICE_X9Y121         FDRE                                         r  cdma_inst/active_count_reg_reg[0]/C
  -------------------------------------------------------------------    -------------------
    SLICE_X9Y121         FDRE (Prop_fdre_C_Q)         0.141     0.775 r  cdma_inst/active_count_reg_reg[0]/Q
                         net (fo=8, routed)           0.110     0.885    cdma_inst/active_count_reg_reg[0]
    SLICE_X8Y121         LUT5 (Prop_lut5_I0_O)        0.048     0.933 r  cdma_inst/active_count_reg[3]_i_1/O
                         net (fo=1, routed)           0.000     0.933    cdma_inst/active_count_reg[3]_i_1_n_0
    SLICE_X8Y121         FDRE                                         r  cdma_inst/active_count_reg_reg[3]/D
  -------------------------------------------------------------------    -------------------

                         (clock axi_clk rise edge)    0.000     0.000 r  
                                                      0.000     0.000 r  aclk (IN)
                         net (fo=1917, unset)         0.907     0.907    cdma_inst/aclk
    SLICE_X8Y121         FDRE                                         r  cdma_inst/active_count_reg_reg[3]/C
                         clock pessimism             -0.259     0.648    
                         clock uncertainty            0.100     0.748    
    SLICE_X8Y121         FDRE (Hold_fdre_C_D)         0.131     0.879    cdma_inst/active_count_reg_reg[3]
  -------------------------------------------------------------------
                         required time                         -0.879    
                         arrival time                           0.933    
  -------------------------------------------------------------------
                         slack                                  0.054    

Slack (MET) :             0.055ns  (arrival time - required time)
  Source:                 crossbar_inst/axi_crossbar_rd_inst/s_ifaces[0].reg_inst/s_axi_rdata_reg_reg[31]/C
                            (rising edge-triggered cell FDRE clocked by axi_clk  {rise@0.000ns fall@4.000ns period=8.000ns})
  Destination:            cdma_inst/out_fifo_wdata_reg_0_31_30_31/RAMA_D1/I
                            (rising edge-triggered cell RAMD32 clocked by axi_clk  {rise@0.000ns fall@4.000ns period=8.000ns})
  Path Group:             axi_clk
  Path Type:              Hold (Min at Fast Process Corner)
  Requirement:            0.000ns  (axi_clk rise@0.000ns - axi_clk rise@0.000ns)
  Data Path Delay:        0.310ns  (logic 0.141ns (45.493%)  route 0.169ns (54.507%))
  Logic Levels:           0  
  Clock Path Skew:        0.035ns (DCD - SCD - CPR)
    Destination Clock Delay (DCD):    0.913ns
    Source Clock Delay      (SCD):    0.640ns
    Clock Pessimism Removal (CPR):    0.238ns
  Clock Uncertainty:      0.100ns  ((TSJ^2 + TIJ^2)^1/2 + DJ) / 2 + PE + UU
    Total System Jitter     (TSJ):    0.000ns
    Total Input Jitter      (TIJ):    0.000ns
    Discrete Jitter          (DJ):    0.000ns
    Phase Error              (PE):    0.000ns
    User Uncertainty         (UU):    0.100ns

    Location             Delay type                Incr(ns)  Path(ns)    Netlist Resource(s)
  -------------------------------------------------------------------    -------------------
                         (clock axi_clk rise edge)    0.000     0.000 r  
                                                      0.000     0.000 r  aclk (IN)
                         net (fo=1917, unset)         0.640     0.640    crossbar_inst/axi_crossbar_rd_inst/s_ifaces[0].reg_inst/aclk
    SLICE_X29Y108        FDRE                                         r  crossbar_inst/axi_crossbar_rd_inst/s_ifaces[0].reg_inst/s_axi_rdata_reg_reg[31]/C
  -------------------------------------------------------------------    -------------------
    SLICE_X29Y108        FDRE (Prop_fdre_C_Q)         0.141     0.781 r  crossbar_inst/axi_crossbar_rd_inst/s_ifaces[0].reg_inst/s_axi_rdata_reg_reg[31]/Q
                         net (fo=1, routed)           0.169     0.950    cdma_inst/out_fifo_wdata_reg_0_31_30_31/DIA1
    SLICE_X30Y108        RAMD32                                       r  cdma_inst/out_fifo_wdata_reg_0_31_30_31/RAMA_D1/I
  -------------------------------------------------------------------    -------------------

                         (clock axi_clk rise edge)    0.000     0.000 r  
                                                      0.000     0.000 r  aclk (IN)
                         net (fo=1917, unset)         0.913     0.913    cdma_inst/out_fifo_wdata_reg_0_31_30_31/WCLK
    SLICE_X30Y108        RAMD32                                       r  cdma_inst/out_fifo_wdata_reg_0_31_30_31/RAMA_D1/CLK
                         clock pessimism             -0.238     0.675    
                         clock uncertainty            0.100     0.775    
    SLICE_X30Y108        RAMD32 (Hold_ramd32_CLK_I)
                                                      0.120     0.895    cdma_inst/out_fifo_wdata_reg_0_31_30_31/RAMA_D1
  -------------------------------------------------------------------
                         required time                         -0.895    
                         arrival time                           0.950    
  -------------------------------------------------------------------
                         slack                                  0.055    

Slack (MET) :             0.055ns  (arrival time - required time)
  Source:                 crossbar_inst/axi_crossbar_rd_inst/s_ifaces[1].reg_inst/s_axi_rdata_reg_reg[23]/C
                            (rising edge-triggered cell FDRE clocked by axi_clk  {rise@0.000ns fall@4.000ns period=8.000ns})
  Destination:            dma_rd_inst/out_fifo_tdata_reg_0_31_18_23/RAMC_D1/I
                            (rising edge-triggered cell RAMD32 clocked by axi_clk  {rise@0.000ns fall@4.000ns period=8.000ns})
  Path Group:             axi_clk
  Path Type:              Hold (Min at Fast Process Corner)
  Requirement:            0.000ns  (axi_clk rise@0.000ns - axi_clk rise@0.000ns)
  Data Path Delay:        0.285ns  (logic 0.141ns (49.450%)  route 0.144ns (50.550%))
  Logic Levels:           0  
  Clock Path Skew:        0.016ns (DCD - SCD - CPR)
    Destination Clock Delay (DCD):    0.914ns
    Source Clock Delay      (SCD):    0.640ns
    Clock Pessimism Removal (CPR):    0.258ns
  Clock Uncertainty:      0.100ns  ((TSJ^2 + TIJ^2)^1/2 + DJ) / 2 + PE + UU
    Total System Jitter     (TSJ):    0.000ns
    Total Input Jitter      (TIJ):    0.000ns
    Discrete Jitter          (DJ):    0.000ns
    Phase Error              (PE):    0.000ns
    User Uncertainty         (UU):    0.100ns

    Location             Delay type                Incr(ns)  Path(ns)    Netlist Resource(s)
  -------------------------------------------------------------------    -------------------
                         (clock axi_clk rise edge)    0.000     0.000 r  
                                                      0.000     0.000 r  aclk (IN)
                         net (fo=1917, unset)         0.640     0.640    crossbar_inst/axi_crossbar_rd_inst/s_ifaces[1].reg_inst/aclk
    SLICE_X35Y104        FDRE                                         r  crossbar_inst/axi_crossbar_rd_inst/s_ifaces[1].reg_inst/s_axi_rdata_reg_reg[23]/C
  -------------------------------------------------------------------    -------------------
    SLICE_X35Y104        FDRE (Prop_fdre_C_Q)         0.141     0.781 r  crossbar_inst/axi_crossbar_rd_inst/s_ifaces[1].reg_inst/s_axi_rdata_reg_reg[23]/Q
                         net (fo=1, routed)           0.144     0.925    dma_rd_inst/out_fifo_tdata_reg_0_31_18_23/DIC1
    SLICE_X34Y103        RAMD32                                       r  dma_rd_inst/out_fifo_tdata_reg_0_31_18_23/RAMC_D1/I
  -------------------------------------------------------------------    -------------------

                         (clock axi_clk rise edge)    0.000     0.000 r  
                                                      0.000     0.000 r  aclk (IN)
                         net (fo=1917, unset)         0.914     0.914    dma_rd_inst/out_fifo_tdata_reg_0_31_18_23/WCLK
    SLICE_X34Y103        RAMD32                                       r  dma_rd_inst/out_fifo_tdata_reg_0_31_18_23/RAMC_D1/CLK
                         clock pessimism             -0.258     0.656    
                         clock uncertainty            0.100     0.756    
    SLICE_X34Y103        RAMD32 (Hold_ramd32_CLK_I)
                                                      0.114     0.870    dma_rd_inst/out_fifo_tdata_reg_0_31_18_23/RAMC_D1
  -------------------------------------------------------------------
                         required time                         -0.870    
                         arrival time                           0.925    
  -------------------------------------------------------------------
                         slack                                  0.055    

Slack (MET) :             0.058ns  (arrival time - required time)
  Source:                 crossbar_inst/axi_crossbar_rd_inst/s_ifaces[1].reg_inst/s_axi_rdata_reg_reg[14]/C
                            (rising edge-triggered cell FDRE clocked by axi_clk  {rise@0.000ns fall@4.000ns period=8.000ns})
  Destination:            dma_rd_inst/out_fifo_tdata_reg_0_31_12_17/RAMB/I
                            (rising edge-triggered cell RAMD32 clocked by axi_clk  {rise@0.000ns fall@4.000ns period=8.000ns})
  Path Group:             axi_clk
  Path Type:              Hold (Min at Fast Process Corner)
  Requirement:            0.000ns  (axi_clk rise@0.000ns - axi_clk rise@0.000ns)
  Data Path Delay:        0.320ns  (logic 0.141ns (44.077%)  route 0.179ns (55.923%))
  Logic Levels:           0  
  Clock Path Skew:        0.016ns (DCD - SCD - CPR)
    Destination Clock Delay (DCD):    0.913ns
    Source Clock Delay      (SCD):    0.639ns
    Clock Pessimism Removal (CPR):    0.258ns
  Clock Uncertainty:      0.100ns  ((TSJ^2 + TIJ^2)^1/2 + DJ) / 2 + PE + UU
    Total System Jitter     (TSJ):    0.000ns
    Total Input Jitter      (TIJ):    0.000ns
    Discrete Jitter          (DJ):    0.000ns
    Phase Error              (PE):    0.000ns
    User Uncertainty         (UU):    0.100ns

    Location             Delay type                Incr(ns)  Path(ns)    Netlist Resource(s)
  -------------------------------------------------------------------    -------------------
                         (clock axi_clk rise edge)    0.000     0.000 r  
                                                      0.000     0.000 r  aclk (IN)
                         net (fo=1917, unset)         0.639     0.639    crossbar_inst/axi_crossbar_rd_inst/s_ifaces[1].reg_inst/aclk
    SLICE_X39Y107        FDRE                                         r  crossbar_inst/axi_crossbar_rd_inst/s_ifaces[1].reg_inst/s_axi_rdata_reg_reg[14]/C
  -------------------------------------------------------------------    -------------------
    SLICE_X39Y107        FDRE (Prop_fdre_C_Q)         0.141     0.780 r  crossbar_inst/axi_crossbar_rd_inst/s_ifaces[1].reg_inst/s_axi_rdata_reg_reg[14]/Q
                         net (fo=1, routed)           0.179     0.959    dma_rd_inst/out_fifo_tdata_reg_0_31_12_17/DIB0
    SLICE_X38Y108        RAMD32                                       r  dma_rd_inst/out_fifo_tdata_reg_0_31_12_17/RAMB/I
  -------------------------------------------------------------------    -------------------

                         (clock axi_clk rise edge)    0.000     0.000 r  
                                                      0.000     0.000 r  aclk (IN)
                         net (fo=1917, unset)         0.913     0.913    dma_rd_inst/out_fifo_tdata_reg_0_31_12_17/WCLK
    SLICE_X38Y108        RAMD32                                       r  dma_rd_inst/out_fifo_tdata_reg_0_31_12_17/RAMB/CLK
                         clock pessimism             -0.258     0.655    
                         clock uncertainty            0.100     0.755    
    SLICE_X38Y108        RAMD32 (Hold_ramd32_CLK_I)
                                                      0.146     0.901    dma_rd_inst/out_fifo_tdata_reg_0_31_12_17/RAMB
  -------------------------------------------------------------------
                         required time                         -0.901    
                         arrival time                           0.959    
  -------------------------------------------------------------------
                         slack                                  0.058    

Slack (MET) :             0.058ns  (arrival time - required time)
  Source:                 dma_rd_inst/out_fifo_wr_ptr_reg_reg[3]/C
                            (rising edge-triggered cell FDRE clocked by axi_clk  {rise@0.000ns fall@4.000ns period=8.000ns})
  Destination:            dma_rd_inst/out_fifo_tdata_reg_0_31_0_5/RAMA/WADR3
                            (rising edge-triggered cell RAMD32 clocked by axi_clk  {rise@0.000ns fall@4.000ns period=8.000ns})
  Path Group:             axi_clk
  Path Type:              Hold (Min at Fast Process Corner)
  Requirement:            0.000ns  (axi_clk rise@0.000ns - axi_clk rise@0.000ns)
  Data Path Delay:        0.414ns  (logic 0.141ns (34.042%)  route 0.273ns (65.958%))
  Logic Levels:           0  
  Clock Path Skew:        0.016ns (DCD - SCD - CPR)
    Destination Clock Delay (DCD):    0.913ns
    Source Clock Delay      (SCD):    0.639ns
    Clock Pessimism Removal (CPR):    0.258ns
  Clock Uncertainty:      0.100ns  ((TSJ^2 + TIJ^2)^1/2 + DJ) / 2 + PE + UU
    Total System Jitter     (TSJ):    0.000ns
    Total Input Jitter      (TIJ):    0.000ns
    Discrete Jitter          (DJ):    0.000ns
    Phase Error              (PE):    0.000ns
    User Uncertainty         (UU):    0.100ns

    Location             Delay type                Incr(ns)  Path(ns)    Netlist Resource(s)
  -------------------------------------------------------------------    -------------------
                         (clock axi_clk rise edge)    0.000     0.000 r  
                                                      0.000     0.000 r  aclk (IN)
                         net (fo=1917, unset)         0.639     0.639    dma_rd_inst/aclk
    SLICE_X37Y107        FDRE                                         r  dma_rd_inst/out_fifo_wr_ptr_reg_reg[3]/C
  -------------------------------------------------------------------    -------------------
    SLICE_X37Y107        FDRE (Prop_fdre_C_Q)         0.141     0.780 r  dma_rd_inst/out_fifo_wr_ptr_reg_reg[3]/Q
                         net (fo=54, routed)          0.273     1.053    dma_rd_inst/out_fifo_tdata_reg_0_31_0_5/ADDRD3
    SLICE_X38Y107        RAMD32                                       r  dma_rd_inst/out_fifo_tdata_reg_0_31_0_5/RAMA/WADR3
  -------------------------------------------------------------------    -------------------

                         (clock axi_clk rise edge)    0.000     0.000 r  
                                                      0.000     0.000 r  aclk (IN)
                         net (fo=1917, unset)         0.913     0.913    dma_rd_inst/out_fifo_tdata_reg_0_31_0_5/WCLK
    SLICE_X38Y107        RAMD32                                       r  dma_rd_inst/out_fifo_tdata_reg_0_31_0_5/RAMA/CLK
                         clock pessimism             -0.258     0.655    
                         clock uncertainty            0.100     0.755    
    SLICE_X38Y107        RAMD32 (Hold_ramd32_CLK_WADR3)
                                                      0.240     0.995    dma_rd_inst/out_fifo_tdata_reg_0_31_0_5/RAMA
  -------------------------------------------------------------------
                         required time                         -0.995    
                         arrival time                           1.053    
  -------------------------------------------------------------------
                         slack                                  0.058    

Slack (MET) :             0.058ns  (arrival time - required time)
  Source:                 dma_rd_inst/out_fifo_wr_ptr_reg_reg[3]/C
                            (rising edge-triggered cell FDRE clocked by axi_clk  {rise@0.000ns fall@4.000ns period=8.000ns})
  Destination:            dma_rd_inst/out_fifo_tdata_reg_0_31_0_5/RAMA_D1/WADR3
                            (rising edge-triggered cell RAMD32 clocked by axi_clk  {rise@0.000ns fall@4.000ns period=8.000ns})
  Path Group:             axi_clk
  Path Type:              Hold (Min at Fast Process Corner)
  Requirement:            0.000ns  (axi_clk rise@0.000ns - axi_clk rise@0.000ns)
  Data Path Delay:        0.414ns  (logic 0.141ns (34.042%)  route 0.273ns (65.958%))
  Logic Levels:           0  
  Clock Path Skew:        0.016ns (DCD - SCD - CPR)
    Destination Clock Delay (DCD):    0.913ns
    Source Clock Delay      (SCD):    0.639ns
    Clock Pessimism Removal (CPR):    0.258ns
  Clock Uncertainty:      0.100ns  ((TSJ^2 + TIJ^2)^1/2 + DJ) / 2 + PE + UU
    Total System Jitter     (TSJ):    0.000ns
    Total Input Jitter      (TIJ):    0.000ns
    Discrete Jitter          (DJ):    0.000ns
    Phase Error              (PE):    0.000ns
    User Uncertainty         (UU):    0.100ns

    Location             Delay type                Incr(ns)  Path(ns)    Netlist Resource(s)
  -------------------------------------------------------------------    -------------------
                         (clock axi_clk rise edge)    0.000     0.000 r  
                                                      0.000     0.000 r  aclk (IN)
                         net (fo=1917, unset)         0.639     0.639    dma_rd_inst/aclk
    SLICE_X37Y107        FDRE                                         r  dma_rd_inst/out_fifo_wr_ptr_reg_reg[3]/C
  -------------------------------------------------------------------    -------------------
    SLICE_X37Y107        FDRE (Prop_fdre_C_Q)         0.141     0.780 r  dma_rd_inst/out_fifo_wr_ptr_reg_reg[3]/Q
                         net (fo=54, routed)          0.273     1.053    dma_rd_inst/out_fifo_tdata_reg_0_31_0_5/ADDRD3
    SLICE_X38Y107        RAMD32                                       r  dma_rd_inst/out_fifo_tdata_reg_0_31_0_5/RAMA_D1/WADR3
  -------------------------------------------------------------------    -------------------

                         (clock axi_clk rise edge)    0.000     0.000 r  
                                                      0.000     0.000 r  aclk (IN)
                         net (fo=1917, unset)         0.913     0.913    dma_rd_inst/out_fifo_tdata_reg_0_31_0_5/WCLK
    SLICE_X38Y107        RAMD32                                       r  dma_rd_inst/out_fifo_tdata_reg_0_31_0_5/RAMA_D1/CLK
                         clock pessimism             -0.258     0.655    
                         clock uncertainty            0.100     0.755    
    SLICE_X38Y107        RAMD32 (Hold_ramd32_CLK_WADR3)
                                                      0.240     0.995    dma_rd_inst/out_fifo_tdata_reg_0_31_0_5/RAMA_D1
  -------------------------------------------------------------------
                         required time                         -0.995    
                         arrival time                           1.053    
  -------------------------------------------------------------------
                         slack                                  0.058    

Slack (MET) :             0.058ns  (arrival time - required time)
  Source:                 dma_rd_inst/out_fifo_wr_ptr_reg_reg[3]/C
                            (rising edge-triggered cell FDRE clocked by axi_clk  {rise@0.000ns fall@4.000ns period=8.000ns})
  Destination:            dma_rd_inst/out_fifo_tdata_reg_0_31_0_5/RAMB/WADR3
                            (rising edge-triggered cell RAMD32 clocked by axi_clk  {rise@0.000ns fall@4.000ns period=8.000ns})
  Path Group:             axi_clk
  Path Type:              Hold (Min at Fast Process Corner)
  Requirement:            0.000ns  (axi_clk rise@0.000ns - axi_clk rise@0.000ns)
  Data Path Delay:        0.414ns  (logic 0.141ns (34.042%)  route 0.273ns (65.958%))
  Logic Levels:           0  
  Clock Path Skew:        0.016ns (DCD - SCD - CPR)
    Destination Clock Delay (DCD):    0.913ns
    Source Clock Delay      (SCD):    0.639ns
    Clock Pessimism Removal (CPR):    0.258ns
  Clock Uncertainty:      0.100ns  ((TSJ^2 + TIJ^2)^1/2 + DJ) / 2 + PE + UU
    Total System Jitter     (TSJ):    0.000ns
    Total Input Jitter      (TIJ):    0.000ns
    Discrete Jitter          (DJ):    0.000ns
    Phase Error              (PE):    0.000ns
    User Uncertainty         (UU):    0.100ns

    Location             Delay type                Incr(ns)  Path(ns)    Netlist Resource(s)
  -------------------------------------------------------------------    -------------------
                         (clock axi_clk rise edge)    0.000     0.000 r  
                                                      0.000     0.000 r  aclk (IN)
                         net (fo=1917, unset)         0.639     0.639    dma_rd_inst/aclk
    SLICE_X37Y107        FDRE                                         r  dma_rd_inst/out_fifo_wr_ptr_reg_reg[3]/C
  -------------------------------------------------------------------    -------------------
    SLICE_X37Y107        FDRE (Prop_fdre_C_Q)         0.141     0.780 r  dma_rd_inst/out_fifo_wr_ptr_reg_reg[3]/Q
                         net (fo=54, routed)          0.273     1.053    dma_rd_inst/out_fifo_tdata_reg_0_31_0_5/ADDRD3
    SLICE_X38Y107        RAMD32                                       r  dma_rd_inst/out_fifo_tdata_reg_0_31_0_5/RAMB/WADR3
  -------------------------------------------------------------------    -------------------

                         (clock axi_clk rise edge)    0.000     0.000 r  
                                                      0.000     0.000 r  aclk (IN)
                         net (fo=1917, unset)         0.913     0.913    dma_rd_inst/out_fifo_tdata_reg_0_31_0_5/WCLK
    SLICE_X38Y107        RAMD32                                       r  dma_rd_inst/out_fifo_tdata_reg_0_31_0_5/RAMB/CLK
                         clock pessimism             -0.258     0.655    
                         clock uncertainty            0.100     0.755    
    SLICE_X38Y107        RAMD32 (Hold_ramd32_CLK_WADR3)
                                                      0.240     0.995    dma_rd_inst/out_fifo_tdata_reg_0_31_0_5/RAMB
  -------------------------------------------------------------------
                         required time                         -0.995    
                         arrival time                           1.053    
  -------------------------------------------------------------------
                         slack                                  0.058    

Slack (MET) :             0.058ns  (arrival time - required time)
  Source:                 dma_rd_inst/out_fifo_wr_ptr_reg_reg[3]/C
                            (rising edge-triggered cell FDRE clocked by axi_clk  {rise@0.000ns fall@4.000ns period=8.000ns})
  Destination:            dma_rd_inst/out_fifo_tdata_reg_0_31_0_5/RAMB_D1/WADR3
                            (rising edge-triggered cell RAMD32 clocked by axi_clk  {rise@0.000ns fall@4.000ns period=8.000ns})
  Path Group:             axi_clk
  Path Type:              Hold (Min at Fast Process Corner)
  Requirement:            0.000ns  (axi_clk rise@0.000ns - axi_clk rise@0.000ns)
  Data Path Delay:        0.414ns  (logic 0.141ns (34.042%)  route 0.273ns (65.958%))
  Logic Levels:           0  
  Clock Path Skew:        0.016ns (DCD - SCD - CPR)
    Destination Clock Delay (DCD):    0.913ns
    Source Clock Delay      (SCD):    0.639ns
    Clock Pessimism Removal (CPR):    0.258ns
  Clock Uncertainty:      0.100ns  ((TSJ^2 + TIJ^2)^1/2 + DJ) / 2 + PE + UU
    Total System Jitter     (TSJ):    0.000ns
    Total Input Jitter      (TIJ):    0.000ns
    Discrete Jitter          (DJ):    0.000ns
    Phase Error              (PE):    0.000ns
    User Uncertainty         (UU):    0.100ns

    Location             Delay type                Incr(ns)  Path(ns)    Netlist Resource(s)
  -------------------------------------------------------------------    -------------------
                         (clock axi_clk rise edge)    0.000     0.000 r  
                                                      0.000     0.000 r  aclk (IN)
                         net (fo=1917, unset)         0.639     0.639    dma_rd_inst/aclk
    SLICE_X37Y107        FDRE                                         r  dma_rd_inst/out_fifo_wr_ptr_reg_reg[3]/C
  -------------------------------------------------------------------    -------------------
    SLICE_X37Y107        FDRE (Prop_fdre_C_Q)         0.141     0.780 r  dma_rd_inst/out_fifo_wr_ptr_reg_reg[3]/Q
                         net (fo=54, routed)          0.273     1.053    dma_rd_inst/out_fifo_tdata_reg_0_31_0_5/ADDRD3
    SLICE_X38Y107        RAMD32                                       r  dma_rd_inst/out_fifo_tdata_reg_0_31_0_5/RAMB_D1/WADR3
  -------------------------------------------------------------------    -------------------

                         (clock axi_clk rise edge)    0.000     0.000 r  
                                                      0.000     0.000 r  aclk (IN)
                         net (fo=1917, unset)         0.913     0.913    dma_rd_inst/out_fifo_tdata_reg_0_31_0_5/WCLK
    SLICE_X38Y107        RAMD32                                       r  dma_rd_inst/out_fifo_tdata_reg_0_31_0_5/RAMB_D1/CLK
                         clock pessimism             -0.258     0.655    
                         clock uncertainty            0.100     0.755    
    SLICE_X38Y107        RAMD32 (Hold_ramd32_CLK_WADR3)
                                                      0.240     0.995    dma_rd_inst/out_fifo_tdata_reg_0_31_0_5/RAMB_D1
  -------------------------------------------------------------------
                         required time                         -0.995    
                         arrival time                           1.053    
  -------------------------------------------------------------------
                         slack                                  0.058    





Pulse Width Checks
--------------------------------------------------------------------------------------
Clock Name:         axi_clk
Waveform(ns):       { 0.000 4.000 }
Period(ns):         8.000
Sources:            { aclk }

Check Type        Corner  Lib Pin     Reference Pin  Required(ns)  Actual(ns)  Slack(ns)  Location       Pin
Min Period        n/a     FDCE/C      n/a            1.000         8.000       7.000      SLICE_X14Y124  m2s_bytes_remaining_q_reg[0]/C
Min Period        n/a     FDCE/C      n/a            1.000         8.000       7.000      SLICE_X13Y126  m2s_bytes_remaining_q_reg[10]/C
Min Period        n/a     FDCE/C      n/a            1.000         8.000       7.000      SLICE_X13Y126  m2s_bytes_remaining_q_reg[11]/C
Min Period        n/a     FDCE/C      n/a            1.000         8.000       7.000      SLICE_X13Y126  m2s_bytes_remaining_q_reg[12]/C
Min Period        n/a     FDCE/C      n/a            1.000         8.000       7.000      SLICE_X13Y127  m2s_bytes_remaining_q_reg[13]/C
Min Period        n/a     FDCE/C      n/a            1.000         8.000       7.000      SLICE_X13Y127  m2s_bytes_remaining_q_reg[14]/C
Min Period        n/a     FDCE/C      n/a            1.000         8.000       7.000      SLICE_X13Y127  m2s_bytes_remaining_q_reg[15]/C
Min Period        n/a     FDCE/C      n/a            1.000         8.000       7.000      SLICE_X13Y124  m2s_bytes_remaining_q_reg[1]/C
Min Period        n/a     FDCE/C      n/a            1.000         8.000       7.000      SLICE_X13Y124  m2s_bytes_remaining_q_reg[2]/C
Min Period        n/a     FDCE/C      n/a            1.000         8.000       7.000      SLICE_X13Y124  m2s_bytes_remaining_q_reg[3]/C
Min Period        n/a     FDCE/C      n/a            1.000         8.000       7.000      SLICE_X13Y124  m2s_bytes_remaining_q_reg[4]/C
Min Period        n/a     FDCE/C      n/a            1.000         8.000       7.000      SLICE_X13Y125  m2s_bytes_remaining_q_reg[5]/C
Min Period        n/a     FDCE/C      n/a            1.000         8.000       7.000      SLICE_X13Y125  m2s_bytes_remaining_q_reg[6]/C
Min Period        n/a     FDCE/C      n/a            1.000         8.000       7.000      SLICE_X13Y125  m2s_bytes_remaining_q_reg[7]/C
Min Period        n/a     FDCE/C      n/a            1.000         8.000       7.000      SLICE_X13Y125  m2s_bytes_remaining_q_reg[8]/C
Min Period        n/a     FDCE/C      n/a            1.000         8.000       7.000      SLICE_X13Y126  m2s_bytes_remaining_q_reg[9]/C
Min Period        n/a     FDRE/C      n/a            1.000         8.000       7.000      SLICE_X25Y121  cdma_inst/FSM_sequential_read_state_reg_reg[0]/C
Min Period        n/a     FDRE/C      n/a            1.000         8.000       7.000      SLICE_X25Y121  cdma_inst/FSM_sequential_read_state_reg_reg[1]/C
Min Period        n/a     FDRE/C      n/a            1.000         8.000       7.000      SLICE_X10Y121  cdma_inst/active_count_av_reg_reg/C
Min Period        n/a     FDRE/C      n/a            1.000         8.000       7.000      SLICE_X9Y121   cdma_inst/active_count_reg_reg[0]/C
Low Pulse Width   Slow    RAMD32/CLK  n/a            1.250         4.000       2.750      SLICE_X14Y103  cdma_inst/out_fifo_wdata_reg_0_31_0_5/RAMA/CLK
Low Pulse Width   Fast    RAMD32/CLK  n/a            1.250         4.000       2.750      SLICE_X14Y103  cdma_inst/out_fifo_wdata_reg_0_31_0_5/RAMA/CLK
Low Pulse Width   Slow    RAMD32/CLK  n/a            1.250         4.000       2.750      SLICE_X14Y103  cdma_inst/out_fifo_wdata_reg_0_31_0_5/RAMA_D1/CLK
Low Pulse Width   Fast    RAMD32/CLK  n/a            1.250         4.000       2.750      SLICE_X14Y103  cdma_inst/out_fifo_wdata_reg_0_31_0_5/RAMA_D1/CLK
Low Pulse Width   Slow    RAMD32/CLK  n/a            1.250         4.000       2.750      SLICE_X14Y103  cdma_inst/out_fifo_wdata_reg_0_31_0_5/RAMB/CLK
Low Pulse Width   Fast    RAMD32/CLK  n/a            1.250         4.000       2.750      SLICE_X14Y103  cdma_inst/out_fifo_wdata_reg_0_31_0_5/RAMB/CLK
Low Pulse Width   Slow    RAMD32/CLK  n/a            1.250         4.000       2.750      SLICE_X14Y103  cdma_inst/out_fifo_wdata_reg_0_31_0_5/RAMB_D1/CLK
Low Pulse Width   Fast    RAMD32/CLK  n/a            1.250         4.000       2.750      SLICE_X14Y103  cdma_inst/out_fifo_wdata_reg_0_31_0_5/RAMB_D1/CLK
Low Pulse Width   Slow    RAMD32/CLK  n/a            1.250         4.000       2.750      SLICE_X14Y103  cdma_inst/out_fifo_wdata_reg_0_31_0_5/RAMC/CLK
Low Pulse Width   Fast    RAMD32/CLK  n/a            1.250         4.000       2.750      SLICE_X14Y103  cdma_inst/out_fifo_wdata_reg_0_31_0_5/RAMC/CLK
Low Pulse Width   Slow    RAMD32/CLK  n/a            1.250         4.000       2.750      SLICE_X14Y103  cdma_inst/out_fifo_wdata_reg_0_31_0_5/RAMC_D1/CLK
Low Pulse Width   Fast    RAMD32/CLK  n/a            1.250         4.000       2.750      SLICE_X14Y103  cdma_inst/out_fifo_wdata_reg_0_31_0_5/RAMC_D1/CLK
Low Pulse Width   Slow    RAMS32/CLK  n/a            1.250         4.000       2.750      SLICE_X14Y103  cdma_inst/out_fifo_wdata_reg_0_31_0_5/RAMD/CLK
Low Pulse Width   Fast    RAMS32/CLK  n/a            1.250         4.000       2.750      SLICE_X14Y103  cdma_inst/out_fifo_wdata_reg_0_31_0_5/RAMD/CLK
Low Pulse Width   Slow    RAMS32/CLK  n/a            1.250         4.000       2.750      SLICE_X14Y103  cdma_inst/out_fifo_wdata_reg_0_31_0_5/RAMD_D1/CLK
Low Pulse Width   Fast    RAMS32/CLK  n/a            1.250         4.000       2.750      SLICE_X14Y103  cdma_inst/out_fifo_wdata_reg_0_31_0_5/RAMD_D1/CLK
Low Pulse Width   Slow    RAMD32/CLK  n/a            1.250         4.000       2.750      SLICE_X30Y100  cdma_inst/out_fifo_wdata_reg_0_31_12_17/RAMA/CLK
Low Pulse Width   Fast    RAMD32/CLK  n/a            1.250         4.000       2.750      SLICE_X30Y100  cdma_inst/out_fifo_wdata_reg_0_31_12_17/RAMA/CLK
Low Pulse Width   Slow    RAMD32/CLK  n/a            1.250         4.000       2.750      SLICE_X30Y100  cdma_inst/out_fifo_wdata_reg_0_31_12_17/RAMA_D1/CLK
Low Pulse Width   Fast    RAMD32/CLK  n/a            1.250         4.000       2.750      SLICE_X30Y100  cdma_inst/out_fifo_wdata_reg_0_31_12_17/RAMA_D1/CLK
High Pulse Width  Slow    RAMD32/CLK  n/a            1.250         4.000       2.750      SLICE_X14Y103  cdma_inst/out_fifo_wdata_reg_0_31_0_5/RAMA/CLK
High Pulse Width  Fast    RAMD32/CLK  n/a            1.250         4.000       2.750      SLICE_X14Y103  cdma_inst/out_fifo_wdata_reg_0_31_0_5/RAMA/CLK
High Pulse Width  Slow    RAMD32/CLK  n/a            1.250         4.000       2.750      SLICE_X14Y103  cdma_inst/out_fifo_wdata_reg_0_31_0_5/RAMA_D1/CLK
High Pulse Width  Fast    RAMD32/CLK  n/a            1.250         4.000       2.750      SLICE_X14Y103  cdma_inst/out_fifo_wdata_reg_0_31_0_5/RAMA_D1/CLK
High Pulse Width  Slow    RAMD32/CLK  n/a            1.250         4.000       2.750      SLICE_X14Y103  cdma_inst/out_fifo_wdata_reg_0_31_0_5/RAMB/CLK
High Pulse Width  Fast    RAMD32/CLK  n/a            1.250         4.000       2.750      SLICE_X14Y103  cdma_inst/out_fifo_wdata_reg_0_31_0_5/RAMB/CLK
High Pulse Width  Slow    RAMD32/CLK  n/a            1.250         4.000       2.750      SLICE_X14Y103  cdma_inst/out_fifo_wdata_reg_0_31_0_5/RAMB_D1/CLK
High Pulse Width  Fast    RAMD32/CLK  n/a            1.250         4.000       2.750      SLICE_X14Y103  cdma_inst/out_fifo_wdata_reg_0_31_0_5/RAMB_D1/CLK
High Pulse Width  Slow    RAMD32/CLK  n/a            1.250         4.000       2.750      SLICE_X14Y103  cdma_inst/out_fifo_wdata_reg_0_31_0_5/RAMC/CLK
High Pulse Width  Fast    RAMD32/CLK  n/a            1.250         4.000       2.750      SLICE_X14Y103  cdma_inst/out_fifo_wdata_reg_0_31_0_5/RAMC/CLK
High Pulse Width  Slow    RAMD32/CLK  n/a            1.250         4.000       2.750      SLICE_X14Y103  cdma_inst/out_fifo_wdata_reg_0_31_0_5/RAMC_D1/CLK
High Pulse Width  Fast    RAMD32/CLK  n/a            1.250         4.000       2.750      SLICE_X14Y103  cdma_inst/out_fifo_wdata_reg_0_31_0_5/RAMC_D1/CLK
High Pulse Width  Slow    RAMS32/CLK  n/a            1.250         4.000       2.750      SLICE_X14Y103  cdma_inst/out_fifo_wdata_reg_0_31_0_5/RAMD/CLK
High Pulse Width  Fast    RAMS32/CLK  n/a            1.250         4.000       2.750      SLICE_X14Y103  cdma_inst/out_fifo_wdata_reg_0_31_0_5/RAMD/CLK
High Pulse Width  Slow    RAMS32/CLK  n/a            1.250         4.000       2.750      SLICE_X14Y103  cdma_inst/out_fifo_wdata_reg_0_31_0_5/RAMD_D1/CLK
High Pulse Width  Fast    RAMS32/CLK  n/a            1.250         4.000       2.750      SLICE_X14Y103  cdma_inst/out_fifo_wdata_reg_0_31_0_5/RAMD_D1/CLK
High Pulse Width  Slow    RAMD32/CLK  n/a            1.250         4.000       2.750      SLICE_X30Y100  cdma_inst/out_fifo_wdata_reg_0_31_12_17/RAMA/CLK
High Pulse Width  Fast    RAMD32/CLK  n/a            1.250         4.000       2.750      SLICE_X30Y100  cdma_inst/out_fifo_wdata_reg_0_31_12_17/RAMA/CLK
High Pulse Width  Slow    RAMD32/CLK  n/a            1.250         4.000       2.750      SLICE_X30Y100  cdma_inst/out_fifo_wdata_reg_0_31_12_17/RAMA_D1/CLK
High Pulse Width  Fast    RAMD32/CLK  n/a            1.250         4.000       2.750      SLICE_X30Y100  cdma_inst/out_fifo_wdata_reg_0_31_12_17/RAMA_D1/CLK



