
*** Running vivado
    with args -log vc707_mig.vds -m64 -product Vivado -mode batch -messageDb vivado.pb -notrace -source vc707_mig.tcl



****** Vivado v2025.1 (64-bit)
  **** SW Build 6140274 on Thu May 22 00:12:29 MDT 2025
  **** IP Build 6138677 on Thu May 22 03:10:11 MDT 2025
  **** SharedData Build 6139179 on Tue May 20 17:58:58 MDT 2025
  **** Start of session at: Mon Aug 17 19:31:00 2026
    ** Copyright 1986-2022 Xilinx, Inc. All Rights Reserved.
    ** Copyright 2022-2025 Advanced Micro Devices, Inc. All Rights Reserved.

source vc707_mig.tcl -notrace
create_project: Time (s): cpu = 00:00:26 ; elapsed = 00:00:18 . Memory (MB): peak = 505.840 ; gain = 210.383
Command: synth_design -top vc707_mig -part xc7vx485tffg1761-2 -incremental_mode off -mode out_of_context
Starting synth_design
Attempting to get a license for feature 'Synthesis' and/or device 'xc7vx485t'
INFO: [Common 17-349] Got license for feature 'Synthesis' and/or device 'xc7vx485t'
INFO: [Device 21-403] Loading part xc7vx485tffg1761-2
INFO: [Synth 8-7079] Multithreading enabled for synth_design using a maximum of 2 processes.
INFO: [Synth 8-7078] Launching helper process for spawning children vivado processes
INFO: [Synth 8-7075] Helper process launched with PID 9680
---------------------------------------------------------------------------------
Starting RTL Elaboration : Time (s): cpu = 00:00:14 ; elapsed = 00:00:17 . Memory (MB): peak = 1522.070 ; gain = 493.055
---------------------------------------------------------------------------------
WARNING: [Synth 8-10515] begin/end is required for generate-for in this mode of Verilog [d:/DMA_MMU_work/build/vivado/vc707_ddr3/DMA_IOMMU_PicoRV32_VC707_DDR3.gen/sources_1/ip/vc707_mig/vc707_mig/user_design/rtl/controller/mig_7series_v4_2_arb_row_col.v:253]
INFO: [Synth 8-11241] undeclared symbol 'dbg_sel_po_incdec', assumed default net type 'wire' [d:/DMA_MMU_work/build/vivado/vc707_ddr3/DMA_IOMMU_PicoRV32_VC707_DDR3.gen/sources_1/ip/vc707_mig/vc707_mig/user_design/rtl/vc707_mig_mig.v:1261]
INFO: [Synth 8-11241] undeclared symbol 'dbg_po_f_inc', assumed default net type 'wire' [d:/DMA_MMU_work/build/vivado/vc707_ddr3/DMA_IOMMU_PicoRV32_VC707_DDR3.gen/sources_1/ip/vc707_mig/vc707_mig/user_design/rtl/vc707_mig_mig.v:1265]
INFO: [Synth 8-11241] undeclared symbol 'dbg_po_f_stg23_sel', assumed default net type 'wire' [d:/DMA_MMU_work/build/vivado/vc707_ddr3/DMA_IOMMU_PicoRV32_VC707_DDR3.gen/sources_1/ip/vc707_mig/vc707_mig/user_design/rtl/vc707_mig_mig.v:1266]
INFO: [Synth 8-11241] undeclared symbol 'dbg_po_f_dec', assumed default net type 'wire' [d:/DMA_MMU_work/build/vivado/vc707_ddr3/DMA_IOMMU_PicoRV32_VC707_DDR3.gen/sources_1/ip/vc707_mig/vc707_mig/user_design/rtl/vc707_mig_mig.v:1267]
INFO: [Synth 8-6157] synthesizing module 'vc707_mig' [d:/DMA_MMU_work/build/vivado/vc707_ddr3/DMA_IOMMU_PicoRV32_VC707_DDR3.gen/sources_1/ip/vc707_mig/vc707_mig/user_design/rtl/vc707_mig.v:69]
INFO: [Synth 8-6157] synthesizing module 'vc707_mig_mig' [d:/DMA_MMU_work/build/vivado/vc707_ddr3/DMA_IOMMU_PicoRV32_VC707_DDR3.gen/sources_1/ip/vc707_mig/vc707_mig/user_design/rtl/vc707_mig_mig.v:74]
INFO: [Synth 8-6157] synthesizing module 'mig_7series_v4_2_tempmon' [d:/DMA_MMU_work/build/vivado/vc707_ddr3/DMA_IOMMU_PicoRV32_VC707_DDR3.gen/sources_1/ip/vc707_mig/vc707_mig/user_design/rtl/clocking/mig_7series_v4_2_tempmon.v:69]
	Parameter TCQ bound to: 100 - type: integer 
	Parameter TEMP_MON_CONTROL bound to: INTERNAL - type: string 
	Parameter XADC_CLK_PERIOD bound to: 5000 - type: integer 
	Parameter tTEMPSAMPLE bound to: 10000000 - type: integer 
INFO: [Synth 8-6157] synthesizing module 'XADC' [D:/2025.1/Vivado/scripts/rt/data/unisim_comp.v:164403]
	Parameter INIT_40 bound to: 16'b0001000000000000 
	Parameter INIT_41 bound to: 16'b0010111111111111 
	Parameter INIT_42 bound to: 16'b0000100000000000 
	Parameter INIT_48 bound to: 16'b0000000100000001 
	Parameter INIT_49 bound to: 16'b0000000000000000 
	Parameter INIT_4A bound to: 16'b0000000100000000 
	Parameter INIT_4B bound to: 16'b0000000000000000 
	Parameter INIT_4C bound to: 16'b0000000000000000 
	Parameter INIT_4D bound to: 16'b0000000000000000 
	Parameter INIT_4E bound to: 16'b0000000000000000 
	Parameter INIT_4F bound to: 16'b0000000000000000 
	Parameter INIT_50 bound to: 16'b1011010111101101 
	Parameter INIT_51 bound to: 16'b0101011111100100 
	Parameter INIT_52 bound to: 16'b1010000101000111 
	Parameter INIT_53 bound to: 16'b1100101000110011 
	Parameter INIT_54 bound to: 16'b1010100100111010 
	Parameter INIT_55 bound to: 16'b0101001011000110 
	Parameter INIT_56 bound to: 16'b1001010101010101 
	Parameter INIT_57 bound to: 16'b1010111001001110 
	Parameter INIT_58 bound to: 16'b0101100110011001 
	Parameter INIT_5C bound to: 16'b0101000100010001 
	Parameter SIM_DEVICE bound to: 7SERIES - type: string 
INFO: [Synth 8-6155] done synthesizing module 'XADC' (0#1) [D:/2025.1/Vivado/scripts/rt/data/unisim_comp.v:164403]
INFO: [Synth 8-6155] done synthesizing module 'mig_7series_v4_2_tempmon' (0#1) [d:/DMA_MMU_work/build/vivado/vc707_ddr3/DMA_IOMMU_PicoRV32_VC707_DDR3.gen/sources_1/ip/vc707_mig/vc707_mig/user_design/rtl/clocking/mig_7series_v4_2_tempmon.v:69]
INFO: [Synth 8-6157] synthesizing module 'mig_7series_v4_2_iodelay_ctrl' [d:/DMA_MMU_work/build/vivado/vc707_ddr3/DMA_IOMMU_PicoRV32_VC707_DDR3.gen/sources_1/ip/vc707_mig/vc707_mig/user_design/rtl/clocking/mig_7series_v4_2_iodelay_ctrl.v:80]
	Parameter TCQ bound to: 100 - type: integer 
	Parameter IODELAY_GRP0 bound to: VC707_MIG_IODELAY_MIG0 - type: string 
	Parameter IODELAY_GRP1 bound to: VC707_MIG_IODELAY_MIG1 - type: string 
	Parameter REFCLK_TYPE bound to: USE_SYSTEM_CLOCK - type: string 
	Parameter SYSCLK_TYPE bound to: DIFFERENTIAL - type: string 
	Parameter SYS_RST_PORT bound to: FALSE - type: string 
	Parameter RST_ACT_LOW bound to: 0 - type: integer 
	Parameter DIFF_TERM_REFCLK bound to: TRUE - type: string 
	Parameter FPGA_SPEED_GRADE bound to: 2 - type: integer 
	Parameter REF_CLK_MMCM_IODELAY_CTRL bound to: TRUE - type: string 
INFO: [Synth 8-6157] synthesizing module 'MMCME2_ADV' [D:/2025.1/Vivado/scripts/rt/data/unisim_comp.v:89421]
	Parameter BANDWIDTH bound to: HIGH - type: string 
	Parameter CLKFBOUT_MULT_F bound to: 6.000000 - type: double 
	Parameter CLKFBOUT_PHASE bound to: 0.000000 - type: double 
	Parameter CLKFBOUT_USE_FINE_PS bound to: FALSE - type: string 
	Parameter CLKIN1_PERIOD bound to: 5.000000 - type: double 
	Parameter CLKOUT0_DIVIDE_F bound to: 4.000000 - type: double 
	Parameter CLKOUT0_DUTY_CYCLE bound to: 0.500000 - type: double 
	Parameter CLKOUT0_PHASE bound to: 0.000000 - type: double 
	Parameter CLKOUT0_USE_FINE_PS bound to: FALSE - type: string 
	Parameter CLKOUT1_DIVIDE bound to: 3 - type: integer 
	Parameter CLKOUT1_DUTY_CYCLE bound to: 0.500000 - type: double 
	Parameter CLKOUT1_PHASE bound to: 0.000000 - type: double 
	Parameter CLKOUT1_USE_FINE_PS bound to: FALSE - type: string 
	Parameter CLKOUT4_CASCADE bound to: FALSE - type: string 
	Parameter COMPENSATION bound to: INTERNAL - type: string 
	Parameter DIVCLK_DIVIDE bound to: 1 - type: integer 
	Parameter REF_JITTER1 bound to: 0.000000 - type: double 
	Parameter STARTUP_WAIT bound to: FALSE - type: string 
INFO: [Synth 8-6155] done synthesizing module 'MMCME2_ADV' (0#1) [D:/2025.1/Vivado/scripts/rt/data/unisim_comp.v:89421]
INFO: [Synth 8-6157] synthesizing module 'BUFG' [D:/2025.1/Vivado/scripts/rt/data/unisim_comp.v:2678]
INFO: [Synth 8-6155] done synthesizing module 'BUFG' (0#1) [D:/2025.1/Vivado/scripts/rt/data/unisim_comp.v:2678]
INFO: [Synth 8-6157] synthesizing module 'IDELAYCTRL' [D:/2025.1/Vivado/scripts/rt/data/unisim_comp.v:78964]
INFO: [Synth 8-6155] done synthesizing module 'IDELAYCTRL' (0#1) [D:/2025.1/Vivado/scripts/rt/data/unisim_comp.v:78964]
INFO: [Synth 8-6155] done synthesizing module 'mig_7series_v4_2_iodelay_ctrl' (0#1) [d:/DMA_MMU_work/build/vivado/vc707_ddr3/DMA_IOMMU_PicoRV32_VC707_DDR3.gen/sources_1/ip/vc707_mig/vc707_mig/user_design/rtl/clocking/mig_7series_v4_2_iodelay_ctrl.v:80]
INFO: [Synth 8-6157] synthesizing module 'mig_7series_v4_2_clk_ibuf' [d:/DMA_MMU_work/build/vivado/vc707_ddr3/DMA_IOMMU_PicoRV32_VC707_DDR3.gen/sources_1/ip/vc707_mig/vc707_mig/user_design/rtl/clocking/mig_7series_v4_2_clk_ibuf.v:68]
	Parameter SYSCLK_TYPE bound to: DIFFERENTIAL - type: string 
	Parameter DIFF_TERM_SYSCLK bound to: FALSE - type: string 
INFO: [Synth 8-6157] synthesizing module 'IBUFGDS' [D:/2025.1/Vivado/scripts/rt/data/unisim_comp.v:77366]
	Parameter DIFF_TERM bound to: FALSE - type: string 
	Parameter IBUF_LOW_PWR bound to: FALSE - type: string 
INFO: [Synth 8-6155] done synthesizing module 'IBUFGDS' (0#1) [D:/2025.1/Vivado/scripts/rt/data/unisim_comp.v:77366]
INFO: [Synth 8-6155] done synthesizing module 'mig_7series_v4_2_clk_ibuf' (0#1) [d:/DMA_MMU_work/build/vivado/vc707_ddr3/DMA_IOMMU_PicoRV32_VC707_DDR3.gen/sources_1/ip/vc707_mig/vc707_mig/user_design/rtl/clocking/mig_7series_v4_2_clk_ibuf.v:68]
INFO: [Synth 8-6157] synthesizing module 'mig_7series_v4_2_infrastructure' [d:/DMA_MMU_work/build/vivado/vc707_ddr3/DMA_IOMMU_PicoRV32_VC707_DDR3.gen/sources_1/ip/vc707_mig/vc707_mig/user_design/rtl/clocking/mig_7series_v4_2_infrastructure.v:78]
	Parameter TCQ bound to: 100 - type: integer 
	Parameter CLKIN_PERIOD bound to: 5000 - type: integer 
	Parameter nCK_PER_CLK bound to: 4 - type: integer 
	Parameter SYSCLK_TYPE bound to: DIFFERENTIAL - type: string 
	Parameter UI_EXTRA_CLOCKS bound to: TRUE - type: string 
	Parameter CLKFBOUT_MULT bound to: 8 - type: integer 
	Parameter DIVCLK_DIVIDE bound to: 1 - type: integer 
	Parameter CLKOUT0_PHASE bound to: 337.500000 - type: double 
	Parameter CLKOUT0_DIVIDE bound to: 2 - type: integer 
	Parameter CLKOUT1_DIVIDE bound to: 2 - type: integer 
	Parameter CLKOUT2_DIVIDE bound to: 32 - type: integer 
	Parameter CLKOUT3_DIVIDE bound to: 8 - type: integer 
	Parameter MMCM_VCO bound to: 800 - type: integer 
	Parameter MMCM_MULT_F bound to: 4 - type: integer 
	Parameter MMCM_DIVCLK_DIVIDE bound to: 1 - type: integer 
	Parameter MMCM_CLKOUT0_EN bound to: TRUE - type: string 
	Parameter MMCM_CLKOUT1_EN bound to: TRUE - type: string 
	Parameter MMCM_CLKOUT2_EN bound to: FALSE - type: string 
	Parameter MMCM_CLKOUT3_EN bound to: FALSE - type: string 
	Parameter MMCM_CLKOUT4_EN bound to: FALSE - type: string 
	Parameter MMCM_CLKOUT0_DIVIDE bound to: 8 - type: integer 
	Parameter MMCM_CLKOUT1_DIVIDE bound to: 16 - type: integer 
	Parameter MMCM_CLKOUT2_DIVIDE bound to: 1 - type: integer 
	Parameter MMCM_CLKOUT3_DIVIDE bound to: 1 - type: integer 
	Parameter MMCM_CLKOUT4_DIVIDE bound to: 1 - type: integer 
	Parameter RST_ACT_LOW bound to: 0 - type: integer 
	Parameter tCK bound to: 1250 - type: integer 
	Parameter MEM_TYPE bound to: DDR3 - type: string 
INFO: [Synth 8-6157] synthesizing module 'MMCME2_ADV__parameterized0' [D:/2025.1/Vivado/scripts/rt/data/unisim_comp.v:89421]
	Parameter BANDWIDTH bound to: HIGH - type: string 
	Parameter CLKFBOUT_MULT_F bound to: 4.000000 - type: double 
	Parameter CLKFBOUT_PHASE bound to: 0.000000 - type: double 
	Parameter CLKFBOUT_USE_FINE_PS bound to: FALSE - type: string 
	Parameter CLKIN1_PERIOD bound to: 5.000000 - type: double 
	Parameter CLKOUT0_DIVIDE_F bound to: 8.000000 - type: double 
	Parameter CLKOUT0_DUTY_CYCLE bound to: 0.500000 - type: double 
	Parameter CLKOUT0_PHASE bound to: 0.000000 - type: double 
	Parameter CLKOUT0_USE_FINE_PS bound to: FALSE - type: string 
	Parameter CLKOUT1_DIVIDE bound to: 16 - type: integer 
	Parameter CLKOUT1_DUTY_CYCLE bound to: 0.500000 - type: double 
	Parameter CLKOUT1_PHASE bound to: 0.000000 - type: double 
	Parameter CLKOUT1_USE_FINE_PS bound to: FALSE - type: string 
	Parameter CLKOUT2_DIVIDE bound to: 4 - type: integer 
	Parameter CLKOUT2_DUTY_CYCLE bound to: 0.500000 - type: double 
	Parameter CLKOUT2_PHASE bound to: 0.000000 - type: double 
	Parameter CLKOUT2_USE_FINE_PS bound to: FALSE - type: string 
	Parameter CLKOUT3_DIVIDE bound to: 4 - type: integer 
	Parameter CLKOUT3_DUTY_CYCLE bound to: 0.500000 - type: double 
	Parameter CLKOUT3_PHASE bound to: 0.000000 - type: double 
	Parameter CLKOUT3_USE_FINE_PS bound to: FALSE - type: string 
	Parameter CLKOUT4_CASCADE bound to: FALSE - type: string 
	Parameter CLKOUT4_DIVIDE bound to: 4 - type: integer 
	Parameter CLKOUT4_DUTY_CYCLE bound to: 0.500000 - type: double 
	Parameter CLKOUT4_PHASE bound to: 0.000000 - type: double 
	Parameter CLKOUT4_USE_FINE_PS bound to: FALSE - type: string 
	Parameter CLKOUT5_DIVIDE bound to: 8 - type: integer 
	Parameter CLKOUT5_DUTY_CYCLE bound to: 0.500000 - type: double 
	Parameter CLKOUT5_PHASE bound to: 0.000000 - type: double 
	Parameter CLKOUT5_USE_FINE_PS bound to: TRUE - type: string 
	Parameter CLKOUT6_DIVIDE bound to: 2 - type: integer 
	Parameter CLKOUT6_DUTY_CYCLE bound to: 0.500000 - type: double 
	Parameter CLKOUT6_PHASE bound to: 0.000000 - type: double 
	Parameter CLKOUT6_USE_FINE_PS bound to: FALSE - type: string 
	Parameter COMPENSATION bound to: BUF_IN - type: string 
	Parameter DIVCLK_DIVIDE bound to: 1 - type: integer 
	Parameter REF_JITTER1 bound to: 0.000000 - type: double 
	Parameter STARTUP_WAIT bound to: FALSE - type: string 
INFO: [Synth 8-6155] done synthesizing module 'MMCME2_ADV__parameterized0' (0#1) [D:/2025.1/Vivado/scripts/rt/data/unisim_comp.v:89421]
INFO: [Synth 8-6157] synthesizing module 'PLLE2_ADV' [D:/2025.1/Vivado/scripts/rt/data/unisim_comp.v:124587]
	Parameter BANDWIDTH bound to: OPTIMIZED - type: string 
	Parameter CLKFBOUT_MULT bound to: 8 - type: integer 
	Parameter CLKFBOUT_PHASE bound to: 0.000000 - type: double 
	Parameter CLKIN1_PERIOD bound to: 5.000000 - type: double 
	Parameter CLKOUT0_DIVIDE bound to: 2 - type: integer 
	Parameter CLKOUT0_DUTY_CYCLE bound to: 0.500000 - type: double 
	Parameter CLKOUT0_PHASE bound to: 337.500000 - type: double 
	Parameter CLKOUT1_DIVIDE bound to: 2 - type: integer 
	Parameter CLKOUT1_DUTY_CYCLE bound to: 0.500000 - type: double 
	Parameter CLKOUT1_PHASE bound to: 0.000000 - type: double 
	Parameter CLKOUT2_DIVIDE bound to: 32 - type: integer 
	Parameter CLKOUT2_DUTY_CYCLE bound to: 0.062500 - type: double 
	Parameter CLKOUT2_PHASE bound to: 9.843750 - type: double 
	Parameter CLKOUT3_DIVIDE bound to: 8 - type: integer 
	Parameter CLKOUT3_DUTY_CYCLE bound to: 0.500000 - type: double 
	Parameter CLKOUT3_PHASE bound to: 0.000000 - type: double 
	Parameter CLKOUT4_DIVIDE bound to: 4 - type: integer 
	Parameter CLKOUT4_DUTY_CYCLE bound to: 0.500000 - type: double 
	Parameter CLKOUT4_PHASE bound to: 168.750000 - type: double 
	Parameter CLKOUT5_DUTY_CYCLE bound to: 0.500000 - type: double 
	Parameter CLKOUT5_PHASE bound to: 0.000000 - type: double 
	Parameter COMPENSATION bound to: INTERNAL - type: string 
	Parameter DIVCLK_DIVIDE bound to: 1 - type: integer 
	Parameter REF_JITTER1 bound to: 0.010000 - type: double 
	Parameter REF_JITTER2 bound to: 0.010000 - type: double 
	Parameter STARTUP_WAIT bound to: FALSE - type: string 
INFO: [Synth 8-6155] done synthesizing module 'PLLE2_ADV' (0#1) [D:/2025.1/Vivado/scripts/rt/data/unisim_comp.v:124587]
INFO: [Synth 8-6157] synthesizing module 'BUFH' [D:/2025.1/Vivado/scripts/rt/data/unisim_comp.v:2926]
INFO: [Synth 8-6155] done synthesizing module 'BUFH' (0#1) [D:/2025.1/Vivado/scripts/rt/data/unisim_comp.v:2926]
INFO: [Synth 8-6155] done synthesizing module 'mig_7series_v4_2_infrastructure' (0#1) [d:/DMA_MMU_work/build/vivado/vc707_ddr3/DMA_IOMMU_PicoRV32_VC707_DDR3.gen/sources_1/ip/vc707_mig/vc707_mig/user_design/rtl/clocking/mig_7series_v4_2_infrastructure.v:78]
INFO: [Synth 8-6157] synthesizing module 'mig_7series_v4_2_memc_ui_top_axi' [d:/DMA_MMU_work/build/vivado/vc707_ddr3/DMA_IOMMU_PicoRV32_VC707_DDR3.gen/sources_1/ip/vc707_mig/vc707_mig/user_design/rtl/ip_top/mig_7series_v4_2_memc_ui_top_axi.v:70]
	Parameter TCQ bound to: 100 - type: integer 
	Parameter DDR3_VDD_OP_VOLT bound to: 150 - type: string 
	Parameter PAYLOAD_WIDTH bound to: 64 - type: integer 
	Parameter ADDR_CMD_MODE bound to: 1T - type: string 
	Parameter AL bound to: 0 - type: string 
	Parameter BANK_WIDTH bound to: 3 - type: integer 
	Parameter BM_CNT_WIDTH bound to: 2 - type: integer 
	Parameter BURST_MODE bound to: 8 - type: string 
	Parameter BURST_TYPE bound to: SEQ - type: string 
	Parameter CA_MIRROR bound to: OFF - type: string 
	Parameter CK_WIDTH bound to: 1 - type: integer 
	Parameter CL bound to: 11 - type: integer 
	Parameter COL_WIDTH bound to: 10 - type: integer 
	Parameter CMD_PIPE_PLUS1 bound to: ON - type: string 
	Parameter CS_WIDTH bound to: 1 - type: integer 
	Parameter CKE_WIDTH bound to: 1 - type: integer 
	Parameter CWL bound to: 8 - type: integer 
	Parameter DATA_WIDTH bound to: 64 - type: integer 
	Parameter DATA_BUF_ADDR_WIDTH bound to: 5 - type: integer 
	Parameter DM_WIDTH bound to: 8 - type: integer 
	Parameter DQ_CNT_WIDTH bound to: 6 - type: integer 
	Parameter DQ_WIDTH bound to: 64 - type: integer 
	Parameter DQS_CNT_WIDTH bound to: 3 - type: integer 
	Parameter DQS_WIDTH bound to: 8 - type: integer 
	Parameter DRAM_TYPE bound to: DDR3 - type: string 
	Parameter DRAM_WIDTH bound to: 8 - type: integer 
	Parameter ECC bound to: OFF - type: string 
	Parameter ECC_WIDTH bound to: 0 - type: integer 
	Parameter ECC_TEST bound to: OFF - type: string 
	Parameter MC_ERR_ADDR_WIDTH bound to: 28 - type: integer 
	Parameter MASTER_PHY_CTL bound to: 1 - type: integer 
	Parameter nAL bound to: 0 - type: integer 
	Parameter nBANK_MACHS bound to: 4 - type: integer 
	Parameter nCK_PER_CLK bound to: 4 - type: integer 
	Parameter nCS_PER_RANK bound to: 1 - type: integer 
	Parameter ORDERING bound to: NORM - type: string 
	Parameter IBUF_LPWR_MODE bound to: OFF - type: string 
	Parameter BANK_TYPE bound to: HP_IO - type: string 
	Parameter DATA_IO_PRIM_TYPE bound to: HP_LP - type: string 
	Parameter DATA_IO_IDLE_PWRDWN bound to: ON - type: string 
	Parameter IODELAY_GRP0 bound to: VC707_MIG_IODELAY_MIG0 - type: string 
	Parameter IODELAY_GRP1 bound to: VC707_MIG_IODELAY_MIG1 - type: string 
	Parameter FPGA_SPEED_GRADE bound to: 2 - type: integer 
	Parameter OUTPUT_DRV bound to: LOW - type: string 
	Parameter REG_CTRL bound to: OFF - type: string 
	Parameter RTT_NOM bound to: 60 - type: string 
	Parameter RTT_WR bound to: OFF - type: string 
	Parameter STARVE_LIMIT bound to: 2 - type: integer 
	Parameter tCK bound to: 1250 - type: integer 
	Parameter tCKE bound to: 5000 - type: integer 
	Parameter tFAW bound to: 30000 - type: integer 
	Parameter tPRDI bound to: 1000000 - type: integer 
	Parameter tRAS bound to: 35000 - type: integer 
	Parameter tRCD bound to: 13125 - type: integer 
	Parameter tREFI bound to: 7800000 - type: integer 
	Parameter tRFC bound to: 110000 - type: integer 
	Parameter tRP bound to: 13125 - type: integer 
	Parameter tRRD bound to: 6000 - type: integer 
	Parameter tRTP bound to: 7500 - type: integer 
	Parameter tWTR bound to: 7500 - type: integer 
	Parameter tZQI bound to: 128000000 - type: integer 
	Parameter tZQCS bound to: 64 - type: integer 
	Parameter USER_REFRESH bound to: OFF - type: string 
	Parameter TEMP_MON_EN bound to: ON - type: string 
	Parameter WRLVL bound to: ON - type: string 
	Parameter DEBUG_PORT bound to: OFF - type: string 
	Parameter CAL_WIDTH bound to: HALF - type: string 
	Parameter RANK_WIDTH bound to: 1 - type: integer 
	Parameter RANKS bound to: 1 - type: integer 
	Parameter ODT_WIDTH bound to: 1 - type: integer 
	Parameter ROW_WIDTH bound to: 14 - type: integer 
	Parameter ADDR_WIDTH bound to: 28 - type: integer 
	Parameter APP_MASK_WIDTH bound to: 64 - type: integer 
	Parameter APP_DATA_WIDTH bound to: 512 - type: integer 
	Parameter BYTE_LANES_B0 bound to: 4'b1111 
	Parameter BYTE_LANES_B1 bound to: 4'b1110 
	Parameter BYTE_LANES_B2 bound to: 4'b1111 
	Parameter BYTE_LANES_B3 bound to: 4'b0000 
	Parameter BYTE_LANES_B4 bound to: 4'b0000 
	Parameter DATA_CTL_B0 bound to: 4'b1111 
	Parameter DATA_CTL_B1 bound to: 4'b0000 
	Parameter DATA_CTL_B2 bound to: 4'b1111 
	Parameter DATA_CTL_B3 bound to: 4'b0000 
	Parameter DATA_CTL_B4 bound to: 4'b0000 
	Parameter PHY_0_BITLANES bound to: 48'b001111111110000111111111000111111111001011111111 
	Parameter PHY_1_BITLANES bound to: 48'b111111111110111100110000110010110100000000000000 
	Parameter PHY_2_BITLANES bound to: 48'b001111111110001111111110001110111111001011111111 
	Parameter CK_BYTE_MAP bound to: 144'b000000000000000000000000000000000000000000000000000000000000000000000000000000000000000000000000000000000000000000000000000000000000000000010001 
	Parameter ADDR_MAP bound to: 192'b000000000000000000000000000100110010000100110110000100110101000100110011000100111001000100100100000100110001000100101001000100110111000100110100000100111010000100101000000100111000000100111011 
	Parameter BANK_MAP bound to: 36'b000100100101000100101010000100101011 
	Parameter CAS_MAP bound to: 12'b000100010101 
	Parameter CKE_ODT_BYTE_MAP bound to: 8'b00000000 
	Parameter CKE_MAP bound to: 96'b000000000000000000000000000000000000000000000000000000000000000000000000000000000000000100010111 
	Parameter ODT_MAP bound to: 96'b000000000000000000000000000000000000000000000000000000000000000000000000000000000000000100010010 
	Parameter CKE_ODT_AUX bound to: FALSE - type: string 
	Parameter CS_MAP bound to: 120'b000000000000000000000000000000000000000000000000000000000000000000000000000000000000000000000000000000000000000100010100 
	Parameter PARITY_MAP bound to: 12'b000000000000 
	Parameter RAS_MAP bound to: 12'b000100011010 
	Parameter WE_MAP bound to: 12'b000100011011 
	Parameter DQS_BYTE_MAP bound to: 144'b000000000000000000000000000000000000000000000000000000000000000000000000000000000010000000100001001000100010001100000011000000100000000100000000 
	Parameter DATA0_MAP bound to: 96'b000000001001000000000000000000000011000000000001000000000111000000000110000000000101000000000010 
	Parameter DATA1_MAP bound to: 96'b000000010100000000011000000000010000000000010001000000010111000000010110000000010010000000010011 
	Parameter DATA2_MAP bound to: 96'b000000100001000000100010000000100101000000100000000000100111000000100011000000100110000000101000 
	Parameter DATA3_MAP bound to: 96'b000000110011000000111001000000110001000000110101000000110010000000111000000000110100000000110111 
	Parameter DATA4_MAP bound to: 96'b001000110001001000111000001000110111001000110110001000110011001000110010001000110100001000111001 
	Parameter DATA5_MAP bound to: 96'b001000100110001000100111001000100101001000101001001000100001001000100010001000100100001000101000 
	Parameter DATA6_MAP bound to: 96'b001000010100001000010101001000010000001000011000001000010111001000010011001000011001001000010010 
	Parameter DATA7_MAP bound to: 96'b001000000111001000000011001000000100001000000110001000000010001000000001001000000101001000001001 
	Parameter DATA8_MAP bound to: 96'b000000000000000000000000000000000000000000000000000000000000000000000000000000000000000000000000 
	Parameter DATA9_MAP bound to: 96'b000000000000000000000000000000000000000000000000000000000000000000000000000000000000000000000000 
	Parameter DATA10_MAP bound to: 96'b000000000000000000000000000000000000000000000000000000000000000000000000000000000000000000000000 
	Parameter DATA11_MAP bound to: 96'b000000000000000000000000000000000000000000000000000000000000000000000000000000000000000000000000 
	Parameter DATA12_MAP bound to: 96'b000000000000000000000000000000000000000000000000000000000000000000000000000000000000000000000000 
	Parameter DATA13_MAP bound to: 96'b000000000000000000000000000000000000000000000000000000000000000000000000000000000000000000000000 
	Parameter DATA14_MAP bound to: 96'b000000000000000000000000000000000000000000000000000000000000000000000000000000000000000000000000 
	Parameter DATA15_MAP bound to: 96'b000000000000000000000000000000000000000000000000000000000000000000000000000000000000000000000000 
	Parameter DATA16_MAP bound to: 96'b000000000000000000000000000000000000000000000000000000000000000000000000000000000000000000000000 
	Parameter DATA17_MAP bound to: 96'b000000000000000000000000000000000000000000000000000000000000000000000000000000000000000000000000 
	Parameter MASK0_MAP bound to: 108'b000000000000001000000000001000010001001000100011001000110101000000110110000000100100000000010101000000000100 
	Parameter MASK1_MAP bound to: 108'b000000000000000000000000000000000000000000000000000000000000000000000000000000000000000000000000000000000000 
	Parameter SLOT_0_CONFIG bound to: 8'b00000001 
	Parameter SLOT_1_CONFIG bound to: 8'b00000000 
	Parameter MEM_ADDR_ORDER bound to: ROW_BANK_COLUMN - type: string 
	Parameter CALIB_ROW_ADD bound to: 16'b0000000000000000 
	Parameter CALIB_COL_ADD bound to: 12'b000000000000 
	Parameter CALIB_BA_ADD bound to: 3'b000 
	Parameter SIM_BYPASS_INIT_CAL bound to: OFF - type: string 
	Parameter REFCLK_FREQ bound to: 200.000000 - type: double 
	Parameter USE_CS_PORT bound to: 1 - type: integer 
	Parameter USE_DM_PORT bound to: 1 - type: integer 
	Parameter USE_ODT_PORT bound to: 1 - type: integer 
	Parameter IDELAY_ADJ bound to: ON - type: string 
	Parameter FINE_PER_BIT bound to: ON - type: string 
	Parameter CENTER_COMP_MODE bound to: ON - type: string 
	Parameter PI_VAL_ADJ bound to: ON - type: string 
	Parameter SKIP_CALIB bound to: FALSE - type: string 
	Parameter TAPSPERKCLK bound to: 56 - type: integer 
	Parameter C_S_AXI_ID_WIDTH bound to: 6 - type: integer 
	Parameter C_S_AXI_ADDR_WIDTH bound to: 32 - type: integer 
	Parameter C_S_AXI_DATA_WIDTH bound to: 512 - type: integer 
	Parameter C_S_AXI_SUPPORTS_NARROW_BURST bound to: 1 - type: integer 
	Parameter C_RD_WR_ARB_ALGORITHM bound to: RD_PRI_REG - type: string 
	Parameter C_S_AXI_REG_EN0 bound to: 20'b00000000000000000000 
	Parameter C_S_AXI_REG_EN1 bound to: 20'b00000000000000000000 
	Parameter C_S_AXI_CTRL_ADDR_WIDTH bound to: 32 - type: integer 
	Parameter C_S_AXI_CTRL_DATA_WIDTH bound to: 32 - type: integer 
	Parameter C_S_AXI_BASEADDR bound to: 0 - type: integer 
	Parameter C_ECC_ONOFF_RESET_VALUE bound to: 1 - type: integer 
	Parameter C_ECC_CE_COUNTER_WIDTH bound to: 8 - type: integer 
	Parameter FPGA_VOLT_TYPE bound to: N - type: string 
INFO: [Synth 8-6157] synthesizing module 'mig_7series_v4_2_mem_intfc' [d:/DMA_MMU_work/build/vivado/vc707_ddr3/DMA_IOMMU_PicoRV32_VC707_DDR3.gen/sources_1/ip/vc707_mig/vc707_mig/user_design/rtl/ip_top/mig_7series_v4_2_mem_intfc.v:69]
INFO: [Synth 8-6157] synthesizing module 'mig_7series_v4_2_mc' [d:/DMA_MMU_work/build/vivado/vc707_ddr3/DMA_IOMMU_PicoRV32_VC707_DDR3.gen/sources_1/ip/vc707_mig/vc707_mig/user_design/rtl/controller/mig_7series_v4_2_mc.v:73]
INFO: [Synth 8-6157] synthesizing module 'mig_7series_v4_2_rank_mach' [d:/DMA_MMU_work/build/vivado/vc707_ddr3/DMA_IOMMU_PicoRV32_VC707_DDR3.gen/sources_1/ip/vc707_mig/vc707_mig/user_design/rtl/controller/mig_7series_v4_2_rank_mach.v:71]
INFO: [Synth 8-6157] synthesizing module 'mig_7series_v4_2_rank_cntrl' [d:/DMA_MMU_work/build/vivado/vc707_ddr3/DMA_IOMMU_PicoRV32_VC707_DDR3.gen/sources_1/ip/vc707_mig/vc707_mig/user_design/rtl/controller/mig_7series_v4_2_rank_cntrl.v:79]
INFO: [Synth 8-6157] synthesizing module 'SRLC32E' [D:/2025.1/Vivado/scripts/rt/data/unisim_comp.v:158762]
INFO: [Synth 8-6155] done synthesizing module 'SRLC32E' (0#1) [D:/2025.1/Vivado/scripts/rt/data/unisim_comp.v:158762]
WARNING: [Synth 8-567] referenced signal 'periodic_rd_generation.periodic_rd_timer_one' should be on the sensitivity list [d:/DMA_MMU_work/build/vivado/vc707_ddr3/DMA_IOMMU_PicoRV32_VC707_DDR3.gen/sources_1/ip/vc707_mig/vc707_mig/user_design/rtl/controller/mig_7series_v4_2_rank_cntrl.v:509]
INFO: [Synth 8-6155] done synthesizing module 'mig_7series_v4_2_rank_cntrl' (0#1) [d:/DMA_MMU_work/build/vivado/vc707_ddr3/DMA_IOMMU_PicoRV32_VC707_DDR3.gen/sources_1/ip/vc707_mig/vc707_mig/user_design/rtl/controller/mig_7series_v4_2_rank_cntrl.v:79]
INFO: [Synth 8-6157] synthesizing module 'mig_7series_v4_2_rank_common' [d:/DMA_MMU_work/build/vivado/vc707_ddr3/DMA_IOMMU_PicoRV32_VC707_DDR3.gen/sources_1/ip/vc707_mig/vc707_mig/user_design/rtl/controller/mig_7series_v4_2_rank_common.v:72]
WARNING: [Synth 8-567] referenced signal 'zq_cntrl.zq_tick' should be on the sensitivity list [d:/DMA_MMU_work/build/vivado/vc707_ddr3/DMA_IOMMU_PicoRV32_VC707_DDR3.gen/sources_1/ip/vc707_mig/vc707_mig/user_design/rtl/controller/mig_7series_v4_2_rank_common.v:172]
INFO: [Synth 8-6157] synthesizing module 'mig_7series_v4_2_round_robin_arb' [d:/DMA_MMU_work/build/vivado/vc707_ddr3/DMA_IOMMU_PicoRV32_VC707_DDR3.gen/sources_1/ip/vc707_mig/vc707_mig/user_design/rtl/controller/mig_7series_v4_2_round_robin_arb.v:121]
INFO: [Synth 8-6155] done synthesizing module 'mig_7series_v4_2_round_robin_arb' (0#1) [d:/DMA_MMU_work/build/vivado/vc707_ddr3/DMA_IOMMU_PicoRV32_VC707_DDR3.gen/sources_1/ip/vc707_mig/vc707_mig/user_design/rtl/controller/mig_7series_v4_2_round_robin_arb.v:121]
INFO: [Synth 8-6157] synthesizing module 'mig_7series_v4_2_round_robin_arb__parameterized0' [d:/DMA_MMU_work/build/vivado/vc707_ddr3/DMA_IOMMU_PicoRV32_VC707_DDR3.gen/sources_1/ip/vc707_mig/vc707_mig/user_design/rtl/controller/mig_7series_v4_2_round_robin_arb.v:121]
INFO: [Synth 8-6155] done synthesizing module 'mig_7series_v4_2_round_robin_arb__parameterized0' (0#1) [d:/DMA_MMU_work/build/vivado/vc707_ddr3/DMA_IOMMU_PicoRV32_VC707_DDR3.gen/sources_1/ip/vc707_mig/vc707_mig/user_design/rtl/controller/mig_7series_v4_2_round_robin_arb.v:121]
INFO: [Synth 8-6155] done synthesizing module 'mig_7series_v4_2_rank_common' (0#1) [d:/DMA_MMU_work/build/vivado/vc707_ddr3/DMA_IOMMU_PicoRV32_VC707_DDR3.gen/sources_1/ip/vc707_mig/vc707_mig/user_design/rtl/controller/mig_7series_v4_2_rank_common.v:72]
INFO: [Synth 8-6155] done synthesizing module 'mig_7series_v4_2_rank_mach' (0#1) [d:/DMA_MMU_work/build/vivado/vc707_ddr3/DMA_IOMMU_PicoRV32_VC707_DDR3.gen/sources_1/ip/vc707_mig/vc707_mig/user_design/rtl/controller/mig_7series_v4_2_rank_mach.v:71]
INFO: [Synth 8-6157] synthesizing module 'mig_7series_v4_2_bank_mach' [d:/DMA_MMU_work/build/vivado/vc707_ddr3/DMA_IOMMU_PicoRV32_VC707_DDR3.gen/sources_1/ip/vc707_mig/vc707_mig/user_design/rtl/controller/mig_7series_v4_2_bank_mach.v:72]
INFO: [Synth 8-6157] synthesizing module 'mig_7series_v4_2_bank_cntrl' [d:/DMA_MMU_work/build/vivado/vc707_ddr3/DMA_IOMMU_PicoRV32_VC707_DDR3.gen/sources_1/ip/vc707_mig/vc707_mig/user_design/rtl/controller/mig_7series_v4_2_bank_cntrl.v:70]
INFO: [Synth 8-6157] synthesizing module 'mig_7series_v4_2_bank_compare' [d:/DMA_MMU_work/build/vivado/vc707_ddr3/DMA_IOMMU_PicoRV32_VC707_DDR3.gen/sources_1/ip/vc707_mig/vc707_mig/user_design/rtl/controller/mig_7series_v4_2_bank_compare.v:74]
INFO: [Synth 8-6155] done synthesizing module 'mig_7series_v4_2_bank_compare' (0#1) [d:/DMA_MMU_work/build/vivado/vc707_ddr3/DMA_IOMMU_PicoRV32_VC707_DDR3.gen/sources_1/ip/vc707_mig/vc707_mig/user_design/rtl/controller/mig_7series_v4_2_bank_compare.v:74]
INFO: [Synth 8-6157] synthesizing module 'mig_7series_v4_2_bank_state' [d:/DMA_MMU_work/build/vivado/vc707_ddr3/DMA_IOMMU_PicoRV32_VC707_DDR3.gen/sources_1/ip/vc707_mig/vc707_mig/user_design/rtl/controller/mig_7series_v4_2_bank_state.v:141]
INFO: [Synth 8-6155] done synthesizing module 'mig_7series_v4_2_bank_state' (0#1) [d:/DMA_MMU_work/build/vivado/vc707_ddr3/DMA_IOMMU_PicoRV32_VC707_DDR3.gen/sources_1/ip/vc707_mig/vc707_mig/user_design/rtl/controller/mig_7series_v4_2_bank_state.v:141]
INFO: [Synth 8-6157] synthesizing module 'mig_7series_v4_2_bank_queue' [d:/DMA_MMU_work/build/vivado/vc707_ddr3/DMA_IOMMU_PicoRV32_VC707_DDR3.gen/sources_1/ip/vc707_mig/vc707_mig/user_design/rtl/controller/mig_7series_v4_2_bank_queue.v:174]
INFO: [Synth 8-6155] done synthesizing module 'mig_7series_v4_2_bank_queue' (0#1) [d:/DMA_MMU_work/build/vivado/vc707_ddr3/DMA_IOMMU_PicoRV32_VC707_DDR3.gen/sources_1/ip/vc707_mig/vc707_mig/user_design/rtl/controller/mig_7series_v4_2_bank_queue.v:174]
INFO: [Synth 8-6155] done synthesizing module 'mig_7series_v4_2_bank_cntrl' (0#1) [d:/DMA_MMU_work/build/vivado/vc707_ddr3/DMA_IOMMU_PicoRV32_VC707_DDR3.gen/sources_1/ip/vc707_mig/vc707_mig/user_design/rtl/controller/mig_7series_v4_2_bank_cntrl.v:70]
INFO: [Synth 8-6157] synthesizing module 'mig_7series_v4_2_bank_cntrl__parameterized0' [d:/DMA_MMU_work/build/vivado/vc707_ddr3/DMA_IOMMU_PicoRV32_VC707_DDR3.gen/sources_1/ip/vc707_mig/vc707_mig/user_design/rtl/controller/mig_7series_v4_2_bank_cntrl.v:70]
INFO: [Synth 8-6157] synthesizing module 'mig_7series_v4_2_bank_state__parameterized0' [d:/DMA_MMU_work/build/vivado/vc707_ddr3/DMA_IOMMU_PicoRV32_VC707_DDR3.gen/sources_1/ip/vc707_mig/vc707_mig/user_design/rtl/controller/mig_7series_v4_2_bank_state.v:141]
INFO: [Synth 8-6155] done synthesizing module 'mig_7series_v4_2_bank_state__parameterized0' (0#1) [d:/DMA_MMU_work/build/vivado/vc707_ddr3/DMA_IOMMU_PicoRV32_VC707_DDR3.gen/sources_1/ip/vc707_mig/vc707_mig/user_design/rtl/controller/mig_7series_v4_2_bank_state.v:141]
INFO: [Synth 8-6157] synthesizing module 'mig_7series_v4_2_bank_queue__parameterized0' [d:/DMA_MMU_work/build/vivado/vc707_ddr3/DMA_IOMMU_PicoRV32_VC707_DDR3.gen/sources_1/ip/vc707_mig/vc707_mig/user_design/rtl/controller/mig_7series_v4_2_bank_queue.v:174]
INFO: [Synth 8-6155] done synthesizing module 'mig_7series_v4_2_bank_queue__parameterized0' (0#1) [d:/DMA_MMU_work/build/vivado/vc707_ddr3/DMA_IOMMU_PicoRV32_VC707_DDR3.gen/sources_1/ip/vc707_mig/vc707_mig/user_design/rtl/controller/mig_7series_v4_2_bank_queue.v:174]
INFO: [Synth 8-6155] done synthesizing module 'mig_7series_v4_2_bank_cntrl__parameterized0' (0#1) [d:/DMA_MMU_work/build/vivado/vc707_ddr3/DMA_IOMMU_PicoRV32_VC707_DDR3.gen/sources_1/ip/vc707_mig/vc707_mig/user_design/rtl/controller/mig_7series_v4_2_bank_cntrl.v:70]
INFO: [Synth 8-6157] synthesizing module 'mig_7series_v4_2_bank_cntrl__parameterized1' [d:/DMA_MMU_work/build/vivado/vc707_ddr3/DMA_IOMMU_PicoRV32_VC707_DDR3.gen/sources_1/ip/vc707_mig/vc707_mig/user_design/rtl/controller/mig_7series_v4_2_bank_cntrl.v:70]
INFO: [Synth 8-6157] synthesizing module 'mig_7series_v4_2_bank_state__parameterized1' [d:/DMA_MMU_work/build/vivado/vc707_ddr3/DMA_IOMMU_PicoRV32_VC707_DDR3.gen/sources_1/ip/vc707_mig/vc707_mig/user_design/rtl/controller/mig_7series_v4_2_bank_state.v:141]
INFO: [Synth 8-6155] done synthesizing module 'mig_7series_v4_2_bank_state__parameterized1' (0#1) [d:/DMA_MMU_work/build/vivado/vc707_ddr3/DMA_IOMMU_PicoRV32_VC707_DDR3.gen/sources_1/ip/vc707_mig/vc707_mig/user_design/rtl/controller/mig_7series_v4_2_bank_state.v:141]
INFO: [Synth 8-6157] synthesizing module 'mig_7series_v4_2_bank_queue__parameterized1' [d:/DMA_MMU_work/build/vivado/vc707_ddr3/DMA_IOMMU_PicoRV32_VC707_DDR3.gen/sources_1/ip/vc707_mig/vc707_mig/user_design/rtl/controller/mig_7series_v4_2_bank_queue.v:174]
INFO: [Synth 8-6155] done synthesizing module 'mig_7series_v4_2_bank_queue__parameterized1' (0#1) [d:/DMA_MMU_work/build/vivado/vc707_ddr3/DMA_IOMMU_PicoRV32_VC707_DDR3.gen/sources_1/ip/vc707_mig/vc707_mig/user_design/rtl/controller/mig_7series_v4_2_bank_queue.v:174]
INFO: [Synth 8-6155] done synthesizing module 'mig_7series_v4_2_bank_cntrl__parameterized1' (0#1) [d:/DMA_MMU_work/build/vivado/vc707_ddr3/DMA_IOMMU_PicoRV32_VC707_DDR3.gen/sources_1/ip/vc707_mig/vc707_mig/user_design/rtl/controller/mig_7series_v4_2_bank_cntrl.v:70]
INFO: [Synth 8-6157] synthesizing module 'mig_7series_v4_2_bank_cntrl__parameterized2' [d:/DMA_MMU_work/build/vivado/vc707_ddr3/DMA_IOMMU_PicoRV32_VC707_DDR3.gen/sources_1/ip/vc707_mig/vc707_mig/user_design/rtl/controller/mig_7series_v4_2_bank_cntrl.v:70]
INFO: [Synth 8-6157] synthesizing module 'mig_7series_v4_2_bank_state__parameterized2' [d:/DMA_MMU_work/build/vivado/vc707_ddr3/DMA_IOMMU_PicoRV32_VC707_DDR3.gen/sources_1/ip/vc707_mig/vc707_mig/user_design/rtl/controller/mig_7series_v4_2_bank_state.v:141]
INFO: [Synth 8-6155] done synthesizing module 'mig_7series_v4_2_bank_state__parameterized2' (0#1) [d:/DMA_MMU_work/build/vivado/vc707_ddr3/DMA_IOMMU_PicoRV32_VC707_DDR3.gen/sources_1/ip/vc707_mig/vc707_mig/user_design/rtl/controller/mig_7series_v4_2_bank_state.v:141]
INFO: [Synth 8-6157] synthesizing module 'mig_7series_v4_2_bank_queue__parameterized2' [d:/DMA_MMU_work/build/vivado/vc707_ddr3/DMA_IOMMU_PicoRV32_VC707_DDR3.gen/sources_1/ip/vc707_mig/vc707_mig/user_design/rtl/controller/mig_7series_v4_2_bank_queue.v:174]
INFO: [Synth 8-6155] done synthesizing module 'mig_7series_v4_2_bank_queue__parameterized2' (0#1) [d:/DMA_MMU_work/build/vivado/vc707_ddr3/DMA_IOMMU_PicoRV32_VC707_DDR3.gen/sources_1/ip/vc707_mig/vc707_mig/user_design/rtl/controller/mig_7series_v4_2_bank_queue.v:174]
INFO: [Synth 8-6155] done synthesizing module 'mig_7series_v4_2_bank_cntrl__parameterized2' (0#1) [d:/DMA_MMU_work/build/vivado/vc707_ddr3/DMA_IOMMU_PicoRV32_VC707_DDR3.gen/sources_1/ip/vc707_mig/vc707_mig/user_design/rtl/controller/mig_7series_v4_2_bank_cntrl.v:70]
INFO: [Synth 8-6157] synthesizing module 'mig_7series_v4_2_bank_common' [d:/DMA_MMU_work/build/vivado/vc707_ddr3/DMA_IOMMU_PicoRV32_VC707_DDR3.gen/sources_1/ip/vc707_mig/vc707_mig/user_design/rtl/controller/mig_7series_v4_2_bank_common.v:73]
INFO: [Synth 8-6155] done synthesizing module 'mig_7series_v4_2_bank_common' (0#1) [d:/DMA_MMU_work/build/vivado/vc707_ddr3/DMA_IOMMU_PicoRV32_VC707_DDR3.gen/sources_1/ip/vc707_mig/vc707_mig/user_design/rtl/controller/mig_7series_v4_2_bank_common.v:73]
INFO: [Synth 8-6157] synthesizing module 'mig_7series_v4_2_arb_mux' [d:/DMA_MMU_work/build/vivado/vc707_ddr3/DMA_IOMMU_PicoRV32_VC707_DDR3.gen/sources_1/ip/vc707_mig/vc707_mig/user_design/rtl/controller/mig_7series_v4_2_arb_mux.v:69]
INFO: [Synth 8-6157] synthesizing module 'mig_7series_v4_2_arb_row_col' [d:/DMA_MMU_work/build/vivado/vc707_ddr3/DMA_IOMMU_PicoRV32_VC707_DDR3.gen/sources_1/ip/vc707_mig/vc707_mig/user_design/rtl/controller/mig_7series_v4_2_arb_row_col.v:83]
INFO: [Synth 8-6157] synthesizing module 'mig_7series_v4_2_round_robin_arb__parameterized1' [d:/DMA_MMU_work/build/vivado/vc707_ddr3/DMA_IOMMU_PicoRV32_VC707_DDR3.gen/sources_1/ip/vc707_mig/vc707_mig/user_design/rtl/controller/mig_7series_v4_2_round_robin_arb.v:121]
INFO: [Synth 8-6155] done synthesizing module 'mig_7series_v4_2_round_robin_arb__parameterized1' (0#1) [d:/DMA_MMU_work/build/vivado/vc707_ddr3/DMA_IOMMU_PicoRV32_VC707_DDR3.gen/sources_1/ip/vc707_mig/vc707_mig/user_design/rtl/controller/mig_7series_v4_2_round_robin_arb.v:121]
INFO: [Synth 8-6155] done synthesizing module 'mig_7series_v4_2_arb_row_col' (0#1) [d:/DMA_MMU_work/build/vivado/vc707_ddr3/DMA_IOMMU_PicoRV32_VC707_DDR3.gen/sources_1/ip/vc707_mig/vc707_mig/user_design/rtl/controller/mig_7series_v4_2_arb_row_col.v:83]
INFO: [Synth 8-6157] synthesizing module 'mig_7series_v4_2_arb_select' [d:/DMA_MMU_work/build/vivado/vc707_ddr3/DMA_IOMMU_PicoRV32_VC707_DDR3.gen/sources_1/ip/vc707_mig/vc707_mig/user_design/rtl/controller/mig_7series_v4_2_arb_select.v:75]
INFO: [Synth 8-6155] done synthesizing module 'mig_7series_v4_2_arb_select' (0#1) [d:/DMA_MMU_work/build/vivado/vc707_ddr3/DMA_IOMMU_PicoRV32_VC707_DDR3.gen/sources_1/ip/vc707_mig/vc707_mig/user_design/rtl/controller/mig_7series_v4_2_arb_select.v:75]
INFO: [Synth 8-6155] done synthesizing module 'mig_7series_v4_2_arb_mux' (0#1) [d:/DMA_MMU_work/build/vivado/vc707_ddr3/DMA_IOMMU_PicoRV32_VC707_DDR3.gen/sources_1/ip/vc707_mig/vc707_mig/user_design/rtl/controller/mig_7series_v4_2_arb_mux.v:69]
INFO: [Synth 8-6155] done synthesizing module 'mig_7series_v4_2_bank_mach' (0#1) [d:/DMA_MMU_work/build/vivado/vc707_ddr3/DMA_IOMMU_PicoRV32_VC707_DDR3.gen/sources_1/ip/vc707_mig/vc707_mig/user_design/rtl/controller/mig_7series_v4_2_bank_mach.v:72]
WARNING: [Synth 8-7071] port 'idle' of module 'mig_7series_v4_2_bank_mach' is unconnected for instance 'bank_mach0' [d:/DMA_MMU_work/build/vivado/vc707_ddr3/DMA_IOMMU_PicoRV32_VC707_DDR3.gen/sources_1/ip/vc707_mig/vc707_mig/user_design/rtl/controller/mig_7series_v4_2_mc.v:670]
WARNING: [Synth 8-7023] instance 'bank_mach0' of module 'mig_7series_v4_2_bank_mach' has 74 connections declared, but only 73 given [d:/DMA_MMU_work/build/vivado/vc707_ddr3/DMA_IOMMU_PicoRV32_VC707_DDR3.gen/sources_1/ip/vc707_mig/vc707_mig/user_design/rtl/controller/mig_7series_v4_2_mc.v:670]
INFO: [Synth 8-6157] synthesizing module 'mig_7series_v4_2_col_mach' [d:/DMA_MMU_work/build/vivado/vc707_ddr3/DMA_IOMMU_PicoRV32_VC707_DDR3.gen/sources_1/ip/vc707_mig/vc707_mig/user_design/rtl/controller/mig_7series_v4_2_col_mach.v:88]
INFO: [Synth 8-6157] synthesizing module 'RAM32M' [D:/2025.1/Vivado/scripts/rt/data/unisim_comp.v:147391]
INFO: [Synth 8-6155] done synthesizing module 'RAM32M' (0#1) [D:/2025.1/Vivado/scripts/rt/data/unisim_comp.v:147391]
INFO: [Synth 8-6155] done synthesizing module 'mig_7series_v4_2_col_mach' (0#1) [d:/DMA_MMU_work/build/vivado/vc707_ddr3/DMA_IOMMU_PicoRV32_VC707_DDR3.gen/sources_1/ip/vc707_mig/vc707_mig/user_design/rtl/controller/mig_7series_v4_2_col_mach.v:88]
INFO: [Synth 8-6155] done synthesizing module 'mig_7series_v4_2_mc' (0#1) [d:/DMA_MMU_work/build/vivado/vc707_ddr3/DMA_IOMMU_PicoRV32_VC707_DDR3.gen/sources_1/ip/vc707_mig/vc707_mig/user_design/rtl/controller/mig_7series_v4_2_mc.v:73]
INFO: [Synth 8-6157] synthesizing module 'mig_7series_v4_2_ddr_phy_top' [d:/DMA_MMU_work/build/vivado/vc707_ddr3/DMA_IOMMU_PicoRV32_VC707_DDR3.gen/sources_1/ip/vc707_mig/vc707_mig/user_design/rtl/phy/mig_7series_v4_2_ddr_phy_top.v:69]
INFO: [Synth 8-6157] synthesizing module 'mig_7series_v4_2_ddr_mc_phy_wrapper' [d:/DMA_MMU_work/build/vivado/vc707_ddr3/DMA_IOMMU_PicoRV32_VC707_DDR3.gen/sources_1/ip/vc707_mig/vc707_mig/user_design/rtl/phy/mig_7series_v4_2_ddr_mc_phy_wrapper.v:71]
INFO: [Synth 8-6157] synthesizing module 'OBUF' [D:/2025.1/Vivado/scripts/rt/data/unisim_comp.v:104261]
INFO: [Synth 8-6155] done synthesizing module 'OBUF' (0#1) [D:/2025.1/Vivado/scripts/rt/data/unisim_comp.v:104261]
INFO: [Synth 8-6157] synthesizing module 'OBUFT' [D:/2025.1/Vivado/scripts/rt/data/unisim_comp.v:104649]
INFO: [Synth 8-6155] done synthesizing module 'OBUFT' (0#1) [D:/2025.1/Vivado/scripts/rt/data/unisim_comp.v:104649]
INFO: [Synth 8-6157] synthesizing module 'IOBUF_DCIEN' [D:/2025.1/Vivado/scripts/rt/data/unisim_comp.v:81904]
INFO: [Synth 8-6155] done synthesizing module 'IOBUF_DCIEN' (0#1) [D:/2025.1/Vivado/scripts/rt/data/unisim_comp.v:81904]
INFO: [Synth 8-6157] synthesizing module 'IOBUFDS_DIFF_OUT_DCIEN' [D:/2025.1/Vivado/scripts/rt/data/unisim_comp.v:81621]
INFO: [Synth 8-6155] done synthesizing module 'IOBUFDS_DIFF_OUT_DCIEN' (0#1) [D:/2025.1/Vivado/scripts/rt/data/unisim_comp.v:81621]
WARNING: [Synth 8-7071] port 'IBUFDISABLE' of module 'IOBUFDS_DIFF_OUT_DCIEN' is unconnected for instance 'u_iobuf_dqs' [d:/DMA_MMU_work/build/vivado/vc707_ddr3/DMA_IOMMU_PicoRV32_VC707_DDR3.gen/sources_1/ip/vc707_mig/vc707_mig/user_design/rtl/phy/mig_7series_v4_2_ddr_mc_phy_wrapper.v:1261]
WARNING: [Synth 8-7023] instance 'u_iobuf_dqs' of module 'IOBUFDS_DIFF_OUT_DCIEN' has 9 connections declared, but only 8 given [d:/DMA_MMU_work/build/vivado/vc707_ddr3/DMA_IOMMU_PicoRV32_VC707_DDR3.gen/sources_1/ip/vc707_mig/vc707_mig/user_design/rtl/phy/mig_7series_v4_2_ddr_mc_phy_wrapper.v:1261]
INFO: [Synth 8-6157] synthesizing module 'mig_7series_v4_2_poc_pd' [d:/DMA_MMU_work/build/vivado/vc707_ddr3/DMA_IOMMU_PicoRV32_VC707_DDR3.gen/sources_1/ip/vc707_mig/vc707_mig/user_design/rtl/phy/mig_7series_v4_2_poc_pd.v:69]
INFO: [Synth 8-6157] synthesizing module 'IDDR' [D:/2025.1/Vivado/scripts/rt/data/unisim_comp.v:78842]
INFO: [Synth 8-6155] done synthesizing module 'IDDR' (0#1) [D:/2025.1/Vivado/scripts/rt/data/unisim_comp.v:78842]
INFO: [Synth 8-6155] done synthesizing module 'mig_7series_v4_2_poc_pd' (0#1) [d:/DMA_MMU_work/build/vivado/vc707_ddr3/DMA_IOMMU_PicoRV32_VC707_DDR3.gen/sources_1/ip/vc707_mig/vc707_mig/user_design/rtl/phy/mig_7series_v4_2_poc_pd.v:69]
WARNING: [Synth 8-7071] port 'IBUFDISABLE' of module 'IOBUFDS_DIFF_OUT_DCIEN' is unconnected for instance 'u_iobuf_dqs' [d:/DMA_MMU_work/build/vivado/vc707_ddr3/DMA_IOMMU_PicoRV32_VC707_DDR3.gen/sources_1/ip/vc707_mig/vc707_mig/user_design/rtl/phy/mig_7series_v4_2_ddr_mc_phy_wrapper.v:1261]
WARNING: [Synth 8-7023] instance 'u_iobuf_dqs' of module 'IOBUFDS_DIFF_OUT_DCIEN' has 9 connections declared, but only 8 given [d:/DMA_MMU_work/build/vivado/vc707_ddr3/DMA_IOMMU_PicoRV32_VC707_DDR3.gen/sources_1/ip/vc707_mig/vc707_mig/user_design/rtl/phy/mig_7series_v4_2_ddr_mc_phy_wrapper.v:1261]
WARNING: [Synth 8-7071] port 'IBUFDISABLE' of module 'IOBUFDS_DIFF_OUT_DCIEN' is unconnected for instance 'u_iobuf_dqs' [d:/DMA_MMU_work/build/vivado/vc707_ddr3/DMA_IOMMU_PicoRV32_VC707_DDR3.gen/sources_1/ip/vc707_mig/vc707_mig/user_design/rtl/phy/mig_7series_v4_2_ddr_mc_phy_wrapper.v:1261]
WARNING: [Synth 8-7023] instance 'u_iobuf_dqs' of module 'IOBUFDS_DIFF_OUT_DCIEN' has 9 connections declared, but only 8 given [d:/DMA_MMU_work/build/vivado/vc707_ddr3/DMA_IOMMU_PicoRV32_VC707_DDR3.gen/sources_1/ip/vc707_mig/vc707_mig/user_design/rtl/phy/mig_7series_v4_2_ddr_mc_phy_wrapper.v:1261]
WARNING: [Synth 8-7071] port 'IBUFDISABLE' of module 'IOBUFDS_DIFF_OUT_DCIEN' is unconnected for instance 'u_iobuf_dqs' [d:/DMA_MMU_work/build/vivado/vc707_ddr3/DMA_IOMMU_PicoRV32_VC707_DDR3.gen/sources_1/ip/vc707_mig/vc707_mig/user_design/rtl/phy/mig_7series_v4_2_ddr_mc_phy_wrapper.v:1261]
WARNING: [Synth 8-7023] instance 'u_iobuf_dqs' of module 'IOBUFDS_DIFF_OUT_DCIEN' has 9 connections declared, but only 8 given [d:/DMA_MMU_work/build/vivado/vc707_ddr3/DMA_IOMMU_PicoRV32_VC707_DDR3.gen/sources_1/ip/vc707_mig/vc707_mig/user_design/rtl/phy/mig_7series_v4_2_ddr_mc_phy_wrapper.v:1261]
WARNING: [Synth 8-7071] port 'IBUFDISABLE' of module 'IOBUFDS_DIFF_OUT_DCIEN' is unconnected for instance 'u_iobuf_dqs' [d:/DMA_MMU_work/build/vivado/vc707_ddr3/DMA_IOMMU_PicoRV32_VC707_DDR3.gen/sources_1/ip/vc707_mig/vc707_mig/user_design/rtl/phy/mig_7series_v4_2_ddr_mc_phy_wrapper.v:1261]
WARNING: [Synth 8-7023] instance 'u_iobuf_dqs' of module 'IOBUFDS_DIFF_OUT_DCIEN' has 9 connections declared, but only 8 given [d:/DMA_MMU_work/build/vivado/vc707_ddr3/DMA_IOMMU_PicoRV32_VC707_DDR3.gen/sources_1/ip/vc707_mig/vc707_mig/user_design/rtl/phy/mig_7series_v4_2_ddr_mc_phy_wrapper.v:1261]
WARNING: [Synth 8-7071] port 'IBUFDISABLE' of module 'IOBUFDS_DIFF_OUT_DCIEN' is unconnected for instance 'u_iobuf_dqs' [d:/DMA_MMU_work/build/vivado/vc707_ddr3/DMA_IOMMU_PicoRV32_VC707_DDR3.gen/sources_1/ip/vc707_mig/vc707_mig/user_design/rtl/phy/mig_7series_v4_2_ddr_mc_phy_wrapper.v:1261]
WARNING: [Synth 8-7023] instance 'u_iobuf_dqs' of module 'IOBUFDS_DIFF_OUT_DCIEN' has 9 connections declared, but only 8 given [d:/DMA_MMU_work/build/vivado/vc707_ddr3/DMA_IOMMU_PicoRV32_VC707_DDR3.gen/sources_1/ip/vc707_mig/vc707_mig/user_design/rtl/phy/mig_7series_v4_2_ddr_mc_phy_wrapper.v:1261]
WARNING: [Synth 8-7071] port 'IBUFDISABLE' of module 'IOBUFDS_DIFF_OUT_DCIEN' is unconnected for instance 'u_iobuf_dqs' [d:/DMA_MMU_work/build/vivado/vc707_ddr3/DMA_IOMMU_PicoRV32_VC707_DDR3.gen/sources_1/ip/vc707_mig/vc707_mig/user_design/rtl/phy/mig_7series_v4_2_ddr_mc_phy_wrapper.v:1261]
WARNING: [Synth 8-7023] instance 'u_iobuf_dqs' of module 'IOBUFDS_DIFF_OUT_DCIEN' has 9 connections declared, but only 8 given [d:/DMA_MMU_work/build/vivado/vc707_ddr3/DMA_IOMMU_PicoRV32_VC707_DDR3.gen/sources_1/ip/vc707_mig/vc707_mig/user_design/rtl/phy/mig_7series_v4_2_ddr_mc_phy_wrapper.v:1261]
WARNING: [Synth 8-7071] port 'IBUFDISABLE' of module 'IOBUFDS_DIFF_OUT_DCIEN' is unconnected for instance 'u_iobuf_dqs' [d:/DMA_MMU_work/build/vivado/vc707_ddr3/DMA_IOMMU_PicoRV32_VC707_DDR3.gen/sources_1/ip/vc707_mig/vc707_mig/user_design/rtl/phy/mig_7series_v4_2_ddr_mc_phy_wrapper.v:1261]
WARNING: [Synth 8-7023] instance 'u_iobuf_dqs' of module 'IOBUFDS_DIFF_OUT_DCIEN' has 9 connections declared, but only 8 given [d:/DMA_MMU_work/build/vivado/vc707_ddr3/DMA_IOMMU_PicoRV32_VC707_DDR3.gen/sources_1/ip/vc707_mig/vc707_mig/user_design/rtl/phy/mig_7series_v4_2_ddr_mc_phy_wrapper.v:1261]
INFO: [Synth 8-6157] synthesizing module 'mig_7series_v4_2_ddr_of_pre_fifo' [d:/DMA_MMU_work/build/vivado/vc707_ddr3/DMA_IOMMU_PicoRV32_VC707_DDR3.gen/sources_1/ip/vc707_mig/vc707_mig/user_design/rtl/phy/mig_7series_v4_2_ddr_of_pre_fifo.v:76]
INFO: [Synth 8-6155] done synthesizing module 'mig_7series_v4_2_ddr_of_pre_fifo' (0#1) [d:/DMA_MMU_work/build/vivado/vc707_ddr3/DMA_IOMMU_PicoRV32_VC707_DDR3.gen/sources_1/ip/vc707_mig/vc707_mig/user_design/rtl/phy/mig_7series_v4_2_ddr_of_pre_fifo.v:76]
WARNING: [Synth 8-7071] port 'afull' of module 'mig_7series_v4_2_ddr_of_pre_fifo' is unconnected for instance 'phy_ctl_pre_fifo_0' [d:/DMA_MMU_work/build/vivado/vc707_ddr3/DMA_IOMMU_PicoRV32_VC707_DDR3.gen/sources_1/ip/vc707_mig/vc707_mig/user_design/rtl/phy/mig_7series_v4_2_ddr_mc_phy_wrapper.v:1428]
WARNING: [Synth 8-7023] instance 'phy_ctl_pre_fifo_0' of module 'mig_7series_v4_2_ddr_of_pre_fifo' has 8 connections declared, but only 7 given [d:/DMA_MMU_work/build/vivado/vc707_ddr3/DMA_IOMMU_PicoRV32_VC707_DDR3.gen/sources_1/ip/vc707_mig/vc707_mig/user_design/rtl/phy/mig_7series_v4_2_ddr_mc_phy_wrapper.v:1428]
INFO: [Synth 8-6157] synthesizing module 'mig_7series_v4_2_ddr_of_pre_fifo__parameterized0' [d:/DMA_MMU_work/build/vivado/vc707_ddr3/DMA_IOMMU_PicoRV32_VC707_DDR3.gen/sources_1/ip/vc707_mig/vc707_mig/user_design/rtl/phy/mig_7series_v4_2_ddr_of_pre_fifo.v:76]
INFO: [Synth 8-6155] done synthesizing module 'mig_7series_v4_2_ddr_of_pre_fifo__parameterized0' (0#1) [d:/DMA_MMU_work/build/vivado/vc707_ddr3/DMA_IOMMU_PicoRV32_VC707_DDR3.gen/sources_1/ip/vc707_mig/vc707_mig/user_design/rtl/phy/mig_7series_v4_2_ddr_of_pre_fifo.v:76]
WARNING: [Synth 8-7071] port 'afull' of module 'mig_7series_v4_2_ddr_of_pre_fifo' is unconnected for instance 'phy_ctl_pre_fifo_1' [d:/DMA_MMU_work/build/vivado/vc707_ddr3/DMA_IOMMU_PicoRV32_VC707_DDR3.gen/sources_1/ip/vc707_mig/vc707_mig/user_design/rtl/phy/mig_7series_v4_2_ddr_mc_phy_wrapper.v:1445]
WARNING: [Synth 8-7023] instance 'phy_ctl_pre_fifo_1' of module 'mig_7series_v4_2_ddr_of_pre_fifo' has 8 connections declared, but only 7 given [d:/DMA_MMU_work/build/vivado/vc707_ddr3/DMA_IOMMU_PicoRV32_VC707_DDR3.gen/sources_1/ip/vc707_mig/vc707_mig/user_design/rtl/phy/mig_7series_v4_2_ddr_mc_phy_wrapper.v:1445]
WARNING: [Synth 8-7071] port 'afull' of module 'mig_7series_v4_2_ddr_of_pre_fifo' is unconnected for instance 'phy_ctl_pre_fifo_2' [d:/DMA_MMU_work/build/vivado/vc707_ddr3/DMA_IOMMU_PicoRV32_VC707_DDR3.gen/sources_1/ip/vc707_mig/vc707_mig/user_design/rtl/phy/mig_7series_v4_2_ddr_mc_phy_wrapper.v:1462]
WARNING: [Synth 8-7023] instance 'phy_ctl_pre_fifo_2' of module 'mig_7series_v4_2_ddr_of_pre_fifo' has 8 connections declared, but only 7 given [d:/DMA_MMU_work/build/vivado/vc707_ddr3/DMA_IOMMU_PicoRV32_VC707_DDR3.gen/sources_1/ip/vc707_mig/vc707_mig/user_design/rtl/phy/mig_7series_v4_2_ddr_mc_phy_wrapper.v:1462]
WARNING: [Synth 8-5974] attribute "use_dsp48" has been deprecated, please use "use_dsp" instead 
INFO: [Synth 8-6157] synthesizing module 'mig_7series_v4_2_ddr_mc_phy' [d:/DMA_MMU_work/build/vivado/vc707_ddr3/DMA_IOMMU_PicoRV32_VC707_DDR3.gen/sources_1/ip/vc707_mig/vc707_mig/user_design/rtl/phy/mig_7series_v4_2_ddr_mc_phy.v:70]
INFO: [Synth 8-6157] synthesizing module 'mig_7series_v4_2_ddr_phy_4lanes' [d:/DMA_MMU_work/build/vivado/vc707_ddr3/DMA_IOMMU_PicoRV32_VC707_DDR3.gen/sources_1/ip/vc707_mig/vc707_mig/user_design/rtl/phy/mig_7series_v4_2_ddr_phy_4lanes.v:72]
INFO: [Synth 8-6157] synthesizing module 'mig_7series_v4_2_ddr_byte_lane' [d:/DMA_MMU_work/build/vivado/vc707_ddr3/DMA_IOMMU_PicoRV32_VC707_DDR3.gen/sources_1/ip/vc707_mig/vc707_mig/user_design/rtl/phy/mig_7series_v4_2_ddr_byte_lane.v:68]
INFO: [Synth 8-6157] synthesizing module 'mig_7series_v4_2_ddr_if_post_fifo' [d:/DMA_MMU_work/build/vivado/vc707_ddr3/DMA_IOMMU_PicoRV32_VC707_DDR3.gen/sources_1/ip/vc707_mig/vc707_mig/user_design/rtl/phy/mig_7series_v4_2_ddr_if_post_fifo.v:67]
INFO: [Synth 8-155] case statement is not full and has no default [d:/DMA_MMU_work/build/vivado/vc707_ddr3/DMA_IOMMU_PicoRV32_VC707_DDR3.gen/sources_1/ip/vc707_mig/vc707_mig/user_design/rtl/phy/mig_7series_v4_2_ddr_if_post_fifo.v:109]
INFO: [Synth 8-6155] done synthesizing module 'mig_7series_v4_2_ddr_if_post_fifo' (0#1) [d:/DMA_MMU_work/build/vivado/vc707_ddr3/DMA_IOMMU_PicoRV32_VC707_DDR3.gen/sources_1/ip/vc707_mig/vc707_mig/user_design/rtl/phy/mig_7series_v4_2_ddr_if_post_fifo.v:67]
INFO: [Synth 8-6157] synthesizing module 'mig_7series_v4_2_ddr_of_pre_fifo__parameterized1' [d:/DMA_MMU_work/build/vivado/vc707_ddr3/DMA_IOMMU_PicoRV32_VC707_DDR3.gen/sources_1/ip/vc707_mig/vc707_mig/user_design/rtl/phy/mig_7series_v4_2_ddr_of_pre_fifo.v:76]
INFO: [Synth 8-6155] done synthesizing module 'mig_7series_v4_2_ddr_of_pre_fifo__parameterized1' (0#1) [d:/DMA_MMU_work/build/vivado/vc707_ddr3/DMA_IOMMU_PicoRV32_VC707_DDR3.gen/sources_1/ip/vc707_mig/vc707_mig/user_design/rtl/phy/mig_7series_v4_2_ddr_of_pre_fifo.v:76]
INFO: [Synth 8-6157] synthesizing module 'PHASER_IN_PHY' [D:/2025.1/Vivado/scripts/rt/data/unisim_comp.v:124273]
INFO: [Synth 8-6155] done synthesizing module 'PHASER_IN_PHY' (0#1) [D:/2025.1/Vivado/scripts/rt/data/unisim_comp.v:124273]
INFO: [Synth 8-6157] synthesizing module 'IN_FIFO' [D:/2025.1/Vivado/scripts/rt/data/unisim_comp.v:81366]
INFO: [Synth 8-6155] done synthesizing module 'IN_FIFO' (0#1) [D:/2025.1/Vivado/scripts/rt/data/unisim_comp.v:81366]
INFO: [Synth 8-6157] synthesizing module 'PHASER_OUT_PHY' [D:/2025.1/Vivado/scripts/rt/data/unisim_comp.v:124410]
INFO: [Synth 8-6155] done synthesizing module 'PHASER_OUT_PHY' (0#1) [D:/2025.1/Vivado/scripts/rt/data/unisim_comp.v:124410]
INFO: [Synth 8-6157] synthesizing module 'OUT_FIFO' [D:/2025.1/Vivado/scripts/rt/data/unisim_comp.v:108627]
INFO: [Synth 8-6155] done synthesizing module 'OUT_FIFO' (0#1) [D:/2025.1/Vivado/scripts/rt/data/unisim_comp.v:108627]
INFO: [Synth 8-6157] synthesizing module 'mig_7series_v4_2_ddr_byte_group_io' [d:/DMA_MMU_work/build/vivado/vc707_ddr3/DMA_IOMMU_PicoRV32_VC707_DDR3.gen/sources_1/ip/vc707_mig/vc707_mig/user_design/rtl/phy/mig_7series_v4_2_ddr_byte_group_io.v:68]
INFO: [Synth 8-6157] synthesizing module 'IDELAYE2_FINEDELAY' [D:/2025.1/Vivado/scripts/rt/data/unisim_comp.v:79019]
INFO: [Synth 8-6155] done synthesizing module 'IDELAYE2_FINEDELAY' (0#1) [D:/2025.1/Vivado/scripts/rt/data/unisim_comp.v:79019]
INFO: [Synth 8-6157] synthesizing module 'ISERDESE2' [D:/2025.1/Vivado/scripts/rt/data/unisim_comp.v:83998]
INFO: [Synth 8-6155] done synthesizing module 'ISERDESE2' (0#1) [D:/2025.1/Vivado/scripts/rt/data/unisim_comp.v:83998]
INFO: [Synth 8-6157] synthesizing module 'OSERDESE2' [D:/2025.1/Vivado/scripts/rt/data/unisim_comp.v:108512]
INFO: [Synth 8-6155] done synthesizing module 'OSERDESE2' (0#1) [D:/2025.1/Vivado/scripts/rt/data/unisim_comp.v:108512]
INFO: [Synth 8-6157] synthesizing module 'OSERDESE2__parameterized0' [D:/2025.1/Vivado/scripts/rt/data/unisim_comp.v:108512]
INFO: [Synth 8-6155] done synthesizing module 'OSERDESE2__parameterized0' (0#1) [D:/2025.1/Vivado/scripts/rt/data/unisim_comp.v:108512]
INFO: [Synth 8-6157] synthesizing module 'ODDR' [D:/2025.1/Vivado/scripts/rt/data/unisim_comp.v:107905]
INFO: [Synth 8-6155] done synthesizing module 'ODDR' (0#1) [D:/2025.1/Vivado/scripts/rt/data/unisim_comp.v:107905]
INFO: [Synth 8-6155] done synthesizing module 'mig_7series_v4_2_ddr_byte_group_io' (0#1) [d:/DMA_MMU_work/build/vivado/vc707_ddr3/DMA_IOMMU_PicoRV32_VC707_DDR3.gen/sources_1/ip/vc707_mig/vc707_mig/user_design/rtl/phy/mig_7series_v4_2_ddr_byte_group_io.v:68]
INFO: [Synth 8-6155] done synthesizing module 'mig_7series_v4_2_ddr_byte_lane' (0#1) [d:/DMA_MMU_work/build/vivado/vc707_ddr3/DMA_IOMMU_PicoRV32_VC707_DDR3.gen/sources_1/ip/vc707_mig/vc707_mig/user_design/rtl/phy/mig_7series_v4_2_ddr_byte_lane.v:68]
INFO: [Synth 8-6157] synthesizing module 'mig_7series_v4_2_ddr_byte_lane__parameterized0' [d:/DMA_MMU_work/build/vivado/vc707_ddr3/DMA_IOMMU_PicoRV32_VC707_DDR3.gen/sources_1/ip/vc707_mig/vc707_mig/user_design/rtl/phy/mig_7series_v4_2_ddr_byte_lane.v:68]
INFO: [Synth 8-6157] synthesizing module 'mig_7series_v4_2_ddr_byte_group_io__parameterized0' [d:/DMA_MMU_work/build/vivado/vc707_ddr3/DMA_IOMMU_PicoRV32_VC707_DDR3.gen/sources_1/ip/vc707_mig/vc707_mig/user_design/rtl/phy/mig_7series_v4_2_ddr_byte_group_io.v:68]
INFO: [Synth 8-6155] done synthesizing module 'mig_7series_v4_2_ddr_byte_group_io__parameterized0' (0#1) [d:/DMA_MMU_work/build/vivado/vc707_ddr3/DMA_IOMMU_PicoRV32_VC707_DDR3.gen/sources_1/ip/vc707_mig/vc707_mig/user_design/rtl/phy/mig_7series_v4_2_ddr_byte_group_io.v:68]
INFO: [Synth 8-6155] done synthesizing module 'mig_7series_v4_2_ddr_byte_lane__parameterized0' (0#1) [d:/DMA_MMU_work/build/vivado/vc707_ddr3/DMA_IOMMU_PicoRV32_VC707_DDR3.gen/sources_1/ip/vc707_mig/vc707_mig/user_design/rtl/phy/mig_7series_v4_2_ddr_byte_lane.v:68]
INFO: [Synth 8-6157] synthesizing module 'mig_7series_v4_2_ddr_byte_lane__parameterized1' [d:/DMA_MMU_work/build/vivado/vc707_ddr3/DMA_IOMMU_PicoRV32_VC707_DDR3.gen/sources_1/ip/vc707_mig/vc707_mig/user_design/rtl/phy/mig_7series_v4_2_ddr_byte_lane.v:68]
INFO: [Synth 8-6157] synthesizing module 'mig_7series_v4_2_ddr_byte_group_io__parameterized1' [d:/DMA_MMU_work/build/vivado/vc707_ddr3/DMA_IOMMU_PicoRV32_VC707_DDR3.gen/sources_1/ip/vc707_mig/vc707_mig/user_design/rtl/phy/mig_7series_v4_2_ddr_byte_group_io.v:68]
INFO: [Synth 8-6155] done synthesizing module 'mig_7series_v4_2_ddr_byte_group_io__parameterized1' (0#1) [d:/DMA_MMU_work/build/vivado/vc707_ddr3/DMA_IOMMU_PicoRV32_VC707_DDR3.gen/sources_1/ip/vc707_mig/vc707_mig/user_design/rtl/phy/mig_7series_v4_2_ddr_byte_group_io.v:68]
INFO: [Synth 8-6155] done synthesizing module 'mig_7series_v4_2_ddr_byte_lane__parameterized1' (0#1) [d:/DMA_MMU_work/build/vivado/vc707_ddr3/DMA_IOMMU_PicoRV32_VC707_DDR3.gen/sources_1/ip/vc707_mig/vc707_mig/user_design/rtl/phy/mig_7series_v4_2_ddr_byte_lane.v:68]
INFO: [Synth 8-6157] synthesizing module 'mig_7series_v4_2_ddr_byte_lane__parameterized2' [d:/DMA_MMU_work/build/vivado/vc707_ddr3/DMA_IOMMU_PicoRV32_VC707_DDR3.gen/sources_1/ip/vc707_mig/vc707_mig/user_design/rtl/phy/mig_7series_v4_2_ddr_byte_lane.v:68]
INFO: [Synth 8-6157] synthesizing module 'mig_7series_v4_2_ddr_byte_group_io__parameterized2' [d:/DMA_MMU_work/build/vivado/vc707_ddr3/DMA_IOMMU_PicoRV32_VC707_DDR3.gen/sources_1/ip/vc707_mig/vc707_mig/user_design/rtl/phy/mig_7series_v4_2_ddr_byte_group_io.v:68]
INFO: [Synth 8-6155] done synthesizing module 'mig_7series_v4_2_ddr_byte_group_io__parameterized2' (0#1) [d:/DMA_MMU_work/build/vivado/vc707_ddr3/DMA_IOMMU_PicoRV32_VC707_DDR3.gen/sources_1/ip/vc707_mig/vc707_mig/user_design/rtl/phy/mig_7series_v4_2_ddr_byte_group_io.v:68]
INFO: [Synth 8-6155] done synthesizing module 'mig_7series_v4_2_ddr_byte_lane__parameterized2' (0#1) [d:/DMA_MMU_work/build/vivado/vc707_ddr3/DMA_IOMMU_PicoRV32_VC707_DDR3.gen/sources_1/ip/vc707_mig/vc707_mig/user_design/rtl/phy/mig_7series_v4_2_ddr_byte_lane.v:68]
INFO: [Synth 8-6157] synthesizing module 'BUFIO' [D:/2025.1/Vivado/scripts/rt/data/unisim_comp.v:2951]
INFO: [Synth 8-6155] done synthesizing module 'BUFIO' (0#1) [D:/2025.1/Vivado/scripts/rt/data/unisim_comp.v:2951]
INFO: [Synth 8-6157] synthesizing module 'PHY_CONTROL' [D:/2025.1/Vivado/scripts/rt/data/unisim_comp.v:124501]
INFO: [Synth 8-6155] done synthesizing module 'PHY_CONTROL' (0#1) [D:/2025.1/Vivado/scripts/rt/data/unisim_comp.v:124501]
INFO: [Synth 8-226] default block is never used [d:/DMA_MMU_work/build/vivado/vc707_ddr3/DMA_IOMMU_PicoRV32_VC707_DDR3.gen/sources_1/ip/vc707_mig/vc707_mig/user_design/rtl/phy/mig_7series_v4_2_ddr_phy_4lanes.v:1557]
INFO: [Synth 8-6157] synthesizing module 'PHASER_REF' [D:/2025.1/Vivado/scripts/rt/data/unisim_comp.v:124485]
INFO: [Synth 8-6155] done synthesizing module 'PHASER_REF' (0#1) [D:/2025.1/Vivado/scripts/rt/data/unisim_comp.v:124485]
INFO: [Synth 8-6155] done synthesizing module 'mig_7series_v4_2_ddr_phy_4lanes' (0#1) [d:/DMA_MMU_work/build/vivado/vc707_ddr3/DMA_IOMMU_PicoRV32_VC707_DDR3.gen/sources_1/ip/vc707_mig/vc707_mig/user_design/rtl/phy/mig_7series_v4_2_ddr_phy_4lanes.v:72]
INFO: [Synth 8-6157] synthesizing module 'mig_7series_v4_2_ddr_phy_4lanes__parameterized0' [d:/DMA_MMU_work/build/vivado/vc707_ddr3/DMA_IOMMU_PicoRV32_VC707_DDR3.gen/sources_1/ip/vc707_mig/vc707_mig/user_design/rtl/phy/mig_7series_v4_2_ddr_phy_4lanes.v:72]
INFO: [Synth 8-6157] synthesizing module 'mig_7series_v4_2_ddr_byte_lane__parameterized3' [d:/DMA_MMU_work/build/vivado/vc707_ddr3/DMA_IOMMU_PicoRV32_VC707_DDR3.gen/sources_1/ip/vc707_mig/vc707_mig/user_design/rtl/phy/mig_7series_v4_2_ddr_byte_lane.v:68]
INFO: [Synth 8-6157] synthesizing module 'OBUFDS' [D:/2025.1/Vivado/scripts/rt/data/unisim_comp.v:104275]
INFO: [Synth 8-6155] done synthesizing module 'OBUFDS' (0#1) [D:/2025.1/Vivado/scripts/rt/data/unisim_comp.v:104275]
INFO: [Synth 8-6157] synthesizing module 'PHASER_OUT_PHY__parameterized0' [D:/2025.1/Vivado/scripts/rt/data/unisim_comp.v:124410]
INFO: [Synth 8-6155] done synthesizing module 'PHASER_OUT_PHY__parameterized0' (0#1) [D:/2025.1/Vivado/scripts/rt/data/unisim_comp.v:124410]
INFO: [Synth 8-6157] synthesizing module 'OUT_FIFO__parameterized0' [D:/2025.1/Vivado/scripts/rt/data/unisim_comp.v:108627]
INFO: [Synth 8-6155] done synthesizing module 'OUT_FIFO__parameterized0' (0#1) [D:/2025.1/Vivado/scripts/rt/data/unisim_comp.v:108627]
INFO: [Synth 8-6157] synthesizing module 'mig_7series_v4_2_ddr_byte_group_io__parameterized3' [d:/DMA_MMU_work/build/vivado/vc707_ddr3/DMA_IOMMU_PicoRV32_VC707_DDR3.gen/sources_1/ip/vc707_mig/vc707_mig/user_design/rtl/phy/mig_7series_v4_2_ddr_byte_group_io.v:68]
INFO: [Synth 8-6157] synthesizing module 'OSERDESE2__parameterized1' [D:/2025.1/Vivado/scripts/rt/data/unisim_comp.v:108512]
INFO: [Synth 8-6155] done synthesizing module 'OSERDESE2__parameterized1' (0#1) [D:/2025.1/Vivado/scripts/rt/data/unisim_comp.v:108512]
INFO: [Synth 8-6155] done synthesizing module 'mig_7series_v4_2_ddr_byte_group_io__parameterized3' (0#1) [d:/DMA_MMU_work/build/vivado/vc707_ddr3/DMA_IOMMU_PicoRV32_VC707_DDR3.gen/sources_1/ip/vc707_mig/vc707_mig/user_design/rtl/phy/mig_7series_v4_2_ddr_byte_group_io.v:68]
INFO: [Synth 8-6155] done synthesizing module 'mig_7series_v4_2_ddr_byte_lane__parameterized3' (0#1) [d:/DMA_MMU_work/build/vivado/vc707_ddr3/DMA_IOMMU_PicoRV32_VC707_DDR3.gen/sources_1/ip/vc707_mig/vc707_mig/user_design/rtl/phy/mig_7series_v4_2_ddr_byte_lane.v:68]
INFO: [Synth 8-6157] synthesizing module 'mig_7series_v4_2_ddr_byte_lane__parameterized4' [d:/DMA_MMU_work/build/vivado/vc707_ddr3/DMA_IOMMU_PicoRV32_VC707_DDR3.gen/sources_1/ip/vc707_mig/vc707_mig/user_design/rtl/phy/mig_7series_v4_2_ddr_byte_lane.v:68]
INFO: [Synth 8-6157] synthesizing module 'mig_7series_v4_2_ddr_byte_group_io__parameterized4' [d:/DMA_MMU_work/build/vivado/vc707_ddr3/DMA_IOMMU_PicoRV32_VC707_DDR3.gen/sources_1/ip/vc707_mig/vc707_mig/user_design/rtl/phy/mig_7series_v4_2_ddr_byte_group_io.v:68]
INFO: [Synth 8-6155] done synthesizing module 'mig_7series_v4_2_ddr_byte_group_io__parameterized4' (0#1) [d:/DMA_MMU_work/build/vivado/vc707_ddr3/DMA_IOMMU_PicoRV32_VC707_DDR3.gen/sources_1/ip/vc707_mig/vc707_mig/user_design/rtl/phy/mig_7series_v4_2_ddr_byte_group_io.v:68]
INFO: [Synth 8-6155] done synthesizing module 'mig_7series_v4_2_ddr_byte_lane__parameterized4' (0#1) [d:/DMA_MMU_work/build/vivado/vc707_ddr3/DMA_IOMMU_PicoRV32_VC707_DDR3.gen/sources_1/ip/vc707_mig/vc707_mig/user_design/rtl/phy/mig_7series_v4_2_ddr_byte_lane.v:68]
INFO: [Synth 8-6157] synthesizing module 'mig_7series_v4_2_ddr_byte_lane__parameterized5' [d:/DMA_MMU_work/build/vivado/vc707_ddr3/DMA_IOMMU_PicoRV32_VC707_DDR3.gen/sources_1/ip/vc707_mig/vc707_mig/user_design/rtl/phy/mig_7series_v4_2_ddr_byte_lane.v:68]
INFO: [Synth 8-6157] synthesizing module 'mig_7series_v4_2_ddr_byte_group_io__parameterized5' [d:/DMA_MMU_work/build/vivado/vc707_ddr3/DMA_IOMMU_PicoRV32_VC707_DDR3.gen/sources_1/ip/vc707_mig/vc707_mig/user_design/rtl/phy/mig_7series_v4_2_ddr_byte_group_io.v:68]
INFO: [Synth 8-6155] done synthesizing module 'mig_7series_v4_2_ddr_byte_group_io__parameterized5' (0#1) [d:/DMA_MMU_work/build/vivado/vc707_ddr3/DMA_IOMMU_PicoRV32_VC707_DDR3.gen/sources_1/ip/vc707_mig/vc707_mig/user_design/rtl/phy/mig_7series_v4_2_ddr_byte_group_io.v:68]
INFO: [Synth 8-6155] done synthesizing module 'mig_7series_v4_2_ddr_byte_lane__parameterized5' (0#1) [d:/DMA_MMU_work/build/vivado/vc707_ddr3/DMA_IOMMU_PicoRV32_VC707_DDR3.gen/sources_1/ip/vc707_mig/vc707_mig/user_design/rtl/phy/mig_7series_v4_2_ddr_byte_lane.v:68]
INFO: [Synth 8-6157] synthesizing module 'PHY_CONTROL__parameterized0' [D:/2025.1/Vivado/scripts/rt/data/unisim_comp.v:124501]
INFO: [Synth 8-6155] done synthesizing module 'PHY_CONTROL__parameterized0' (0#1) [D:/2025.1/Vivado/scripts/rt/data/unisim_comp.v:124501]
INFO: [Synth 8-226] default block is never used [d:/DMA_MMU_work/build/vivado/vc707_ddr3/DMA_IOMMU_PicoRV32_VC707_DDR3.gen/sources_1/ip/vc707_mig/vc707_mig/user_design/rtl/phy/mig_7series_v4_2_ddr_phy_4lanes.v:1557]
INFO: [Synth 8-6155] done synthesizing module 'mig_7series_v4_2_ddr_phy_4lanes__parameterized0' (0#1) [d:/DMA_MMU_work/build/vivado/vc707_ddr3/DMA_IOMMU_PicoRV32_VC707_DDR3.gen/sources_1/ip/vc707_mig/vc707_mig/user_design/rtl/phy/mig_7series_v4_2_ddr_phy_4lanes.v:72]
INFO: [Synth 8-6157] synthesizing module 'mig_7series_v4_2_ddr_phy_4lanes__parameterized1' [d:/DMA_MMU_work/build/vivado/vc707_ddr3/DMA_IOMMU_PicoRV32_VC707_DDR3.gen/sources_1/ip/vc707_mig/vc707_mig/user_design/rtl/phy/mig_7series_v4_2_ddr_phy_4lanes.v:72]
INFO: [Synth 8-6157] synthesizing module 'mig_7series_v4_2_ddr_byte_lane__parameterized6' [d:/DMA_MMU_work/build/vivado/vc707_ddr3/DMA_IOMMU_PicoRV32_VC707_DDR3.gen/sources_1/ip/vc707_mig/vc707_mig/user_design/rtl/phy/mig_7series_v4_2_ddr_byte_lane.v:68]
INFO: [Synth 8-6157] synthesizing module 'mig_7series_v4_2_ddr_byte_group_io__parameterized6' [d:/DMA_MMU_work/build/vivado/vc707_ddr3/DMA_IOMMU_PicoRV32_VC707_DDR3.gen/sources_1/ip/vc707_mig/vc707_mig/user_design/rtl/phy/mig_7series_v4_2_ddr_byte_group_io.v:68]
INFO: [Synth 8-6155] done synthesizing module 'mig_7series_v4_2_ddr_byte_group_io__parameterized6' (0#1) [d:/DMA_MMU_work/build/vivado/vc707_ddr3/DMA_IOMMU_PicoRV32_VC707_DDR3.gen/sources_1/ip/vc707_mig/vc707_mig/user_design/rtl/phy/mig_7series_v4_2_ddr_byte_group_io.v:68]
INFO: [Synth 8-6155] done synthesizing module 'mig_7series_v4_2_ddr_byte_lane__parameterized6' (0#1) [d:/DMA_MMU_work/build/vivado/vc707_ddr3/DMA_IOMMU_PicoRV32_VC707_DDR3.gen/sources_1/ip/vc707_mig/vc707_mig/user_design/rtl/phy/mig_7series_v4_2_ddr_byte_lane.v:68]
INFO: [Synth 8-6157] synthesizing module 'mig_7series_v4_2_ddr_byte_lane__parameterized7' [d:/DMA_MMU_work/build/vivado/vc707_ddr3/DMA_IOMMU_PicoRV32_VC707_DDR3.gen/sources_1/ip/vc707_mig/vc707_mig/user_design/rtl/phy/mig_7series_v4_2_ddr_byte_lane.v:68]
INFO: [Synth 8-6157] synthesizing module 'mig_7series_v4_2_ddr_byte_group_io__parameterized7' [d:/DMA_MMU_work/build/vivado/vc707_ddr3/DMA_IOMMU_PicoRV32_VC707_DDR3.gen/sources_1/ip/vc707_mig/vc707_mig/user_design/rtl/phy/mig_7series_v4_2_ddr_byte_group_io.v:68]
INFO: [Synth 8-6155] done synthesizing module 'mig_7series_v4_2_ddr_byte_group_io__parameterized7' (0#1) [d:/DMA_MMU_work/build/vivado/vc707_ddr3/DMA_IOMMU_PicoRV32_VC707_DDR3.gen/sources_1/ip/vc707_mig/vc707_mig/user_design/rtl/phy/mig_7series_v4_2_ddr_byte_group_io.v:68]
INFO: [Synth 8-6155] done synthesizing module 'mig_7series_v4_2_ddr_byte_lane__parameterized7' (0#1) [d:/DMA_MMU_work/build/vivado/vc707_ddr3/DMA_IOMMU_PicoRV32_VC707_DDR3.gen/sources_1/ip/vc707_mig/vc707_mig/user_design/rtl/phy/mig_7series_v4_2_ddr_byte_lane.v:68]
INFO: [Synth 8-6157] synthesizing module 'mig_7series_v4_2_ddr_byte_lane__parameterized8' [d:/DMA_MMU_work/build/vivado/vc707_ddr3/DMA_IOMMU_PicoRV32_VC707_DDR3.gen/sources_1/ip/vc707_mig/vc707_mig/user_design/rtl/phy/mig_7series_v4_2_ddr_byte_lane.v:68]
INFO: [Synth 8-6157] synthesizing module 'mig_7series_v4_2_ddr_byte_group_io__parameterized8' [d:/DMA_MMU_work/build/vivado/vc707_ddr3/DMA_IOMMU_PicoRV32_VC707_DDR3.gen/sources_1/ip/vc707_mig/vc707_mig/user_design/rtl/phy/mig_7series_v4_2_ddr_byte_group_io.v:68]
INFO: [Synth 8-6155] done synthesizing module 'mig_7series_v4_2_ddr_byte_group_io__parameterized8' (0#1) [d:/DMA_MMU_work/build/vivado/vc707_ddr3/DMA_IOMMU_PicoRV32_VC707_DDR3.gen/sources_1/ip/vc707_mig/vc707_mig/user_design/rtl/phy/mig_7series_v4_2_ddr_byte_group_io.v:68]
INFO: [Synth 8-6155] done synthesizing module 'mig_7series_v4_2_ddr_byte_lane__parameterized8' (0#1) [d:/DMA_MMU_work/build/vivado/vc707_ddr3/DMA_IOMMU_PicoRV32_VC707_DDR3.gen/sources_1/ip/vc707_mig/vc707_mig/user_design/rtl/phy/mig_7series_v4_2_ddr_byte_lane.v:68]
INFO: [Synth 8-6157] synthesizing module 'mig_7series_v4_2_ddr_byte_lane__parameterized9' [d:/DMA_MMU_work/build/vivado/vc707_ddr3/DMA_IOMMU_PicoRV32_VC707_DDR3.gen/sources_1/ip/vc707_mig/vc707_mig/user_design/rtl/phy/mig_7series_v4_2_ddr_byte_lane.v:68]
INFO: [Synth 8-6157] synthesizing module 'mig_7series_v4_2_ddr_byte_group_io__parameterized9' [d:/DMA_MMU_work/build/vivado/vc707_ddr3/DMA_IOMMU_PicoRV32_VC707_DDR3.gen/sources_1/ip/vc707_mig/vc707_mig/user_design/rtl/phy/mig_7series_v4_2_ddr_byte_group_io.v:68]
INFO: [Synth 8-6155] done synthesizing module 'mig_7series_v4_2_ddr_byte_group_io__parameterized9' (0#1) [d:/DMA_MMU_work/build/vivado/vc707_ddr3/DMA_IOMMU_PicoRV32_VC707_DDR3.gen/sources_1/ip/vc707_mig/vc707_mig/user_design/rtl/phy/mig_7series_v4_2_ddr_byte_group_io.v:68]
INFO: [Synth 8-6155] done synthesizing module 'mig_7series_v4_2_ddr_byte_lane__parameterized9' (0#1) [d:/DMA_MMU_work/build/vivado/vc707_ddr3/DMA_IOMMU_PicoRV32_VC707_DDR3.gen/sources_1/ip/vc707_mig/vc707_mig/user_design/rtl/phy/mig_7series_v4_2_ddr_byte_lane.v:68]
INFO: [Synth 8-226] default block is never used [d:/DMA_MMU_work/build/vivado/vc707_ddr3/DMA_IOMMU_PicoRV32_VC707_DDR3.gen/sources_1/ip/vc707_mig/vc707_mig/user_design/rtl/phy/mig_7series_v4_2_ddr_phy_4lanes.v:1557]
INFO: [Synth 8-6155] done synthesizing module 'mig_7series_v4_2_ddr_phy_4lanes__parameterized1' (0#1) [d:/DMA_MMU_work/build/vivado/vc707_ddr3/DMA_IOMMU_PicoRV32_VC707_DDR3.gen/sources_1/ip/vc707_mig/vc707_mig/user_design/rtl/phy/mig_7series_v4_2_ddr_phy_4lanes.v:72]
INFO: [Synth 8-6155] done synthesizing module 'mig_7series_v4_2_ddr_mc_phy' (0#1) [d:/DMA_MMU_work/build/vivado/vc707_ddr3/DMA_IOMMU_PicoRV32_VC707_DDR3.gen/sources_1/ip/vc707_mig/vc707_mig/user_design/rtl/phy/mig_7series_v4_2_ddr_mc_phy.v:70]
WARNING: [Synth 8-7071] port 'of_data_a_full' of module 'mig_7series_v4_2_ddr_mc_phy' is unconnected for instance 'u_ddr_mc_phy' [d:/DMA_MMU_work/build/vivado/vc707_ddr3/DMA_IOMMU_PicoRV32_VC707_DDR3.gen/sources_1/ip/vc707_mig/vc707_mig/user_design/rtl/phy/mig_7series_v4_2_ddr_mc_phy_wrapper.v:1579]
WARNING: [Synth 8-7023] instance 'u_ddr_mc_phy' of module 'mig_7series_v4_2_ddr_mc_phy' has 89 connections declared, but only 88 given [d:/DMA_MMU_work/build/vivado/vc707_ddr3/DMA_IOMMU_PicoRV32_VC707_DDR3.gen/sources_1/ip/vc707_mig/vc707_mig/user_design/rtl/phy/mig_7series_v4_2_ddr_mc_phy_wrapper.v:1579]
INFO: [Synth 8-6155] done synthesizing module 'mig_7series_v4_2_ddr_mc_phy_wrapper' (0#1) [d:/DMA_MMU_work/build/vivado/vc707_ddr3/DMA_IOMMU_PicoRV32_VC707_DDR3.gen/sources_1/ip/vc707_mig/vc707_mig/user_design/rtl/phy/mig_7series_v4_2_ddr_mc_phy_wrapper.v:71]
INFO: [Synth 8-6157] synthesizing module 'mig_7series_v4_2_ddr_calib_top' [d:/DMA_MMU_work/build/vivado/vc707_ddr3/DMA_IOMMU_PicoRV32_VC707_DDR3.gen/sources_1/ip/vc707_mig/vc707_mig/user_design/rtl/phy/mig_7series_v4_2_ddr_calib_top.v:81]
INFO: [Common 17-14] Message 'Synth 8-6157' appears 100 times and further instances of the messages will be disabled. Use the Tcl command set_msg_config to change the current settings.
INFO: [Synth 8-155] case statement is not full and has no default [d:/DMA_MMU_work/build/vivado/vc707_ddr3/DMA_IOMMU_PicoRV32_VC707_DDR3.gen/sources_1/ip/vc707_mig/vc707_mig/user_design/rtl/phy/mig_7series_v4_2_ddr_phy_wrlvl.v:797]
INFO: [Synth 8-6155] done synthesizing module 'mig_7series_v4_2_ddr_phy_wrlvl' (0#1) [d:/DMA_MMU_work/build/vivado/vc707_ddr3/DMA_IOMMU_PicoRV32_VC707_DDR3.gen/sources_1/ip/vc707_mig/vc707_mig/user_design/rtl/phy/mig_7series_v4_2_ddr_phy_wrlvl.v:90]
INFO: [Synth 8-6155] done synthesizing module 'mig_7series_v4_2_ddr_phy_ck_addr_cmd_delay' (0#1) [d:/DMA_MMU_work/build/vivado/vc707_ddr3/DMA_IOMMU_PicoRV32_VC707_DDR3.gen/sources_1/ip/vc707_mig/vc707_mig/user_design/rtl/phy/mig_7series_v4_2_ddr_phy_ck_addr_cmd_delay.v:68]
INFO: [Synth 8-6155] done synthesizing module 'mig_7series_v4_2_ddr_phy_ocd_lim' (0#1) [d:/DMA_MMU_work/build/vivado/vc707_ddr3/DMA_IOMMU_PicoRV32_VC707_DDR3.gen/sources_1/ip/vc707_mig/vc707_mig/user_design/rtl/phy/mig_7series_v4_2_ddr_phy_ocd_lim.v:68]
INFO: [Synth 8-6155] done synthesizing module 'mig_7series_v4_2_poc_tap_base' (0#1) [d:/DMA_MMU_work/build/vivado/vc707_ddr3/DMA_IOMMU_PicoRV32_VC707_DDR3.gen/sources_1/ip/vc707_mig/vc707_mig/user_design/rtl/phy/mig_7series_v4_2_poc_tap_base.v:98]
INFO: [Synth 8-155] case statement is not full and has no default [d:/DMA_MMU_work/build/vivado/vc707_ddr3/DMA_IOMMU_PicoRV32_VC707_DDR3.gen/sources_1/ip/vc707_mig/vc707_mig/user_design/rtl/phy/mig_7series_v4_2_poc_meta.v:192]
INFO: [Synth 8-6155] done synthesizing module 'mig_7series_v4_2_poc_meta' (0#1) [d:/DMA_MMU_work/build/vivado/vc707_ddr3/DMA_IOMMU_PicoRV32_VC707_DDR3.gen/sources_1/ip/vc707_mig/vc707_mig/user_design/rtl/phy/mig_7series_v4_2_poc_meta.v:105]
INFO: [Synth 8-6155] done synthesizing module 'mig_7series_v4_2_poc_edge_store' (0#1) [d:/DMA_MMU_work/build/vivado/vc707_ddr3/DMA_IOMMU_PicoRV32_VC707_DDR3.gen/sources_1/ip/vc707_mig/vc707_mig/user_design/rtl/phy/mig_7series_v4_2_poc_edge_store.v:67]
INFO: [Common 17-14] Message 'Synth 8-6155' appears 100 times and further instances of the messages will be disabled. Use the Tcl command set_msg_config to change the current settings.
INFO: [Synth 8-155] case statement is not full and has no default [d:/DMA_MMU_work/build/vivado/vc707_ddr3/DMA_IOMMU_PicoRV32_VC707_DDR3.gen/sources_1/ip/vc707_mig/vc707_mig/user_design/rtl/phy/mig_7series_v4_2_ddr_phy_ocd_edge.v:183]
INFO: [Synth 8-155] case statement is not full and has no default [d:/DMA_MMU_work/build/vivado/vc707_ddr3/DMA_IOMMU_PicoRV32_VC707_DDR3.gen/sources_1/ip/vc707_mig/vc707_mig/user_design/rtl/phy/mig_7series_v4_2_ddr_phy_ocd_po_cntlr.v:419]
WARNING: [Synth 8-5974] attribute "use_dsp48" has been deprecated, please use "use_dsp" instead 
INFO: [Synth 8-155] case statement is not full and has no default [d:/DMA_MMU_work/build/vivado/vc707_ddr3/DMA_IOMMU_PicoRV32_VC707_DDR3.gen/sources_1/ip/vc707_mig/vc707_mig/user_design/rtl/phy/mig_7series_v4_2_ddr_phy_rdlvl.v:2745]
INFO: [Synth 8-155] case statement is not full and has no default [d:/DMA_MMU_work/build/vivado/vc707_ddr3/DMA_IOMMU_PicoRV32_VC707_DDR3.gen/sources_1/ip/vc707_mig/vc707_mig/user_design/rtl/phy/mig_7series_v4_2_ddr_phy_prbs_rdlvl.v:1151]
WARNING: [Synth 8-7186] Applying attribute ram_style = "distributed" is ignored, object 'rd_addr' is not inferred as ram due to incorrect usage [d:/DMA_MMU_work/build/vivado/vc707_ddr3/DMA_IOMMU_PicoRV32_VC707_DDR3.gen/sources_1/ip/vc707_mig/vc707_mig/user_design/rtl/phy/mig_7series_v4_2_ddr_prbs_gen.v:202]
WARNING: [Synth 8-7186] Applying attribute ram_style = "distributed" is ignored, object 'mem_out' is not inferred as ram due to incorrect usage [d:/DMA_MMU_work/build/vivado/vc707_ddr3/DMA_IOMMU_PicoRV32_VC707_DDR3.gen/sources_1/ip/vc707_mig/vc707_mig/user_design/rtl/phy/mig_7series_v4_2_ddr_prbs_gen.v:204]
INFO: [Synth 8-226] default block is never used [d:/DMA_MMU_work/build/vivado/vc707_ddr3/DMA_IOMMU_PicoRV32_VC707_DDR3.gen/sources_1/ip/vc707_mig/vc707_mig/user_design/rtl/phy/mig_7series_v4_2_ddr_phy_init.v:5272]
WARNING: [Synth 8-7071] port 'complex_oclk_prech_req' of module 'mig_7series_v4_2_ddr_phy_init' is unconnected for instance 'u_ddr_phy_init' [d:/DMA_MMU_work/build/vivado/vc707_ddr3/DMA_IOMMU_PicoRV32_VC707_DDR3.gen/sources_1/ip/vc707_mig/vc707_mig/user_design/rtl/phy/mig_7series_v4_2_ddr_calib_top.v:1366]
WARNING: [Synth 8-7023] instance 'u_ddr_phy_init' of module 'mig_7series_v4_2_ddr_phy_init' has 131 connections declared, but only 130 given [d:/DMA_MMU_work/build/vivado/vc707_ddr3/DMA_IOMMU_PicoRV32_VC707_DDR3.gen/sources_1/ip/vc707_mig/vc707_mig/user_design/rtl/phy/mig_7series_v4_2_ddr_calib_top.v:1366]
INFO: [Synth 8-155] case statement is not full and has no default [d:/DMA_MMU_work/build/vivado/vc707_ddr3/DMA_IOMMU_PicoRV32_VC707_DDR3.gen/sources_1/ip/vc707_mig/vc707_mig/user_design/rtl/phy/mig_7series_v4_2_ddr_phy_wrcal.v:1130]
INFO: [Synth 8-155] case statement is not full and has no default [d:/DMA_MMU_work/build/vivado/vc707_ddr3/DMA_IOMMU_PicoRV32_VC707_DDR3.gen/sources_1/ip/vc707_mig/vc707_mig/user_design/rtl/ui/mig_7series_v4_2_ui_wr_data.v:341]
INFO: [Synth 8-155] case statement is not full and has no default [d:/DMA_MMU_work/build/vivado/vc707_ddr3/DMA_IOMMU_PicoRV32_VC707_DDR3.gen/sources_1/ip/vc707_mig/vc707_mig/user_design/rtl/ui/mig_7series_v4_2_ui_wr_data.v:379]
INFO: [Synth 8-155] case statement is not full and has no default [d:/DMA_MMU_work/build/vivado/vc707_ddr3/DMA_IOMMU_PicoRV32_VC707_DDR3.gen/sources_1/ip/vc707_mig/vc707_mig/user_design/rtl/ui/mig_7series_v4_2_ui_rd_data.v:405]
WARNING: [Synth 8-567] referenced signal 'not_strict_mode.occ_cnt_r' should be on the sensitivity list [d:/DMA_MMU_work/build/vivado/vc707_ddr3/DMA_IOMMU_PicoRV32_VC707_DDR3.gen/sources_1/ip/vc707_mig/vc707_mig/user_design/rtl/ui/mig_7series_v4_2_ui_rd_data.v:402]
WARNING: [Synth 8-567] referenced signal 'not_strict_mode.free_rd_buf' should be on the sensitivity list [d:/DMA_MMU_work/build/vivado/vc707_ddr3/DMA_IOMMU_PicoRV32_VC707_DDR3.gen/sources_1/ip/vc707_mig/vc707_mig/user_design/rtl/ui/mig_7series_v4_2_ui_rd_data.v:402]
WARNING: [Synth 8-567] referenced signal 'not_strict_mode.occ_minus_one' should be on the sensitivity list [d:/DMA_MMU_work/build/vivado/vc707_ddr3/DMA_IOMMU_PicoRV32_VC707_DDR3.gen/sources_1/ip/vc707_mig/vc707_mig/user_design/rtl/ui/mig_7series_v4_2_ui_rd_data.v:402]
WARNING: [Synth 8-567] referenced signal 'not_strict_mode.occ_plus_one' should be on the sensitivity list [d:/DMA_MMU_work/build/vivado/vc707_ddr3/DMA_IOMMU_PicoRV32_VC707_DDR3.gen/sources_1/ip/vc707_mig/vc707_mig/user_design/rtl/ui/mig_7series_v4_2_ui_rd_data.v:402]
WARNING: [Synth 8-567] referenced signal 'not_strict_mode.rd_data_buf_addr_r_lcl' should be on the sensitivity list [d:/DMA_MMU_work/build/vivado/vc707_ddr3/DMA_IOMMU_PicoRV32_VC707_DDR3.gen/sources_1/ip/vc707_mig/vc707_mig/user_design/rtl/ui/mig_7series_v4_2_ui_rd_data.v:431]
INFO: [Synth 8-155] case statement is not full and has no default [d:/DMA_MMU_work/build/vivado/vc707_ddr3/DMA_IOMMU_PicoRV32_VC707_DDR3.gen/sources_1/ip/vc707_mig/vc707_mig/user_design/rtl/axi/mig_7series_v4_2_ddr_axic_register_slice.v:183]
WARNING: [Synth 8-589] replacing case/wildcard equality operator === with logical equality operator == [d:/DMA_MMU_work/build/vivado/vc707_ddr3/DMA_IOMMU_PicoRV32_VC707_DDR3.gen/sources_1/ip/vc707_mig/vc707_mig/user_design/rtl/axi/mig_7series_v4_2_axi_mc_r_channel.v:189]
INFO: [Synth 8-155] case statement is not full and has no default [d:/DMA_MMU_work/build/vivado/vc707_ddr3/DMA_IOMMU_PicoRV32_VC707_DDR3.gen/sources_1/ip/vc707_mig/vc707_mig/user_design/rtl/axi/mig_7series_v4_2_axi_mc_r_channel.v:315]
WARNING: [Synth 8-3301] Unused top level parameter/generic MEM_INIT_FILE
WARNING: [Synth 8-6014] Unused sequential element periodic_rd_generation.read_this_rank_r1_reg was removed.  [d:/DMA_MMU_work/build/vivado/vc707_ddr3/DMA_IOMMU_PicoRV32_VC707_DDR3.gen/sources_1/ip/vc707_mig/vc707_mig/user_design/rtl/controller/mig_7series_v4_2_rank_cntrl.v:487]
WARNING: [Synth 8-3936] Found unconnected internal register 'dbl_req_reg' and it is trimmed from '6' to '5' bits. [d:/DMA_MMU_work/build/vivado/vc707_ddr3/DMA_IOMMU_PicoRV32_VC707_DDR3.gen/sources_1/ip/vc707_mig/vc707_mig/user_design/rtl/controller/mig_7series_v4_2_round_robin_arb.v:145]
WARNING: [Synth 8-3936] Found unconnected internal register 'dbl_last_master_ns_reg' and it is trimmed from '6' to '4' bits. [d:/DMA_MMU_work/build/vivado/vc707_ddr3/DMA_IOMMU_PicoRV32_VC707_DDR3.gen/sources_1/ip/vc707_mig/vc707_mig/user_design/rtl/controller/mig_7series_v4_2_round_robin_arb.v:143]
WARNING: [Synth 8-6014] Unused sequential element last_master_r_reg was removed.  [d:/DMA_MMU_work/build/vivado/vc707_ddr3/DMA_IOMMU_PicoRV32_VC707_DDR3.gen/sources_1/ip/vc707_mig/vc707_mig/user_design/rtl/controller/mig_7series_v4_2_round_robin_arb.v:181]
WARNING: [Synth 8-3848] Net channel[0].inh_group in module/entity mig_7series_v4_2_round_robin_arb__parameterized0 does not have driver. [d:/DMA_MMU_work/build/vivado/vc707_ddr3/DMA_IOMMU_PicoRV32_VC707_DDR3.gen/sources_1/ip/vc707_mig/vc707_mig/user_design/rtl/controller/mig_7series_v4_2_round_robin_arb.v:153]
WARNING: [Synth 8-3936] Found unconnected internal register 'col_addr_template_reg' and it is trimmed from '16' to '14' bits. [d:/DMA_MMU_work/build/vivado/vc707_ddr3/DMA_IOMMU_PicoRV32_VC707_DDR3.gen/sources_1/ip/vc707_mig/vc707_mig/user_design/rtl/controller/mig_7series_v4_2_bank_compare.v:251]
WARNING: [Synth 8-3936] Found unconnected internal register 'dbl_req_reg' and it is trimmed from '8' to '7' bits. [d:/DMA_MMU_work/build/vivado/vc707_ddr3/DMA_IOMMU_PicoRV32_VC707_DDR3.gen/sources_1/ip/vc707_mig/vc707_mig/user_design/rtl/controller/mig_7series_v4_2_round_robin_arb.v:145]
WARNING: [Synth 8-3936] Found unconnected internal register 'dbl_last_master_ns_reg' and it is trimmed from '8' to '6' bits. [d:/DMA_MMU_work/build/vivado/vc707_ddr3/DMA_IOMMU_PicoRV32_VC707_DDR3.gen/sources_1/ip/vc707_mig/vc707_mig/user_design/rtl/controller/mig_7series_v4_2_round_robin_arb.v:143]
WARNING: [Synth 8-6014] Unused sequential element sent_row_or_maint_r_reg was removed.  [d:/DMA_MMU_work/build/vivado/vc707_ddr3/DMA_IOMMU_PicoRV32_VC707_DDR3.gen/sources_1/ip/vc707_mig/vc707_mig/user_design/rtl/controller/mig_7series_v4_2_arb_row_col.v:357]
WARNING: [Synth 8-6014] Unused sequential element mc_aux_out_r_1_reg was removed.  [d:/DMA_MMU_work/build/vivado/vc707_ddr3/DMA_IOMMU_PicoRV32_VC707_DDR3.gen/sources_1/ip/vc707_mig/vc707_mig/user_design/rtl/controller/mig_7series_v4_2_arb_select.v:680]
WARNING: [Synth 8-6014] Unused sequential element mc_aux_out_r_2_reg was removed.  [d:/DMA_MMU_work/build/vivado/vc707_ddr3/DMA_IOMMU_PicoRV32_VC707_DDR3.gen/sources_1/ip/vc707_mig/vc707_mig/user_design/rtl/controller/mig_7series_v4_2_arb_select.v:681]
WARNING: [Synth 8-3848] Net col_mux.col_row_r in module/entity mig_7series_v4_2_arb_select does not have driver. [d:/DMA_MMU_work/build/vivado/vc707_ddr3/DMA_IOMMU_PicoRV32_VC707_DDR3.gen/sources_1/ip/vc707_mig/vc707_mig/user_design/rtl/controller/mig_7series_v4_2_arb_select.v:390]
WARNING: [Synth 8-3936] Found unconnected internal register 'read_fifo.fifo_out_data_r_reg' and it is trimmed from '12' to '8' bits. [d:/DMA_MMU_work/build/vivado/vc707_ddr3/DMA_IOMMU_PicoRV32_VC707_DDR3.gen/sources_1/ip/vc707_mig/vc707_mig/user_design/rtl/controller/mig_7series_v4_2_col_mach.v:396]
WARNING: [Synth 8-3848] Net dummy_i5 in module/entity mig_7series_v4_2_ddr_byte_lane does not have driver. [d:/DMA_MMU_work/build/vivado/vc707_ddr3/DMA_IOMMU_PicoRV32_VC707_DDR3.gen/sources_1/ip/vc707_mig/vc707_mig/user_design/rtl/phy/mig_7series_v4_2_ddr_byte_lane.v:267]
WARNING: [Synth 8-3848] Net dummy_i6 in module/entity mig_7series_v4_2_ddr_byte_lane does not have driver. [d:/DMA_MMU_work/build/vivado/vc707_ddr3/DMA_IOMMU_PicoRV32_VC707_DDR3.gen/sources_1/ip/vc707_mig/vc707_mig/user_design/rtl/phy/mig_7series_v4_2_ddr_byte_lane.v:268]
WARNING: [Synth 8-3848] Net dummy_i5 in module/entity mig_7series_v4_2_ddr_byte_lane__parameterized0 does not have driver. [d:/DMA_MMU_work/build/vivado/vc707_ddr3/DMA_IOMMU_PicoRV32_VC707_DDR3.gen/sources_1/ip/vc707_mig/vc707_mig/user_design/rtl/phy/mig_7series_v4_2_ddr_byte_lane.v:267]
WARNING: [Synth 8-3848] Net dummy_i6 in module/entity mig_7series_v4_2_ddr_byte_lane__parameterized0 does not have driver. [d:/DMA_MMU_work/build/vivado/vc707_ddr3/DMA_IOMMU_PicoRV32_VC707_DDR3.gen/sources_1/ip/vc707_mig/vc707_mig/user_design/rtl/phy/mig_7series_v4_2_ddr_byte_lane.v:268]
WARNING: [Synth 8-3848] Net dummy_i5 in module/entity mig_7series_v4_2_ddr_byte_lane__parameterized1 does not have driver. [d:/DMA_MMU_work/build/vivado/vc707_ddr3/DMA_IOMMU_PicoRV32_VC707_DDR3.gen/sources_1/ip/vc707_mig/vc707_mig/user_design/rtl/phy/mig_7series_v4_2_ddr_byte_lane.v:267]
WARNING: [Synth 8-3848] Net dummy_i6 in module/entity mig_7series_v4_2_ddr_byte_lane__parameterized1 does not have driver. [d:/DMA_MMU_work/build/vivado/vc707_ddr3/DMA_IOMMU_PicoRV32_VC707_DDR3.gen/sources_1/ip/vc707_mig/vc707_mig/user_design/rtl/phy/mig_7series_v4_2_ddr_byte_lane.v:268]
WARNING: [Synth 8-3848] Net dummy_i5 in module/entity mig_7series_v4_2_ddr_byte_lane__parameterized2 does not have driver. [d:/DMA_MMU_work/build/vivado/vc707_ddr3/DMA_IOMMU_PicoRV32_VC707_DDR3.gen/sources_1/ip/vc707_mig/vc707_mig/user_design/rtl/phy/mig_7series_v4_2_ddr_byte_lane.v:267]
WARNING: [Synth 8-3848] Net dummy_i6 in module/entity mig_7series_v4_2_ddr_byte_lane__parameterized2 does not have driver. [d:/DMA_MMU_work/build/vivado/vc707_ddr3/DMA_IOMMU_PicoRV32_VC707_DDR3.gen/sources_1/ip/vc707_mig/vc707_mig/user_design/rtl/phy/mig_7series_v4_2_ddr_byte_lane.v:268]
WARNING: [Synth 8-6014] Unused sequential element B_rst_primitives_reg was removed.  [d:/DMA_MMU_work/build/vivado/vc707_ddr3/DMA_IOMMU_PicoRV32_VC707_DDR3.gen/sources_1/ip/vc707_mig/vc707_mig/user_design/rtl/phy/mig_7series_v4_2_ddr_phy_4lanes.v:737]
WARNING: [Synth 8-6014] Unused sequential element C_rst_primitives_reg was removed.  [d:/DMA_MMU_work/build/vivado/vc707_ddr3/DMA_IOMMU_PicoRV32_VC707_DDR3.gen/sources_1/ip/vc707_mig/vc707_mig/user_design/rtl/phy/mig_7series_v4_2_ddr_phy_4lanes.v:738]
WARNING: [Synth 8-6014] Unused sequential element D_rst_primitives_reg was removed.  [d:/DMA_MMU_work/build/vivado/vc707_ddr3/DMA_IOMMU_PicoRV32_VC707_DDR3.gen/sources_1/ip/vc707_mig/vc707_mig/user_design/rtl/phy/mig_7series_v4_2_ddr_phy_4lanes.v:739]
WARNING: [Synth 8-3848] Net oserdes_dqts_buf in module/entity mig_7series_v4_2_ddr_byte_group_io__parameterized3 does not have driver. [d:/DMA_MMU_work/build/vivado/vc707_ddr3/DMA_IOMMU_PicoRV32_VC707_DDR3.gen/sources_1/ip/vc707_mig/vc707_mig/user_design/rtl/phy/mig_7series_v4_2_ddr_byte_group_io.v:142]
WARNING: [Synth 8-3848] Net oserdes_dqs_buf in module/entity mig_7series_v4_2_ddr_byte_group_io__parameterized3 does not have driver. [d:/DMA_MMU_work/build/vivado/vc707_ddr3/DMA_IOMMU_PicoRV32_VC707_DDR3.gen/sources_1/ip/vc707_mig/vc707_mig/user_design/rtl/phy/mig_7series_v4_2_ddr_byte_group_io.v:143]
WARNING: [Synth 8-3848] Net oserdes_dqsts_buf in module/entity mig_7series_v4_2_ddr_byte_group_io__parameterized3 does not have driver. [d:/DMA_MMU_work/build/vivado/vc707_ddr3/DMA_IOMMU_PicoRV32_VC707_DDR3.gen/sources_1/ip/vc707_mig/vc707_mig/user_design/rtl/phy/mig_7series_v4_2_ddr_byte_group_io.v:144]
WARNING: [Synth 8-3848] Net iserdes_dout in module/entity mig_7series_v4_2_ddr_byte_group_io__parameterized3 does not have driver. [d:/DMA_MMU_work/build/vivado/vc707_ddr3/DMA_IOMMU_PicoRV32_VC707_DDR3.gen/sources_1/ip/vc707_mig/vc707_mig/user_design/rtl/phy/mig_7series_v4_2_ddr_byte_group_io.v:91]
WARNING: [Synth 8-6014] Unused sequential element ififo_rst_reg was removed.  [d:/DMA_MMU_work/build/vivado/vc707_ddr3/DMA_IOMMU_PicoRV32_VC707_DDR3.gen/sources_1/ip/vc707_mig/vc707_mig/user_design/rtl/phy/mig_7series_v4_2_ddr_byte_lane.v:305]
WARNING: [Synth 8-3848] Net rclk in module/entity mig_7series_v4_2_ddr_byte_lane__parameterized3 does not have driver. [d:/DMA_MMU_work/build/vivado/vc707_ddr3/DMA_IOMMU_PicoRV32_VC707_DDR3.gen/sources_1/ip/vc707_mig/vc707_mig/user_design/rtl/phy/mig_7series_v4_2_ddr_byte_lane.v:145]
WARNING: [Synth 8-3848] Net pi_iserdes_rst in module/entity mig_7series_v4_2_ddr_byte_lane__parameterized3 does not have driver. [d:/DMA_MMU_work/build/vivado/vc707_ddr3/DMA_IOMMU_PicoRV32_VC707_DDR3.gen/sources_1/ip/vc707_mig/vc707_mig/user_design/rtl/phy/mig_7series_v4_2_ddr_byte_lane.v:191]
WARNING: [Synth 8-3848] Net pi_fine_overflow in module/entity mig_7series_v4_2_ddr_byte_lane__parameterized3 does not have driver. [d:/DMA_MMU_work/build/vivado/vc707_ddr3/DMA_IOMMU_PicoRV32_VC707_DDR3.gen/sources_1/ip/vc707_mig/vc707_mig/user_design/rtl/phy/mig_7series_v4_2_ddr_byte_lane.v:193]
WARNING: [Synth 8-3848] Net pi_counter_read_val_w in module/entity mig_7series_v4_2_ddr_byte_lane__parameterized3 does not have driver. [d:/DMA_MMU_work/build/vivado/vc707_ddr3/DMA_IOMMU_PicoRV32_VC707_DDR3.gen/sources_1/ip/vc707_mig/vc707_mig/user_design/rtl/phy/mig_7series_v4_2_ddr_byte_lane.v:429]
WARNING: [Synth 8-3848] Net dqs_out_of_range in module/entity mig_7series_v4_2_ddr_byte_lane__parameterized3 does not have driver. [d:/DMA_MMU_work/build/vivado/vc707_ddr3/DMA_IOMMU_PicoRV32_VC707_DDR3.gen/sources_1/ip/vc707_mig/vc707_mig/user_design/rtl/phy/mig_7series_v4_2_ddr_byte_lane.v:196]
WARNING: [Synth 8-3848] Net iserdes_clk in module/entity mig_7series_v4_2_ddr_byte_lane__parameterized3 does not have driver. [d:/DMA_MMU_work/build/vivado/vc707_ddr3/DMA_IOMMU_PicoRV32_VC707_DDR3.gen/sources_1/ip/vc707_mig/vc707_mig/user_design/rtl/phy/mig_7series_v4_2_ddr_byte_lane.v:273]
WARNING: [Synth 8-3848] Net iserdes_clkdiv in module/entity mig_7series_v4_2_ddr_byte_lane__parameterized3 does not have driver. [d:/DMA_MMU_work/build/vivado/vc707_ddr3/DMA_IOMMU_PicoRV32_VC707_DDR3.gen/sources_1/ip/vc707_mig/vc707_mig/user_design/rtl/phy/mig_7series_v4_2_ddr_byte_lane.v:274]
WARNING: [Synth 8-3848] Net oserdes_dqts_buf in module/entity mig_7series_v4_2_ddr_byte_group_io__parameterized4 does not have driver. [d:/DMA_MMU_work/build/vivado/vc707_ddr3/DMA_IOMMU_PicoRV32_VC707_DDR3.gen/sources_1/ip/vc707_mig/vc707_mig/user_design/rtl/phy/mig_7series_v4_2_ddr_byte_group_io.v:142]
WARNING: [Synth 8-3848] Net oserdes_dqs_buf in module/entity mig_7series_v4_2_ddr_byte_group_io__parameterized4 does not have driver. [d:/DMA_MMU_work/build/vivado/vc707_ddr3/DMA_IOMMU_PicoRV32_VC707_DDR3.gen/sources_1/ip/vc707_mig/vc707_mig/user_design/rtl/phy/mig_7series_v4_2_ddr_byte_group_io.v:143]
WARNING: [Synth 8-3848] Net oserdes_dqsts_buf in module/entity mig_7series_v4_2_ddr_byte_group_io__parameterized4 does not have driver. [d:/DMA_MMU_work/build/vivado/vc707_ddr3/DMA_IOMMU_PicoRV32_VC707_DDR3.gen/sources_1/ip/vc707_mig/vc707_mig/user_design/rtl/phy/mig_7series_v4_2_ddr_byte_group_io.v:144]
WARNING: [Synth 8-3848] Net iserdes_dout in module/entity mig_7series_v4_2_ddr_byte_group_io__parameterized4 does not have driver. [d:/DMA_MMU_work/build/vivado/vc707_ddr3/DMA_IOMMU_PicoRV32_VC707_DDR3.gen/sources_1/ip/vc707_mig/vc707_mig/user_design/rtl/phy/mig_7series_v4_2_ddr_byte_group_io.v:91]
WARNING: [Synth 8-6014] Unused sequential element ififo_rst_reg was removed.  [d:/DMA_MMU_work/build/vivado/vc707_ddr3/DMA_IOMMU_PicoRV32_VC707_DDR3.gen/sources_1/ip/vc707_mig/vc707_mig/user_design/rtl/phy/mig_7series_v4_2_ddr_byte_lane.v:305]
WARNING: [Synth 8-3848] Net rclk in module/entity mig_7series_v4_2_ddr_byte_lane__parameterized4 does not have driver. [d:/DMA_MMU_work/build/vivado/vc707_ddr3/DMA_IOMMU_PicoRV32_VC707_DDR3.gen/sources_1/ip/vc707_mig/vc707_mig/user_design/rtl/phy/mig_7series_v4_2_ddr_byte_lane.v:145]
WARNING: [Synth 8-3848] Net pi_iserdes_rst in module/entity mig_7series_v4_2_ddr_byte_lane__parameterized4 does not have driver. [d:/DMA_MMU_work/build/vivado/vc707_ddr3/DMA_IOMMU_PicoRV32_VC707_DDR3.gen/sources_1/ip/vc707_mig/vc707_mig/user_design/rtl/phy/mig_7series_v4_2_ddr_byte_lane.v:191]
WARNING: [Synth 8-3848] Net pi_fine_overflow in module/entity mig_7series_v4_2_ddr_byte_lane__parameterized4 does not have driver. [d:/DMA_MMU_work/build/vivado/vc707_ddr3/DMA_IOMMU_PicoRV32_VC707_DDR3.gen/sources_1/ip/vc707_mig/vc707_mig/user_design/rtl/phy/mig_7series_v4_2_ddr_byte_lane.v:193]
WARNING: [Synth 8-3848] Net pi_counter_read_val_w in module/entity mig_7series_v4_2_ddr_byte_lane__parameterized4 does not have driver. [d:/DMA_MMU_work/build/vivado/vc707_ddr3/DMA_IOMMU_PicoRV32_VC707_DDR3.gen/sources_1/ip/vc707_mig/vc707_mig/user_design/rtl/phy/mig_7series_v4_2_ddr_byte_lane.v:429]
WARNING: [Synth 8-3848] Net dqs_out_of_range in module/entity mig_7series_v4_2_ddr_byte_lane__parameterized4 does not have driver. [d:/DMA_MMU_work/build/vivado/vc707_ddr3/DMA_IOMMU_PicoRV32_VC707_DDR3.gen/sources_1/ip/vc707_mig/vc707_mig/user_design/rtl/phy/mig_7series_v4_2_ddr_byte_lane.v:196]
WARNING: [Synth 8-3848] Net iserdes_clk in module/entity mig_7series_v4_2_ddr_byte_lane__parameterized4 does not have driver. [d:/DMA_MMU_work/build/vivado/vc707_ddr3/DMA_IOMMU_PicoRV32_VC707_DDR3.gen/sources_1/ip/vc707_mig/vc707_mig/user_design/rtl/phy/mig_7series_v4_2_ddr_byte_lane.v:273]
WARNING: [Synth 8-3848] Net iserdes_clkdiv in module/entity mig_7series_v4_2_ddr_byte_lane__parameterized4 does not have driver. [d:/DMA_MMU_work/build/vivado/vc707_ddr3/DMA_IOMMU_PicoRV32_VC707_DDR3.gen/sources_1/ip/vc707_mig/vc707_mig/user_design/rtl/phy/mig_7series_v4_2_ddr_byte_lane.v:274]
WARNING: [Synth 8-3848] Net oserdes_dqts_buf in module/entity mig_7series_v4_2_ddr_byte_group_io__parameterized5 does not have driver. [d:/DMA_MMU_work/build/vivado/vc707_ddr3/DMA_IOMMU_PicoRV32_VC707_DDR3.gen/sources_1/ip/vc707_mig/vc707_mig/user_design/rtl/phy/mig_7series_v4_2_ddr_byte_group_io.v:142]
WARNING: [Synth 8-3848] Net oserdes_dqs_buf in module/entity mig_7series_v4_2_ddr_byte_group_io__parameterized5 does not have driver. [d:/DMA_MMU_work/build/vivado/vc707_ddr3/DMA_IOMMU_PicoRV32_VC707_DDR3.gen/sources_1/ip/vc707_mig/vc707_mig/user_design/rtl/phy/mig_7series_v4_2_ddr_byte_group_io.v:143]
WARNING: [Synth 8-3848] Net oserdes_dqsts_buf in module/entity mig_7series_v4_2_ddr_byte_group_io__parameterized5 does not have driver. [d:/DMA_MMU_work/build/vivado/vc707_ddr3/DMA_IOMMU_PicoRV32_VC707_DDR3.gen/sources_1/ip/vc707_mig/vc707_mig/user_design/rtl/phy/mig_7series_v4_2_ddr_byte_group_io.v:144]
WARNING: [Synth 8-3848] Net iserdes_dout in module/entity mig_7series_v4_2_ddr_byte_group_io__parameterized5 does not have driver. [d:/DMA_MMU_work/build/vivado/vc707_ddr3/DMA_IOMMU_PicoRV32_VC707_DDR3.gen/sources_1/ip/vc707_mig/vc707_mig/user_design/rtl/phy/mig_7series_v4_2_ddr_byte_group_io.v:91]
WARNING: [Synth 8-6014] Unused sequential element ififo_rst_reg was removed.  [d:/DMA_MMU_work/build/vivado/vc707_ddr3/DMA_IOMMU_PicoRV32_VC707_DDR3.gen/sources_1/ip/vc707_mig/vc707_mig/user_design/rtl/phy/mig_7series_v4_2_ddr_byte_lane.v:305]
WARNING: [Synth 8-3848] Net rclk in module/entity mig_7series_v4_2_ddr_byte_lane__parameterized5 does not have driver. [d:/DMA_MMU_work/build/vivado/vc707_ddr3/DMA_IOMMU_PicoRV32_VC707_DDR3.gen/sources_1/ip/vc707_mig/vc707_mig/user_design/rtl/phy/mig_7series_v4_2_ddr_byte_lane.v:145]
WARNING: [Synth 8-3848] Net pi_iserdes_rst in module/entity mig_7series_v4_2_ddr_byte_lane__parameterized5 does not have driver. [d:/DMA_MMU_work/build/vivado/vc707_ddr3/DMA_IOMMU_PicoRV32_VC707_DDR3.gen/sources_1/ip/vc707_mig/vc707_mig/user_design/rtl/phy/mig_7series_v4_2_ddr_byte_lane.v:191]
WARNING: [Synth 8-3848] Net pi_fine_overflow in module/entity mig_7series_v4_2_ddr_byte_lane__parameterized5 does not have driver. [d:/DMA_MMU_work/build/vivado/vc707_ddr3/DMA_IOMMU_PicoRV32_VC707_DDR3.gen/sources_1/ip/vc707_mig/vc707_mig/user_design/rtl/phy/mig_7series_v4_2_ddr_byte_lane.v:193]
WARNING: [Synth 8-3848] Net pi_counter_read_val_w in module/entity mig_7series_v4_2_ddr_byte_lane__parameterized5 does not have driver. [d:/DMA_MMU_work/build/vivado/vc707_ddr3/DMA_IOMMU_PicoRV32_VC707_DDR3.gen/sources_1/ip/vc707_mig/vc707_mig/user_design/rtl/phy/mig_7series_v4_2_ddr_byte_lane.v:429]
WARNING: [Synth 8-3848] Net dqs_out_of_range in module/entity mig_7series_v4_2_ddr_byte_lane__parameterized5 does not have driver. [d:/DMA_MMU_work/build/vivado/vc707_ddr3/DMA_IOMMU_PicoRV32_VC707_DDR3.gen/sources_1/ip/vc707_mig/vc707_mig/user_design/rtl/phy/mig_7series_v4_2_ddr_byte_lane.v:196]
WARNING: [Synth 8-3848] Net iserdes_clk in module/entity mig_7series_v4_2_ddr_byte_lane__parameterized5 does not have driver. [d:/DMA_MMU_work/build/vivado/vc707_ddr3/DMA_IOMMU_PicoRV32_VC707_DDR3.gen/sources_1/ip/vc707_mig/vc707_mig/user_design/rtl/phy/mig_7series_v4_2_ddr_byte_lane.v:273]
WARNING: [Synth 8-3848] Net iserdes_clkdiv in module/entity mig_7series_v4_2_ddr_byte_lane__parameterized5 does not have driver. [d:/DMA_MMU_work/build/vivado/vc707_ddr3/DMA_IOMMU_PicoRV32_VC707_DDR3.gen/sources_1/ip/vc707_mig/vc707_mig/user_design/rtl/phy/mig_7series_v4_2_ddr_byte_lane.v:274]
WARNING: [Synth 8-6014] Unused sequential element A_rst_primitives_reg was removed.  [d:/DMA_MMU_work/build/vivado/vc707_ddr3/DMA_IOMMU_PicoRV32_VC707_DDR3.gen/sources_1/ip/vc707_mig/vc707_mig/user_design/rtl/phy/mig_7series_v4_2_ddr_phy_4lanes.v:736]
WARNING: [Synth 8-6014] Unused sequential element C_rst_primitives_reg was removed.  [d:/DMA_MMU_work/build/vivado/vc707_ddr3/DMA_IOMMU_PicoRV32_VC707_DDR3.gen/sources_1/ip/vc707_mig/vc707_mig/user_design/rtl/phy/mig_7series_v4_2_ddr_phy_4lanes.v:738]
WARNING: [Synth 8-6014] Unused sequential element D_rst_primitives_reg was removed.  [d:/DMA_MMU_work/build/vivado/vc707_ddr3/DMA_IOMMU_PicoRV32_VC707_DDR3.gen/sources_1/ip/vc707_mig/vc707_mig/user_design/rtl/phy/mig_7series_v4_2_ddr_phy_4lanes.v:739]
WARNING: [Synth 8-3848] Net A_pi_dqs_out_of_range in module/entity mig_7series_v4_2_ddr_phy_4lanes__parameterized0 does not have driver. [d:/DMA_MMU_work/build/vivado/vc707_ddr3/DMA_IOMMU_PicoRV32_VC707_DDR3.gen/sources_1/ip/vc707_mig/vc707_mig/user_design/rtl/phy/mig_7series_v4_2_ddr_phy_4lanes.v:420]
WARNING: [Synth 8-3848] Net dummy_i5 in module/entity mig_7series_v4_2_ddr_byte_lane__parameterized6 does not have driver. [d:/DMA_MMU_work/build/vivado/vc707_ddr3/DMA_IOMMU_PicoRV32_VC707_DDR3.gen/sources_1/ip/vc707_mig/vc707_mig/user_design/rtl/phy/mig_7series_v4_2_ddr_byte_lane.v:267]
WARNING: [Synth 8-3848] Net dummy_i6 in module/entity mig_7series_v4_2_ddr_byte_lane__parameterized6 does not have driver. [d:/DMA_MMU_work/build/vivado/vc707_ddr3/DMA_IOMMU_PicoRV32_VC707_DDR3.gen/sources_1/ip/vc707_mig/vc707_mig/user_design/rtl/phy/mig_7series_v4_2_ddr_byte_lane.v:268]
WARNING: [Synth 8-3848] Net dummy_i5 in module/entity mig_7series_v4_2_ddr_byte_lane__parameterized7 does not have driver. [d:/DMA_MMU_work/build/vivado/vc707_ddr3/DMA_IOMMU_PicoRV32_VC707_DDR3.gen/sources_1/ip/vc707_mig/vc707_mig/user_design/rtl/phy/mig_7series_v4_2_ddr_byte_lane.v:267]
WARNING: [Synth 8-3848] Net dummy_i6 in module/entity mig_7series_v4_2_ddr_byte_lane__parameterized7 does not have driver. [d:/DMA_MMU_work/build/vivado/vc707_ddr3/DMA_IOMMU_PicoRV32_VC707_DDR3.gen/sources_1/ip/vc707_mig/vc707_mig/user_design/rtl/phy/mig_7series_v4_2_ddr_byte_lane.v:268]
WARNING: [Synth 8-3848] Net dummy_i5 in module/entity mig_7series_v4_2_ddr_byte_lane__parameterized8 does not have driver. [d:/DMA_MMU_work/build/vivado/vc707_ddr3/DMA_IOMMU_PicoRV32_VC707_DDR3.gen/sources_1/ip/vc707_mig/vc707_mig/user_design/rtl/phy/mig_7series_v4_2_ddr_byte_lane.v:267]
WARNING: [Synth 8-3848] Net dummy_i6 in module/entity mig_7series_v4_2_ddr_byte_lane__parameterized8 does not have driver. [d:/DMA_MMU_work/build/vivado/vc707_ddr3/DMA_IOMMU_PicoRV32_VC707_DDR3.gen/sources_1/ip/vc707_mig/vc707_mig/user_design/rtl/phy/mig_7series_v4_2_ddr_byte_lane.v:268]
WARNING: [Synth 8-3848] Net dummy_i5 in module/entity mig_7series_v4_2_ddr_byte_lane__parameterized9 does not have driver. [d:/DMA_MMU_work/build/vivado/vc707_ddr3/DMA_IOMMU_PicoRV32_VC707_DDR3.gen/sources_1/ip/vc707_mig/vc707_mig/user_design/rtl/phy/mig_7series_v4_2_ddr_byte_lane.v:267]
WARNING: [Synth 8-3848] Net dummy_i6 in module/entity mig_7series_v4_2_ddr_byte_lane__parameterized9 does not have driver. [d:/DMA_MMU_work/build/vivado/vc707_ddr3/DMA_IOMMU_PicoRV32_VC707_DDR3.gen/sources_1/ip/vc707_mig/vc707_mig/user_design/rtl/phy/mig_7series_v4_2_ddr_byte_lane.v:268]
WARNING: [Synth 8-6014] Unused sequential element B_rst_primitives_reg was removed.  [d:/DMA_MMU_work/build/vivado/vc707_ddr3/DMA_IOMMU_PicoRV32_VC707_DDR3.gen/sources_1/ip/vc707_mig/vc707_mig/user_design/rtl/phy/mig_7series_v4_2_ddr_phy_4lanes.v:737]
WARNING: [Synth 8-6014] Unused sequential element C_rst_primitives_reg was removed.  [d:/DMA_MMU_work/build/vivado/vc707_ddr3/DMA_IOMMU_PicoRV32_VC707_DDR3.gen/sources_1/ip/vc707_mig/vc707_mig/user_design/rtl/phy/mig_7series_v4_2_ddr_phy_4lanes.v:738]
WARNING: [Synth 8-6014] Unused sequential element D_rst_primitives_reg was removed.  [d:/DMA_MMU_work/build/vivado/vc707_ddr3/DMA_IOMMU_PicoRV32_VC707_DDR3.gen/sources_1/ip/vc707_mig/vc707_mig/user_design/rtl/phy/mig_7series_v4_2_ddr_phy_4lanes.v:739]
WARNING: [Synth 8-7137] Register ddr_phy_4lanes_0.aux_out_reg in module mig_7series_v4_2_ddr_mc_phy has both Set and reset with same priority. This may cause simulation mismatches. Consider rewriting code  [d:/DMA_MMU_work/build/vivado/vc707_ddr3/DMA_IOMMU_PicoRV32_VC707_DDR3.gen/sources_1/ip/vc707_mig/vc707_mig/user_design/rtl/phy/mig_7series_v4_2_ddr_mc_phy.v:1155]
WARNING: [Synth 8-7137] Register ddr_phy_4lanes_0.aux_out_reg in module mig_7series_v4_2_ddr_mc_phy has both Set and reset with same priority. This may cause simulation mismatches. Consider rewriting code  [d:/DMA_MMU_work/build/vivado/vc707_ddr3/DMA_IOMMU_PicoRV32_VC707_DDR3.gen/sources_1/ip/vc707_mig/vc707_mig/user_design/rtl/phy/mig_7series_v4_2_ddr_mc_phy.v:1155]
WARNING: [Synth 8-7137] Register ddr_phy_4lanes_0.aux_out_reg in module mig_7series_v4_2_ddr_mc_phy has both Set and reset with same priority. This may cause simulation mismatches. Consider rewriting code  [d:/DMA_MMU_work/build/vivado/vc707_ddr3/DMA_IOMMU_PicoRV32_VC707_DDR3.gen/sources_1/ip/vc707_mig/vc707_mig/user_design/rtl/phy/mig_7series_v4_2_ddr_mc_phy.v:1132]
WARNING: [Synth 8-7137] Register ddr_phy_4lanes_0.aux_out_reg in module mig_7series_v4_2_ddr_mc_phy has both Set and reset with same priority. This may cause simulation mismatches. Consider rewriting code  [d:/DMA_MMU_work/build/vivado/vc707_ddr3/DMA_IOMMU_PicoRV32_VC707_DDR3.gen/sources_1/ip/vc707_mig/vc707_mig/user_design/rtl/phy/mig_7series_v4_2_ddr_mc_phy.v:1132]
WARNING: [Synth 8-7137] Register ddr_phy_4lanes_1.aux_out_reg in module mig_7series_v4_2_ddr_mc_phy has both Set and reset with same priority. This may cause simulation mismatches. Consider rewriting code  [d:/DMA_MMU_work/build/vivado/vc707_ddr3/DMA_IOMMU_PicoRV32_VC707_DDR3.gen/sources_1/ip/vc707_mig/vc707_mig/user_design/rtl/phy/mig_7series_v4_2_ddr_mc_phy.v:1410]
WARNING: [Synth 8-7137] Register ddr_phy_4lanes_1.aux_out_reg in module mig_7series_v4_2_ddr_mc_phy has both Set and reset with same priority. This may cause simulation mismatches. Consider rewriting code  [d:/DMA_MMU_work/build/vivado/vc707_ddr3/DMA_IOMMU_PicoRV32_VC707_DDR3.gen/sources_1/ip/vc707_mig/vc707_mig/user_design/rtl/phy/mig_7series_v4_2_ddr_mc_phy.v:1410]
WARNING: [Synth 8-7137] Register ddr_phy_4lanes_1.aux_out_reg in module mig_7series_v4_2_ddr_mc_phy has both Set and reset with same priority. This may cause simulation mismatches. Consider rewriting code  [d:/DMA_MMU_work/build/vivado/vc707_ddr3/DMA_IOMMU_PicoRV32_VC707_DDR3.gen/sources_1/ip/vc707_mig/vc707_mig/user_design/rtl/phy/mig_7series_v4_2_ddr_mc_phy.v:1387]
WARNING: [Synth 8-7137] Register ddr_phy_4lanes_1.aux_out_reg in module mig_7series_v4_2_ddr_mc_phy has both Set and reset with same priority. This may cause simulation mismatches. Consider rewriting code  [d:/DMA_MMU_work/build/vivado/vc707_ddr3/DMA_IOMMU_PicoRV32_VC707_DDR3.gen/sources_1/ip/vc707_mig/vc707_mig/user_design/rtl/phy/mig_7series_v4_2_ddr_mc_phy.v:1387]
WARNING: [Synth 8-7137] Register ddr_phy_4lanes_2.aux_out_reg in module mig_7series_v4_2_ddr_mc_phy has both Set and reset with same priority. This may cause simulation mismatches. Consider rewriting code  [d:/DMA_MMU_work/build/vivado/vc707_ddr3/DMA_IOMMU_PicoRV32_VC707_DDR3.gen/sources_1/ip/vc707_mig/vc707_mig/user_design/rtl/phy/mig_7series_v4_2_ddr_mc_phy.v:1659]
WARNING: [Synth 8-7137] Register ddr_phy_4lanes_2.aux_out_reg in module mig_7series_v4_2_ddr_mc_phy has both Set and reset with same priority. This may cause simulation mismatches. Consider rewriting code  [d:/DMA_MMU_work/build/vivado/vc707_ddr3/DMA_IOMMU_PicoRV32_VC707_DDR3.gen/sources_1/ip/vc707_mig/vc707_mig/user_design/rtl/phy/mig_7series_v4_2_ddr_mc_phy.v:1659]
WARNING: [Synth 8-7137] Register ddr_phy_4lanes_2.aux_out_reg in module mig_7series_v4_2_ddr_mc_phy has both Set and reset with same priority. This may cause simulation mismatches. Consider rewriting code  [d:/DMA_MMU_work/build/vivado/vc707_ddr3/DMA_IOMMU_PicoRV32_VC707_DDR3.gen/sources_1/ip/vc707_mig/vc707_mig/user_design/rtl/phy/mig_7series_v4_2_ddr_mc_phy.v:1636]
WARNING: [Synth 8-7137] Register ddr_phy_4lanes_2.aux_out_reg in module mig_7series_v4_2_ddr_mc_phy has both Set and reset with same priority. This may cause simulation mismatches. Consider rewriting code  [d:/DMA_MMU_work/build/vivado/vc707_ddr3/DMA_IOMMU_PicoRV32_VC707_DDR3.gen/sources_1/ip/vc707_mig/vc707_mig/user_design/rtl/phy/mig_7series_v4_2_ddr_mc_phy.v:1636]
WARNING: [Synth 8-3936] Found unconnected internal register 'byte_sel_data_map_reg' and it is trimmed from '96' to '88' bits. [d:/DMA_MMU_work/build/vivado/vc707_ddr3/DMA_IOMMU_PicoRV32_VC707_DDR3.gen/sources_1/ip/vc707_mig/vc707_mig/user_design/rtl/phy/mig_7series_v4_2_ddr_mc_phy_wrapper.v:731]
WARNING: [Synth 8-3848] Net phy_data_full in module/entity mig_7series_v4_2_ddr_mc_phy_wrapper does not have driver. [d:/DMA_MMU_work/build/vivado/vc707_ddr3/DMA_IOMMU_PicoRV32_VC707_DDR3.gen/sources_1/ip/vc707_mig/vc707_mig/user_design/rtl/phy/mig_7series_v4_2_ddr_mc_phy_wrapper.v:227]
WARNING: [Synth 8-6014] Unused sequential element fast_cal_fine_cnt_reg was removed.  [d:/DMA_MMU_work/build/vivado/vc707_ddr3/DMA_IOMMU_PicoRV32_VC707_DDR3.gen/sources_1/ip/vc707_mig/vc707_mig/user_design/rtl/phy/mig_7series_v4_2_ddr_phy_wrlvl.v:790]
WARNING: [Synth 8-6014] Unused sequential element fast_cal_coarse_cnt_reg was removed.  [d:/DMA_MMU_work/build/vivado/vc707_ddr3/DMA_IOMMU_PicoRV32_VC707_DDR3.gen/sources_1/ip/vc707_mig/vc707_mig/user_design/rtl/phy/mig_7series_v4_2_ddr_phy_wrlvl.v:791]
WARNING: [Synth 8-6014] Unused sequential element final_corse_dec_reg was removed.  [d:/DMA_MMU_work/build/vivado/vc707_ddr3/DMA_IOMMU_PicoRV32_VC707_DDR3.gen/sources_1/ip/vc707_mig/vc707_mig/user_design/rtl/phy/mig_7series_v4_2_ddr_phy_wrlvl.v:792]
WARNING: [Synth 8-6014] Unused sequential element add_smallest_reg[1] was removed.  [d:/DMA_MMU_work/build/vivado/vc707_ddr3/DMA_IOMMU_PicoRV32_VC707_DDR3.gen/sources_1/ip/vc707_mig/vc707_mig/user_design/rtl/phy/mig_7series_v4_2_ddr_phy_wrlvl.v:516]
WARNING: [Synth 8-6014] Unused sequential element add_smallest_reg[2] was removed.  [d:/DMA_MMU_work/build/vivado/vc707_ddr3/DMA_IOMMU_PicoRV32_VC707_DDR3.gen/sources_1/ip/vc707_mig/vc707_mig/user_design/rtl/phy/mig_7series_v4_2_ddr_phy_wrlvl.v:516]
WARNING: [Synth 8-6014] Unused sequential element add_smallest_reg[3] was removed.  [d:/DMA_MMU_work/build/vivado/vc707_ddr3/DMA_IOMMU_PicoRV32_VC707_DDR3.gen/sources_1/ip/vc707_mig/vc707_mig/user_design/rtl/phy/mig_7series_v4_2_ddr_phy_wrlvl.v:516]
WARNING: [Synth 8-6014] Unused sequential element add_smallest_reg[4] was removed.  [d:/DMA_MMU_work/build/vivado/vc707_ddr3/DMA_IOMMU_PicoRV32_VC707_DDR3.gen/sources_1/ip/vc707_mig/vc707_mig/user_design/rtl/phy/mig_7series_v4_2_ddr_phy_wrlvl.v:516]
WARNING: [Synth 8-6014] Unused sequential element add_smallest_reg[5] was removed.  [d:/DMA_MMU_work/build/vivado/vc707_ddr3/DMA_IOMMU_PicoRV32_VC707_DDR3.gen/sources_1/ip/vc707_mig/vc707_mig/user_design/rtl/phy/mig_7series_v4_2_ddr_phy_wrlvl.v:516]
WARNING: [Synth 8-6014] Unused sequential element add_smallest_reg[6] was removed.  [d:/DMA_MMU_work/build/vivado/vc707_ddr3/DMA_IOMMU_PicoRV32_VC707_DDR3.gen/sources_1/ip/vc707_mig/vc707_mig/user_design/rtl/phy/mig_7series_v4_2_ddr_phy_wrlvl.v:516]
WARNING: [Synth 8-6014] Unused sequential element add_smallest_reg[7] was removed.  [d:/DMA_MMU_work/build/vivado/vc707_ddr3/DMA_IOMMU_PicoRV32_VC707_DDR3.gen/sources_1/ip/vc707_mig/vc707_mig/user_design/rtl/phy/mig_7series_v4_2_ddr_phy_wrlvl.v:516]
WARNING: [Synth 8-6014] Unused sequential element add_largest_reg[0] was removed.  [d:/DMA_MMU_work/build/vivado/vc707_ddr3/DMA_IOMMU_PicoRV32_VC707_DDR3.gen/sources_1/ip/vc707_mig/vc707_mig/user_design/rtl/phy/mig_7series_v4_2_ddr_phy_wrlvl.v:517]
WARNING: [Synth 8-6014] Unused sequential element add_largest_reg[1] was removed.  [d:/DMA_MMU_work/build/vivado/vc707_ddr3/DMA_IOMMU_PicoRV32_VC707_DDR3.gen/sources_1/ip/vc707_mig/vc707_mig/user_design/rtl/phy/mig_7series_v4_2_ddr_phy_wrlvl.v:517]
WARNING: [Synth 8-6014] Unused sequential element add_largest_reg[2] was removed.  [d:/DMA_MMU_work/build/vivado/vc707_ddr3/DMA_IOMMU_PicoRV32_VC707_DDR3.gen/sources_1/ip/vc707_mig/vc707_mig/user_design/rtl/phy/mig_7series_v4_2_ddr_phy_wrlvl.v:517]
WARNING: [Synth 8-6014] Unused sequential element add_largest_reg[3] was removed.  [d:/DMA_MMU_work/build/vivado/vc707_ddr3/DMA_IOMMU_PicoRV32_VC707_DDR3.gen/sources_1/ip/vc707_mig/vc707_mig/user_design/rtl/phy/mig_7series_v4_2_ddr_phy_wrlvl.v:517]
WARNING: [Synth 8-6014] Unused sequential element add_largest_reg[4] was removed.  [d:/DMA_MMU_work/build/vivado/vc707_ddr3/DMA_IOMMU_PicoRV32_VC707_DDR3.gen/sources_1/ip/vc707_mig/vc707_mig/user_design/rtl/phy/mig_7series_v4_2_ddr_phy_wrlvl.v:517]
WARNING: [Synth 8-6014] Unused sequential element add_largest_reg[5] was removed.  [d:/DMA_MMU_work/build/vivado/vc707_ddr3/DMA_IOMMU_PicoRV32_VC707_DDR3.gen/sources_1/ip/vc707_mig/vc707_mig/user_design/rtl/phy/mig_7series_v4_2_ddr_phy_wrlvl.v:517]
WARNING: [Synth 8-6014] Unused sequential element add_largest_reg[6] was removed.  [d:/DMA_MMU_work/build/vivado/vc707_ddr3/DMA_IOMMU_PicoRV32_VC707_DDR3.gen/sources_1/ip/vc707_mig/vc707_mig/user_design/rtl/phy/mig_7series_v4_2_ddr_phy_wrlvl.v:517]
WARNING: [Synth 8-6014] Unused sequential element add_largest_reg[7] was removed.  [d:/DMA_MMU_work/build/vivado/vc707_ddr3/DMA_IOMMU_PicoRV32_VC707_DDR3.gen/sources_1/ip/vc707_mig/vc707_mig/user_design/rtl/phy/mig_7series_v4_2_ddr_phy_wrlvl.v:517]
WARNING: [Synth 8-6014] Unused sequential element dqs_wl_po_en_stg2_c_reg was removed.  [d:/DMA_MMU_work/build/vivado/vc707_ddr3/DMA_IOMMU_PicoRV32_VC707_DDR3.gen/sources_1/ip/vc707_mig/vc707_mig/user_design/rtl/phy/mig_7series_v4_2_ddr_phy_wrlvl.v:628]
WARNING: [Synth 8-6014] Unused sequential element po_en_stg2_c_reg was removed.  [d:/DMA_MMU_work/build/vivado/vc707_ddr3/DMA_IOMMU_PicoRV32_VC707_DDR3.gen/sources_1/ip/vc707_mig/vc707_mig/user_design/rtl/phy/mig_7series_v4_2_ddr_phy_ck_addr_cmd_delay.v:162]
WARNING: [Synth 8-6014] Unused sequential element oclkdelay_calib_done_r_reg was removed.  [d:/DMA_MMU_work/build/vivado/vc707_ddr3/DMA_IOMMU_PicoRV32_VC707_DDR3.gen/sources_1/ip/vc707_mig/vc707_mig/user_design/rtl/phy/mig_7series_v4_2_ddr_phy_ocd_lim.v:267]
WARNING: [Synth 8-6014] Unused sequential element cmplx_stg3_left_lim_reg was removed.  [d:/DMA_MMU_work/build/vivado/vc707_ddr3/DMA_IOMMU_PicoRV32_VC707_DDR3.gen/sources_1/ip/vc707_mig/vc707_mig/user_design/rtl/phy/mig_7series_v4_2_ddr_phy_ocd_lim.v:393]
WARNING: [Synth 8-6014] Unused sequential element cmplx_stg3_right_lim_reg was removed.  [d:/DMA_MMU_work/build/vivado/vc707_ddr3/DMA_IOMMU_PicoRV32_VC707_DDR3.gen/sources_1/ip/vc707_mig/vc707_mig/user_design/rtl/phy/mig_7series_v4_2_ddr_phy_ocd_lim.v:408]
WARNING: [Synth 8-6014] Unused sequential element pd_out_r_reg was removed.  [d:/DMA_MMU_work/build/vivado/vc707_ddr3/DMA_IOMMU_PicoRV32_VC707_DDR3.gen/sources_1/ip/vc707_mig/vc707_mig/user_design/rtl/phy/mig_7series_v4_2_poc_tap_base.v:137]
WARNING: [Synth 8-6014] Unused sequential element prev_valid_r_reg was removed.  [d:/DMA_MMU_work/build/vivado/vc707_ddr3/DMA_IOMMU_PicoRV32_VC707_DDR3.gen/sources_1/ip/vc707_mig/vc707_mig/user_design/rtl/phy/mig_7series_v4_2_poc_meta.v:280]
WARNING: [Synth 8-6014] Unused sequential element second_half_r_reg was removed.  [d:/DMA_MMU_work/build/vivado/vc707_ddr3/DMA_IOMMU_PicoRV32_VC707_DDR3.gen/sources_1/ip/vc707_mig/vc707_mig/user_design/rtl/phy/mig_7series_v4_2_ddr_phy_ocd_data.v:169]
WARNING: [Synth 8-3936] Found unconnected internal register 'word_shifted_reg' and it is trimmed from '64' to '8' bits. [d:/DMA_MMU_work/build/vivado/vc707_ddr3/DMA_IOMMU_PicoRV32_VC707_DDR3.gen/sources_1/ip/vc707_mig/vc707_mig/user_design/rtl/phy/mig_7series_v4_2_ddr_phy_ocd_data.v:189]
WARNING: [Synth 8-6014] Unused sequential element phy_rddata_en_3_second_r_reg was removed.  [d:/DMA_MMU_work/build/vivado/vc707_ddr3/DMA_IOMMU_PicoRV32_VC707_DDR3.gen/sources_1/ip/vc707_mig/vc707_mig/user_design/rtl/phy/mig_7series_v4_2_ddr_phy_ocd_po_cntlr.v:358]
WARNING: [Synth 8-3848] Net dbg_oclkdelay_rd_data in module/entity mig_7series_v4_2_ddr_phy_oclkdelay_cal does not have driver. [d:/DMA_MMU_work/build/vivado/vc707_ddr3/DMA_IOMMU_PicoRV32_VC707_DDR3.gen/sources_1/ip/vc707_mig/vc707_mig/user_design/rtl/phy/mig_7series_v4_2_ddr_phy_oclkdelay_cal.v:206]
WARNING: [Synth 8-6014] Unused sequential element dqsfound_retry_r1_reg was removed.  [d:/DMA_MMU_work/build/vivado/vc707_ddr3/DMA_IOMMU_PicoRV32_VC707_DDR3.gen/sources_1/ip/vc707_mig/vc707_mig/user_design/rtl/phy/mig_7series_v4_2_ddr_phy_dqs_found_cal.v:691]
WARNING: [Synth 8-3848] Net dqsfound_retry_done in module/entity mig_7series_v4_2_ddr_phy_dqs_found_cal does not have driver. [d:/DMA_MMU_work/build/vivado/vc707_ddr3/DMA_IOMMU_PicoRV32_VC707_DDR3.gen/sources_1/ip/vc707_mig/vc707_mig/user_design/rtl/phy/mig_7series_v4_2_ddr_phy_dqs_found_cal.v:131]
WARNING: [Synth 8-6014] Unused sequential element gen_track_left_edge[0].pb_found_first_edge_r_reg was removed.  [d:/DMA_MMU_work/build/vivado/vc707_ddr3/DMA_IOMMU_PicoRV32_VC707_DDR3.gen/sources_1/ip/vc707_mig/vc707_mig/user_design/rtl/phy/mig_7series_v4_2_ddr_phy_rdlvl.v:2473]
WARNING: [Synth 8-6014] Unused sequential element gen_track_left_edge[1].pb_found_first_edge_r_reg was removed.  [d:/DMA_MMU_work/build/vivado/vc707_ddr3/DMA_IOMMU_PicoRV32_VC707_DDR3.gen/sources_1/ip/vc707_mig/vc707_mig/user_design/rtl/phy/mig_7series_v4_2_ddr_phy_rdlvl.v:2473]
WARNING: [Synth 8-6014] Unused sequential element gen_track_left_edge[2].pb_found_first_edge_r_reg was removed.  [d:/DMA_MMU_work/build/vivado/vc707_ddr3/DMA_IOMMU_PicoRV32_VC707_DDR3.gen/sources_1/ip/vc707_mig/vc707_mig/user_design/rtl/phy/mig_7series_v4_2_ddr_phy_rdlvl.v:2473]
WARNING: [Synth 8-6014] Unused sequential element gen_track_left_edge[3].pb_found_first_edge_r_reg was removed.  [d:/DMA_MMU_work/build/vivado/vc707_ddr3/DMA_IOMMU_PicoRV32_VC707_DDR3.gen/sources_1/ip/vc707_mig/vc707_mig/user_design/rtl/phy/mig_7series_v4_2_ddr_phy_rdlvl.v:2473]
WARNING: [Synth 8-6014] Unused sequential element gen_track_left_edge[4].pb_found_first_edge_r_reg was removed.  [d:/DMA_MMU_work/build/vivado/vc707_ddr3/DMA_IOMMU_PicoRV32_VC707_DDR3.gen/sources_1/ip/vc707_mig/vc707_mig/user_design/rtl/phy/mig_7series_v4_2_ddr_phy_rdlvl.v:2473]
WARNING: [Synth 8-6014] Unused sequential element gen_track_left_edge[5].pb_found_first_edge_r_reg was removed.  [d:/DMA_MMU_work/build/vivado/vc707_ddr3/DMA_IOMMU_PicoRV32_VC707_DDR3.gen/sources_1/ip/vc707_mig/vc707_mig/user_design/rtl/phy/mig_7series_v4_2_ddr_phy_rdlvl.v:2473]
WARNING: [Synth 8-6014] Unused sequential element gen_track_left_edge[6].pb_found_first_edge_r_reg was removed.  [d:/DMA_MMU_work/build/vivado/vc707_ddr3/DMA_IOMMU_PicoRV32_VC707_DDR3.gen/sources_1/ip/vc707_mig/vc707_mig/user_design/rtl/phy/mig_7series_v4_2_ddr_phy_rdlvl.v:2473]
WARNING: [Synth 8-6014] Unused sequential element gen_track_left_edge[7].pb_found_first_edge_r_reg was removed.  [d:/DMA_MMU_work/build/vivado/vc707_ddr3/DMA_IOMMU_PicoRV32_VC707_DDR3.gen/sources_1/ip/vc707_mig/vc707_mig/user_design/rtl/phy/mig_7series_v4_2_ddr_phy_rdlvl.v:2473]
WARNING: [Synth 8-6014] Unused sequential element rdlvl_stg1_done_int_r1_reg was removed.  [d:/DMA_MMU_work/build/vivado/vc707_ddr3/DMA_IOMMU_PicoRV32_VC707_DDR3.gen/sources_1/ip/vc707_mig/vc707_mig/user_design/rtl/phy/mig_7series_v4_2_ddr_phy_rdlvl.v:685]
WARNING: [Synth 8-6014] Unused sequential element rdlvl_stg1_done_int_r2_reg was removed.  [d:/DMA_MMU_work/build/vivado/vc707_ddr3/DMA_IOMMU_PicoRV32_VC707_DDR3.gen/sources_1/ip/vc707_mig/vc707_mig/user_design/rtl/phy/mig_7series_v4_2_ddr_phy_rdlvl.v:686]
WARNING: [Synth 8-6014] Unused sequential element rdlvl_stg1_done_int_r3_reg was removed.  [d:/DMA_MMU_work/build/vivado/vc707_ddr3/DMA_IOMMU_PicoRV32_VC707_DDR3.gen/sources_1/ip/vc707_mig/vc707_mig/user_design/rtl/phy/mig_7series_v4_2_ddr_phy_rdlvl.v:687]
WARNING: [Synth 8-6014] Unused sequential element rdlvl_last_byte_done_int_r1_reg was removed.  [d:/DMA_MMU_work/build/vivado/vc707_ddr3/DMA_IOMMU_PicoRV32_VC707_DDR3.gen/sources_1/ip/vc707_mig/vc707_mig/user_design/rtl/phy/mig_7series_v4_2_ddr_phy_rdlvl.v:688]
WARNING: [Synth 8-6014] Unused sequential element rdlvl_last_byte_done_int_r2_reg was removed.  [d:/DMA_MMU_work/build/vivado/vc707_ddr3/DMA_IOMMU_PicoRV32_VC707_DDR3.gen/sources_1/ip/vc707_mig/vc707_mig/user_design/rtl/phy/mig_7series_v4_2_ddr_phy_rdlvl.v:689]
WARNING: [Synth 8-6014] Unused sequential element rdlvl_last_byte_done_int_r3_reg was removed.  [d:/DMA_MMU_work/build/vivado/vc707_ddr3/DMA_IOMMU_PicoRV32_VC707_DDR3.gen/sources_1/ip/vc707_mig/vc707_mig/user_design/rtl/phy/mig_7series_v4_2_ddr_phy_rdlvl.v:690]
WARNING: [Synth 8-6014] Unused sequential element fine_dly_dec_done_r3_reg was removed.  [d:/DMA_MMU_work/build/vivado/vc707_ddr3/DMA_IOMMU_PicoRV32_VC707_DDR3.gen/sources_1/ip/vc707_mig/vc707_mig/user_design/rtl/phy/mig_7series_v4_2_ddr_phy_rdlvl.v:939]
WARNING: [Synth 8-6014] Unused sequential element fine_dly_dec_done_r4_reg was removed.  [d:/DMA_MMU_work/build/vivado/vc707_ddr3/DMA_IOMMU_PicoRV32_VC707_DDR3.gen/sources_1/ip/vc707_mig/vc707_mig/user_design/rtl/phy/mig_7series_v4_2_ddr_phy_rdlvl.v:940]
WARNING: [Synth 8-6014] Unused sequential element regl_rank_done_r_reg was removed.  [d:/DMA_MMU_work/build/vivado/vc707_ddr3/DMA_IOMMU_PicoRV32_VC707_DDR3.gen/sources_1/ip/vc707_mig/vc707_mig/user_design/rtl/phy/mig_7series_v4_2_ddr_phy_rdlvl.v:1043]
WARNING: [Synth 8-6014] Unused sequential element cal1_state_r2_reg was removed.  [d:/DMA_MMU_work/build/vivado/vc707_ddr3/DMA_IOMMU_PicoRV32_VC707_DDR3.gen/sources_1/ip/vc707_mig/vc707_mig/user_design/rtl/phy/mig_7series_v4_2_ddr_phy_rdlvl.v:2695]
WARNING: [Synth 8-6014] Unused sequential element cal1_state_r3_reg was removed.  [d:/DMA_MMU_work/build/vivado/vc707_ddr3/DMA_IOMMU_PicoRV32_VC707_DDR3.gen/sources_1/ip/vc707_mig/vc707_mig/user_design/rtl/phy/mig_7series_v4_2_ddr_phy_rdlvl.v:2696]
WARNING: [Synth 8-6014] Unused sequential element cal1_cnt_cpt_timing_r_reg was removed.  [d:/DMA_MMU_work/build/vivado/vc707_ddr3/DMA_IOMMU_PicoRV32_VC707_DDR3.gen/sources_1/ip/vc707_mig/vc707_mig/user_design/rtl/phy/mig_7series_v4_2_ddr_phy_rdlvl.v:609]
WARNING: [Synth 8-6014] Unused sequential element gen_mux_div4.gen_rd_4[0].mux_rd_rise0_r4_reg was removed.  [d:/DMA_MMU_work/build/vivado/vc707_ddr3/DMA_IOMMU_PicoRV32_VC707_DDR3.gen/sources_1/ip/vc707_mig/vc707_mig/user_design/rtl/phy/mig_7series_v4_2_ddr_phy_prbs_rdlvl.v:557]
WARNING: [Synth 8-6014] Unused sequential element gen_mux_div4.gen_rd_4[0].mux_rd_fall0_r4_reg was removed.  [d:/DMA_MMU_work/build/vivado/vc707_ddr3/DMA_IOMMU_PicoRV32_VC707_DDR3.gen/sources_1/ip/vc707_mig/vc707_mig/user_design/rtl/phy/mig_7series_v4_2_ddr_phy_prbs_rdlvl.v:558]
WARNING: [Synth 8-6014] Unused sequential element gen_mux_div4.gen_rd_4[0].mux_rd_rise1_r4_reg was removed.  [d:/DMA_MMU_work/build/vivado/vc707_ddr3/DMA_IOMMU_PicoRV32_VC707_DDR3.gen/sources_1/ip/vc707_mig/vc707_mig/user_design/rtl/phy/mig_7series_v4_2_ddr_phy_prbs_rdlvl.v:559]
WARNING: [Synth 8-6014] Unused sequential element gen_mux_div4.gen_rd_4[0].mux_rd_fall1_r4_reg was removed.  [d:/DMA_MMU_work/build/vivado/vc707_ddr3/DMA_IOMMU_PicoRV32_VC707_DDR3.gen/sources_1/ip/vc707_mig/vc707_mig/user_design/rtl/phy/mig_7series_v4_2_ddr_phy_prbs_rdlvl.v:560]
WARNING: [Synth 8-6014] Unused sequential element gen_mux_div4.gen_rd_4[0].mux_rd_rise2_r4_reg was removed.  [d:/DMA_MMU_work/build/vivado/vc707_ddr3/DMA_IOMMU_PicoRV32_VC707_DDR3.gen/sources_1/ip/vc707_mig/vc707_mig/user_design/rtl/phy/mig_7series_v4_2_ddr_phy_prbs_rdlvl.v:561]
WARNING: [Synth 8-6014] Unused sequential element gen_mux_div4.gen_rd_4[0].mux_rd_fall2_r4_reg was removed.  [d:/DMA_MMU_work/build/vivado/vc707_ddr3/DMA_IOMMU_PicoRV32_VC707_DDR3.gen/sources_1/ip/vc707_mig/vc707_mig/user_design/rtl/phy/mig_7series_v4_2_ddr_phy_prbs_rdlvl.v:562]
WARNING: [Synth 8-6014] Unused sequential element gen_mux_div4.gen_rd_4[0].mux_rd_rise3_r4_reg was removed.  [d:/DMA_MMU_work/build/vivado/vc707_ddr3/DMA_IOMMU_PicoRV32_VC707_DDR3.gen/sources_1/ip/vc707_mig/vc707_mig/user_design/rtl/phy/mig_7series_v4_2_ddr_phy_prbs_rdlvl.v:563]
WARNING: [Synth 8-6014] Unused sequential element gen_mux_div4.gen_rd_4[0].mux_rd_fall3_r4_reg was removed.  [d:/DMA_MMU_work/build/vivado/vc707_ddr3/DMA_IOMMU_PicoRV32_VC707_DDR3.gen/sources_1/ip/vc707_mig/vc707_mig/user_design/rtl/phy/mig_7series_v4_2_ddr_phy_prbs_rdlvl.v:564]
WARNING: [Synth 8-6014] Unused sequential element gen_mux_div4.gen_rd_4[1].mux_rd_rise0_r4_reg was removed.  [d:/DMA_MMU_work/build/vivado/vc707_ddr3/DMA_IOMMU_PicoRV32_VC707_DDR3.gen/sources_1/ip/vc707_mig/vc707_mig/user_design/rtl/phy/mig_7series_v4_2_ddr_phy_prbs_rdlvl.v:557]
WARNING: [Synth 8-6014] Unused sequential element gen_mux_div4.gen_rd_4[1].mux_rd_fall0_r4_reg was removed.  [d:/DMA_MMU_work/build/vivado/vc707_ddr3/DMA_IOMMU_PicoRV32_VC707_DDR3.gen/sources_1/ip/vc707_mig/vc707_mig/user_design/rtl/phy/mig_7series_v4_2_ddr_phy_prbs_rdlvl.v:558]
WARNING: [Synth 8-6014] Unused sequential element gen_mux_div4.gen_rd_4[1].mux_rd_rise1_r4_reg was removed.  [d:/DMA_MMU_work/build/vivado/vc707_ddr3/DMA_IOMMU_PicoRV32_VC707_DDR3.gen/sources_1/ip/vc707_mig/vc707_mig/user_design/rtl/phy/mig_7series_v4_2_ddr_phy_prbs_rdlvl.v:559]
WARNING: [Synth 8-6014] Unused sequential element gen_mux_div4.gen_rd_4[1].mux_rd_fall1_r4_reg was removed.  [d:/DMA_MMU_work/build/vivado/vc707_ddr3/DMA_IOMMU_PicoRV32_VC707_DDR3.gen/sources_1/ip/vc707_mig/vc707_mig/user_design/rtl/phy/mig_7series_v4_2_ddr_phy_prbs_rdlvl.v:560]
WARNING: [Synth 8-6014] Unused sequential element gen_mux_div4.gen_rd_4[1].mux_rd_rise2_r4_reg was removed.  [d:/DMA_MMU_work/build/vivado/vc707_ddr3/DMA_IOMMU_PicoRV32_VC707_DDR3.gen/sources_1/ip/vc707_mig/vc707_mig/user_design/rtl/phy/mig_7series_v4_2_ddr_phy_prbs_rdlvl.v:561]
WARNING: [Synth 8-6014] Unused sequential element gen_mux_div4.gen_rd_4[1].mux_rd_fall2_r4_reg was removed.  [d:/DMA_MMU_work/build/vivado/vc707_ddr3/DMA_IOMMU_PicoRV32_VC707_DDR3.gen/sources_1/ip/vc707_mig/vc707_mig/user_design/rtl/phy/mig_7series_v4_2_ddr_phy_prbs_rdlvl.v:562]
WARNING: [Synth 8-6014] Unused sequential element gen_mux_div4.gen_rd_4[1].mux_rd_rise3_r4_reg was removed.  [d:/DMA_MMU_work/build/vivado/vc707_ddr3/DMA_IOMMU_PicoRV32_VC707_DDR3.gen/sources_1/ip/vc707_mig/vc707_mig/user_design/rtl/phy/mig_7series_v4_2_ddr_phy_prbs_rdlvl.v:563]
WARNING: [Synth 8-6014] Unused sequential element gen_mux_div4.gen_rd_4[1].mux_rd_fall3_r4_reg was removed.  [d:/DMA_MMU_work/build/vivado/vc707_ddr3/DMA_IOMMU_PicoRV32_VC707_DDR3.gen/sources_1/ip/vc707_mig/vc707_mig/user_design/rtl/phy/mig_7series_v4_2_ddr_phy_prbs_rdlvl.v:564]
WARNING: [Synth 8-6014] Unused sequential element gen_mux_div4.gen_rd_4[2].mux_rd_rise0_r4_reg was removed.  [d:/DMA_MMU_work/build/vivado/vc707_ddr3/DMA_IOMMU_PicoRV32_VC707_DDR3.gen/sources_1/ip/vc707_mig/vc707_mig/user_design/rtl/phy/mig_7series_v4_2_ddr_phy_prbs_rdlvl.v:557]
WARNING: [Synth 8-6014] Unused sequential element gen_mux_div4.gen_rd_4[2].mux_rd_fall0_r4_reg was removed.  [d:/DMA_MMU_work/build/vivado/vc707_ddr3/DMA_IOMMU_PicoRV32_VC707_DDR3.gen/sources_1/ip/vc707_mig/vc707_mig/user_design/rtl/phy/mig_7series_v4_2_ddr_phy_prbs_rdlvl.v:558]
WARNING: [Synth 8-6014] Unused sequential element gen_mux_div4.gen_rd_4[2].mux_rd_rise1_r4_reg was removed.  [d:/DMA_MMU_work/build/vivado/vc707_ddr3/DMA_IOMMU_PicoRV32_VC707_DDR3.gen/sources_1/ip/vc707_mig/vc707_mig/user_design/rtl/phy/mig_7series_v4_2_ddr_phy_prbs_rdlvl.v:559]
WARNING: [Synth 8-6014] Unused sequential element gen_mux_div4.gen_rd_4[2].mux_rd_fall1_r4_reg was removed.  [d:/DMA_MMU_work/build/vivado/vc707_ddr3/DMA_IOMMU_PicoRV32_VC707_DDR3.gen/sources_1/ip/vc707_mig/vc707_mig/user_design/rtl/phy/mig_7series_v4_2_ddr_phy_prbs_rdlvl.v:560]
WARNING: [Synth 8-6014] Unused sequential element gen_mux_div4.gen_rd_4[2].mux_rd_rise2_r4_reg was removed.  [d:/DMA_MMU_work/build/vivado/vc707_ddr3/DMA_IOMMU_PicoRV32_VC707_DDR3.gen/sources_1/ip/vc707_mig/vc707_mig/user_design/rtl/phy/mig_7series_v4_2_ddr_phy_prbs_rdlvl.v:561]
WARNING: [Synth 8-6014] Unused sequential element gen_mux_div4.gen_rd_4[2].mux_rd_fall2_r4_reg was removed.  [d:/DMA_MMU_work/build/vivado/vc707_ddr3/DMA_IOMMU_PicoRV32_VC707_DDR3.gen/sources_1/ip/vc707_mig/vc707_mig/user_design/rtl/phy/mig_7series_v4_2_ddr_phy_prbs_rdlvl.v:562]
WARNING: [Synth 8-6014] Unused sequential element gen_mux_div4.gen_rd_4[2].mux_rd_rise3_r4_reg was removed.  [d:/DMA_MMU_work/build/vivado/vc707_ddr3/DMA_IOMMU_PicoRV32_VC707_DDR3.gen/sources_1/ip/vc707_mig/vc707_mig/user_design/rtl/phy/mig_7series_v4_2_ddr_phy_prbs_rdlvl.v:563]
WARNING: [Synth 8-6014] Unused sequential element gen_mux_div4.gen_rd_4[2].mux_rd_fall3_r4_reg was removed.  [d:/DMA_MMU_work/build/vivado/vc707_ddr3/DMA_IOMMU_PicoRV32_VC707_DDR3.gen/sources_1/ip/vc707_mig/vc707_mig/user_design/rtl/phy/mig_7series_v4_2_ddr_phy_prbs_rdlvl.v:564]
WARNING: [Synth 8-6014] Unused sequential element gen_mux_div4.gen_rd_4[3].mux_rd_rise0_r4_reg was removed.  [d:/DMA_MMU_work/build/vivado/vc707_ddr3/DMA_IOMMU_PicoRV32_VC707_DDR3.gen/sources_1/ip/vc707_mig/vc707_mig/user_design/rtl/phy/mig_7series_v4_2_ddr_phy_prbs_rdlvl.v:557]
WARNING: [Synth 8-6014] Unused sequential element gen_mux_div4.gen_rd_4[3].mux_rd_fall0_r4_reg was removed.  [d:/DMA_MMU_work/build/vivado/vc707_ddr3/DMA_IOMMU_PicoRV32_VC707_DDR3.gen/sources_1/ip/vc707_mig/vc707_mig/user_design/rtl/phy/mig_7series_v4_2_ddr_phy_prbs_rdlvl.v:558]
WARNING: [Synth 8-6014] Unused sequential element gen_mux_div4.gen_rd_4[3].mux_rd_rise1_r4_reg was removed.  [d:/DMA_MMU_work/build/vivado/vc707_ddr3/DMA_IOMMU_PicoRV32_VC707_DDR3.gen/sources_1/ip/vc707_mig/vc707_mig/user_design/rtl/phy/mig_7series_v4_2_ddr_phy_prbs_rdlvl.v:559]
WARNING: [Synth 8-6014] Unused sequential element gen_mux_div4.gen_rd_4[3].mux_rd_fall1_r4_reg was removed.  [d:/DMA_MMU_work/build/vivado/vc707_ddr3/DMA_IOMMU_PicoRV32_VC707_DDR3.gen/sources_1/ip/vc707_mig/vc707_mig/user_design/rtl/phy/mig_7series_v4_2_ddr_phy_prbs_rdlvl.v:560]
WARNING: [Synth 8-6014] Unused sequential element gen_mux_div4.gen_rd_4[3].mux_rd_rise2_r4_reg was removed.  [d:/DMA_MMU_work/build/vivado/vc707_ddr3/DMA_IOMMU_PicoRV32_VC707_DDR3.gen/sources_1/ip/vc707_mig/vc707_mig/user_design/rtl/phy/mig_7series_v4_2_ddr_phy_prbs_rdlvl.v:561]
WARNING: [Synth 8-6014] Unused sequential element gen_mux_div4.gen_rd_4[3].mux_rd_fall2_r4_reg was removed.  [d:/DMA_MMU_work/build/vivado/vc707_ddr3/DMA_IOMMU_PicoRV32_VC707_DDR3.gen/sources_1/ip/vc707_mig/vc707_mig/user_design/rtl/phy/mig_7series_v4_2_ddr_phy_prbs_rdlvl.v:562]
WARNING: [Synth 8-6014] Unused sequential element gen_mux_div4.gen_rd_4[3].mux_rd_rise3_r4_reg was removed.  [d:/DMA_MMU_work/build/vivado/vc707_ddr3/DMA_IOMMU_PicoRV32_VC707_DDR3.gen/sources_1/ip/vc707_mig/vc707_mig/user_design/rtl/phy/mig_7series_v4_2_ddr_phy_prbs_rdlvl.v:563]
WARNING: [Synth 8-6014] Unused sequential element gen_mux_div4.gen_rd_4[3].mux_rd_fall3_r4_reg was removed.  [d:/DMA_MMU_work/build/vivado/vc707_ddr3/DMA_IOMMU_PicoRV32_VC707_DDR3.gen/sources_1/ip/vc707_mig/vc707_mig/user_design/rtl/phy/mig_7series_v4_2_ddr_phy_prbs_rdlvl.v:564]
WARNING: [Synth 8-6014] Unused sequential element gen_mux_div4.gen_rd_4[4].mux_rd_rise0_r4_reg was removed.  [d:/DMA_MMU_work/build/vivado/vc707_ddr3/DMA_IOMMU_PicoRV32_VC707_DDR3.gen/sources_1/ip/vc707_mig/vc707_mig/user_design/rtl/phy/mig_7series_v4_2_ddr_phy_prbs_rdlvl.v:557]
WARNING: [Synth 8-6014] Unused sequential element gen_mux_div4.gen_rd_4[4].mux_rd_fall0_r4_reg was removed.  [d:/DMA_MMU_work/build/vivado/vc707_ddr3/DMA_IOMMU_PicoRV32_VC707_DDR3.gen/sources_1/ip/vc707_mig/vc707_mig/user_design/rtl/phy/mig_7series_v4_2_ddr_phy_prbs_rdlvl.v:558]
WARNING: [Synth 8-6014] Unused sequential element gen_mux_div4.gen_rd_4[4].mux_rd_rise1_r4_reg was removed.  [d:/DMA_MMU_work/build/vivado/vc707_ddr3/DMA_IOMMU_PicoRV32_VC707_DDR3.gen/sources_1/ip/vc707_mig/vc707_mig/user_design/rtl/phy/mig_7series_v4_2_ddr_phy_prbs_rdlvl.v:559]
INFO: [Common 17-14] Message 'Synth 8-6014' appears 100 times and further instances of the messages will be disabled. Use the Tcl command set_msg_config to change the current settings.
WARNING: [Synth 8-3936] Found unconnected internal register 'rdlvl_start_dly0_r_reg' and it is trimmed from '16' to '15' bits. [d:/DMA_MMU_work/build/vivado/vc707_ddr3/DMA_IOMMU_PicoRV32_VC707_DDR3.gen/sources_1/ip/vc707_mig/vc707_mig/user_design/rtl/phy/mig_7series_v4_2_ddr_phy_init.v:1227]
WARNING: [Synth 8-3936] Found unconnected internal register 'wrcal_start_dly_r_reg' and it is trimmed from '16' to '15' bits. [d:/DMA_MMU_work/build/vivado/vc707_ddr3/DMA_IOMMU_PicoRV32_VC707_DDR3.gen/sources_1/ip/vc707_mig/vc707_mig/user_design/rtl/phy/mig_7series_v4_2_ddr_phy_init.v:1229]
WARNING: [Synth 8-3936] Found unconnected internal register 'oclkdelay_start_dly_r_reg' and it is trimmed from '16' to '15' bits. [d:/DMA_MMU_work/build/vivado/vc707_ddr3/DMA_IOMMU_PicoRV32_VC707_DDR3.gen/sources_1/ip/vc707_mig/vc707_mig/user_design/rtl/phy/mig_7series_v4_2_ddr_phy_init.v:1231]
WARNING: [Synth 8-3848] Net calib_aux_out in module/entity mig_7series_v4_2_ddr_phy_init does not have driver. [d:/DMA_MMU_work/build/vivado/vc707_ddr3/DMA_IOMMU_PicoRV32_VC707_DDR3.gen/sources_1/ip/vc707_mig/vc707_mig/user_design/rtl/phy/mig_7series_v4_2_ddr_phy_init.v:275]
WARNING: [Synth 8-3848] Net i in module/entity mig_7series_v4_2_ddr_phy_wrcal does not have driver. [d:/DMA_MMU_work/build/vivado/vc707_ddr3/DMA_IOMMU_PicoRV32_VC707_DDR3.gen/sources_1/ip/vc707_mig/vc707_mig/user_design/rtl/phy/mig_7series_v4_2_ddr_phy_wrcal.v:155]
WARNING: [Synth 8-3848] Net coarse_dec_err in module/entity mig_7series_v4_2_ddr_calib_top does not have driver. [d:/DMA_MMU_work/build/vivado/vc707_ddr3/DMA_IOMMU_PicoRV32_VC707_DDR3.gen/sources_1/ip/vc707_mig/vc707_mig/user_design/rtl/phy/mig_7series_v4_2_ddr_calib_top.v:661]
WARNING: [Synth 8-3848] Net dbg_skip_cal in module/entity mig_7series_v4_2_ddr_calib_top does not have driver. [d:/DMA_MMU_work/build/vivado/vc707_ddr3/DMA_IOMMU_PicoRV32_VC707_DDR3.gen/sources_1/ip/vc707_mig/vc707_mig/user_design/rtl/phy/mig_7series_v4_2_ddr_calib_top.v:672]
WARNING: [Synth 8-3848] Net cmd_wr_bytes in module/entity mig_7series_v4_2_axi_mc_w_channel does not have driver. [d:/DMA_MMU_work/build/vivado/vc707_ddr3/DMA_IOMMU_PicoRV32_VC707_DDR3.gen/sources_1/ip/vc707_mig/vc707_mig/user_design/rtl/axi/mig_7series_v4_2_axi_mc_w_channel.v:96]
WARNING: [Synth 8-3848] Net error in module/entity mig_7series_v4_2_memc_ui_top_axi does not have driver. [d:/DMA_MMU_work/build/vivado/vc707_ddr3/DMA_IOMMU_PicoRV32_VC707_DDR3.gen/sources_1/ip/vc707_mig/vc707_mig/user_design/rtl/ip_top/mig_7series_v4_2_memc_ui_top_axi.v:554]
WARNING: [Synth 8-3848] Net app_correct_en_i in module/entity mig_7series_v4_2_memc_ui_top_axi does not have driver. [d:/DMA_MMU_work/build/vivado/vc707_ddr3/DMA_IOMMU_PicoRV32_VC707_DDR3.gen/sources_1/ip/vc707_mig/vc707_mig/user_design/rtl/ip_top/mig_7series_v4_2_memc_ui_top_axi.v:499]
WARNING: [Synth 8-3848] Net s_axi_ctrl_awvalid in module/entity vc707_mig_mig does not have driver. [d:/DMA_MMU_work/build/vivado/vc707_ddr3/DMA_IOMMU_PicoRV32_VC707_DDR3.gen/sources_1/ip/vc707_mig/vc707_mig/user_design/rtl/vc707_mig_mig.v:783]
WARNING: [Synth 8-3848] Net s_axi_ctrl_awaddr in module/entity vc707_mig_mig does not have driver. [d:/DMA_MMU_work/build/vivado/vc707_ddr3/DMA_IOMMU_PicoRV32_VC707_DDR3.gen/sources_1/ip/vc707_mig/vc707_mig/user_design/rtl/vc707_mig_mig.v:785]
WARNING: [Synth 8-3848] Net s_axi_ctrl_wvalid in module/entity vc707_mig_mig does not have driver. [d:/DMA_MMU_work/build/vivado/vc707_ddr3/DMA_IOMMU_PicoRV32_VC707_DDR3.gen/sources_1/ip/vc707_mig/vc707_mig/user_design/rtl/vc707_mig_mig.v:787]
WARNING: [Synth 8-3848] Net s_axi_ctrl_wdata in module/entity vc707_mig_mig does not have driver. [d:/DMA_MMU_work/build/vivado/vc707_ddr3/DMA_IOMMU_PicoRV32_VC707_DDR3.gen/sources_1/ip/vc707_mig/vc707_mig/user_design/rtl/vc707_mig_mig.v:789]
WARNING: [Synth 8-3848] Net s_axi_ctrl_bready in module/entity vc707_mig_mig does not have driver. [d:/DMA_MMU_work/build/vivado/vc707_ddr3/DMA_IOMMU_PicoRV32_VC707_DDR3.gen/sources_1/ip/vc707_mig/vc707_mig/user_design/rtl/vc707_mig_mig.v:792]
WARNING: [Synth 8-3848] Net s_axi_ctrl_arvalid in module/entity vc707_mig_mig does not have driver. [d:/DMA_MMU_work/build/vivado/vc707_ddr3/DMA_IOMMU_PicoRV32_VC707_DDR3.gen/sources_1/ip/vc707_mig/vc707_mig/user_design/rtl/vc707_mig_mig.v:795]
WARNING: [Synth 8-3848] Net s_axi_ctrl_araddr in module/entity vc707_mig_mig does not have driver. [d:/DMA_MMU_work/build/vivado/vc707_ddr3/DMA_IOMMU_PicoRV32_VC707_DDR3.gen/sources_1/ip/vc707_mig/vc707_mig/user_design/rtl/vc707_mig_mig.v:797]
WARNING: [Synth 8-3848] Net s_axi_ctrl_rready in module/entity vc707_mig_mig does not have driver. [d:/DMA_MMU_work/build/vivado/vc707_ddr3/DMA_IOMMU_PicoRV32_VC707_DDR3.gen/sources_1/ip/vc707_mig/vc707_mig/user_design/rtl/vc707_mig_mig.v:800]
WARNING: [Synth 8-3848] Net device_temp_i in module/entity vc707_mig_mig does not have driver. [d:/DMA_MMU_work/build/vivado/vc707_ddr3/DMA_IOMMU_PicoRV32_VC707_DDR3.gen/sources_1/ip/vc707_mig/vc707_mig/user_design/rtl/vc707_mig_mig.v:813]
WARNING: [Synth 8-3848] Net clk_ref_p in module/entity vc707_mig_mig does not have driver. [d:/DMA_MMU_work/build/vivado/vc707_ddr3/DMA_IOMMU_PicoRV32_VC707_DDR3.gen/sources_1/ip/vc707_mig/vc707_mig/user_design/rtl/vc707_mig_mig.v:809]
WARNING: [Synth 8-3848] Net clk_ref_n in module/entity vc707_mig_mig does not have driver. [d:/DMA_MMU_work/build/vivado/vc707_ddr3/DMA_IOMMU_PicoRV32_VC707_DDR3.gen/sources_1/ip/vc707_mig/vc707_mig/user_design/rtl/vc707_mig_mig.v:810]
WARNING: [Synth 8-7129] Port mc_app_rd_last in module mig_7series_v4_2_axi_mc_r_channel is either unconnected or has no load
WARNING: [Synth 8-7129] Port axlen[7] in module mig_7series_v4_2_axi_mc_wrap_cmd is either unconnected or has no load
WARNING: [Synth 8-7129] Port axlen[6] in module mig_7series_v4_2_axi_mc_wrap_cmd is either unconnected or has no load
WARNING: [Synth 8-7129] Port axlen[5] in module mig_7series_v4_2_axi_mc_wrap_cmd is either unconnected or has no load
WARNING: [Synth 8-7129] Port axlen[4] in module mig_7series_v4_2_axi_mc_wrap_cmd is either unconnected or has no load
WARNING: [Synth 8-7129] Port axsize[2] in module mig_7series_v4_2_axi_mc_wrap_cmd is either unconnected or has no load
WARNING: [Synth 8-7129] Port axsize[1] in module mig_7series_v4_2_axi_mc_wrap_cmd is either unconnected or has no load
WARNING: [Synth 8-7129] Port axsize[0] in module mig_7series_v4_2_axi_mc_wrap_cmd is either unconnected or has no load
WARNING: [Synth 8-7129] Port axsize[2] in module mig_7series_v4_2_axi_mc_incr_cmd is either unconnected or has no load
WARNING: [Synth 8-7129] Port axsize[1] in module mig_7series_v4_2_axi_mc_incr_cmd is either unconnected or has no load
WARNING: [Synth 8-7129] Port axsize[0] in module mig_7series_v4_2_axi_mc_incr_cmd is either unconnected or has no load
WARNING: [Synth 8-7129] Port axburst[0] in module mig_7series_v4_2_axi_mc_cmd_translator is either unconnected or has no load
WARNING: [Synth 8-7129] Port arlock[1] in module mig_7series_v4_2_axi_mc_ar_channel is either unconnected or has no load
WARNING: [Synth 8-7129] Port arlock[0] in module mig_7series_v4_2_axi_mc_ar_channel is either unconnected or has no load
WARNING: [Synth 8-7129] Port arcache[3] in module mig_7series_v4_2_axi_mc_ar_channel is either unconnected or has no load
WARNING: [Synth 8-7129] Port arcache[2] in module mig_7series_v4_2_axi_mc_ar_channel is either unconnected or has no load
WARNING: [Synth 8-7129] Port arcache[1] in module mig_7series_v4_2_axi_mc_ar_channel is either unconnected or has no load
WARNING: [Synth 8-7129] Port arcache[0] in module mig_7series_v4_2_axi_mc_ar_channel is either unconnected or has no load
WARNING: [Synth 8-7129] Port arprot[2] in module mig_7series_v4_2_axi_mc_ar_channel is either unconnected or has no load
WARNING: [Synth 8-7129] Port arprot[1] in module mig_7series_v4_2_axi_mc_ar_channel is either unconnected or has no load
WARNING: [Synth 8-7129] Port arprot[0] in module mig_7series_v4_2_axi_mc_ar_channel is either unconnected or has no load
WARNING: [Synth 8-7129] Port b_resp_rdy in module mig_7series_v4_2_axi_mc_b_channel is either unconnected or has no load
WARNING: [Synth 8-7129] Port cmd_wr_bytes in module mig_7series_v4_2_axi_mc_w_channel is either unconnected or has no load
WARNING: [Synth 8-7129] Port awvalid in module mig_7series_v4_2_axi_mc_w_channel is either unconnected or has no load
WARNING: [Synth 8-7129] Port w_ignore_begin in module mig_7series_v4_2_axi_mc_w_channel is either unconnected or has no load
WARNING: [Synth 8-7129] Port w_ignore_end in module mig_7series_v4_2_axi_mc_w_channel is either unconnected or has no load
WARNING: [Synth 8-7129] Port awlock[1] in module mig_7series_v4_2_axi_mc_aw_channel is either unconnected or has no load
WARNING: [Synth 8-7129] Port awlock[0] in module mig_7series_v4_2_axi_mc_aw_channel is either unconnected or has no load
WARNING: [Synth 8-7129] Port awcache[3] in module mig_7series_v4_2_axi_mc_aw_channel is either unconnected or has no load
WARNING: [Synth 8-7129] Port awcache[2] in module mig_7series_v4_2_axi_mc_aw_channel is either unconnected or has no load
WARNING: [Synth 8-7129] Port awcache[1] in module mig_7series_v4_2_axi_mc_aw_channel is either unconnected or has no load
WARNING: [Synth 8-7129] Port awcache[0] in module mig_7series_v4_2_axi_mc_aw_channel is either unconnected or has no load
WARNING: [Synth 8-7129] Port awprot[2] in module mig_7series_v4_2_axi_mc_aw_channel is either unconnected or has no load
WARNING: [Synth 8-7129] Port awprot[1] in module mig_7series_v4_2_axi_mc_aw_channel is either unconnected or has no load
WARNING: [Synth 8-7129] Port awprot[0] in module mig_7series_v4_2_axi_mc_aw_channel is either unconnected or has no load
WARNING: [Synth 8-7129] Port cmd_wr_bytes in module mig_7series_v4_2_axi_mc_aw_channel is either unconnected or has no load
WARNING: [Synth 8-7129] Port ACLK in module mig_7series_v4_2_ddr_axic_register_slice__parameterized2 is either unconnected or has no load
WARNING: [Synth 8-7129] Port ARESET in module mig_7series_v4_2_ddr_axic_register_slice__parameterized2 is either unconnected or has no load
WARNING: [Synth 8-7129] Port ACLK in module mig_7series_v4_2_ddr_axic_register_slice__parameterized3 is either unconnected or has no load
WARNING: [Synth 8-7129] Port ARESET in module mig_7series_v4_2_ddr_axic_register_slice__parameterized3 is either unconnected or has no load
WARNING: [Synth 8-7129] Port ACLK in module mig_7series_v4_2_ddr_axic_register_slice__parameterized1 is either unconnected or has no load
WARNING: [Synth 8-7129] Port ARESET in module mig_7series_v4_2_ddr_axic_register_slice__parameterized1 is either unconnected or has no load
WARNING: [Synth 8-7129] Port ACLK in module mig_7series_v4_2_ddr_axic_register_slice__parameterized0 is either unconnected or has no load
WARNING: [Synth 8-7129] Port ARESET in module mig_7series_v4_2_ddr_axic_register_slice__parameterized0 is either unconnected or has no load
WARNING: [Synth 8-7129] Port S_AXI_AWUSER[0] in module mig_7series_v4_2_ddr_axi_register_slice__parameterized1 is either unconnected or has no load
WARNING: [Synth 8-7129] Port S_AXI_WUSER[0] in module mig_7series_v4_2_ddr_axi_register_slice__parameterized1 is either unconnected or has no load
WARNING: [Synth 8-7129] Port S_AXI_ARUSER[0] in module mig_7series_v4_2_ddr_axi_register_slice__parameterized1 is either unconnected or has no load
WARNING: [Synth 8-7129] Port M_AXI_BUSER[0] in module mig_7series_v4_2_ddr_axi_register_slice__parameterized1 is either unconnected or has no load
WARNING: [Synth 8-7129] Port M_AXI_RUSER[0] in module mig_7series_v4_2_ddr_axi_register_slice__parameterized1 is either unconnected or has no load
WARNING: [Synth 8-7129] Port S_AXI_AWUSER[0] in module mig_7series_v4_2_ddr_axi_register_slice__parameterized0 is either unconnected or has no load
WARNING: [Synth 8-7129] Port S_AXI_WUSER[0] in module mig_7series_v4_2_ddr_axi_register_slice__parameterized0 is either unconnected or has no load
WARNING: [Synth 8-7129] Port S_AXI_ARUSER[0] in module mig_7series_v4_2_ddr_axi_register_slice__parameterized0 is either unconnected or has no load
WARNING: [Synth 8-7129] Port M_AXI_BUSER[0] in module mig_7series_v4_2_ddr_axi_register_slice__parameterized0 is either unconnected or has no load
WARNING: [Synth 8-7129] Port M_AXI_RUSER[0] in module mig_7series_v4_2_ddr_axi_register_slice__parameterized0 is either unconnected or has no load
WARNING: [Synth 8-7129] Port S_AXI_AWUSER[0] in module mig_7series_v4_2_ddr_axi_register_slice is either unconnected or has no load
WARNING: [Synth 8-7129] Port S_AXI_WUSER[0] in module mig_7series_v4_2_ddr_axi_register_slice is either unconnected or has no load
WARNING: [Synth 8-7129] Port S_AXI_ARUSER[0] in module mig_7series_v4_2_ddr_axi_register_slice is either unconnected or has no load
WARNING: [Synth 8-7129] Port M_AXI_BUSER[0] in module mig_7series_v4_2_ddr_axi_register_slice is either unconnected or has no load
WARNING: [Synth 8-7129] Port M_AXI_RUSER[0] in module mig_7series_v4_2_ddr_axi_register_slice is either unconnected or has no load
WARNING: [Synth 8-7129] Port cmd_modified in module mig_7series_v4_2_ddr_r_upsizer is either unconnected or has no load
WARNING: [Synth 8-7129] Port cmd_offset[5] in module mig_7series_v4_2_ddr_r_upsizer is either unconnected or has no load
WARNING: [Synth 8-7129] Port cmd_offset[4] in module mig_7series_v4_2_ddr_r_upsizer is either unconnected or has no load
WARNING: [Synth 8-7129] Port cmd_offset[3] in module mig_7series_v4_2_ddr_r_upsizer is either unconnected or has no load
WARNING: [Synth 8-7129] Port cmd_offset[2] in module mig_7series_v4_2_ddr_r_upsizer is either unconnected or has no load
WARNING: [Synth 8-7129] Port cmd_offset[1] in module mig_7series_v4_2_ddr_r_upsizer is either unconnected or has no load
WARNING: [Synth 8-7129] Port cmd_offset[0] in module mig_7series_v4_2_ddr_r_upsizer is either unconnected or has no load
WARNING: [Synth 8-7129] Port cmd_step[6] in module mig_7series_v4_2_ddr_r_upsizer is either unconnected or has no load
WARNING: [Synth 8-7129] Port M_AXI_RUSER[0] in module mig_7series_v4_2_ddr_r_upsizer is either unconnected or has no load
WARNING: [Synth 8-7129] Port S_AXI_AUSER[0] in module mig_7series_v4_2_ddr_a_upsizer__parameterized0 is either unconnected or has no load
WARNING: [Synth 8-7129] Port cmd_offset[5] in module mig_7series_v4_2_ddr_w_upsizer is either unconnected or has no load
WARNING: [Synth 8-7129] Port cmd_offset[4] in module mig_7series_v4_2_ddr_w_upsizer is either unconnected or has no load
WARNING: [Synth 8-7129] Port cmd_offset[3] in module mig_7series_v4_2_ddr_w_upsizer is either unconnected or has no load
WARNING: [Synth 8-7129] Port cmd_offset[2] in module mig_7series_v4_2_ddr_w_upsizer is either unconnected or has no load
WARNING: [Synth 8-7129] Port cmd_offset[1] in module mig_7series_v4_2_ddr_w_upsizer is either unconnected or has no load
WARNING: [Synth 8-7129] Port cmd_offset[0] in module mig_7series_v4_2_ddr_w_upsizer is either unconnected or has no load
WARNING: [Synth 8-7129] Port cmd_step[6] in module mig_7series_v4_2_ddr_w_upsizer is either unconnected or has no load
WARNING: [Synth 8-7129] Port S_AXI_WUSER[0] in module mig_7series_v4_2_ddr_w_upsizer is either unconnected or has no load
WARNING: [Synth 8-7129] Port S_AXI_AUSER[0] in module mig_7series_v4_2_ddr_a_upsizer is either unconnected or has no load
WARNING: [Synth 8-7129] Port ecc_multiple[7] in module mig_7series_v4_2_ui_rd_data is either unconnected or has no load
WARNING: [Synth 8-7129] Port ecc_multiple[6] in module mig_7series_v4_2_ui_rd_data is either unconnected or has no load
WARNING: [Synth 8-7129] Port ecc_multiple[5] in module mig_7series_v4_2_ui_rd_data is either unconnected or has no load
WARNING: [Synth 8-7129] Port ecc_multiple[4] in module mig_7series_v4_2_ui_rd_data is either unconnected or has no load
WARNING: [Synth 8-7129] Port ecc_multiple[3] in module mig_7series_v4_2_ui_rd_data is either unconnected or has no load
WARNING: [Synth 8-7129] Port ecc_multiple[2] in module mig_7series_v4_2_ui_rd_data is either unconnected or has no load
WARNING: [Synth 8-7129] Port ecc_multiple[1] in module mig_7series_v4_2_ui_rd_data is either unconnected or has no load
WARNING: [Synth 8-7129] Port ecc_multiple[0] in module mig_7series_v4_2_ui_rd_data is either unconnected or has no load
WARNING: [Synth 8-7129] Port ecc_single[7] in module mig_7series_v4_2_ui_rd_data is either unconnected or has no load
WARNING: [Synth 8-7129] Port ecc_single[6] in module mig_7series_v4_2_ui_rd_data is either unconnected or has no load
WARNING: [Synth 8-7129] Port ecc_single[5] in module mig_7series_v4_2_ui_rd_data is either unconnected or has no load
WARNING: [Synth 8-7129] Port ecc_single[4] in module mig_7series_v4_2_ui_rd_data is either unconnected or has no load
WARNING: [Synth 8-7129] Port ecc_single[3] in module mig_7series_v4_2_ui_rd_data is either unconnected or has no load
WARNING: [Synth 8-7129] Port ecc_single[2] in module mig_7series_v4_2_ui_rd_data is either unconnected or has no load
WARNING: [Synth 8-7129] Port ecc_single[1] in module mig_7series_v4_2_ui_rd_data is either unconnected or has no load
WARNING: [Synth 8-7129] Port ecc_single[0] in module mig_7series_v4_2_ui_rd_data is either unconnected or has no load
WARNING: [Synth 8-7129] Port app_raw_not_ecc[7] in module mig_7series_v4_2_ui_wr_data is either unconnected or has no load
WARNING: [Synth 8-7129] Port app_raw_not_ecc[6] in module mig_7series_v4_2_ui_wr_data is either unconnected or has no load
WARNING: [Synth 8-7129] Port app_raw_not_ecc[5] in module mig_7series_v4_2_ui_wr_data is either unconnected or has no load
WARNING: [Synth 8-7129] Port app_raw_not_ecc[4] in module mig_7series_v4_2_ui_wr_data is either unconnected or has no load
WARNING: [Synth 8-7129] Port app_raw_not_ecc[3] in module mig_7series_v4_2_ui_wr_data is either unconnected or has no load
WARNING: [Synth 8-7129] Port app_raw_not_ecc[2] in module mig_7series_v4_2_ui_wr_data is either unconnected or has no load
INFO: [Common 17-14] Message 'Synth 8-7129' appears 100 times and further instances of the messages will be disabled. Use the Tcl command set_msg_config to change the current settings.
---------------------------------------------------------------------------------
Finished RTL Elaboration : Time (s): cpu = 00:00:53 ; elapsed = 00:01:01 . Memory (MB): peak = 2071.719 ; gain = 1042.703
---------------------------------------------------------------------------------
---------------------------------------------------------------------------------
Start Handling Custom Attributes
---------------------------------------------------------------------------------
---------------------------------------------------------------------------------
Finished Handling Custom Attributes : Time (s): cpu = 00:00:56 ; elapsed = 00:01:04 . Memory (MB): peak = 2071.719 ; gain = 1042.703
---------------------------------------------------------------------------------
---------------------------------------------------------------------------------
Finished RTL Optimization Phase 1 : Time (s): cpu = 00:00:56 ; elapsed = 00:01:04 . Memory (MB): peak = 2071.719 ; gain = 1042.703
---------------------------------------------------------------------------------
Netlist sorting complete. Time (s): cpu = 00:00:02 ; elapsed = 00:00:02 . Memory (MB): peak = 2071.719 ; gain = 0.000
INFO: [Netlist 29-17] Analyzing 635 Unisim elements for replacement
INFO: [Netlist 29-28] Unisim Transformation completed in 0 CPU seconds
INFO: [Project 1-570] Preparing netlist for logic optimization

Processing XDC Constraints
Initializing timing engine
Parsing XDC File [d:/DMA_MMU_work/build/vivado/vc707_ddr3/DMA_IOMMU_PicoRV32_VC707_DDR3.gen/sources_1/ip/vc707_mig/vc707_mig/user_design/constraints/vc707_mig_ooc.xdc]
Finished Parsing XDC File [d:/DMA_MMU_work/build/vivado/vc707_ddr3/DMA_IOMMU_PicoRV32_VC707_DDR3.gen/sources_1/ip/vc707_mig/vc707_mig/user_design/constraints/vc707_mig_ooc.xdc]
Parsing XDC File [d:/DMA_MMU_work/build/vivado/vc707_ddr3/DMA_IOMMU_PicoRV32_VC707_DDR3.gen/sources_1/ip/vc707_mig/vc707_mig/user_design/constraints/vc707_mig.xdc]
WARNING: [Designutils 20-1567] Use of 'set_multicycle_path' with '-hold' is not supported by synthesis. The constraint will not be passed to synthesis. [d:/DMA_MMU_work/build/vivado/vc707_ddr3/DMA_IOMMU_PicoRV32_VC707_DDR3.gen/sources_1/ip/vc707_mig/vc707_mig/user_design/constraints/vc707_mig.xdc:823]
WARNING: [Designutils 20-1567] Use of 'set_multicycle_path' with '-hold' is not supported by synthesis. The constraint will not be passed to synthesis. [d:/DMA_MMU_work/build/vivado/vc707_ddr3/DMA_IOMMU_PicoRV32_VC707_DDR3.gen/sources_1/ip/vc707_mig/vc707_mig/user_design/constraints/vc707_mig.xdc:830]
Finished Parsing XDC File [d:/DMA_MMU_work/build/vivado/vc707_ddr3/DMA_IOMMU_PicoRV32_VC707_DDR3.gen/sources_1/ip/vc707_mig/vc707_mig/user_design/constraints/vc707_mig.xdc]
INFO: [Project 1-236] Implementation specific constraints were found while reading constraint file [d:/DMA_MMU_work/build/vivado/vc707_ddr3/DMA_IOMMU_PicoRV32_VC707_DDR3.gen/sources_1/ip/vc707_mig/vc707_mig/user_design/constraints/vc707_mig.xdc]. These constraints will be ignored for synthesis but will be used in implementation. Impacted constraints are listed in the file [.Xil/vc707_mig_propImpl.xdc].
Resolution: To avoid this warning, move constraints listed in [.Xil/vc707_mig_propImpl.xdc] to another XDC file and exclude this new file from synthesis with the used_in_synthesis property (File Properties dialog in GUI) and re-run elaboration/synthesis.
INFO: [Timing 38-2] Deriving generated clocks
Completed Processing XDC Constraints

Netlist sorting complete. Time (s): cpu = 00:00:00 ; elapsed = 00:00:00.066 . Memory (MB): peak = 2213.109 ; gain = 0.000
INFO: [Project 1-111] Unisim Transformation Summary:
  A total of 288 instances were transformed.
  IBUFGDS => IBUFDS: 1 instance 
  IOBUFDS_DIFF_OUT_DCIEN => IOBUFDS_DIFF_OUT_DCIEN (IBUFDS_IBUFDISABLE_INT(x2), INV, OBUFTDS_DCIEN(x2)): 8 instances
  IOBUF_DCIEN => IOBUF_DCIEN (IBUF_IBUFDISABLE, OBUFT_DCIEN): 64 instances
  LUT6_2 => LUT6_2 (LUT5, LUT6): 28 instances
  RAM32M => RAM32M (RAMD32(x6), RAMS32(x2)): 187 instances

---------------------------------------------------------------------------------
Finished Constraint Validation : Time (s): cpu = 00:02:00 ; elapsed = 00:02:12 . Memory (MB): peak = 2213.660 ; gain = 1184.645
---------------------------------------------------------------------------------
---------------------------------------------------------------------------------
Start Loading Part and Timing Information
---------------------------------------------------------------------------------
Loading part: xc7vx485tffg1761-2
---------------------------------------------------------------------------------
Finished Loading Part and Timing Information : Time (s): cpu = 00:02:00 ; elapsed = 00:02:12 . Memory (MB): peak = 2213.660 ; gain = 1184.645
---------------------------------------------------------------------------------
---------------------------------------------------------------------------------
Start Applying 'set_property' XDC Constraints
---------------------------------------------------------------------------------
---------------------------------------------------------------------------------
Finished applying 'set_property' XDC Constraints : Time (s): cpu = 00:02:02 ; elapsed = 00:02:14 . Memory (MB): peak = 2213.660 ; gain = 1184.645
---------------------------------------------------------------------------------
INFO: [Synth 8-802] inferred FSM for state register 'xadc_supplied_temperature.tempmon_state_reg' in module 'mig_7series_v4_2_tempmon'
INFO: [Synth 8-802] inferred FSM for state register 'wl_state_r_reg' in module 'mig_7series_v4_2_ddr_phy_wrlvl'
INFO: [Synth 8-802] inferred FSM for state register 'lim_state_reg' in module 'mig_7series_v4_2_ddr_phy_ocd_lim'
INFO: [Synth 8-802] inferred FSM for state register 'sm_r_reg' in module 'mig_7series_v4_2_poc_tap_base'
INFO: [Synth 8-802] inferred FSM for state register 'sm_r_reg' in module 'mig_7series_v4_2_ddr_phy_ocd_cntlr'
INFO: [Synth 8-802] inferred FSM for state register 'sm_r_reg' in module 'mig_7series_v4_2_ddr_phy_ocd_po_cntlr'
INFO: [Synth 8-802] inferred FSM for state register 'fine_adj_state_r_reg' in module 'mig_7series_v4_2_ddr_phy_dqs_found_cal'
INFO: [Synth 8-802] inferred FSM for state register 'cal1_state_r_reg' in module 'mig_7series_v4_2_ddr_phy_rdlvl'
INFO: [Synth 8-802] inferred FSM for state register 'prbs_state_r_reg' in module 'mig_7series_v4_2_ddr_phy_prbs_rdlvl'
INFO: [Synth 8-802] inferred FSM for state register 'init_state_r_reg' in module 'mig_7series_v4_2_ddr_phy_init'
INFO: [Synth 8-802] inferred FSM for state register 'cal2_state_r_reg' in module 'mig_7series_v4_2_ddr_phy_wrcal'
INFO: [Synth 8-802] inferred FSM for state register 'tempmon_state_reg' in module 'mig_7series_v4_2_ddr_phy_tempmon'
INFO: [Synth 8-802] inferred FSM for state register 'state_reg' in module 'mig_7series_v4_2_axi_mc_r_channel'
---------------------------------------------------------------------------------------------------
                   State |                     New Encoding |                Previous Encoding 
---------------------------------------------------------------------------------------------------
               INIT_IDLE |                             0001 |                              000
       REQUEST_READ_TEMP |                             1000 |                              001
           WAIT_FOR_READ |                             0100 |                              010
                    READ |                             0010 |                              011
---------------------------------------------------------------------------------------------------
INFO: [Synth 8-3354] encoded FSM with state register 'xadc_supplied_temperature.tempmon_state_reg' using encoding 'one-hot' in module 'mig_7series_v4_2_tempmon'
---------------------------------------------------------------------------------------------------
                   State |                     New Encoding |                Previous Encoding 
---------------------------------------------------------------------------------------------------
                 WL_IDLE |                            01110 |                            00000
                 WL_INIT |                            10010 |                            00001
        WL_INIT_FINE_INC |                            01100 |                            00010
  WL_INIT_FINE_INC_WAIT1 |                            01000 |                            00011
   WL_INIT_FINE_INC_WAIT |                            01001 |                            00100
        WL_INIT_FINE_DEC |                            11001 |                            00101
  WL_INIT_FINE_DEC_WAIT1 |                            10111 |                            11001
   WL_INIT_FINE_DEC_WAIT |                            11000 |                            00110
                 WL_WAIT |                            00110 |                            01000
           WL_EDGE_CHECK |                            11011 |                            01001
              WL_DQS_CNT |                            10100 |                            01011
             WL_FINE_DEC |                            00000 |                            01110
       WL_FINE_DEC_WAIT1 |                            00001 |                            11010
        WL_FINE_DEC_WAIT |                            10001 |                            01111
            WL_CORSE_DEC |                            10110 |                            10100
       WL_CORSE_DEC_WAIT |                            11010 |                            10101
      WL_CORSE_DEC_WAIT1 |                            10101 |                            10110
        WL_2RANK_DQS_CNT |                            00010 |                            01101
            WL_DQS_CHECK |                            00011 |                            01010
             WL_FINE_INC |                            01101 |                            00111
        WL_FINE_INC_WAIT |                            10011 |                            10111
      WL_2RANK_FINAL_TAP |                            01111 |                            11000
            WL_CORSE_INC |                            01011 |                            10000
   WL_CORSE_INC_WAIT_TMP |                            10000 |                            11011
       WL_CORSE_INC_WAIT |                            01010 |                            10001
      WL_CORSE_INC_WAIT1 |                            00111 |                            10010
      WL_CORSE_INC_WAIT2 |                            00101 |                            10011
---------------------------------------------------------------------------------------------------
INFO: [Synth 8-3354] encoded FSM with state register 'wl_state_r_reg' using encoding 'sequential' in module 'mig_7series_v4_2_ddr_phy_wrlvl'
---------------------------------------------------------------------------------------------------
                   State |                     New Encoding |                Previous Encoding 
---------------------------------------------------------------------------------------------------
*
                    IDLE |                   00000000000001 |                   00000000000001
                    INIT |                   00000000000010 |                   00000000000010
          STAGE2_TAP_CHK |                   00100000000000 |                   00100000000000
              STAGE2_INC |                   00000010000000 |                   00000010000000
           PRECH_REQUEST |                   01000000000000 |                   01000000000000
              LIMIT_DONE |                   10000000000000 |                   10000000000000
              STAGE2_DEC |                   00000100000000 |                   00000100000000
        STG2_INCDEC_WAIT |                   00010000000000 |                   00010000000000
        STG3_INCDEC_WAIT |                   00001000000000 |                   00001000000000
             WAIT_WR_REQ |                   00000000000100 |                   00000000000100
           WAIT_POC_DONE |                   00000000001000 |                   00000000001000
               WAIT_STG3 |                   00000000010000 |                   00000000010000
              STAGE3_DEC |                   00000001000000 |                   00000001000000
              STAGE3_INC |                   00000000100000 |                   00000000100000
---------------------------------------------------------------------------------------------------
INFO: [Synth 8-3898] No Re-encoding of one hot register 'lim_state_reg' in module 'mig_7series_v4_2_ddr_phy_ocd_lim'
---------------------------------------------------------------------------------------------------
                   State |                     New Encoding |                Previous Encoding 
---------------------------------------------------------------------------------------------------
                  iSTATE |                             0001 |                               00
                 iSTATE0 |                             0010 |                               01
                 iSTATE1 |                             0100 |                               10
                 iSTATE2 |                             1000 |                               11
---------------------------------------------------------------------------------------------------
INFO: [Synth 8-3354] encoded FSM with state register 'sm_r_reg' using encoding 'one-hot' in module 'mig_7series_v4_2_poc_tap_base'
---------------------------------------------------------------------------------------------------
                   State |                     New Encoding |                Previous Encoding 
---------------------------------------------------------------------------------------------------
                  iSTATE |                              000 |                              000
                 iSTATE5 |                              001 |                              001
                 iSTATE0 |                              010 |                              010
                 iSTATE1 |                              011 |                              011
                 iSTATE2 |                              100 |                              100
                 iSTATE3 |                              101 |                              101
                 iSTATE4 |                              110 |                              110
                 iSTATE6 |                              111 |                              111
---------------------------------------------------------------------------------------------------
INFO: [Synth 8-3354] encoded FSM with state register 'sm_r_reg' using encoding 'sequential' in module 'mig_7series_v4_2_ddr_phy_ocd_cntlr'
---------------------------------------------------------------------------------------------------
                   State |                     New Encoding |                Previous Encoding 
---------------------------------------------------------------------------------------------------
                 iSTATE3 |                             0000 |                             0000
                 iSTATE2 |                             0001 |                             0001
                  iSTATE |                             0010 |                             0011
                 iSTATE0 |                             0011 |                             0100
                 iSTATE7 |                             0100 |                             0101
                 iSTATE6 |                             0101 |                             0110
                 iSTATE4 |                             0110 |                             0111
                 iSTATE5 |                             0111 |                             1000
                 iSTATE1 |                             1000 |                             0010
---------------------------------------------------------------------------------------------------
INFO: [Synth 8-3354] encoded FSM with state register 'sm_r_reg' using encoding 'sequential' in module 'mig_7series_v4_2_ddr_phy_ocd_po_cntlr'
---------------------------------------------------------------------------------------------------
                   State |                     New Encoding |                Previous Encoding 
---------------------------------------------------------------------------------------------------
           FINE_ADJ_IDLE |                             0000 |                             0000
                RST_WAIT |                             0001 |                             0011
           FINE_ADJ_DONE |                             0010 |                             1111
            RST_POSTWAIT |                             0011 |                             0001
           RST_POSTWAIT1 |                             0100 |                             0010
           FINE_ADJ_INIT |                             0101 |                             0100
                FINE_INC |                             0110 |                             0101
           FINE_INC_WAIT |                             0111 |                             0110
        FINE_INC_PREWAIT |                             1000 |                             0111
          DETECT_PREWAIT |                             1001 |                             1000
         DETECT_DQSFOUND |                             1010 |                             1001
                FINE_DEC |                             1011 |                             1011
           FINE_DEC_WAIT |                             1100 |                             1100
        FINE_DEC_PREWAIT |                             1101 |                             1101
              FINAL_WAIT |                             1110 |                             1110
              PRECH_WAIT |                             1111 |                             1010
---------------------------------------------------------------------------------------------------
INFO: [Synth 8-3354] encoded FSM with state register 'fine_adj_state_r_reg' using encoding 'sequential' in module 'mig_7series_v4_2_ddr_phy_dqs_found_cal'
---------------------------------------------------------------------------------------------------
                   State |                     New Encoding |                Previous Encoding 
---------------------------------------------------------------------------------------------------
               CAL1_IDLE | 000000000000000000000000000000000100 |                           000000
       CAL1_NEW_DQS_WAIT | 000000000000000000000100000000000000 |                           000001
   CAL1_STORE_FIRST_WAIT | 000000000000000000100000000000000000 |                           000010
         CAL1_PAT_DETECT | 000000000000001000000000000000000000 |                           000011
    CAL1_DQ_IDEL_TAP_INC | 000000000000000000000000000000100000 |                           000100
CAL1_DQ_IDEL_TAP_INC_WAIT | 000000000000000000000000000001000000 |                           000101
     CAL1_MPR_PAT_DETECT | 000000000000000000000000100000000000 |                           011111
         CAL1_VALID_WAIT | 100000000000000000000000000000000000 |                           011110
        CAL1_DETECT_EDGE | 000100000000000000000000000000000000 |                           001000
          CAL1_CALC_IDEL | 000000100000000000000000000000000000 |                           001011
        CAL1_CENTER_WAIT | 000000000000000000000000000000001000 |                           100010
       CAL1_IDEL_DEC_CPT | 000000000000000000000000000000010000 |                           001100
    CAL1_DQ_IDEL_TAP_DEC | 000000000000000000010000000000000000 |                           000110
CAL1_DQ_IDEL_TAP_DEC_WAIT | 001000000000000000000000000000000000 |                           000111
           CAL1_NEXT_DQS | 000000000000000000000000000010000000 |                           001110
          CAL1_REGL_LOAD | 000000000000000000000000000100000000 |                           011011
               CAL1_DONE | 000000000000000000000000000000000001 |                           001111
                  iSTATE | 000000000000000000000000000000000010 |                           111111
    CAL1_NEW_DQS_PREWAIT | 000000000000000000000000001000000000 |                           100000
   CAL1_MPR_NEW_DQS_WAIT | 000000000000000000000000010000000000 |                           011101
  CAL1_IDEL_DEC_CPT_WAIT | 000000000000000000001000000000000000 |                           001101
 CAL1_RD_STOP_FOR_PI_INC | 000000000000000000000001000000000000 |                           100001
       CAL1_IDEL_INC_CPT | 000000000000000000000010000000000000 |                           001001
  CAL1_IDEL_INC_CPT_WAIT | 000010000000000000000000000000000000 |                           001010
          CAL1_RDLVL_ERR | 000000000000010000000000000000000000 |                           011100
---------------------------------------------------------------------------------------------------
INFO: [Synth 8-3354] encoded FSM with state register 'cal1_state_r_reg' using encoding 'one-hot' in module 'mig_7series_v4_2_ddr_phy_rdlvl'
---------------------------------------------------------------------------------------------------
                   State |                     New Encoding |                Previous Encoding 
---------------------------------------------------------------------------------------------------
               PRBS_IDLE |           0000100000000000000000 |                           000000
       PRBS_NEW_DQS_WAIT |           0000010000000000000000 |                           000001
             FINE_PI_DEC |           0000000000000001000000 |                           001101
        FINE_PI_DEC_WAIT |           0000000000000000100000 |                           001110
FINE_PAT_COMPARE_PER_BIT |           0000000000000010000000 |                           010001
          FINE_CALC_TAPS |           0000000010000000000000 |                           010010
     FINE_CALC_TAPS_WAIT |           0000000000100000000000 |                           010011
RD_DONE_WAIT_FOR_PI_INC_DEC |           0000000001000000000000 |                           010101
RD_DONE_WAIT_FOR_PI_INC_INC |           0000001000000000000000 |                           010100
             FINE_PI_INC |           0000000000000000001000 |                           001111
        FINE_PI_INC_WAIT |           0000000000000000010000 |                           010000
      PRBS_CALC_TAPS_PRE |           0000000000000100000000 |                           001011
           PRBS_NEXT_DQS |           0000000100000000000000 |                           001000
               PRBS_DONE |           1000000000000000000000 |                           001010
    PRBS_NEW_DQS_PREWAIT |           0100000000000000000000 |                           001001
---------------------------------------------------------------------------------------------------
INFO: [Synth 8-3354] encoded FSM with state register 'prbs_state_r_reg' using encoding 'one-hot' in module 'mig_7series_v4_2_ddr_phy_prbs_rdlvl'
---------------------------------------------------------------------------------------------------
                   State |                     New Encoding |                Previous Encoding 
---------------------------------------------------------------------------------------------------
               INIT_IDLE |                          0101100 |                          0000000
      INIT_WAIT_CKE_EXIT |                          0101011 |                          0000001
            INIT_LOAD_MR |                          0000011 |                          0000010
       INIT_LOAD_MR_WAIT |                          0100111 |                          0000011
               INIT_ZQCL |                          0000110 |                          0000100
   INIT_WAIT_DLLK_ZQINIT |                          0000010 |                          0000101
          INIT_RDLVL_ACT |                          0000100 |                          0001100
     INIT_RDLVL_ACT_WAIT |                          0111000 |                          0001101
 INIT_PI_PHASELOCK_READS |                          0011011 |                          0100110
  INIT_PRECHARGE_PREWAIT |                          0001011 |                          0010011
          INIT_PRECHARGE |                          0001000 |                          0010100
     INIT_PRECHARGE_WAIT |                          0110101 |                          0010101
               INIT_DONE |                          0110011 |                          0010110
            INIT_REFRESH |                          0110001 |                          0011001
       INIT_REFRESH_WAIT |                          0110000 |                          0011010
    INIT_OCAL_CENTER_ACT |                          0101000 |                          0111111
INIT_OCAL_CENTER_ACT_WAIT |                          0010100 |                          1000010
INIT_OCAL_CENTER_WRITE_WAIT |                          0001100 |                          1000001
INIT_OCAL_COMPLEX_ACT_WAIT |                          0011100 |                          0111100
   INIT_RDLVL_STG1_WRITE |                          0101010 |                          0001110
INIT_OCAL_COMPLEX_WRITE_WAIT |                          0101101 |                          0111101
INIT_RDLVL_STG1_WRITE_READ |                          0110110 |                          0001111
INIT_RDLVL_COMPLEX_PI_WAIT |                          0010010 |                          1000011
INIT_RDLVL_COMPLEX_ACT_WAIT |                          0010011 |                          0110111
 INIT_RDLVL_COMPLEX_READ |                          0111011 |                          0111000
INIT_RDLVL_COMPLEX_READ_WAIT |                          0111110 |                          0111001
INIT_RDLVL_COMPLEX_PRECHARGE_PREWAIT |                          0101110 |                          0111010
INIT_RDLVL_COMPLEX_PRECHARGE |                          0111100 |                          0110100
INIT_RDLVL_COMPLEX_PRECHARGE_WAIT |                          0111111 |                          0110101
  INIT_RDLVL_COMPLEX_ACT |                          0111101 |                          0110110
INIT_OCAL_COMPLEX_RESUME_WAIT |                          0101001 |                          0111110
    INIT_RDLVL_STG1_READ |                          0110111 |                          0010000
INIT_OCLKDELAY_READ_WAIT |                          0001001 |                          0110010
    INIT_OCLKDELAY_WRITE |                          0001010 |                          0101111
INIT_OCLKDELAY_WRITE_WAIT |                          0010101 |                          0110000
     INIT_OCLKDELAY_READ |                          0001111 |                          0110001
  INIT_OCAL_CENTER_WRITE |                          0011101 |                          1000000
          INIT_WRCAL_ACT |                          0001101 |                          0011111
     INIT_WRCAL_ACT_WAIT |                          0001110 |                          0100000
        INIT_WRCAL_WRITE |                          0100101 |                          0100001
   INIT_WRCAL_WRITE_READ |                          0110100 |                          0100010
         INIT_WRCAL_READ |                          0100100 |                          0100011
    INIT_WRCAL_READ_WAIT |                          0100001 |                          0100100
   INIT_WRCAL_MULT_READS |                          0100000 |                          0100101
INIT_RDLVL_STG2_READ_WAIT |                          0100110 |                          0010010
    INIT_RDLVL_STG2_READ |                          0111001 |                          0010001
           INIT_MPR_RDEN |                          0010111 |                          0100111
           INIT_MPR_WAIT |                          0011000 |                          0101000
           INIT_MPR_READ |                          0011110 |                          0101001
INIT_MPR_DISABLE_PREWAIT |                          0010110 |                          0101010
        INIT_MPR_DISABLE |                          0010000 |                          0101011
   INIT_MPR_DISABLE_WAIT |                          0010001 |                          0101100
     INIT_WRLVL_LOAD_MR2 |                          0000001 |                          0001010
INIT_WRLVL_LOAD_MR2_WAIT |                          1000011 |                          0001011
        INIT_WRLVL_START |                          0110010 |                          0000110
         INIT_WRLVL_WAIT |                          1000100 |                          0000111
      INIT_WRLVL_LOAD_MR |                          0000101 |                          0001000
 INIT_WRLVL_LOAD_MR_WAIT |                          0000000 |                          0001001
---------------------------------------------------------------------------------------------------
INFO: [Synth 8-3354] encoded FSM with state register 'init_state_r_reg' using encoding 'sequential' in module 'mig_7series_v4_2_ddr_phy_init'
---------------------------------------------------------------------------------------------------
                   State |                     New Encoding |                Previous Encoding 
---------------------------------------------------------------------------------------------------
               CAL2_IDLE |                        000000100 |                             0000
          CAL2_READ_WAIT |                        000010000 |                             0001
           CAL2_NEXT_DQS |                        000100000 |                             0010
        CAL2_SANITY_WAIT |                        000001000 |                             0111
                CAL2_ERR |                        000000001 |                             1000
         CAL2_WRLVL_WAIT |                        100000000 |                             0011
        CAL2_DQ_IDEL_DEC |                        010000000 |                             0101
        CAL2_IFIFO_RESET |                        001000000 |                             0100
               CAL2_DONE |                        000000010 |                             0110
---------------------------------------------------------------------------------------------------
INFO: [Synth 8-3354] encoded FSM with state register 'cal2_state_r_reg' using encoding 'one-hot' in module 'mig_7series_v4_2_ddr_phy_wrcal'
---------------------------------------------------------------------------------------------------
                   State |                     New Encoding |                Previous Encoding 
---------------------------------------------------------------------------------------------------
*
                    IDLE |                      00000000001 |                      00000000001
                    INIT |                      00000000010 |                      00000000010
                 NEUTRAL |                      00001000000 |                      00001000000
                 ONE_DEC |                      00010000000 |                      00010000000
                 TWO_DEC |                      00100000000 |                      00100000000
               THREE_DEC |                      01000000000 |                      01000000000
                FOUR_DEC |                      10000000000 |                      10000000000
                 ONE_INC |                      00000100000 |                      00000100000
                 TWO_INC |                      00000010000 |                      00000010000
               THREE_INC |                      00000001000 |                      00000001000
                FOUR_INC |                      00000000100 |                      00000000100
---------------------------------------------------------------------------------------------------
INFO: [Synth 8-3898] No Re-encoding of one hot register 'tempmon_state_reg' in module 'mig_7series_v4_2_ddr_phy_tempmon'
---------------------------------------------------------------------------------------------------
                   State |                     New Encoding |                Previous Encoding 
---------------------------------------------------------------------------------------------------
                    ZERO |                              100 |                               10
                     ONE |                              010 |                               11
                     TWO |                              001 |                               01
---------------------------------------------------------------------------------------------------
INFO: [Synth 8-3354] encoded FSM with state register 'state_reg' using encoding 'one-hot' in module 'mig_7series_v4_2_axi_mc_r_channel'
---------------------------------------------------------------------------------
Finished RTL Optimization Phase 2 : Time (s): cpu = 00:04:15 ; elapsed = 00:04:50 . Memory (MB): peak = 2213.660 ; gain = 1184.645
---------------------------------------------------------------------------------
---------------------------------------------------------------------------------
Start RTL Component Statistics 
---------------------------------------------------------------------------------
Detailed RTL Component Info : 
+---Adders : 
	   2 Input   32 Bit       Adders := 4     
	   3 Input   32 Bit       Adders := 9     
	   3 Input   18 Bit       Adders := 1     
	   2 Input   18 Bit       Adders := 1     
	   2 Input   17 Bit       Adders := 1     
	   2 Input   13 Bit       Adders := 1     
	   2 Input   12 Bit       Adders := 16    
	   2 Input   11 Bit       Adders := 2     
	   2 Input   10 Bit       Adders := 12    
	   2 Input    9 Bit       Adders := 4     
	   2 Input    8 Bit       Adders := 14    
	   3 Input    8 Bit       Adders := 2     
	   2 Input    7 Bit       Adders := 14    
	   3 Input    7 Bit       Adders := 4     
	   2 Input    6 Bit       Adders := 64    
	   3 Input    6 Bit       Adders := 34    
	   4 Input    6 Bit       Adders := 1     
	   2 Input    5 Bit       Adders := 57    
	   2 Input    4 Bit       Adders := 43    
	   2 Input    3 Bit       Adders := 33    
	   3 Input    3 Bit       Adders := 1     
	   2 Input    2 Bit       Adders := 61    
	   3 Input    2 Bit       Adders := 3     
	   4 Input    2 Bit       Adders := 5     
	   5 Input    2 Bit       Adders := 1     
	   8 Input    2 Bit       Adders := 1     
	   2 Input    1 Bit       Adders := 4     
	   3 Input    1 Bit       Adders := 1     
	   4 Input    1 Bit       Adders := 1     
	   5 Input    1 Bit       Adders := 1     
	   6 Input    1 Bit       Adders := 1     
	   7 Input    1 Bit       Adders := 1     
	   8 Input    1 Bit       Adders := 1     
	   9 Input    1 Bit       Adders := 1     
+---XORs : 
	   2 Input      1 Bit         XORs := 24    
+---Registers : 
	              800 Bit    Registers := 1     
	              576 Bit    Registers := 1     
	              521 Bit    Registers := 2     
	              512 Bit    Registers := 6     
	              320 Bit    Registers := 1     
	               88 Bit    Registers := 1     
	               80 Bit    Registers := 8     
	               68 Bit    Registers := 2     
	               64 Bit    Registers := 8     
	               56 Bit    Registers := 1     
	               48 Bit    Registers := 10    
	               32 Bit    Registers := 11    
	               30 Bit    Registers := 9     
	               28 Bit    Registers := 2     
	               24 Bit    Registers := 1     
	               18 Bit    Registers := 2     
	               17 Bit    Registers := 1     
	               16 Bit    Registers := 9     
	               15 Bit    Registers := 5     
	               14 Bit    Registers := 6     
	               13 Bit    Registers := 1     
	               12 Bit    Registers := 34    
	               11 Bit    Registers := 2     
	               10 Bit    Registers := 9     
	                9 Bit    Registers := 24    
	                8 Bit    Registers := 38    
	                7 Bit    Registers := 8     
	                6 Bit    Registers := 195   
	                5 Bit    Registers := 76    
	                4 Bit    Registers := 125   
	                3 Bit    Registers := 101   
	                2 Bit    Registers := 86    
	                1 Bit    Registers := 2116  
+---ROMs : 
	                    ROMs := 1     
+---Muxes : 
	   2 Input  800 Bit        Muxes := 1     
	   2 Input  521 Bit        Muxes := 1     
	   2 Input  512 Bit        Muxes := 12    
	   4 Input  512 Bit        Muxes := 1     
	   2 Input  511 Bit        Muxes := 1     
	   2 Input   80 Bit        Muxes := 19    
	   2 Input   64 Bit        Muxes := 9     
	   2 Input   56 Bit        Muxes := 1     
	   2 Input   49 Bit        Muxes := 2     
	   2 Input   48 Bit        Muxes := 24    
	   9 Input   48 Bit        Muxes := 2     
	   1 Input   48 Bit        Muxes := 2     
	  24 Input   36 Bit        Muxes := 1     
	   2 Input   36 Bit        Muxes := 23    
	   2 Input   32 Bit        Muxes := 17    
	   2 Input   30 Bit        Muxes := 33    
	   4 Input   30 Bit        Muxes := 11    
	   2 Input   28 Bit        Muxes := 1     
	  15 Input   22 Bit        Muxes := 1     
	   2 Input   22 Bit        Muxes := 4     
	   2 Input   21 Bit        Muxes := 10    
	   4 Input   18 Bit        Muxes := 1     
	   4 Input   17 Bit        Muxes := 1     
	   3 Input   16 Bit        Muxes := 1     
	   2 Input   14 Bit        Muxes := 8     
	   4 Input   14 Bit        Muxes := 1     
	   3 Input   14 Bit        Muxes := 1     
	   8 Input   14 Bit        Muxes := 1     
	  15 Input   14 Bit        Muxes := 1     
	   2 Input   13 Bit        Muxes := 4     
	   2 Input   12 Bit        Muxes := 6     
	   7 Input   11 Bit        Muxes := 1     
	   6 Input   11 Bit        Muxes := 1     
	   5 Input   11 Bit        Muxes := 1     
	  12 Input   11 Bit        Muxes := 1     
	   2 Input   11 Bit        Muxes := 1     
	   2 Input   10 Bit        Muxes := 8     
	   3 Input   10 Bit        Muxes := 1     
	   4 Input   10 Bit        Muxes := 1     
	   3 Input    9 Bit        Muxes := 1     
	   2 Input    9 Bit        Muxes := 45    
	   4 Input    9 Bit        Muxes := 14    
	  22 Input    9 Bit        Muxes := 1     
	   2 Input    8 Bit        Muxes := 156   
	   5 Input    8 Bit        Muxes := 1     
	   4 Input    8 Bit        Muxes := 1     
	  15 Input    8 Bit        Muxes := 2     
	   8 Input    8 Bit        Muxes := 2     
	   2 Input    7 Bit        Muxes := 79    
	   3 Input    7 Bit        Muxes := 2     
	   4 Input    7 Bit        Muxes := 3     
	   5 Input    7 Bit        Muxes := 3     
	  58 Input    7 Bit        Muxes := 2     
	 169 Input    7 Bit        Muxes := 1     
	   2 Input    6 Bit        Muxes := 172   
	   3 Input    6 Bit        Muxes := 3     
	   4 Input    6 Bit        Muxes := 17    
	   5 Input    6 Bit        Muxes := 2     
	  15 Input    6 Bit        Muxes := 4     
	  25 Input    6 Bit        Muxes := 5     
	  16 Input    6 Bit        Muxes := 1     
	  27 Input    6 Bit        Muxes := 10    
	   8 Input    6 Bit        Muxes := 5     
	   2 Input    5 Bit        Muxes := 43    
	   8 Input    5 Bit        Muxes := 10    
	   4 Input    5 Bit        Muxes := 2     
	   5 Input    5 Bit        Muxes := 1     
	   3 Input    5 Bit        Muxes := 2     
	  25 Input    5 Bit        Muxes := 1     
	  27 Input    5 Bit        Muxes := 1     
	  58 Input    5 Bit        Muxes := 1     
	   2 Input    4 Bit        Muxes := 98    
	   8 Input    4 Bit        Muxes := 1     
	  16 Input    4 Bit        Muxes := 1     
	   3 Input    4 Bit        Muxes := 1     
	  25 Input    4 Bit        Muxes := 1     
	  32 Input    4 Bit        Muxes := 1     
	  27 Input    4 Bit        Muxes := 1     
	   9 Input    4 Bit        Muxes := 2     
	   2 Input    3 Bit        Muxes := 97    
	   8 Input    3 Bit        Muxes := 5     
	   4 Input    3 Bit        Muxes := 3     
	   3 Input    3 Bit        Muxes := 3     
	  27 Input    3 Bit        Muxes := 18    
	   2 Input    2 Bit        Muxes := 99    
	   3 Input    2 Bit        Muxes := 14    
	   8 Input    2 Bit        Muxes := 16    
	   5 Input    2 Bit        Muxes := 2     
	   4 Input    2 Bit        Muxes := 4     
	   9 Input    2 Bit        Muxes := 1     
	  15 Input    2 Bit        Muxes := 2     
	  25 Input    2 Bit        Muxes := 1     
	   2 Input    1 Bit        Muxes := 1033  
	   3 Input    1 Bit        Muxes := 52    
	   4 Input    1 Bit        Muxes := 212   
	   8 Input    1 Bit        Muxes := 27    
	  15 Input    1 Bit        Muxes := 57    
	   9 Input    1 Bit        Muxes := 44    
	  25 Input    1 Bit        Muxes := 30    
	   5 Input    1 Bit        Muxes := 1     
	  16 Input    1 Bit        Muxes := 21    
	  27 Input    1 Bit        Muxes := 51    
	  12 Input    1 Bit        Muxes := 4     
---------------------------------------------------------------------------------
Finished RTL Component Statistics 
---------------------------------------------------------------------------------
---------------------------------------------------------------------------------
Start Part Resource Summary
---------------------------------------------------------------------------------
Part Resources:
DSPs: 2800 (col length:140)
BRAMs: 2060 (col length: RAMB18 140 RAMB36 70)
---------------------------------------------------------------------------------
Finished Part Resource Summary
---------------------------------------------------------------------------------
---------------------------------------------------------------------------------
Start Cross Boundary and Area Optimization
---------------------------------------------------------------------------------
WARNING: [Synth 8-3936] Found unconnected internal register 'byte_sel_data_map_reg' and it is trimmed from '88' to '4' bits. [d:/DMA_MMU_work/build/vivado/vc707_ddr3/DMA_IOMMU_PicoRV32_VC707_DDR3.gen/sources_1/ip/vc707_mig/vc707_mig/user_design/rtl/phy/mig_7series_v4_2_ddr_mc_phy_wrapper.v:731]
INFO: [Synth 8-4471] merging register 'single_rank.chip_cnt_r_reg[1:0]' into 'single_rank.chip_cnt_r_reg[1:0]' [d:/DMA_MMU_work/build/vivado/vc707_ddr3/DMA_IOMMU_PicoRV32_VC707_DDR3.gen/sources_1/ip/vc707_mig/vc707_mig/user_design/rtl/phy/mig_7series_v4_2_ddr_phy_init.v:2795]
WARNING: [Synth 8-3936] Found unconnected internal register 'oclkdelay_start_dly_r_reg' and it is trimmed from '15' to '14' bits. [d:/DMA_MMU_work/build/vivado/vc707_ddr3/DMA_IOMMU_PicoRV32_VC707_DDR3.gen/sources_1/ip/vc707_mig/vc707_mig/user_design/rtl/phy/mig_7series_v4_2_ddr_phy_init.v:1231]
WARNING: [Synth 8-3936] Found unconnected internal register 'wrcal_start_dly_r_reg' and it is trimmed from '15' to '14' bits. [d:/DMA_MMU_work/build/vivado/vc707_ddr3/DMA_IOMMU_PicoRV32_VC707_DDR3.gen/sources_1/ip/vc707_mig/vc707_mig/user_design/rtl/phy/mig_7series_v4_2_ddr_phy_init.v:1229]
INFO: [Common 17-14] Message 'Synth 8-7129' appears 100 times and further instances of the messages will be disabled. Use the Tcl command set_msg_config to change the current settings.
INFO: [Synth 8-3886] merging instance 'oclk_calib.u_ddr_phy_oclkdelay_cal/u_ocd_cntlr/prde_r1_reg' (FD) to 'oclk_calib.u_ddr_phy_oclkdelay_cal/u_ocd_cntlr/phy_rddata_en_r1_reg'
INFO: [Synth 8-3886] merging instance 'oclk_calib.u_ddr_phy_oclkdelay_cal/u_ocd_cntlr/prde_r2_reg' (FD) to 'oclk_calib.u_ddr_phy_oclkdelay_cal/u_ocd_cntlr/phy_rddata_en_r2_reg'
INFO: [Synth 8-3333] propagating constant 0 across sequential element (\oclk_calib.u_ddr_phy_oclkdelay_cal /u_ocd_cntlr/complex_wrlvl_final_r_reg)
INFO: [Synth 8-3333] propagating constant 1 across sequential element (u_ddr_phy_init/\gen_single_slot_odt.tmp_mr1_r_reg[0][0] )
INFO: [Synth 8-3886] merging instance 'u_ddr_phy_init/gen_rnk[0].mr1_r_reg[0][0]' (FDR) to 'u_ddr_phy_init/gen_single_slot_odt.phy_tmp_odt_r_reg[0]'
INFO: [Synth 8-3886] merging instance 'u_ddr_phy_init/gen_single_slot_odt.tmp_mr1_r_reg[0][1]' (FDRE) to 'u_ddr_phy_init/gen_single_slot_odt.tmp_mr1_r_reg[0][2]'
INFO: [Synth 8-3886] merging instance 'u_ddr_phy_init/gen_rnk[0].mr1_r_reg[0][1]' (FDR) to 'u_ddr_phy_init/gen_rnk[0].mr1_r_reg[0][2]'
INFO: [Synth 8-3886] merging instance 'u_ddr_phy_init/gen_single_slot_odt.tmp_mr2_r_reg[0][0]' (FDRE) to 'u_ddr_phy_init/gen_single_slot_odt.tmp_mr1_r_reg[0][2]'
INFO: [Synth 8-3886] merging instance 'u_ddr_phy_init/gen_rnk[0].mr2_r_reg[0][0]' (FDR) to 'u_ddr_phy_init/gen_rnk[0].mr1_r_reg[0][2]'
INFO: [Synth 8-3886] merging instance 'u_ddr_phy_init/gen_single_slot_odt.tmp_mr1_r_reg[0][2]' (FDRE) to 'u_ddr_phy_init/gen_single_slot_odt.tmp_mr2_r_reg[0][1]'
INFO: [Synth 8-3886] merging instance 'u_ddr_phy_init/gen_rnk[0].mr1_r_reg[0][2]' (FDR) to 'u_ddr_phy_init/gen_rnk[0].mr2_r_reg[0][1]'
INFO: [Synth 8-3333] propagating constant 0 across sequential element (u_ddr_phy_init/\gen_single_slot_odt.tmp_mr2_r_reg[0][1] )
INFO: [Synth 8-3886] merging instance 'u_ddr_phy_init/calib_tap_inc_done_r1_reg' (FD) to 'u_ddr_phy_init/tg_timer_go_reg'
INFO: [Synth 8-3333] propagating constant 0 across sequential element (u_ddr_phy_init/complex_rdlvl_int_ref_req_reg)
INFO: [Synth 8-3333] propagating constant 0 across sequential element (u_ddr_phy_init/extend_cal_pat_reg)
INFO: [Synth 8-3886] merging instance 'u_ddr_phy_init/gen_single_slot_odt.phy_tmp_odt_r_reg[3]' (FDR) to 'u_ddr_phy_init/gen_single_slot_odt.phy_tmp_odt_r_reg[1]'
INFO: [Synth 8-3886] merging instance 'u_ddr_phy_init/gen_single_slot_odt.phy_tmp_odt_r_reg[2]' (FDR) to 'u_ddr_phy_init/gen_single_slot_odt.phy_tmp_odt_r_reg[1]'
INFO: [Synth 8-3333] propagating constant 0 across sequential element (u_ddr_phy_init/\gen_single_slot_odt.phy_tmp_odt_r_reg[1] )
INFO: [Synth 8-3886] merging instance 'u_ddr_phy_init/gen_rnk[1].mr1_r_reg[1][0]' (FDRE) to 'u_ddr_phy_init/gen_rnk[1].mr1_r_reg[1][2]'
INFO: [Synth 8-3886] merging instance 'u_ddr_phy_init/gen_rnk[1].mr1_r_reg[1][1]' (FDRE) to 'u_ddr_phy_init/gen_rnk[1].mr1_r_reg[1][2]'
INFO: [Synth 8-3886] merging instance 'u_ddr_phy_init/new_burst_r_reg' (FD) to 'u_ddr_phy_init/gen_div4_ca_tieoff.phy_ras_n_reg[3]'
INFO: [Synth 8-3886] merging instance 'u_ddr_phy_init/gen_rnk[1].mr2_r_reg[1][0]' (FDRE) to 'u_ddr_phy_init/gen_rnk[1].mr1_r_reg[1][2]'
INFO: [Synth 8-3886] merging instance 'u_ddr_phy_init/gen_rnk[1].mr1_r_reg[1][2]' (FDRE) to 'u_ddr_phy_init/gen_rnk[1].mr2_r_reg[1][1]'
INFO: [Synth 8-3886] merging instance 'u_ddr_phy_init/gen_rnk[1].mr2_r_reg[1][1]' (FDRE) to 'u_ddr_phy_init/calib_tap_inc_start_reg'
INFO: [Synth 8-3886] merging instance 'u_ddr_phy_init/tg_timer_go_reg' (FD) to 'u_ddr_phy_init/single_rank.chip_cnt_r_reg[1]'
INFO: [Synth 8-3333] propagating constant 0 across sequential element (u_ddr_phy_init/calib_tap_end_if_reset_reg)
INFO: [Synth 8-3333] propagating constant 0 across sequential element (u_ddr_phy_init/calib_tap_inc_start_reg)
INFO: [Synth 8-3886] merging instance 'u_ddr_phy_init/complex_address_reg[10]' (FDRE) to 'u_ddr_phy_init/complex_address_reg[11]'
INFO: [Synth 8-3886] merging instance 'u_ddr_phy_init/complex_address_reg[11]' (FDRE) to 'u_ddr_phy_init/complex_address_reg[12]'
INFO: [Synth 8-3886] merging instance 'u_ddr_phy_init/complex_address_reg[12]' (FDRE) to 'u_ddr_phy_init/complex_address_reg[13]'
INFO: [Synth 8-3333] propagating constant 0 across sequential element (u_ddr_phy_init/\complex_address_reg[13] )
INFO: [Synth 8-3886] merging instance 'u_ddr_phy_init/single_rank.chip_cnt_r_reg[0]' (FD) to 'u_ddr_phy_init/single_rank.chip_cnt_r_reg[1]'
INFO: [Synth 8-3886] merging instance 'u_ddr_phy_init/single_rank.chip_cnt_r_reg[1]' (FD) to 'u_ddr_phy_init/victim_byte_cnt_reg[0]'
INFO: [Synth 8-3886] merging instance 'u_ddr_phy_init/DDR3_1rank.phy_int_cs_n_reg[1]' (FDS) to 'u_ddr_phy_init/even_cwl.phy_we_n_reg[1]'
INFO: [Synth 8-3886] merging instance 'u_ddr_phy_init/DDR3_1rank.phy_int_cs_n_reg[2]' (FDS) to 'u_ddr_phy_init/even_cwl.phy_we_n_reg[1]'
INFO: [Synth 8-3886] merging instance 'u_ddr_phy_init/DDR3_1rank.phy_int_cs_n_reg[3]' (FDS) to 'u_ddr_phy_init/even_cwl.phy_we_n_reg[1]'
INFO: [Synth 8-3886] merging instance 'u_ddr_phy_init/even_cwl.phy_we_n_reg[1]' (FDS) to 'u_ddr_phy_init/even_cwl.phy_ras_n_reg[1]'
INFO: [Synth 8-3886] merging instance 'u_ddr_phy_init/even_cwl.phy_cas_n_reg[1]' (FDS) to 'u_ddr_phy_init/even_cwl.phy_ras_n_reg[1]'
INFO: [Synth 8-3333] propagating constant 1 across sequential element (u_ddr_phy_init/\even_cwl.phy_ras_n_reg[1] )
INFO: [Synth 8-3886] merging instance 'u_ddr_phy_init/gen_div4_ca_tieoff.phy_ras_n_reg[2]' (FD) to 'u_ddr_phy_init/gen_div4_ca_tieoff.phy_ras_n_reg[3]'
INFO: [Synth 8-3333] propagating constant 1 across sequential element (u_ddr_phy_init/\gen_div4_ca_tieoff.phy_ras_n_reg[3] )
INFO: [Synth 8-3886] merging instance 'u_ddr_phy_init/gen_no_mirror.div_clk_loop[0].phy_address_reg[13]' (FD) to 'u_ddr_phy_init/victim_byte_cnt_reg[0]'
INFO: [Synth 8-3886] merging instance 'u_ddr_phy_init/victim_byte_cnt_reg[0]' (FD) to 'u_ddr_phy_init/victim_byte_cnt_reg[1]'
INFO: [Synth 8-3886] merging instance 'u_ddr_phy_init/victim_byte_cnt_reg[1]' (FD) to 'u_ddr_phy_init/victim_byte_cnt_reg[2]'
INFO: [Synth 8-3886] merging instance 'u_ddr_phy_init/victim_byte_cnt_reg[2]' (FD) to 'u_ddr_phy_init/victim_byte_cnt_reg[3]'
INFO: [Synth 8-3333] propagating constant 0 across sequential element (u_ddr_phy_init/\victim_byte_cnt_reg[3] )
INFO: [Synth 8-3333] propagating constant 0 across sequential element (\oclk_calib.u_ddr_phy_oclkdelay_cal /u_poc/u_poc_cc/\dbg_poc_r_reg[102] )
INFO: [Synth 8-3333] propagating constant 0 across sequential element (\oclk_calib.u_ddr_phy_oclkdelay_cal /u_poc/u_poc_cc/\dbg_poc_r_reg[103] )
INFO: [Synth 8-3333] propagating constant 0 across sequential element (\oclk_calib.u_ddr_phy_oclkdelay_cal /u_poc/u_poc_cc/\dbg_poc_r_reg[105] )
INFO: [Synth 8-3333] propagating constant 0 across sequential element (\oclk_calib.u_ddr_phy_oclkdelay_cal /u_poc/u_poc_cc/\dbg_poc_r_reg[106] )
INFO: [Synth 8-3333] propagating constant 0 across sequential element (\oclk_calib.u_ddr_phy_oclkdelay_cal /u_poc/u_poc_cc/\dbg_poc_r_reg[107] )
INFO: [Synth 8-3333] propagating constant 0 across sequential element (\oclk_calib.u_ddr_phy_oclkdelay_cal /u_poc/u_poc_cc/\dbg_poc_r_reg[109] )
INFO: [Synth 8-3333] propagating constant 0 across sequential element (\oclk_calib.u_ddr_phy_oclkdelay_cal /u_poc/u_poc_cc/\dbg_poc_r_reg[117] )
INFO: [Synth 8-3333] propagating constant 0 across sequential element (\oclk_calib.u_ddr_phy_oclkdelay_cal /u_poc/u_poc_cc/\dbg_poc_r_reg[118] )
INFO: [Synth 8-3333] propagating constant 0 across sequential element (\oclk_calib.u_ddr_phy_oclkdelay_cal /u_poc/u_poc_cc/\dbg_poc_r_reg[119] )
INFO: [Synth 8-3333] propagating constant 0 across sequential element (\oclk_calib.u_ddr_phy_oclkdelay_cal /u_poc/u_poc_cc/\dbg_poc_r_reg[126] )
INFO: [Synth 8-3333] propagating constant 0 across sequential element (\oclk_calib.u_ddr_phy_oclkdelay_cal /u_poc/u_poc_cc/\dbg_poc_r_reg[127] )
INFO: [Synth 8-3333] propagating constant 0 across sequential element (\oclk_calib.u_ddr_phy_oclkdelay_cal /u_poc/u_poc_cc/\dbg_poc_r_reg[129] )
INFO: [Synth 8-3333] propagating constant 0 across sequential element (\oclk_calib.u_ddr_phy_oclkdelay_cal /u_poc/u_poc_cc/\dbg_poc_r_reg[137] )
INFO: [Synth 8-3333] propagating constant 0 across sequential element (\oclk_calib.u_ddr_phy_oclkdelay_cal /u_poc/u_poc_cc/\dbg_poc_r_reg[138] )
INFO: [Synth 8-3333] propagating constant 0 across sequential element (\oclk_calib.u_ddr_phy_oclkdelay_cal /u_poc/u_poc_cc/\dbg_poc_r_reg[139] )
INFO: [Synth 8-3333] propagating constant 0 across sequential element (\oclk_calib.u_ddr_phy_oclkdelay_cal /u_poc/u_poc_cc/\dbg_poc_r_reg[149] )
INFO: [Synth 8-3333] propagating constant 0 across sequential element (\oclk_calib.u_ddr_phy_oclkdelay_cal /u_poc/u_poc_cc/\dbg_poc_r_reg[150] )
INFO: [Synth 8-3333] propagating constant 0 across sequential element (\oclk_calib.u_ddr_phy_oclkdelay_cal /u_poc/u_poc_cc/\dbg_poc_r_reg[151] )
INFO: [Synth 8-3333] propagating constant 0 across sequential element (\oclk_calib.u_ddr_phy_oclkdelay_cal /u_poc/u_poc_cc/\dbg_poc_r_reg[153] )
INFO: [Synth 8-3333] propagating constant 0 across sequential element (\oclk_calib.u_ddr_phy_oclkdelay_cal /u_poc/u_poc_cc/\dbg_poc_r_reg[154] )
INFO: [Synth 8-3333] propagating constant 0 across sequential element (\oclk_calib.u_ddr_phy_oclkdelay_cal /u_poc/u_poc_cc/\dbg_poc_r_reg[155] )
INFO: [Synth 8-3333] propagating constant 0 across sequential element (\oclk_calib.u_ddr_phy_oclkdelay_cal /u_poc/u_poc_cc/\dbg_poc_r_reg[157] )
INFO: [Synth 8-3333] propagating constant 0 across sequential element (\oclk_calib.u_ddr_phy_oclkdelay_cal /u_poc/u_poc_cc/\dbg_poc_r_reg[158] )
INFO: [Synth 8-3333] propagating constant 0 across sequential element (\oclk_calib.u_ddr_phy_oclkdelay_cal /u_poc/u_poc_cc/\dbg_poc_r_reg[159] )
INFO: [Synth 8-3333] propagating constant 0 across sequential element (\oclk_calib.u_ddr_phy_oclkdelay_cal /u_poc/u_poc_cc/\dbg_poc_r_reg[161] )
INFO: [Synth 8-3333] propagating constant 0 across sequential element (\oclk_calib.u_ddr_phy_oclkdelay_cal /u_poc/u_poc_cc/\dbg_poc_r_reg[162] )
INFO: [Synth 8-3333] propagating constant 0 across sequential element (\oclk_calib.u_ddr_phy_oclkdelay_cal /u_poc/u_poc_cc/\dbg_poc_r_reg[163] )
INFO: [Synth 8-3333] propagating constant 0 across sequential element (\oclk_calib.u_ddr_phy_oclkdelay_cal /u_poc/u_poc_cc/\dbg_poc_r_reg[165] )
INFO: [Synth 8-3333] propagating constant 0 across sequential element (\oclk_calib.u_ddr_phy_oclkdelay_cal /u_poc/u_poc_cc/\dbg_poc_r_reg[166] )
INFO: [Synth 8-3333] propagating constant 0 across sequential element (\oclk_calib.u_ddr_phy_oclkdelay_cal /u_poc/u_poc_cc/\dbg_poc_r_reg[167] )
INFO: [Synth 8-3333] propagating constant 0 across sequential element (\oclk_calib.u_ddr_phy_oclkdelay_cal /u_poc/u_poc_cc/\dbg_poc_r_reg[169] )
INFO: [Synth 8-3333] propagating constant 0 across sequential element (\oclk_calib.u_ddr_phy_oclkdelay_cal /u_poc/u_poc_cc/\dbg_poc_r_reg[170] )
INFO: [Synth 8-3333] propagating constant 0 across sequential element (\oclk_calib.u_ddr_phy_oclkdelay_cal /u_poc/u_poc_cc/\dbg_poc_r_reg[171] )
INFO: [Synth 8-3333] propagating constant 0 across sequential element (\oclk_calib.u_ddr_phy_oclkdelay_cal /u_poc/u_poc_cc/\dbg_poc_r_reg[173] )
INFO: [Synth 8-3333] propagating constant 0 across sequential element (\oclk_calib.u_ddr_phy_oclkdelay_cal /u_poc/u_poc_cc/\dbg_poc_r_reg[174] )
INFO: [Synth 8-3333] propagating constant 0 across sequential element (\oclk_calib.u_ddr_phy_oclkdelay_cal /u_poc/u_poc_cc/\dbg_poc_r_reg[175] )
INFO: [Synth 8-3333] propagating constant 0 across sequential element (\oclk_calib.u_ddr_phy_oclkdelay_cal /u_poc/u_poc_cc/\dbg_poc_r_reg[177] )
INFO: [Synth 8-3333] propagating constant 0 across sequential element (\oclk_calib.u_ddr_phy_oclkdelay_cal /u_poc/u_poc_cc/\dbg_poc_r_reg[178] )
INFO: [Synth 8-3333] propagating constant 0 across sequential element (\oclk_calib.u_ddr_phy_oclkdelay_cal /u_poc/u_poc_cc/\dbg_poc_r_reg[179] )
INFO: [Synth 8-3333] propagating constant 0 across sequential element (\oclk_calib.u_ddr_phy_oclkdelay_cal /u_poc/u_poc_cc/\dbg_poc_r_reg[181] )
INFO: [Synth 8-3333] propagating constant 0 across sequential element (\oclk_calib.u_ddr_phy_oclkdelay_cal /u_poc/u_poc_cc/\dbg_poc_r_reg[182] )
INFO: [Synth 8-3333] propagating constant 0 across sequential element (\oclk_calib.u_ddr_phy_oclkdelay_cal /u_poc/u_poc_cc/\dbg_poc_r_reg[183] )
INFO: [Synth 8-3333] propagating constant 0 across sequential element (\oclk_calib.u_ddr_phy_oclkdelay_cal /u_poc/u_poc_cc/\dbg_poc_r_reg[185] )
INFO: [Synth 8-3333] propagating constant 0 across sequential element (\oclk_calib.u_ddr_phy_oclkdelay_cal /u_poc/u_poc_cc/\dbg_poc_r_reg[186] )
INFO: [Synth 8-3333] propagating constant 0 across sequential element (\oclk_calib.u_ddr_phy_oclkdelay_cal /u_poc/u_poc_cc/\dbg_poc_r_reg[187] )
INFO: [Synth 8-3333] propagating constant 0 across sequential element (\oclk_calib.u_ddr_phy_oclkdelay_cal /u_poc/u_poc_cc/\dbg_poc_r_reg[189] )
INFO: [Synth 8-3333] propagating constant 0 across sequential element (\oclk_calib.u_ddr_phy_oclkdelay_cal /u_poc/u_poc_cc/\dbg_poc_r_reg[190] )
INFO: [Synth 8-3333] propagating constant 0 across sequential element (\oclk_calib.u_ddr_phy_oclkdelay_cal /u_poc/u_poc_cc/\dbg_poc_r_reg[191] )
INFO: [Synth 8-3333] propagating constant 0 across sequential element (\oclk_calib.u_ddr_phy_oclkdelay_cal /u_poc/u_poc_cc/\dbg_poc_r_reg[193] )
INFO: [Synth 8-3333] propagating constant 0 across sequential element (\oclk_calib.u_ddr_phy_oclkdelay_cal /u_poc/u_poc_cc/\dbg_poc_r_reg[194] )
INFO: [Synth 8-3333] propagating constant 0 across sequential element (\oclk_calib.u_ddr_phy_oclkdelay_cal /u_poc/u_poc_cc/\dbg_poc_r_reg[195] )
INFO: [Synth 8-3333] propagating constant 0 across sequential element (\oclk_calib.u_ddr_phy_oclkdelay_cal /u_poc/u_poc_cc/\dbg_poc_r_reg[197] )
INFO: [Synth 8-3333] propagating constant 0 across sequential element (\oclk_calib.u_ddr_phy_oclkdelay_cal /u_poc/u_poc_cc/\dbg_poc_r_reg[198] )
INFO: [Synth 8-3333] propagating constant 0 across sequential element (\oclk_calib.u_ddr_phy_oclkdelay_cal /u_poc/u_poc_cc/\dbg_poc_r_reg[199] )
INFO: [Synth 8-3333] propagating constant 0 across sequential element (\oclk_calib.u_ddr_phy_oclkdelay_cal /u_poc/u_poc_cc/\dbg_poc_r_reg[202] )
INFO: [Synth 8-3333] propagating constant 0 across sequential element (\oclk_calib.u_ddr_phy_oclkdelay_cal /u_poc/u_poc_cc/\dbg_poc_r_reg[203] )
INFO: [Synth 8-3333] propagating constant 0 across sequential element (\oclk_calib.u_ddr_phy_oclkdelay_cal /u_poc/u_poc_cc/\dbg_poc_r_reg[205] )
INFO: [Synth 8-3333] propagating constant 0 across sequential element (\oclk_calib.u_ddr_phy_oclkdelay_cal /u_poc/u_poc_cc/\dbg_poc_r_reg[206] )
INFO: [Synth 8-3333] propagating constant 0 across sequential element (\oclk_calib.u_ddr_phy_oclkdelay_cal /u_poc/u_poc_cc/\dbg_poc_r_reg[207] )
INFO: [Synth 8-3333] propagating constant 0 across sequential element (\oclk_calib.u_ddr_phy_oclkdelay_cal /u_poc/u_poc_cc/\dbg_poc_r_reg[209] )
INFO: [Synth 8-3333] propagating constant 0 across sequential element (\oclk_calib.u_ddr_phy_oclkdelay_cal /u_poc/u_poc_cc/\dbg_poc_r_reg[217] )
INFO: [Synth 8-3333] propagating constant 0 across sequential element (\oclk_calib.u_ddr_phy_oclkdelay_cal /u_poc/u_poc_cc/\dbg_poc_r_reg[218] )
INFO: [Synth 8-3333] propagating constant 0 across sequential element (\oclk_calib.u_ddr_phy_oclkdelay_cal /u_poc/u_poc_cc/\dbg_poc_r_reg[219] )
INFO: [Synth 8-3333] propagating constant 0 across sequential element (\oclk_calib.u_ddr_phy_oclkdelay_cal /u_poc/u_poc_cc/\dbg_poc_r_reg[226] )
INFO: [Synth 8-3333] propagating constant 0 across sequential element (\oclk_calib.u_ddr_phy_oclkdelay_cal /u_poc/u_poc_cc/\dbg_poc_r_reg[227] )
INFO: [Synth 8-3333] propagating constant 0 across sequential element (\oclk_calib.u_ddr_phy_oclkdelay_cal /u_poc/u_poc_cc/\dbg_poc_r_reg[229] )
INFO: [Synth 8-3333] propagating constant 0 across sequential element (\oclk_calib.u_ddr_phy_oclkdelay_cal /u_poc/u_poc_cc/\dbg_poc_r_reg[237] )
INFO: [Synth 8-3333] propagating constant 0 across sequential element (\oclk_calib.u_ddr_phy_oclkdelay_cal /u_poc/u_poc_cc/\dbg_poc_r_reg[238] )
INFO: [Synth 8-3333] propagating constant 0 across sequential element (\oclk_calib.u_ddr_phy_oclkdelay_cal /u_poc/u_poc_cc/\dbg_poc_r_reg[239] )
INFO: [Synth 8-3333] propagating constant 0 across sequential element (\oclk_calib.u_ddr_phy_oclkdelay_cal /u_poc/u_poc_cc/\dbg_poc_r_reg[249] )
INFO: [Synth 8-3333] propagating constant 0 across sequential element (\oclk_calib.u_ddr_phy_oclkdelay_cal /u_poc/u_poc_cc/\dbg_poc_r_reg[250] )
INFO: [Synth 8-3333] propagating constant 0 across sequential element (\oclk_calib.u_ddr_phy_oclkdelay_cal /u_poc/u_poc_cc/\dbg_poc_r_reg[251] )
INFO: [Synth 8-3333] propagating constant 0 across sequential element (\oclk_calib.u_ddr_phy_oclkdelay_cal /u_poc/u_poc_cc/\dbg_poc_r_reg[253] )
INFO: [Synth 8-3333] propagating constant 0 across sequential element (\oclk_calib.u_ddr_phy_oclkdelay_cal /u_poc/u_poc_cc/\dbg_poc_r_reg[254] )
INFO: [Synth 8-3333] propagating constant 0 across sequential element (\oclk_calib.u_ddr_phy_oclkdelay_cal /u_poc/u_poc_cc/\dbg_poc_r_reg[255] )
INFO: [Synth 8-3333] propagating constant 0 across sequential element (\oclk_calib.u_ddr_phy_oclkdelay_cal /u_poc/u_poc_cc/\dbg_poc_r_reg[257] )
INFO: [Synth 8-3333] propagating constant 0 across sequential element (\oclk_calib.u_ddr_phy_oclkdelay_cal /u_poc/u_poc_cc/\dbg_poc_r_reg[258] )
INFO: [Synth 8-3333] propagating constant 0 across sequential element (\oclk_calib.u_ddr_phy_oclkdelay_cal /u_poc/u_poc_cc/\dbg_poc_r_reg[259] )
INFO: [Synth 8-3333] propagating constant 0 across sequential element (\oclk_calib.u_ddr_phy_oclkdelay_cal /u_poc/u_poc_cc/\dbg_poc_r_reg[261] )
INFO: [Synth 8-3333] propagating constant 0 across sequential element (\oclk_calib.u_ddr_phy_oclkdelay_cal /u_poc/u_poc_cc/\dbg_poc_r_reg[262] )
INFO: [Synth 8-3333] propagating constant 0 across sequential element (\oclk_calib.u_ddr_phy_oclkdelay_cal /u_poc/u_poc_cc/\dbg_poc_r_reg[263] )
INFO: [Synth 8-3333] propagating constant 0 across sequential element (\oclk_calib.u_ddr_phy_oclkdelay_cal /u_poc/u_poc_cc/\dbg_poc_r_reg[265] )
INFO: [Synth 8-3333] propagating constant 0 across sequential element (\oclk_calib.u_ddr_phy_oclkdelay_cal /u_poc/u_poc_cc/\dbg_poc_r_reg[266] )
INFO: [Synth 8-3333] propagating constant 0 across sequential element (\oclk_calib.u_ddr_phy_oclkdelay_cal /u_poc/u_poc_cc/\dbg_poc_r_reg[267] )
INFO: [Synth 8-3333] propagating constant 0 across sequential element (\oclk_calib.u_ddr_phy_oclkdelay_cal /u_poc/u_poc_cc/\dbg_poc_r_reg[269] )
INFO: [Synth 8-3333] propagating constant 0 across sequential element (\oclk_calib.u_ddr_phy_oclkdelay_cal /u_poc/u_poc_cc/\dbg_poc_r_reg[270] )
INFO: [Synth 8-3333] propagating constant 0 across sequential element (\oclk_calib.u_ddr_phy_oclkdelay_cal /u_poc/u_poc_cc/\dbg_poc_r_reg[271] )
INFO: [Synth 8-3333] propagating constant 0 across sequential element (\oclk_calib.u_ddr_phy_oclkdelay_cal /u_poc/u_poc_cc/\dbg_poc_r_reg[273] )
INFO: [Common 17-14] Message 'Synth 8-3333' appears 100 times and further instances of the messages will be disabled. Use the Tcl command set_msg_config to change the current settings.
INFO: [Common 17-14] Message 'Synth 8-3333' appears 100 times and further instances of the messages will be disabled. Use the Tcl command set_msg_config to change the current settings.
INFO: [Synth 8-4471] merging register 'prbs_found_2nd_edge_r_reg' into 'prbs_found_1st_edge_r_reg' [d:/DMA_MMU_work/build/vivado/vc707_ddr3/DMA_IOMMU_PicoRV32_VC707_DDR3.gen/sources_1/ip/vc707_mig/vc707_mig/user_design/rtl/phy/mig_7series_v4_2_ddr_phy_prbs_rdlvl.v:1120]
INFO: [Synth 8-4471] merging register 'prbs_1st_edge_taps_r_reg[5:0]' into 'prbs_2nd_edge_taps_r_reg[5:0]' [d:/DMA_MMU_work/build/vivado/vc707_ddr3/DMA_IOMMU_PicoRV32_VC707_DDR3.gen/sources_1/ip/vc707_mig/vc707_mig/user_design/rtl/phy/mig_7series_v4_2_ddr_phy_prbs_rdlvl.v:1121]
INFO: [Synth 8-3886] merging instance 'ddr_phy_rdlvl_gen.u_ddr_phy_rdlvl/FSM_onehot_cal1_state_r_reg[28]' (FDRE) to 'ddr_phy_rdlvl_gen.u_ddr_phy_rdlvl/FSM_onehot_cal1_state_r_reg[34]'
INFO: [Synth 8-3886] merging instance 'ddr_phy_rdlvl_gen.u_ddr_phy_rdlvl/FSM_onehot_cal1_state_r_reg[27]' (FDRE) to 'ddr_phy_rdlvl_gen.u_ddr_phy_rdlvl/FSM_onehot_cal1_state_r_reg[34]'
INFO: [Synth 8-3886] merging instance 'ddr_phy_rdlvl_gen.u_ddr_phy_rdlvl/FSM_onehot_cal1_state_r_reg[24]' (FDRE) to 'ddr_phy_rdlvl_gen.u_ddr_phy_rdlvl/FSM_onehot_cal1_state_r_reg[34]'
INFO: [Synth 8-3886] merging instance 'ddr_phy_rdlvl_gen.u_ddr_phy_rdlvl/FSM_onehot_cal1_state_r_reg[23]' (FDRE) to 'ddr_phy_rdlvl_gen.u_ddr_phy_rdlvl/FSM_onehot_cal1_state_r_reg[34]'
INFO: [Synth 8-3886] merging instance 'ddr_phy_rdlvl_gen.u_ddr_phy_rdlvl/FSM_onehot_cal1_state_r_reg[20]' (FDRE) to 'ddr_phy_rdlvl_gen.u_ddr_phy_rdlvl/FSM_onehot_cal1_state_r_reg[34]'
INFO: [Synth 8-3886] merging instance 'ddr_phy_rdlvl_gen.u_ddr_phy_rdlvl/FSM_onehot_cal1_state_r_reg[26]' (FDRE) to 'ddr_phy_rdlvl_gen.u_ddr_phy_rdlvl/FSM_onehot_cal1_state_r_reg[34]'
INFO: [Synth 8-3886] merging instance 'ddr_phy_rdlvl_gen.u_ddr_phy_rdlvl/FSM_onehot_cal1_state_r_reg[18]' (FDRE) to 'ddr_phy_rdlvl_gen.u_ddr_phy_rdlvl/FSM_onehot_cal1_state_r_reg[34]'
INFO: [Synth 8-3886] merging instance 'ddr_phy_prbs_rdlvl_gen.u_ddr_phy_prbs_rdlvl/FSM_onehot_prbs_state_r_reg[0]' (FDRE) to 'ddr_phy_prbs_rdlvl_gen.u_ddr_phy_prbs_rdlvl/FSM_onehot_prbs_state_r_reg[19]'
INFO: [Synth 8-3886] merging instance 'ddr_phy_prbs_rdlvl_gen.u_ddr_phy_prbs_rdlvl/FSM_onehot_prbs_state_r_reg[10]' (FDRE) to 'ddr_phy_prbs_rdlvl_gen.u_ddr_phy_prbs_rdlvl/FSM_onehot_prbs_state_r_reg[19]'
INFO: [Synth 8-3886] merging instance 'ddr_phy_prbs_rdlvl_gen.u_ddr_phy_prbs_rdlvl/FSM_onehot_prbs_state_r_reg[9]' (FDRE) to 'ddr_phy_prbs_rdlvl_gen.u_ddr_phy_prbs_rdlvl/FSM_onehot_prbs_state_r_reg[19]'
INFO: [Synth 8-3886] merging instance 'ddr_phy_prbs_rdlvl_gen.u_ddr_phy_prbs_rdlvl/FSM_onehot_prbs_state_r_reg[2]' (FDRE) to 'ddr_phy_prbs_rdlvl_gen.u_ddr_phy_prbs_rdlvl/FSM_onehot_prbs_state_r_reg[19]'
INFO: [Synth 8-3886] merging instance 'ddr_phy_prbs_rdlvl_gen.u_ddr_phy_prbs_rdlvl/FSM_onehot_prbs_state_r_reg[18]' (FDRE) to 'ddr_phy_prbs_rdlvl_gen.u_ddr_phy_prbs_rdlvl/FSM_onehot_prbs_state_r_reg[19]'
INFO: [Synth 8-3886] merging instance 'ddr_phy_rdlvl_gen.u_ddr_phy_rdlvl/FSM_onehot_cal1_state_r_reg[30]' (FDRE) to 'ddr_phy_rdlvl_gen.u_ddr_phy_rdlvl/FSM_onehot_cal1_state_r_reg[34]'
INFO: [Synth 8-3886] merging instance 'ddr_phy_rdlvl_gen.u_ddr_phy_rdlvl/FSM_onehot_cal1_state_r_reg[19]' (FDRE) to 'ddr_phy_rdlvl_gen.u_ddr_phy_rdlvl/FSM_onehot_cal1_state_r_reg[34]'
INFO: [Synth 8-3886] merging instance 'ddr_phy_rdlvl_gen.u_ddr_phy_rdlvl/FSM_onehot_cal1_state_r_reg[25]' (FDRE) to 'ddr_phy_rdlvl_gen.u_ddr_phy_rdlvl/FSM_onehot_cal1_state_r_reg[34]'
INFO: [Synth 8-3886] merging instance 'ddr_phy_prbs_rdlvl_gen.u_ddr_phy_prbs_rdlvl/dbg_prbs_first_edge_taps1[-1111111109]' (FDRE) to 'ddr_phy_prbs_rdlvl_gen.u_ddr_phy_prbs_rdlvl/prbs_dqs_cnt_r_reg[2]'
INFO: [Synth 8-3886] merging instance 'ddr_phy_prbs_rdlvl_gen.u_ddr_phy_prbs_rdlvl/dbg_prbs_first_edge_taps1[-1111111109]__0' (FD) to 'ddr_phy_prbs_rdlvl_gen.u_ddr_phy_prbs_rdlvl/rd_mux_sel_r_reg[2]'
INFO: [Synth 8-3886] merging instance 'ddr_phy_prbs_rdlvl_gen.u_ddr_phy_prbs_rdlvl/dbg_prbs_first_edge_taps1[-1111111111]' (FDRE) to 'ddr_phy_prbs_rdlvl_gen.u_ddr_phy_prbs_rdlvl/prbs_dqs_cnt_r_reg[0]'
INFO: [Synth 8-3886] merging instance 'ddr_phy_prbs_rdlvl_gen.u_ddr_phy_prbs_rdlvl/dbg_prbs_first_edge_taps1[-1111111111]__0' (FD) to 'ddr_phy_prbs_rdlvl_gen.u_ddr_phy_prbs_rdlvl/rd_mux_sel_r_reg[0]'
INFO: [Synth 8-3886] merging instance 'ddr_phy_prbs_rdlvl_gen.u_ddr_phy_prbs_rdlvl/dbg_prbs_first_edge_taps1[-1111111110]' (FDRE) to 'ddr_phy_prbs_rdlvl_gen.u_ddr_phy_prbs_rdlvl/prbs_dqs_cnt_r_reg[1]'
INFO: [Synth 8-3886] merging instance 'ddr_phy_prbs_rdlvl_gen.u_ddr_phy_prbs_rdlvl/dbg_prbs_first_edge_taps1[-1111111110]__0' (FD) to 'ddr_phy_prbs_rdlvl_gen.u_ddr_phy_prbs_rdlvl/rd_mux_sel_r_reg[1]'
INFO: [Synth 8-3886] merging instance 'ddr_phy_rdlvl_gen.u_ddr_phy_rdlvl/dlyval_dq_reg_r_reg[0][16][0]' (FDRE) to 'ddr_phy_rdlvl_gen.u_ddr_phy_rdlvl/dlyval_dq_reg_r_reg[0][16][4]'
INFO: [Synth 8-3886] merging instance 'ddr_phy_rdlvl_gen.u_ddr_phy_rdlvl/dlyval_dq_reg[80]' (FD) to 'ddr_phy_rdlvl_gen.u_ddr_phy_rdlvl/dlyval_dq_reg[315]'
INFO: [Synth 8-3886] merging instance 'ddr_phy_rdlvl_gen.u_ddr_phy_rdlvl/dlyval_dq_reg[85]' (FD) to 'ddr_phy_rdlvl_gen.u_ddr_phy_rdlvl/dlyval_dq_reg[315]'
INFO: [Synth 8-3886] merging instance 'ddr_phy_rdlvl_gen.u_ddr_phy_rdlvl/dlyval_dq_reg[90]' (FD) to 'ddr_phy_rdlvl_gen.u_ddr_phy_rdlvl/dlyval_dq_reg[315]'
INFO: [Synth 8-3886] merging instance 'ddr_phy_rdlvl_gen.u_ddr_phy_rdlvl/dlyval_dq_reg[95]' (FD) to 'ddr_phy_rdlvl_gen.u_ddr_phy_rdlvl/dlyval_dq_reg[315]'
INFO: [Synth 8-3886] merging instance 'ddr_phy_rdlvl_gen.u_ddr_phy_rdlvl/dlyval_dq_reg[100]' (FD) to 'ddr_phy_rdlvl_gen.u_ddr_phy_rdlvl/dlyval_dq_reg[315]'
INFO: [Synth 8-3886] merging instance 'ddr_phy_rdlvl_gen.u_ddr_phy_rdlvl/dlyval_dq_reg[105]' (FD) to 'ddr_phy_rdlvl_gen.u_ddr_phy_rdlvl/dlyval_dq_reg[315]'
INFO: [Synth 8-3886] merging instance 'ddr_phy_rdlvl_gen.u_ddr_phy_rdlvl/dlyval_dq_reg[110]' (FD) to 'ddr_phy_rdlvl_gen.u_ddr_phy_rdlvl/dlyval_dq_reg[315]'
INFO: [Synth 8-3886] merging instance 'ddr_phy_rdlvl_gen.u_ddr_phy_rdlvl/dlyval_dq_reg[115]' (FD) to 'ddr_phy_rdlvl_gen.u_ddr_phy_rdlvl/dlyval_dq_reg[315]'
INFO: [Synth 8-3886] merging instance 'ddr_phy_rdlvl_gen.u_ddr_phy_rdlvl/dlyval_dq_reg[120]' (FD) to 'ddr_phy_rdlvl_gen.u_ddr_phy_rdlvl/dlyval_dq_reg[315]'
INFO: [Synth 8-3886] merging instance 'ddr_phy_rdlvl_gen.u_ddr_phy_rdlvl/dlyval_dq_reg[125]' (FD) to 'ddr_phy_rdlvl_gen.u_ddr_phy_rdlvl/dlyval_dq_reg[315]'
INFO: [Synth 8-3886] merging instance 'ddr_phy_rdlvl_gen.u_ddr_phy_rdlvl/dlyval_dq_reg[130]' (FD) to 'ddr_phy_rdlvl_gen.u_ddr_phy_rdlvl/dlyval_dq_reg[315]'
INFO: [Synth 8-3886] merging instance 'ddr_phy_rdlvl_gen.u_ddr_phy_rdlvl/dlyval_dq_reg[135]' (FD) to 'ddr_phy_rdlvl_gen.u_ddr_phy_rdlvl/dlyval_dq_reg[315]'
INFO: [Synth 8-3886] merging instance 'ddr_phy_rdlvl_gen.u_ddr_phy_rdlvl/dlyval_dq_reg[140]' (FD) to 'ddr_phy_rdlvl_gen.u_ddr_phy_rdlvl/dlyval_dq_reg[315]'
INFO: [Synth 8-3886] merging instance 'ddr_phy_rdlvl_gen.u_ddr_phy_rdlvl/dlyval_dq_reg[145]' (FD) to 'ddr_phy_rdlvl_gen.u_ddr_phy_rdlvl/dlyval_dq_reg[315]'
INFO: [Synth 8-3886] merging instance 'ddr_phy_rdlvl_gen.u_ddr_phy_rdlvl/dlyval_dq_reg[150]' (FD) to 'ddr_phy_rdlvl_gen.u_ddr_phy_rdlvl/dlyval_dq_reg[315]'
INFO: [Synth 8-3886] merging instance 'ddr_phy_rdlvl_gen.u_ddr_phy_rdlvl/dlyval_dq_reg[155]' (FD) to 'ddr_phy_rdlvl_gen.u_ddr_phy_rdlvl/dlyval_dq_reg[315]'
INFO: [Synth 8-3886] merging instance 'ddr_phy_rdlvl_gen.u_ddr_phy_rdlvl/dlyval_dq_reg[160]' (FD) to 'ddr_phy_rdlvl_gen.u_ddr_phy_rdlvl/dlyval_dq_reg[315]'
INFO: [Synth 8-3886] merging instance 'ddr_phy_rdlvl_gen.u_ddr_phy_rdlvl/dlyval_dq_reg[165]' (FD) to 'ddr_phy_rdlvl_gen.u_ddr_phy_rdlvl/dlyval_dq_reg[315]'
INFO: [Synth 8-3886] merging instance 'ddr_phy_rdlvl_gen.u_ddr_phy_rdlvl/dlyval_dq_reg[170]' (FD) to 'ddr_phy_rdlvl_gen.u_ddr_phy_rdlvl/dlyval_dq_reg[315]'
INFO: [Synth 8-3886] merging instance 'ddr_phy_rdlvl_gen.u_ddr_phy_rdlvl/dlyval_dq_reg[175]' (FD) to 'ddr_phy_rdlvl_gen.u_ddr_phy_rdlvl/dlyval_dq_reg[315]'
INFO: [Synth 8-3886] merging instance 'ddr_phy_rdlvl_gen.u_ddr_phy_rdlvl/dlyval_dq_reg[180]' (FD) to 'ddr_phy_rdlvl_gen.u_ddr_phy_rdlvl/dlyval_dq_reg[315]'
INFO: [Synth 8-3886] merging instance 'ddr_phy_rdlvl_gen.u_ddr_phy_rdlvl/dlyval_dq_reg[185]' (FD) to 'ddr_phy_rdlvl_gen.u_ddr_phy_rdlvl/dlyval_dq_reg[315]'
INFO: [Synth 8-3886] merging instance 'ddr_phy_rdlvl_gen.u_ddr_phy_rdlvl/dlyval_dq_reg[190]' (FD) to 'ddr_phy_rdlvl_gen.u_ddr_phy_rdlvl/dlyval_dq_reg[315]'
INFO: [Synth 8-3886] merging instance 'ddr_phy_rdlvl_gen.u_ddr_phy_rdlvl/dlyval_dq_reg[195]' (FD) to 'ddr_phy_rdlvl_gen.u_ddr_phy_rdlvl/dlyval_dq_reg[315]'
INFO: [Synth 8-3886] merging instance 'ddr_phy_rdlvl_gen.u_ddr_phy_rdlvl/dlyval_dq_reg[200]' (FD) to 'ddr_phy_rdlvl_gen.u_ddr_phy_rdlvl/dlyval_dq_reg[315]'
INFO: [Synth 8-3886] merging instance 'ddr_phy_rdlvl_gen.u_ddr_phy_rdlvl/dlyval_dq_reg[205]' (FD) to 'ddr_phy_rdlvl_gen.u_ddr_phy_rdlvl/dlyval_dq_reg[315]'
INFO: [Synth 8-3886] merging instance 'ddr_phy_rdlvl_gen.u_ddr_phy_rdlvl/dlyval_dq_reg[210]' (FD) to 'ddr_phy_rdlvl_gen.u_ddr_phy_rdlvl/dlyval_dq_reg[315]'
INFO: [Synth 8-3886] merging instance 'ddr_phy_rdlvl_gen.u_ddr_phy_rdlvl/dlyval_dq_reg[215]' (FD) to 'ddr_phy_rdlvl_gen.u_ddr_phy_rdlvl/dlyval_dq_reg[315]'
INFO: [Synth 8-3886] merging instance 'ddr_phy_rdlvl_gen.u_ddr_phy_rdlvl/dlyval_dq_reg[220]' (FD) to 'ddr_phy_rdlvl_gen.u_ddr_phy_rdlvl/dlyval_dq_reg[315]'
INFO: [Synth 8-3886] merging instance 'ddr_phy_rdlvl_gen.u_ddr_phy_rdlvl/dlyval_dq_reg[225]' (FD) to 'ddr_phy_rdlvl_gen.u_ddr_phy_rdlvl/dlyval_dq_reg[315]'
INFO: [Synth 8-3886] merging instance 'ddr_phy_rdlvl_gen.u_ddr_phy_rdlvl/dlyval_dq_reg[230]' (FD) to 'ddr_phy_rdlvl_gen.u_ddr_phy_rdlvl/dlyval_dq_reg[315]'
INFO: [Synth 8-3886] merging instance 'ddr_phy_rdlvl_gen.u_ddr_phy_rdlvl/dlyval_dq_reg[235]' (FD) to 'ddr_phy_rdlvl_gen.u_ddr_phy_rdlvl/dlyval_dq_reg[315]'
INFO: [Synth 8-3886] merging instance 'ddr_phy_rdlvl_gen.u_ddr_phy_rdlvl/dlyval_dq_reg[240]' (FD) to 'ddr_phy_rdlvl_gen.u_ddr_phy_rdlvl/dlyval_dq_reg[315]'
INFO: [Synth 8-3886] merging instance 'ddr_phy_rdlvl_gen.u_ddr_phy_rdlvl/dlyval_dq_reg[245]' (FD) to 'ddr_phy_rdlvl_gen.u_ddr_phy_rdlvl/dlyval_dq_reg[315]'
INFO: [Synth 8-3886] merging instance 'ddr_phy_rdlvl_gen.u_ddr_phy_rdlvl/dlyval_dq_reg[250]' (FD) to 'ddr_phy_rdlvl_gen.u_ddr_phy_rdlvl/dlyval_dq_reg[315]'
INFO: [Synth 8-3886] merging instance 'ddr_phy_rdlvl_gen.u_ddr_phy_rdlvl/dlyval_dq_reg[255]' (FD) to 'ddr_phy_rdlvl_gen.u_ddr_phy_rdlvl/dlyval_dq_reg[315]'
INFO: [Synth 8-3886] merging instance 'ddr_phy_rdlvl_gen.u_ddr_phy_rdlvl/dlyval_dq_reg[260]' (FD) to 'ddr_phy_rdlvl_gen.u_ddr_phy_rdlvl/dlyval_dq_reg[315]'
INFO: [Synth 8-3886] merging instance 'ddr_phy_rdlvl_gen.u_ddr_phy_rdlvl/dlyval_dq_reg[265]' (FD) to 'ddr_phy_rdlvl_gen.u_ddr_phy_rdlvl/dlyval_dq_reg[315]'
INFO: [Synth 8-3886] merging instance 'ddr_phy_rdlvl_gen.u_ddr_phy_rdlvl/dlyval_dq_reg[270]' (FD) to 'ddr_phy_rdlvl_gen.u_ddr_phy_rdlvl/dlyval_dq_reg[315]'
INFO: [Synth 8-3886] merging instance 'ddr_phy_rdlvl_gen.u_ddr_phy_rdlvl/dlyval_dq_reg[275]' (FD) to 'ddr_phy_rdlvl_gen.u_ddr_phy_rdlvl/dlyval_dq_reg[315]'
INFO: [Synth 8-3886] merging instance 'ddr_phy_rdlvl_gen.u_ddr_phy_rdlvl/dlyval_dq_reg[280]' (FD) to 'ddr_phy_rdlvl_gen.u_ddr_phy_rdlvl/dlyval_dq_reg[315]'
INFO: [Synth 8-3886] merging instance 'ddr_phy_rdlvl_gen.u_ddr_phy_rdlvl/dlyval_dq_reg[285]' (FD) to 'ddr_phy_rdlvl_gen.u_ddr_phy_rdlvl/dlyval_dq_reg[315]'
INFO: [Synth 8-3886] merging instance 'ddr_phy_rdlvl_gen.u_ddr_phy_rdlvl/dlyval_dq_reg[290]' (FD) to 'ddr_phy_rdlvl_gen.u_ddr_phy_rdlvl/dlyval_dq_reg[315]'
INFO: [Synth 8-3886] merging instance 'ddr_phy_rdlvl_gen.u_ddr_phy_rdlvl/dlyval_dq_reg[295]' (FD) to 'ddr_phy_rdlvl_gen.u_ddr_phy_rdlvl/dlyval_dq_reg[315]'
INFO: [Common 17-14] Message 'Synth 8-3886' appears 100 times and further instances of the messages will be disabled. Use the Tcl command set_msg_config to change the current settings.
INFO: [Common 17-14] Message 'Synth 8-3886' appears 100 times and further instances of the messages will be disabled. Use the Tcl command set_msg_config to change the current settings.
WARNING: [Synth 8-3332] Sequential element (FSM_onehot_prbs_state_r_reg[19]) is unused and will be removed from module mig_7series_v4_2_ddr_phy_prbs_rdlvl.
WARNING: [Synth 8-3332] Sequential element (FSM_onehot_cal1_state_r_reg[34]) is unused and will be removed from module mig_7series_v4_2_ddr_phy_rdlvl.
INFO: [Synth 8-4471] merging register 'gen_byte_sel_div1.byte_sel_cnt_reg[3:0]' into 'gen_byte_sel_div1.byte_sel_cnt_reg[3:0]' [d:/DMA_MMU_work/build/vivado/vc707_ddr3/DMA_IOMMU_PicoRV32_VC707_DDR3.gen/sources_1/ip/vc707_mig/vc707_mig/user_design/rtl/phy/mig_7series_v4_2_ddr_calib_top.v:1040]
INFO: [Synth 8-4471] merging register 'gen_byte_sel_div1.byte_sel_cnt_reg[3:0]' into 'gen_byte_sel_div1.byte_sel_cnt_reg[3:0]' [d:/DMA_MMU_work/build/vivado/vc707_ddr3/DMA_IOMMU_PicoRV32_VC707_DDR3.gen/sources_1/ip/vc707_mig/vc707_mig/user_design/rtl/phy/mig_7series_v4_2_ddr_calib_top.v:1040]
INFO: [Common 17-14] Message 'Synth 8-7129' appears 100 times and further instances of the messages will be disabled. Use the Tcl command set_msg_config to change the current settings.
INFO: [Common 17-14] Message 'Synth 8-3886' appears 100 times and further instances of the messages will be disabled. Use the Tcl command set_msg_config to change the current settings.
INFO: [Synth 8-5544] ROM "si_maximum_length" won't be mapped to Block RAM because address size (3) smaller than threshold (5)
INFO: [Synth 8-5544] ROM "cmd_step_ii" won't be mapped to Block RAM because address size (3) smaller than threshold (5)
INFO: [Synth 8-5544] ROM "si_maximum_length" won't be mapped to Block RAM because address size (3) smaller than threshold (5)
INFO: [Synth 8-5544] ROM "cmd_step_ii" won't be mapped to Block RAM because address size (3) smaller than threshold (5)
WARNING: [Synth 8-3332] Sequential element (USE_BURSTS.cmd_queue/USE_FF_OUT.USE_FPGA_OUTPUT_PIPELINE.DATA_GEN[14].FDRE_inst) is unused and will be removed from module mig_7series_v4_2_ddr_a_upsizer.
WARNING: [Synth 8-3332] Sequential element (USE_BURSTS.cmd_queue/USE_FF_OUT.USE_FPGA_OUTPUT_PIPELINE.DATA_GEN[21].FDRE_inst) is unused and will be removed from module mig_7series_v4_2_ddr_a_upsizer.
WARNING: [Synth 8-3332] Sequential element (USE_BURSTS.cmd_queue/USE_FF_OUT.USE_FPGA_OUTPUT_PIPELINE.DATA_GEN[22].FDRE_inst) is unused and will be removed from module mig_7series_v4_2_ddr_a_upsizer.
WARNING: [Synth 8-3332] Sequential element (USE_BURSTS.cmd_queue/USE_FF_OUT.USE_FPGA_OUTPUT_PIPELINE.DATA_GEN[23].FDRE_inst) is unused and will be removed from module mig_7series_v4_2_ddr_a_upsizer.
WARNING: [Synth 8-3332] Sequential element (USE_BURSTS.cmd_queue/USE_FF_OUT.USE_FPGA_OUTPUT_PIPELINE.DATA_GEN[24].FDRE_inst) is unused and will be removed from module mig_7series_v4_2_ddr_a_upsizer.
WARNING: [Synth 8-3332] Sequential element (USE_BURSTS.cmd_queue/USE_FF_OUT.USE_FPGA_OUTPUT_PIPELINE.DATA_GEN[25].FDRE_inst) is unused and will be removed from module mig_7series_v4_2_ddr_a_upsizer.
WARNING: [Synth 8-3332] Sequential element (USE_BURSTS.cmd_queue/USE_FF_OUT.USE_FPGA_OUTPUT_PIPELINE.DATA_GEN[26].FDRE_inst) is unused and will be removed from module mig_7series_v4_2_ddr_a_upsizer.
WARNING: [Synth 8-3332] Sequential element (USE_BURSTS.cmd_queue/USE_FF_OUT.USE_FPGA_OUTPUT_PIPELINE.DATA_GEN[14].FDRE_inst) is unused and will be removed from module mig_7series_v4_2_ddr_a_upsizer__parameterized0.
WARNING: [Synth 8-3332] Sequential element (USE_BURSTS.cmd_queue/USE_FF_OUT.USE_FPGA_OUTPUT_PIPELINE.DATA_GEN[21].FDRE_inst) is unused and will be removed from module mig_7series_v4_2_ddr_a_upsizer__parameterized0.
WARNING: [Synth 8-3332] Sequential element (USE_BURSTS.cmd_queue/USE_FF_OUT.USE_FPGA_OUTPUT_PIPELINE.DATA_GEN[22].FDRE_inst) is unused and will be removed from module mig_7series_v4_2_ddr_a_upsizer__parameterized0.
WARNING: [Synth 8-3332] Sequential element (USE_BURSTS.cmd_queue/USE_FF_OUT.USE_FPGA_OUTPUT_PIPELINE.DATA_GEN[23].FDRE_inst) is unused and will be removed from module mig_7series_v4_2_ddr_a_upsizer__parameterized0.
WARNING: [Synth 8-3332] Sequential element (USE_BURSTS.cmd_queue/USE_FF_OUT.USE_FPGA_OUTPUT_PIPELINE.DATA_GEN[24].FDRE_inst) is unused and will be removed from module mig_7series_v4_2_ddr_a_upsizer__parameterized0.
WARNING: [Synth 8-3332] Sequential element (USE_BURSTS.cmd_queue/USE_FF_OUT.USE_FPGA_OUTPUT_PIPELINE.DATA_GEN[25].FDRE_inst) is unused and will be removed from module mig_7series_v4_2_ddr_a_upsizer__parameterized0.
WARNING: [Synth 8-3332] Sequential element (USE_BURSTS.cmd_queue/USE_FF_OUT.USE_FPGA_OUTPUT_PIPELINE.DATA_GEN[26].FDRE_inst) is unused and will be removed from module mig_7series_v4_2_ddr_a_upsizer__parameterized0.
WARNING: [Synth 8-3332] Sequential element (USE_BURSTS.cmd_queue/USE_FF_OUT.USE_FPGA_OUTPUT_PIPELINE.DATA_GEN[47].FDRE_inst) is unused and will be removed from module mig_7series_v4_2_ddr_a_upsizer__parameterized0.
---------------------------------------------------------------------------------
Finished Cross Boundary and Area Optimization : Time (s): cpu = 00:07:10 ; elapsed = 00:08:00 . Memory (MB): peak = 2273.684 ; gain = 1244.668
---------------------------------------------------------------------------------
---------------------------------------------------------------------------------
Start ROM, RAM, DSP, Shift Register and Retiming Reporting
---------------------------------------------------------------------------------

ROM: Preliminary Mapping Report
+------------------------------+------------+---------------+----------------+
|Module Name                   | RTL Object | Depth x Width | Implemented As | 
+------------------------------+------------+---------------+----------------+
|mig_7series_v4_2_ddr_prbs_gen | mem_out    | 256x18        | LUT            | 
+------------------------------+------------+---------------+----------------+


Distributed RAM: Preliminary Mapping Report (see note below)
+----------------------------------------------------------------------+---------------------------------------------------------------------------+-----------+----------------------+--------------+
|Module Name                                                           | RTL Object                                                                | Inference | Size (Depth x Width) | Primitives   | 
+----------------------------------------------------------------------+---------------------------------------------------------------------------+-----------+----------------------+--------------+
|vc707_mig                                                             | of_pre_fifo_gen.u_ddr_of_pre_fifo/mem_reg                                 | Implied   | 16 x 80              | RAM32M x 14  | 
|vc707_mig                                                             | ddr_byte_lane_C.ddr_byte_lane_C/of_pre_fifo_gen.u_ddr_of_pre_fifo/mem_reg | Implied   | 16 x 80              | RAM32M x 14  | 
|vc707_mig                                                             | ddr_byte_lane_D.ddr_byte_lane_D/of_pre_fifo_gen.u_ddr_of_pre_fifo/mem_reg | Implied   | 16 x 80              | RAM32M x 14  | 
|\ddr_phy_4lanes_0.u_ddr_phy_4lanes /\ddr_byte_lane_A.ddr_byte_lane_A  | dq_gen_40.if_post_fifo_gen.u_ddr_if_post_fifo/mem_reg                     | Implied   | 4 x 80               | RAM32M x 14  | 
|\ddr_phy_4lanes_0.u_ddr_phy_4lanes /\ddr_byte_lane_A.ddr_byte_lane_A  | of_pre_fifo_gen.u_ddr_of_pre_fifo/mem_reg                                 | Implied   | 16 x 80              | RAM32M x 14  | 
|\ddr_phy_4lanes_0.u_ddr_phy_4lanes /\ddr_byte_lane_B.ddr_byte_lane_B  | dq_gen_40.if_post_fifo_gen.u_ddr_if_post_fifo/mem_reg                     | Implied   | 4 x 80               | RAM32M x 14  | 
|\ddr_phy_4lanes_0.u_ddr_phy_4lanes /\ddr_byte_lane_B.ddr_byte_lane_B  | of_pre_fifo_gen.u_ddr_of_pre_fifo/mem_reg                                 | Implied   | 16 x 80              | RAM32M x 14  | 
|\ddr_phy_4lanes_0.u_ddr_phy_4lanes /\ddr_byte_lane_C.ddr_byte_lane_C  | dq_gen_40.if_post_fifo_gen.u_ddr_if_post_fifo/mem_reg                     | Implied   | 4 x 80               | RAM32M x 14  | 
|\ddr_phy_4lanes_0.u_ddr_phy_4lanes /\ddr_byte_lane_C.ddr_byte_lane_C  | of_pre_fifo_gen.u_ddr_of_pre_fifo/mem_reg                                 | Implied   | 16 x 80              | RAM32M x 14  | 
|\ddr_phy_4lanes_0.u_ddr_phy_4lanes /\ddr_byte_lane_D.ddr_byte_lane_D  | dq_gen_40.if_post_fifo_gen.u_ddr_if_post_fifo/mem_reg                     | Implied   | 4 x 80               | RAM32M x 14  | 
|\ddr_phy_4lanes_0.u_ddr_phy_4lanes /\ddr_byte_lane_D.ddr_byte_lane_D  | of_pre_fifo_gen.u_ddr_of_pre_fifo/mem_reg                                 | Implied   | 16 x 80              | RAM32M x 14  | 
|\ddr_phy_4lanes_2.u_ddr_phy_4lanes /\ddr_byte_lane_A.ddr_byte_lane_A  | dq_gen_40.if_post_fifo_gen.u_ddr_if_post_fifo/mem_reg                     | Implied   | 4 x 80               | RAM32M x 14  | 
|\ddr_phy_4lanes_2.u_ddr_phy_4lanes /\ddr_byte_lane_A.ddr_byte_lane_A  | of_pre_fifo_gen.u_ddr_of_pre_fifo/mem_reg                                 | Implied   | 16 x 80              | RAM32M x 14  | 
|\ddr_phy_4lanes_2.u_ddr_phy_4lanes /\ddr_byte_lane_B.ddr_byte_lane_B  | dq_gen_40.if_post_fifo_gen.u_ddr_if_post_fifo/mem_reg                     | Implied   | 4 x 80               | RAM32M x 14  | 
|\ddr_phy_4lanes_2.u_ddr_phy_4lanes /\ddr_byte_lane_B.ddr_byte_lane_B  | of_pre_fifo_gen.u_ddr_of_pre_fifo/mem_reg                                 | Implied   | 16 x 80              | RAM32M x 14  | 
|\ddr_phy_4lanes_2.u_ddr_phy_4lanes /\ddr_byte_lane_C.ddr_byte_lane_C  | dq_gen_40.if_post_fifo_gen.u_ddr_if_post_fifo/mem_reg                     | Implied   | 4 x 80               | RAM32M x 14  | 
|\ddr_phy_4lanes_2.u_ddr_phy_4lanes /\ddr_byte_lane_C.ddr_byte_lane_C  | of_pre_fifo_gen.u_ddr_of_pre_fifo/mem_reg                                 | Implied   | 16 x 80              | RAM32M x 14  | 
|\ddr_phy_4lanes_2.u_ddr_phy_4lanes /\ddr_byte_lane_D.ddr_byte_lane_D  | dq_gen_40.if_post_fifo_gen.u_ddr_if_post_fifo/mem_reg                     | Implied   | 4 x 80               | RAM32M x 14  | 
|\ddr_phy_4lanes_2.u_ddr_phy_4lanes /\ddr_byte_lane_D.ddr_byte_lane_D  | of_pre_fifo_gen.u_ddr_of_pre_fifo/mem_reg                                 | Implied   | 16 x 80              | RAM32M x 14  | 
+----------------------------------------------------------------------+---------------------------------------------------------------------------+-----------+----------------------+--------------+

Note: The table above is a preliminary report that shows the Distributed RAMs at the current stage of the synthesis flow. Some Distributed RAMs may be reimplemented as non Distributed RAM primitives later in the synthesis flow. Multiple instantiated RAMs are reported only once.
---------------------------------------------------------------------------------
Finished ROM, RAM, DSP, Shift Register and Retiming Reporting
---------------------------------------------------------------------------------
---------------------------------------------------------------------------------
Start Applying XDC Timing Constraints
---------------------------------------------------------------------------------
WARNING: [Synth 8-3321] set_false_path : Empty through list for constraint at line 836 of d:/DMA_MMU_work/build/vivado/vc707_ddr3/DMA_IOMMU_PicoRV32_VC707_DDR3.gen/sources_1/ip/vc707_mig/vc707_mig/user_design/constraints/vc707_mig.xdc. [d:/DMA_MMU_work/build/vivado/vc707_ddr3/DMA_IOMMU_PicoRV32_VC707_DDR3.gen/sources_1/ip/vc707_mig/vc707_mig/user_design/constraints/vc707_mig.xdc:836]
---------------------------------------------------------------------------------
Finished Applying XDC Timing Constraints : Time (s): cpu = 00:07:38 ; elapsed = 00:08:31 . Memory (MB): peak = 2273.684 ; gain = 1244.668
---------------------------------------------------------------------------------
---------------------------------------------------------------------------------
Start Timing Optimization
---------------------------------------------------------------------------------
---------------------------------------------------------------------------------
Finished Timing Optimization : Time (s): cpu = 00:08:40 ; elapsed = 00:09:41 . Memory (MB): peak = 2307.859 ; gain = 1278.844
---------------------------------------------------------------------------------
---------------------------------------------------------------------------------
Start ROM, RAM, DSP, Shift Register and Retiming Reporting
---------------------------------------------------------------------------------

Distributed RAM: Final Mapping Report
+----------------------------------------------------------------------+---------------------------------------------------------------------------+-----------+----------------------+--------------+
|Module Name                                                           | RTL Object                                                                | Inference | Size (Depth x Width) | Primitives   | 
+----------------------------------------------------------------------+---------------------------------------------------------------------------+-----------+----------------------+--------------+
|vc707_mig                                                             | of_pre_fifo_gen.u_ddr_of_pre_fifo/mem_reg                                 | Implied   | 16 x 80              | RAM32M x 14  | 
|\ddr_phy_4lanes_0.u_ddr_phy_4lanes /\ddr_byte_lane_A.ddr_byte_lane_A  | dq_gen_40.if_post_fifo_gen.u_ddr_if_post_fifo/mem_reg                     | Implied   | 4 x 80               | RAM32M x 14  | 
|\ddr_phy_4lanes_0.u_ddr_phy_4lanes /\ddr_byte_lane_A.ddr_byte_lane_A  | of_pre_fifo_gen.u_ddr_of_pre_fifo/mem_reg                                 | Implied   | 16 x 80              | RAM32M x 14  | 
|\ddr_phy_4lanes_0.u_ddr_phy_4lanes /\ddr_byte_lane_B.ddr_byte_lane_B  | dq_gen_40.if_post_fifo_gen.u_ddr_if_post_fifo/mem_reg                     | Implied   | 4 x 80               | RAM32M x 14  | 
|\ddr_phy_4lanes_0.u_ddr_phy_4lanes /\ddr_byte_lane_B.ddr_byte_lane_B  | of_pre_fifo_gen.u_ddr_of_pre_fifo/mem_reg                                 | Implied   | 16 x 80              | RAM32M x 14  | 
|\ddr_phy_4lanes_0.u_ddr_phy_4lanes /\ddr_byte_lane_C.ddr_byte_lane_C  | dq_gen_40.if_post_fifo_gen.u_ddr_if_post_fifo/mem_reg                     | Implied   | 4 x 80               | RAM32M x 14  | 
|\ddr_phy_4lanes_0.u_ddr_phy_4lanes /\ddr_byte_lane_C.ddr_byte_lane_C  | of_pre_fifo_gen.u_ddr_of_pre_fifo/mem_reg                                 | Implied   | 16 x 80              | RAM32M x 14  | 
|\ddr_phy_4lanes_0.u_ddr_phy_4lanes /\ddr_byte_lane_D.ddr_byte_lane_D  | dq_gen_40.if_post_fifo_gen.u_ddr_if_post_fifo/mem_reg                     | Implied   | 4 x 80               | RAM32M x 14  | 
|\ddr_phy_4lanes_0.u_ddr_phy_4lanes /\ddr_byte_lane_D.ddr_byte_lane_D  | of_pre_fifo_gen.u_ddr_of_pre_fifo/mem_reg                                 | Implied   | 16 x 80              | RAM32M x 14  | 
|\ddr_phy_4lanes_2.u_ddr_phy_4lanes /\ddr_byte_lane_A.ddr_byte_lane_A  | dq_gen_40.if_post_fifo_gen.u_ddr_if_post_fifo/mem_reg                     | Implied   | 4 x 80               | RAM32M x 14  | 
|\ddr_phy_4lanes_2.u_ddr_phy_4lanes /\ddr_byte_lane_A.ddr_byte_lane_A  | of_pre_fifo_gen.u_ddr_of_pre_fifo/mem_reg                                 | Implied   | 16 x 80              | RAM32M x 14  | 
|\ddr_phy_4lanes_2.u_ddr_phy_4lanes /\ddr_byte_lane_B.ddr_byte_lane_B  | dq_gen_40.if_post_fifo_gen.u_ddr_if_post_fifo/mem_reg                     | Implied   | 4 x 80               | RAM32M x 14  | 
|\ddr_phy_4lanes_2.u_ddr_phy_4lanes /\ddr_byte_lane_B.ddr_byte_lane_B  | of_pre_fifo_gen.u_ddr_of_pre_fifo/mem_reg                                 | Implied   | 16 x 80              | RAM32M x 14  | 
|\ddr_phy_4lanes_2.u_ddr_phy_4lanes /\ddr_byte_lane_C.ddr_byte_lane_C  | dq_gen_40.if_post_fifo_gen.u_ddr_if_post_fifo/mem_reg                     | Implied   | 4 x 80               | RAM32M x 14  | 
|\ddr_phy_4lanes_2.u_ddr_phy_4lanes /\ddr_byte_lane_C.ddr_byte_lane_C  | of_pre_fifo_gen.u_ddr_of_pre_fifo/mem_reg                                 | Implied   | 16 x 80              | RAM32M x 14  | 
|\ddr_phy_4lanes_2.u_ddr_phy_4lanes /\ddr_byte_lane_D.ddr_byte_lane_D  | dq_gen_40.if_post_fifo_gen.u_ddr_if_post_fifo/mem_reg                     | Implied   | 4 x 80               | RAM32M x 14  | 
|\ddr_phy_4lanes_2.u_ddr_phy_4lanes /\ddr_byte_lane_D.ddr_byte_lane_D  | of_pre_fifo_gen.u_ddr_of_pre_fifo/mem_reg                                 | Implied   | 16 x 80              | RAM32M x 14  | 
|vc707_mig                                                             | ddr_byte_lane_C.ddr_byte_lane_C/of_pre_fifo_gen.u_ddr_of_pre_fifo/mem_reg | Implied   | 16 x 80              | RAM32M x 14  | 
|vc707_mig                                                             | ddr_byte_lane_D.ddr_byte_lane_D/of_pre_fifo_gen.u_ddr_of_pre_fifo/mem_reg | Implied   | 16 x 80              | RAM32M x 14  | 
+----------------------------------------------------------------------+---------------------------------------------------------------------------+-----------+----------------------+--------------+

---------------------------------------------------------------------------------
Finished ROM, RAM, DSP, Shift Register and Retiming Reporting
---------------------------------------------------------------------------------
---------------------------------------------------------------------------------
Start Technology Mapping
---------------------------------------------------------------------------------
INFO: [Synth 8-7067] Removed DRAM instance u_vc707_mig_migi_1/u_vc707_mig_mig/u_memc_ui_top_axi/mem_intfc0/ddr_phy_top0/u_ddr_mc_phy_wrapper/u_ddr_mc_phy/ddr_phy_4lanes_2.u_ddr_phy_4lanes/ddr_byte_lane_D.ddr_byte_lane_D/of_pre_fifo_gen.u_ddr_of_pre_fifo/mem_reg_0_15_0_5 from module vc707_mig_GT0_tempName due to constant propagation
INFO: [Synth 8-7067] Removed DRAM instance u_vc707_mig_migi_1/u_vc707_mig_mig/u_memc_ui_top_axi/mem_intfc0/ddr_phy_top0/u_ddr_mc_phy_wrapper/u_ddr_mc_phy/ddr_phy_4lanes_2.u_ddr_phy_4lanes/ddr_byte_lane_C.ddr_byte_lane_C/of_pre_fifo_gen.u_ddr_of_pre_fifo/mem_reg_0_15_0_5 from module vc707_mig_GT0_tempName due to constant propagation
INFO: [Synth 8-7067] Removed DRAM instance u_vc707_mig_migi_1/u_vc707_mig_mig/u_memc_ui_top_axi/mem_intfc0/ddr_phy_top0/u_ddr_mc_phy_wrapper/u_ddr_mc_phy/ddr_phy_4lanes_2.u_ddr_phy_4lanes/ddr_byte_lane_B.ddr_byte_lane_B/of_pre_fifo_gen.u_ddr_of_pre_fifo/mem_reg_0_15_48_53 from module vc707_mig_GT0_tempName due to constant propagation
INFO: [Synth 8-7067] Removed DRAM instance u_vc707_mig_migi_1/u_vc707_mig_mig/u_memc_ui_top_axi/mem_intfc0/ddr_phy_top0/u_ddr_mc_phy_wrapper/u_ddr_mc_phy/ddr_phy_4lanes_2.u_ddr_phy_4lanes/ddr_byte_lane_A.ddr_byte_lane_A/of_pre_fifo_gen.u_ddr_of_pre_fifo/mem_reg_0_15_66_71 from module vc707_mig_GT0_tempName due to constant propagation
INFO: [Synth 8-7067] Removed DRAM instance u_vc707_mig_migi_1/u_vc707_mig_mig/u_memc_ui_top_axi/mem_intfc0/ddr_phy_top0/u_ddr_mc_phy_wrapper/u_ddr_mc_phy/ddr_phy_4lanes_0.u_ddr_phy_4lanes/ddr_byte_lane_D.ddr_byte_lane_D/of_pre_fifo_gen.u_ddr_of_pre_fifo/mem_reg_0_15_0_5 from module vc707_mig_GT0_tempName due to constant propagation
INFO: [Synth 8-7067] Removed DRAM instance u_vc707_mig_migi_1/u_vc707_mig_mig/u_memc_ui_top_axi/mem_intfc0/ddr_phy_top0/u_ddr_mc_phy_wrapper/u_ddr_mc_phy/ddr_phy_4lanes_0.u_ddr_phy_4lanes/ddr_byte_lane_C.ddr_byte_lane_C/of_pre_fifo_gen.u_ddr_of_pre_fifo/mem_reg_0_15_78_79 from module vc707_mig_GT0_tempName due to constant propagation
INFO: [Synth 8-7067] Removed DRAM instance u_vc707_mig_migi_1/u_vc707_mig_mig/u_memc_ui_top_axi/mem_intfc0/ddr_phy_top0/u_ddr_mc_phy_wrapper/u_ddr_mc_phy/ddr_phy_4lanes_0.u_ddr_phy_4lanes/ddr_byte_lane_B.ddr_byte_lane_B/of_pre_fifo_gen.u_ddr_of_pre_fifo/mem_reg_0_15_78_79 from module vc707_mig_GT0_tempName due to constant propagation
INFO: [Synth 8-7067] Removed DRAM instance u_vc707_mig_migi_1/u_vc707_mig_mig/u_memc_ui_top_axi/mem_intfc0/ddr_phy_top0/u_ddr_mc_phy_wrapper/u_ddr_mc_phy/ddr_phy_4lanes_0.u_ddr_phy_4lanes/ddr_byte_lane_A.ddr_byte_lane_A/of_pre_fifo_gen.u_ddr_of_pre_fifo/mem_reg_0_15_66_71 from module vc707_mig_GT0_tempName due to constant propagation
INFO: [Synth 8-7067] Removed DRAM instance u_vc707_mig_migi_1/u_vc707_mig_mig/u_memc_ui_top_axi/mem_intfc0/ddr_phy_top0/u_ddr_mc_phy_wrapper/u_ddr_mc_phy/ddr_phy_4lanes_2.u_ddr_phy_4lanes/ddr_byte_lane_D.ddr_byte_lane_D/of_pre_fifo_gen.u_ddr_of_pre_fifo/mem_reg_0_15_0_5 from module vc707_mig_GT0_tempName due to constant propagation
---------------------------------------------------------------------------------
Finished Technology Mapping : Time (s): cpu = 00:08:52 ; elapsed = 00:10:27 . Memory (MB): peak = 2307.859 ; gain = 1278.844
---------------------------------------------------------------------------------
---------------------------------------------------------------------------------
Start IO Insertion
---------------------------------------------------------------------------------
---------------------------------------------------------------------------------
Start Flattening Before IO Insertion
---------------------------------------------------------------------------------
---------------------------------------------------------------------------------
Finished Flattening Before IO Insertion
---------------------------------------------------------------------------------
---------------------------------------------------------------------------------
Start Final Netlist Cleanup
---------------------------------------------------------------------------------
---------------------------------------------------------------------------------
Finished Final Netlist Cleanup
---------------------------------------------------------------------------------
---------------------------------------------------------------------------------
Finished IO Insertion : Time (s): cpu = 00:09:10 ; elapsed = 00:10:48 . Memory (MB): peak = 2402.469 ; gain = 1373.453
---------------------------------------------------------------------------------
---------------------------------------------------------------------------------
Start Renaming Generated Instances
---------------------------------------------------------------------------------
---------------------------------------------------------------------------------
Finished Renaming Generated Instances : Time (s): cpu = 00:09:11 ; elapsed = 00:10:48 . Memory (MB): peak = 2402.469 ; gain = 1373.453
---------------------------------------------------------------------------------
---------------------------------------------------------------------------------
Start Rebuilding User Hierarchy
---------------------------------------------------------------------------------
---------------------------------------------------------------------------------
Finished Rebuilding User Hierarchy : Time (s): cpu = 00:09:23 ; elapsed = 00:11:01 . Memory (MB): peak = 2438.402 ; gain = 1409.387
---------------------------------------------------------------------------------
---------------------------------------------------------------------------------
Start Renaming Generated Ports
---------------------------------------------------------------------------------
---------------------------------------------------------------------------------
Finished Renaming Generated Ports : Time (s): cpu = 00:09:23 ; elapsed = 00:11:02 . Memory (MB): peak = 2438.402 ; gain = 1409.387
---------------------------------------------------------------------------------
---------------------------------------------------------------------------------
Start Handling Custom Attributes
---------------------------------------------------------------------------------
---------------------------------------------------------------------------------
Finished Handling Custom Attributes : Time (s): cpu = 00:09:26 ; elapsed = 00:11:05 . Memory (MB): peak = 2438.402 ; gain = 1409.387
---------------------------------------------------------------------------------
---------------------------------------------------------------------------------
Start Renaming Generated Nets
---------------------------------------------------------------------------------
---------------------------------------------------------------------------------
Finished Renaming Generated Nets : Time (s): cpu = 00:09:26 ; elapsed = 00:11:05 . Memory (MB): peak = 2438.402 ; gain = 1409.387
---------------------------------------------------------------------------------
---------------------------------------------------------------------------------
Start ROM, RAM, DSP, Shift Register and Retiming Reporting
---------------------------------------------------------------------------------

Static Shift Register Report:
+------------+--------------------------------------------------------------------------------------------------------------------------------------------------------------------------------------------+--------+-------+--------------+--------------------+-------------------+--------+---------+
|Module Name | RTL Name                                                                                                                                                                                   | Length | Width | Reset Signal | Pull out first Reg | Pull out last Reg | SRL16E | SRLC32E | 
+------------+--------------------------------------------------------------------------------------------------------------------------------------------------------------------------------------------+--------+-------+--------------+--------------------+-------------------+--------+---------+
|vc707_mig   | u_vc707_mig_mig/u_memc_ui_top_axi/mem_intfc0/ddr_phy_top0/u_ddr_calib_top/dqsfind_calib_right.u_ddr_phy_dqs_found_cal/init_dqsfound_done_r5_reg                                            | 3      | 1     | NO           | NO                 | YES               | 1      | 0       | 
|vc707_mig   | u_vc707_mig_mig/u_memc_ui_top_axi/mem_intfc0/ddr_phy_top0/u_ddr_calib_top/mb_wrlvl_inst.u_ddr_phy_ck_addr_cmd_delay/delay_done_r4_reg                                                      | 4      | 1     | NO           | NO                 | YES               | 1      | 0       | 
|vc707_mig   | u_vc707_mig_mig/u_memc_ui_top_axi/mem_intfc0/ddr_phy_top0/u_ddr_calib_top/mb_wrlvl_inst.u_ddr_phy_wrlvl/phy_ctl_ready_r5_reg                                                               | 5      | 1     | NO           | NO                 | YES               | 1      | 0       | 
|vc707_mig   | u_vc707_mig_mig/u_memc_ui_top_axi/mem_intfc0/ddr_phy_top0/u_ddr_calib_top/u_ddr_phy_wrcal/gen_pat_match_div4.gen_pat_match[0].pat_match_rise2_r_reg[0]                                     | 3      | 4     | NO           | NO                 | YES               | 4      | 0       | 
|vc707_mig   | u_vc707_mig_mig/u_memc_ui_top_axi/mem_intfc0/ddr_phy_top0/u_ddr_calib_top/u_ddr_phy_wrcal/wrcal_pat_resume_reg                                                                             | 3      | 1     | NO           | NO                 | YES               | 1      | 0       | 
|vc707_mig   | u_vc707_mig_mig/u_memc_ui_top_axi/mem_intfc0/ddr_phy_top0/u_ddr_calib_top/reset_if_r9_reg                                                                                                  | 9      | 1     | NO           | NO                 | YES               | 1      | 0       | 
|vc707_mig   | u_vc707_mig_mig/u_memc_ui_top_axi/mem_intfc0/ddr_phy_top0/u_ddr_calib_top/u_ddr_phy_init/oclkdelay_start_dly_r_reg[5]                                                                      | 6      | 1     | NO           | NO                 | YES               | 1      | 0       | 
|vc707_mig   | u_vc707_mig_mig/u_memc_ui_top_axi/mem_intfc0/ddr_phy_top0/u_ddr_calib_top/u_ddr_phy_init/wrlvl_rank_done_r7_reg                                                                            | 6      | 1     | NO           | NO                 | YES               | 1      | 0       | 
|vc707_mig   | u_vc707_mig_mig/u_memc_ui_top_axi/mem_intfc0/ddr_phy_top0/u_ddr_calib_top/u_ddr_phy_init/prech_done_reg                                                                                    | 17     | 1     | NO           | NO                 | YES               | 1      | 0       | 
|vc707_mig   | u_vc707_mig_mig/u_memc_ui_top_axi/mem_intfc0/ddr_phy_top0/u_ddr_calib_top/u_ddr_phy_init/wrcal_start_dly_r_reg[5]                                                                          | 6      | 1     | NO           | NO                 | YES               | 1      | 0       | 
|vc707_mig   | u_vc707_mig_mig/u_memc_ui_top_axi/mem_intfc0/ddr_phy_top0/u_ddr_calib_top/u_ddr_phy_init/rdlvl_start_dly0_r_reg[14]                                                                        | 15     | 1     | NO           | NO                 | YES               | 1      | 0       | 
|vc707_mig   | u_vc707_mig_mig/u_memc_ui_top_axi/mem_intfc0/ddr_phy_top0/u_ddr_mc_phy_wrapper/u_ddr_mc_phy/ddr_phy_4lanes_0.u_ddr_phy_4lanes/rclk_delay_reg[11]                                           | 12     | 1     | NO           | NO                 | YES               | 1      | 0       | 
|vc707_mig   | u_vc707_mig_mig/u_memc_ui_top_axi/mem_intfc0/ddr_phy_top0/u_ddr_mc_phy_wrapper/u_ddr_mc_phy/ddr_phy_4lanes_0.u_ddr_phy_4lanes/ddr_byte_lane_A.ddr_byte_lane_A/ddr_byte_group_io/rst_r4_reg | 4      | 1     | NO           | NO                 | YES               | 1      | 0       | 
|vc707_mig   | u_vc707_mig_mig/u_memc_ui_top_axi/mem_intfc0/ddr_phy_top0/u_ddr_mc_phy_wrapper/u_ddr_mc_phy/ddr_phy_4lanes_2.u_ddr_phy_4lanes/rclk_delay_reg[11]                                           | 12     | 1     | NO           | NO                 | YES               | 1      | 0       | 
|vc707_mig   | u_vc707_mig_mig/u_memc_ui_top_axi/mem_intfc0/ddr_phy_top0/u_ddr_mc_phy_wrapper/u_ddr_mc_phy/ddr_phy_4lanes_2.u_ddr_phy_4lanes/ddr_byte_lane_A.ddr_byte_lane_A/ddr_byte_group_io/rst_r4_reg | 4      | 1     | NO           | NO                 | YES               | 1      | 0       | 
|vc707_mig   | u_vc707_mig_mig/u_memc_ui_top_axi/mem_intfc0/ddr_phy_top0/u_ddr_calib_top/oclk_calib.u_ddr_phy_oclkdelay_cal/u_poc/u_poc_meta/run_too_small_r3_reg                                         | 3      | 1     | NO           | NO                 | YES               | 1      | 0       | 
|vc707_mig   | u_vc707_mig_mig/u_memc_ui_top_axi/mem_intfc0/ddr_phy_top0/u_ddr_calib_top/oclk_calib.u_ddr_phy_oclkdelay_cal/u_poc/u_poc_meta/run_end_r3_reg                                               | 4      | 1     | NO           | NO                 | YES               | 1      | 0       | 
|vc707_mig   | u_vc707_mig_mig/u_memc_ui_top_axi/mem_intfc0/ddr_phy_top0/u_ddr_mc_phy_wrapper/u_ddr_mc_phy/ddr_phy_4lanes_1.u_ddr_phy_4lanes/rclk_delay_reg[11]                                           | 12     | 1     | NO           | NO                 | YES               | 1      | 0       | 
+------------+--------------------------------------------------------------------------------------------------------------------------------------------------------------------------------------------+--------+-------+--------------+--------------------+-------------------+--------+---------+


Dynamic Shift Register Report:
+------------+----------------+--------+------------+--------+---------+--------+--------+--------+
|Module Name | RTL Name       | Length | Data Width | SRL16E | SRLC32E | Mux F7 | Mux F8 | Mux F9 | 
+------------+----------------+--------+------------+--------+---------+--------+--------+--------+
|dsrl        | memory_reg[7]  | 6      | 6          | 6      | 0       | 0      | 0      | 0      | 
|dsrl__1     | memory_reg[31] | 513    | 513        | 0      | 513     | 0      | 0      | 0      | 
|dsrl__2     | memory_reg[29] | 9      | 9          | 0      | 9       | 0      | 0      | 0      | 
+------------+----------------+--------+------------+--------+---------+--------+--------+--------+

---------------------------------------------------------------------------------
Finished ROM, RAM, DSP, Shift Register and Retiming Reporting
---------------------------------------------------------------------------------
---------------------------------------------------------------------------------
Start Writing Synthesis Report
---------------------------------------------------------------------------------

Report BlackBoxes: 
+-+--------------+----------+
| |BlackBox name |Instances |
+-+--------------+----------+
+-+--------------+----------+

Report Cell Usage: 
+------+-----------------------+------+
|      |Cell                   |Count |
+------+-----------------------+------+
|1     |AND2B1L                |    14|
|2     |BUFG                   |    10|
|3     |BUFH                   |     1|
|4     |BUFIO                  |     3|
|5     |CARRY4                 |   300|
|6     |IDDR                   |     8|
|7     |IDELAYCTRL             |     2|
|8     |IDELAYE2_FINEDELAY     |    64|
|9     |IN_FIFO                |     8|
|10    |ISERDESE2              |    64|
|11    |LUT1                   |   551|
|12    |LUT2                   |  1074|
|13    |LUT3                   |  4200|
|14    |LUT4                   |  2101|
|15    |LUT5                   |  2924|
|16    |LUT6                   |  4846|
|18    |MMCME2_ADV             |     2|
|19    |MUXCY                  |   161|
|20    |MUXF7                  |   298|
|21    |MUXF8                  |     8|
|22    |ODDR                   |    17|
|23    |OR2L                   |     2|
|24    |OSERDESE2              |   103|
|27    |OUT_FIFO               |    11|
|29    |PHASER_IN_PHY          |     8|
|30    |PHASER_OUT_PHY         |    11|
|32    |PHASER_REF             |     3|
|33    |PHY_CONTROL            |     3|
|34    |PLLE2_ADV              |     1|
|35    |RAM32M                 |   389|
|36    |RAM32X1D               |    14|
|37    |SRL16E                 |    27|
|38    |SRLC32E                |   603|
|39    |XADC                   |     1|
|40    |XORCY                  |    66|
|41    |FDCE                   |     4|
|42    |FDPE                   |   100|
|43    |FDRE                   | 11772|
|44    |FDSE                   |   355|
|45    |IBUFGDS                |     1|
|46    |IOBUFDS_DIFF_OUT_DCIEN |     8|
|47    |IOBUF_DCIEN            |    64|
|48    |OBUF                   |    24|
|49    |OBUFDS                 |     1|
|50    |OBUFT                  |     8|
+------+-----------------------+------+
---------------------------------------------------------------------------------
Finished Writing Synthesis Report : Time (s): cpu = 00:09:26 ; elapsed = 00:11:06 . Memory (MB): peak = 2438.402 ; gain = 1409.387
---------------------------------------------------------------------------------
Synthesis finished with 0 errors, 0 critical warnings and 221 warnings.
Synthesis Optimization Runtime : Time (s): cpu = 00:07:49 ; elapsed = 00:10:24 . Memory (MB): peak = 2438.441 ; gain = 1267.484
Synthesis Optimization Complete : Time (s): cpu = 00:09:27 ; elapsed = 00:11:07 . Memory (MB): peak = 2438.441 ; gain = 1409.426
INFO: [Project 1-571] Translating synthesized netlist
Netlist sorting complete. Time (s): cpu = 00:00:02 ; elapsed = 00:00:02 . Memory (MB): peak = 2468.418 ; gain = 0.000
INFO: [Netlist 29-17] Analyzing 1431 Unisim elements for replacement
INFO: [Netlist 29-28] Unisim Transformation completed in 1 CPU seconds
INFO: [Project 1-570] Preparing netlist for logic optimization
INFO: [Opt 31-138] Pushed 8 inverter(s) to 64 load pin(s).
Netlist sorting complete. Time (s): cpu = 00:00:00 ; elapsed = 00:00:00.034 . Memory (MB): peak = 2552.648 ; gain = 0.000
INFO: [Project 1-111] Unisim Transformation Summary:
  A total of 552 instances were transformed.
  (MUXCY,XORCY) => CARRY4: 47 instances
  IBUFGDS => IBUFDS: 1 instance 
  IOBUFDS_DIFF_OUT_DCIEN => IOBUFDS_DIFF_OUT_DCIEN (IBUFDS_IBUFDISABLE_INT(x2), INV, OBUFTDS_DCIEN(x2)): 8 instances
  IOBUF_DCIEN => IOBUF_DCIEN (IBUF_IBUFDISABLE, OBUFT_DCIEN): 64 instances
  LUT6_2 => LUT6_2 (LUT5, LUT6): 28 instances
  OBUFDS => OBUFDS_DUAL_BUF (INV, OBUFDS(x2)): 1 instance 
  RAM32M => RAM32M (RAMD32(x6), RAMS32(x2)): 389 instances
  RAM32X1D => RAM32X1D (RAMD32(x2)): 14 instances

Synth Design complete | Checksum: e07fc89c
INFO: [Common 17-83] Releasing license: Synthesis
495 Infos, 361 Warnings, 0 Critical Warnings and 0 Errors encountered.
synth_design completed successfully
synth_design: Time (s): cpu = 00:10:08 ; elapsed = 00:11:57 . Memory (MB): peak = 2552.648 ; gain = 2008.582
INFO: [Coretcl 2-1174] Renamed 237 cell refs.
Write ShapeDB Complete: Time (s): cpu = 00:00:01 ; elapsed = 00:00:00.215 . Memory (MB): peak = 2552.648 ; gain = 0.000
INFO: [Common 17-1381] The checkpoint 'D:/DMA_MMU_work/build/vivado/vc707_ddr3/DMA_IOMMU_PicoRV32_VC707_DDR3.runs/vc707_mig_synth_1/vc707_mig.dcp' has been generated.
write_checkpoint: Time (s): cpu = 00:00:07 ; elapsed = 00:00:07 . Memory (MB): peak = 2552.648 ; gain = 0.000
INFO: [Vivado 12-24828] Executing command : report_utilization -file vc707_mig_utilization_synth.rpt -pb vc707_mig_utilization_synth.pb
write_vhdl: Time (s): cpu = 00:00:11 ; elapsed = 00:00:13 . Memory (MB): peak = 2552.648 ; gain = 0.000
INFO: [Common 17-206] Exiting Vivado at Mon Aug 17 19:43:51 2026...
