#-----------------------------------------------------------
# Vivado v2025.1 (64-bit)
# SW Build 6140274 on Thu May 22 00:12:29 MDT 2025
# IP Build 6138677 on Thu May 22 03:10:11 MDT 2025
# SharedData Build 6139179 on Tue May 20 17:58:58 MDT 2025
# Start of session at: Mon Aug 17 19:27:56 2026
# Process ID         : 5036
# Current directory  : D:/_codex_vivado
# Command line       : vivado.exe -mode batch -nojournal -notrace -log D:\_codex_vivado\vc707_ddr3_fresh_full.log -source D:\DMA_MMU_work\scripts\run_vc707_ddr3_implementation.tcl
# Log file           : D:/_codex_vivado/vc707_ddr3_fresh_full.log
# Journal file       : 
# Running On         : LAPTOP-7VHB4FBR
# Platform           : Windows Server 2016 or Windows 10
# Operating System   : 26200
# Processor Detail   : 13th Gen Intel(R) Core(TM) i7-13700H
# CPU Frequency      : 2918 MHz
# CPU Physical cores : 14
# CPU Logical cores  : 20
# Host memory        : 16786 MB
# Swap memory        : 4059 MB
# Total Virtual      : 20845 MB
# Available Virtual  : 4281 MB
#-----------------------------------------------------------
source {D:\DMA_MMU_work\scripts\run_vc707_ddr3_implementation.tcl} -notrace
create_project: Time (s): cpu = 00:00:24 ; elapsed = 00:00:16 . Memory (MB): peak = 509.105 ; gain = 213.105
Using optional VC707 board definition: xilinx.com:vc707:part0:1.4
INFO: [IP_Flow 19-234] Refreshing IP repositories
INFO: [IP_Flow 19-1704] No user IP repositories specified
INFO: [IP_Flow 19-2313] Loaded Vivado IP repository 'D:/2025.1/Vivado/data/ip'.
INFO: [IP_Flow 19-3484] Absolute path of file 'd:/DMA_MMU-main(1)/ip/vc707_mig_7series/mig.prj' provided. It will be converted relative to IP Instance files '../../../../../../../../DMA_MMU-main(1)/ip/vc707_mig_7series/mig.prj'
INFO: [Device 21-403] Loading part xc7vx485tffg1761-2
INFO: [IP_Flow 19-1686] Generating 'Instantiation Template' target for IP 'vc707_mig'...
INFO: [IP_Flow 19-1686] Generating 'Synthesis' target for IP 'vc707_mig'...
INFO: [IP_Flow 19-1686] Generating 'Simulation' target for IP 'vc707_mig'...
INFO: [IP_Flow 19-1686] Generating 'Implementation' target for IP 'vc707_mig'...
INFO: [IP_Flow 19-1686] Generating 'Change Log' target for IP 'vc707_mig'...
generate_target: Time (s): cpu = 00:01:18 ; elapsed = 00:01:34 . Memory (MB): peak = 1392.777 ; gain = 283.750
Generated MIG IP vc707_mig from D:/DMA_MMU-main(1)/ip/vc707_mig_7series/mig.prj
INFO: [IP_Flow 19-1686] Generating 'Instantiation Template' target for IP 'soc_ddr_clock_converter'...
INFO: [IP_Flow 19-1686] Generating 'Synthesis' target for IP 'soc_ddr_clock_converter'...
WARNING: [IP_Flow 19-4994] Overwriting existing constraint file 'd:/DMA_MMU_work/build/vivado/vc707_ddr3/DMA_IOMMU_PicoRV32_VC707_DDR3.gen/sources_1/ip/soc_ddr_clock_converter/soc_ddr_clock_converter_ooc.xdc'
INFO: [IP_Flow 19-1686] Generating 'Simulation' target for IP 'soc_ddr_clock_converter'...
INFO: [IP_Flow 19-1686] Generating 'Implementation' target for IP 'soc_ddr_clock_converter'...
INFO: [IP_Flow 19-1686] Generating 'Change Log' target for IP 'soc_ddr_clock_converter'...
Generated AXI clock converter soc_ddr_clock_converter (150 -> 200 MHz)
INFO: [IP_Flow 19-1686] Generating 'Instantiation Template' target for IP 'soc_ddr_axi_converter'...
INFO: [IP_Flow 19-1686] Generating 'Synthesis' target for IP 'soc_ddr_axi_converter'...
WARNING: [IP_Flow 19-4994] Overwriting existing constraint file 'd:/DMA_MMU_work/build/vivado/vc707_ddr3/DMA_IOMMU_PicoRV32_VC707_DDR3.gen/sources_1/ip/soc_ddr_axi_converter/soc_ddr_axi_converter_ooc.xdc'
INFO: [IP_Flow 19-1686] Generating 'Simulation' target for IP 'soc_ddr_axi_converter'...
INFO: [IP_Flow 19-1686] Generating 'Implementation' target for IP 'soc_ddr_axi_converter'...
INFO: [IP_Flow 19-1686] Generating 'Change Log' target for IP 'soc_ddr_axi_converter'...
Generated AXI width converter soc_ddr_axi_converter (32 -> 512 at 200 MHz)
Created VC707 project: D:/DMA_MMU_work/build/vivado/vc707_ddr3/DMA_IOMMU_PicoRV32_VC707_DDR3.xpr
Device: xc7vx485tffg1761-2
Hardware top: dma_mmu_picorv32_vc707_ddr3_top
AXI BRAM address width: 32 bits (4294967296 bytes)
Functional simulation top: tb_dma_iommu_picorv32_unified
VC707 clock: 200 MHz differential input -> MMCM -> 150 MHz SoC clock
WARNING: [Vivado 12-7122] Auto Incremental Compile:: No reference checkpoint was found in run synth_1. Auto-incremental flow will not be run, the standard flow will be run instead.
[Mon Aug 17 19:30:49 2026] Launched vc707_mig_synth_1, soc_ddr_clock_converter_synth_1, soc_ddr_axi_converter_synth_1...
Run output will be captured here:
vc707_mig_synth_1: D:/DMA_MMU_work/build/vivado/vc707_ddr3/DMA_IOMMU_PicoRV32_VC707_DDR3.runs/vc707_mig_synth_1/runme.log
soc_ddr_clock_converter_synth_1: D:/DMA_MMU_work/build/vivado/vc707_ddr3/DMA_IOMMU_PicoRV32_VC707_DDR3.runs/soc_ddr_clock_converter_synth_1/runme.log
soc_ddr_axi_converter_synth_1: D:/DMA_MMU_work/build/vivado/vc707_ddr3/DMA_IOMMU_PicoRV32_VC707_DDR3.runs/soc_ddr_axi_converter_synth_1/runme.log
[Mon Aug 17 19:30:49 2026] Launched synth_1...
Run output will be captured here: D:/DMA_MMU_work/build/vivado/vc707_ddr3/DMA_IOMMU_PicoRV32_VC707_DDR3.runs/synth_1/runme.log
[Mon Aug 17 19:30:49 2026] Waiting for synth_1 to finish...

*** Running vivado
    with args -log dma_mmu_picorv32_vc707_ddr3_top.vds -m64 -product Vivado -mode batch -messageDb vivado.pb -notrace -source dma_mmu_picorv32_vc707_ddr3_top.tcl



****** Vivado v2025.1 (64-bit)
  **** SW Build 6140274 on Thu May 22 00:12:29 MDT 2025
  **** IP Build 6138677 on Thu May 22 03:10:11 MDT 2025
  **** SharedData Build 6139179 on Tue May 20 17:58:58 MDT 2025
  **** Start of session at: Mon Aug 17 19:43:59 2026
    ** Copyright 1986-2022 Xilinx, Inc. All Rights Reserved.
    ** Copyright 2022-2025 Advanced Micro Devices, Inc. All Rights Reserved.

source dma_mmu_picorv32_vc707_ddr3_top.tcl -notrace
create_project: Time (s): cpu = 00:00:26 ; elapsed = 00:00:17 . Memory (MB): peak = 509.242 ; gain = 214.016
Command: synth_design -top dma_mmu_picorv32_vc707_ddr3_top -part xc7vx485tffg1761-2 -directive PerformanceOptimized -fsm_extraction one_hot -keep_equivalent_registers -resource_sharing off -no_lc -shreg_min_size 5
Starting synth_design
Attempting to get a license for feature 'Synthesis' and/or device 'xc7vx485t'
INFO: [Common 17-349] Got license for feature 'Synthesis' and/or device 'xc7vx485t'
INFO: [Device 21-403] Loading part xc7vx485tffg1761-2
INFO: [Synth 8-7079] Multithreading enabled for synth_design using a maximum of 2 processes.
INFO: [Synth 8-7078] Launching helper process for spawning children vivado processes
INFO: [Synth 8-7075] Helper process launched with PID 2544
---------------------------------------------------------------------------------
Starting RTL Elaboration : Time (s): cpu = 00:00:12 ; elapsed = 00:00:14 . Memory (MB): peak = 1523.449 ; gain = 492.086
---------------------------------------------------------------------------------
WARNING: [Synth 8-11065] parameter 'AXI_WORD_WIDTH' becomes localparam in 'axi_cdma' with formal parameter declaration list [D:/DMA_MMU_work/src/DMA/axi_cdma.v:123]
WARNING: [Synth 8-11065] parameter 'AXI_WORD_SIZE' becomes localparam in 'axi_cdma' with formal parameter declaration list [D:/DMA_MMU_work/src/DMA/axi_cdma.v:124]
WARNING: [Synth 8-11065] parameter 'AXI_BURST_SIZE' becomes localparam in 'axi_cdma' with formal parameter declaration list [D:/DMA_MMU_work/src/DMA/axi_cdma.v:125]
WARNING: [Synth 8-11065] parameter 'AXI_MAX_BURST_SIZE' becomes localparam in 'axi_cdma' with formal parameter declaration list [D:/DMA_MMU_work/src/DMA/axi_cdma.v:126]
WARNING: [Synth 8-11065] parameter 'OFFSET_WIDTH' becomes localparam in 'axi_cdma' with formal parameter declaration list [D:/DMA_MMU_work/src/DMA/axi_cdma.v:128]
WARNING: [Synth 8-11065] parameter 'OFFSET_MASK' becomes localparam in 'axi_cdma' with formal parameter declaration list [D:/DMA_MMU_work/src/DMA/axi_cdma.v:129]
WARNING: [Synth 8-11065] parameter 'ADDR_MASK' becomes localparam in 'axi_cdma' with formal parameter declaration list [D:/DMA_MMU_work/src/DMA/axi_cdma.v:130]
WARNING: [Synth 8-11065] parameter 'CYCLE_COUNT_WIDTH' becomes localparam in 'axi_cdma' with formal parameter declaration list [D:/DMA_MMU_work/src/DMA/axi_cdma.v:131]
WARNING: [Synth 8-11065] parameter 'STATUS_FIFO_ADDR_WIDTH' becomes localparam in 'axi_cdma' with formal parameter declaration list [D:/DMA_MMU_work/src/DMA/axi_cdma.v:133]
WARNING: [Synth 8-11065] parameter 'OUTPUT_FIFO_ADDR_WIDTH' becomes localparam in 'axi_cdma' with formal parameter declaration list [D:/DMA_MMU_work/src/DMA/axi_cdma.v:134]
WARNING: [Synth 8-11065] parameter 'CL_S_COUNT' becomes localparam in 'axi_crossbar_addr' with formal parameter declaration list [D:/DMA_MMU_work/src/AXI/axi_crossbar_addr.v:112]
WARNING: [Synth 8-11065] parameter 'CL_M_COUNT' becomes localparam in 'axi_crossbar_addr' with formal parameter declaration list [D:/DMA_MMU_work/src/AXI/axi_crossbar_addr.v:113]
WARNING: [Synth 8-11065] parameter 'S_INT_THREADS' becomes localparam in 'axi_crossbar_addr' with formal parameter declaration list [D:/DMA_MMU_work/src/AXI/axi_crossbar_addr.v:115]
WARNING: [Synth 8-11065] parameter 'CL_S_INT_THREADS' becomes localparam in 'axi_crossbar_addr' with formal parameter declaration list [D:/DMA_MMU_work/src/AXI/axi_crossbar_addr.v:116]
WARNING: [Synth 8-11065] parameter 'CL_S_ACCEPT' becomes localparam in 'axi_crossbar_addr' with formal parameter declaration list [D:/DMA_MMU_work/src/AXI/axi_crossbar_addr.v:117]
WARNING: [Synth 8-11065] parameter 'M_BASE_ADDR_INT' becomes localparam in 'axi_crossbar_addr' with formal parameter declaration list [D:/DMA_MMU_work/src/AXI/axi_crossbar_addr.v:144]
WARNING: [Synth 8-11065] parameter 'CL_S_COUNT' becomes localparam in 'axi_crossbar_rd' with formal parameter declaration list [D:/DMA_MMU_work/src/AXI/axi_crossbar_rd.v:148]
WARNING: [Synth 8-11065] parameter 'CL_M_COUNT' becomes localparam in 'axi_crossbar_rd' with formal parameter declaration list [D:/DMA_MMU_work/src/AXI/axi_crossbar_rd.v:149]
WARNING: [Synth 8-11065] parameter 'M_COUNT_P1' becomes localparam in 'axi_crossbar_rd' with formal parameter declaration list [D:/DMA_MMU_work/src/AXI/axi_crossbar_rd.v:150]
WARNING: [Synth 8-11065] parameter 'CL_M_COUNT_P1' becomes localparam in 'axi_crossbar_rd' with formal parameter declaration list [D:/DMA_MMU_work/src/AXI/axi_crossbar_rd.v:151]
WARNING: [Synth 8-11065] parameter 'CL_S_COUNT' becomes localparam in 'axi_crossbar_wr' with formal parameter declaration list [D:/DMA_MMU_work/src/AXI/axi_crossbar_wr.v:166]
WARNING: [Synth 8-11065] parameter 'CL_M_COUNT' becomes localparam in 'axi_crossbar_wr' with formal parameter declaration list [D:/DMA_MMU_work/src/AXI/axi_crossbar_wr.v:167]
WARNING: [Synth 8-11065] parameter 'M_COUNT_P1' becomes localparam in 'axi_crossbar_wr' with formal parameter declaration list [D:/DMA_MMU_work/src/AXI/axi_crossbar_wr.v:168]
WARNING: [Synth 8-11065] parameter 'CL_M_COUNT_P1' becomes localparam in 'axi_crossbar_wr' with formal parameter declaration list [D:/DMA_MMU_work/src/AXI/axi_crossbar_wr.v:169]
WARNING: [Synth 8-11065] parameter 'AXI_WORD_WIDTH' becomes localparam in 'axi_dma_rd' with formal parameter declaration list [D:/DMA_MMU_work/src/DMA/axi_dma_rd.v:140]
WARNING: [Synth 8-11065] parameter 'AXI_WORD_SIZE' becomes localparam in 'axi_dma_rd' with formal parameter declaration list [D:/DMA_MMU_work/src/DMA/axi_dma_rd.v:141]
WARNING: [Synth 8-11065] parameter 'AXI_BURST_SIZE' becomes localparam in 'axi_dma_rd' with formal parameter declaration list [D:/DMA_MMU_work/src/DMA/axi_dma_rd.v:142]
WARNING: [Synth 8-11065] parameter 'AXI_MAX_BURST_SIZE' becomes localparam in 'axi_dma_rd' with formal parameter declaration list [D:/DMA_MMU_work/src/DMA/axi_dma_rd.v:143]
WARNING: [Synth 8-11065] parameter 'AXIS_KEEP_WIDTH_INT' becomes localparam in 'axi_dma_rd' with formal parameter declaration list [D:/DMA_MMU_work/src/DMA/axi_dma_rd.v:145]
WARNING: [Synth 8-11065] parameter 'AXIS_WORD_WIDTH' becomes localparam in 'axi_dma_rd' with formal parameter declaration list [D:/DMA_MMU_work/src/DMA/axi_dma_rd.v:146]
WARNING: [Synth 8-11065] parameter 'AXIS_WORD_SIZE' becomes localparam in 'axi_dma_rd' with formal parameter declaration list [D:/DMA_MMU_work/src/DMA/axi_dma_rd.v:147]
WARNING: [Synth 8-11065] parameter 'OFFSET_WIDTH' becomes localparam in 'axi_dma_rd' with formal parameter declaration list [D:/DMA_MMU_work/src/DMA/axi_dma_rd.v:149]
WARNING: [Synth 8-11065] parameter 'OFFSET_MASK' becomes localparam in 'axi_dma_rd' with formal parameter declaration list [D:/DMA_MMU_work/src/DMA/axi_dma_rd.v:150]
WARNING: [Synth 8-11065] parameter 'ADDR_MASK' becomes localparam in 'axi_dma_rd' with formal parameter declaration list [D:/DMA_MMU_work/src/DMA/axi_dma_rd.v:151]
WARNING: [Synth 8-11065] parameter 'CYCLE_COUNT_WIDTH' becomes localparam in 'axi_dma_rd' with formal parameter declaration list [D:/DMA_MMU_work/src/DMA/axi_dma_rd.v:152]
WARNING: [Synth 8-11065] parameter 'OUTPUT_FIFO_ADDR_WIDTH' becomes localparam in 'axi_dma_rd' with formal parameter declaration list [D:/DMA_MMU_work/src/DMA/axi_dma_rd.v:154]
WARNING: [Synth 8-11065] parameter 'AXI_WORD_WIDTH' becomes localparam in 'axi_dma_wr' with formal parameter declaration list [D:/DMA_MMU_work/src/DMA/axi_dma_wr.v:142]
WARNING: [Synth 8-11065] parameter 'AXI_WORD_SIZE' becomes localparam in 'axi_dma_wr' with formal parameter declaration list [D:/DMA_MMU_work/src/DMA/axi_dma_wr.v:143]
WARNING: [Synth 8-11065] parameter 'AXI_BURST_SIZE' becomes localparam in 'axi_dma_wr' with formal parameter declaration list [D:/DMA_MMU_work/src/DMA/axi_dma_wr.v:144]
WARNING: [Synth 8-11065] parameter 'AXI_MAX_BURST_SIZE' becomes localparam in 'axi_dma_wr' with formal parameter declaration list [D:/DMA_MMU_work/src/DMA/axi_dma_wr.v:145]
WARNING: [Synth 8-11065] parameter 'AXIS_KEEP_WIDTH_INT' becomes localparam in 'axi_dma_wr' with formal parameter declaration list [D:/DMA_MMU_work/src/DMA/axi_dma_wr.v:147]
WARNING: [Synth 8-11065] parameter 'AXIS_WORD_WIDTH' becomes localparam in 'axi_dma_wr' with formal parameter declaration list [D:/DMA_MMU_work/src/DMA/axi_dma_wr.v:148]
WARNING: [Synth 8-11065] parameter 'AXIS_WORD_SIZE' becomes localparam in 'axi_dma_wr' with formal parameter declaration list [D:/DMA_MMU_work/src/DMA/axi_dma_wr.v:149]
WARNING: [Synth 8-11065] parameter 'OFFSET_WIDTH' becomes localparam in 'axi_dma_wr' with formal parameter declaration list [D:/DMA_MMU_work/src/DMA/axi_dma_wr.v:151]
WARNING: [Synth 8-11065] parameter 'OFFSET_MASK' becomes localparam in 'axi_dma_wr' with formal parameter declaration list [D:/DMA_MMU_work/src/DMA/axi_dma_wr.v:152]
WARNING: [Synth 8-11065] parameter 'ADDR_MASK' becomes localparam in 'axi_dma_wr' with formal parameter declaration list [D:/DMA_MMU_work/src/DMA/axi_dma_wr.v:153]
WARNING: [Synth 8-11065] parameter 'CYCLE_COUNT_WIDTH' becomes localparam in 'axi_dma_wr' with formal parameter declaration list [D:/DMA_MMU_work/src/DMA/axi_dma_wr.v:154]
WARNING: [Synth 8-11065] parameter 'STATUS_FIFO_ADDR_WIDTH' becomes localparam in 'axi_dma_wr' with formal parameter declaration list [D:/DMA_MMU_work/src/DMA/axi_dma_wr.v:156]
WARNING: [Synth 8-11065] parameter 'OUTPUT_FIFO_ADDR_WIDTH' becomes localparam in 'axi_dma_wr' with formal parameter declaration list [D:/DMA_MMU_work/src/DMA/axi_dma_wr.v:157]
WARNING: [Synth 8-11065] parameter 'VALID_ADDR_WIDTH' becomes localparam in 'axi_ram' with formal parameter declaration list [D:/DMA_MMU_work/src/AXI/axi_ram.v:90]
WARNING: [Synth 8-11065] parameter 'WORD_WIDTH' becomes localparam in 'axi_ram' with formal parameter declaration list [D:/DMA_MMU_work/src/AXI/axi_ram.v:91]
WARNING: [Synth 8-11065] parameter 'WORD_SIZE' becomes localparam in 'axi_ram' with formal parameter declaration list [D:/DMA_MMU_work/src/AXI/axi_ram.v:92]
WARNING: [Synth 8-11065] parameter 'LEVELS' becomes localparam in 'priority_encoder' with formal parameter declaration list [D:/DMA_MMU_work/src/AXI/priority_encoder.v:47]
WARNING: [Synth 8-11065] parameter 'W' becomes localparam in 'priority_encoder' with formal parameter declaration list [D:/DMA_MMU_work/src/AXI/priority_encoder.v:48]
INFO: [Synth 8-6157] synthesizing module 'dma_mmu_picorv32_vc707_ddr3_top' [D:/DMA_MMU_work/src/SoC/dma_mmu_picorv32_vc707_ddr3_top.sv:11]
	Parameter MEM_INIT_FILE bound to: D:/DMA_MMU_work/firmware/prebuilt/vc707_ddr3/soc_ddr3_test.hex - type: string 
INFO: [Synth 8-6157] synthesizing module 'MMCME2_BASE' [D:/2025.1/Vivado/scripts/rt/data/unisim_comp.v:89541]
	Parameter BANDWIDTH bound to: OPTIMIZED - type: string 
	Parameter CLKFBOUT_MULT_F bound to: 3.000000 - type: double 
	Parameter CLKIN1_PERIOD bound to: 5.000000 - type: double 
	Parameter CLKOUT0_DIVIDE_F bound to: 4.000000 - type: double 
	Parameter DIVCLK_DIVIDE bound to: 1 - type: integer 
	Parameter STARTUP_WAIT bound to: FALSE - type: string 
INFO: [Synth 8-6155] done synthesizing module 'MMCME2_BASE' (0#1) [D:/2025.1/Vivado/scripts/rt/data/unisim_comp.v:89541]
INFO: [Synth 8-6157] synthesizing module 'BUFG' [D:/2025.1/Vivado/scripts/rt/data/unisim_comp.v:2678]
INFO: [Synth 8-6155] done synthesizing module 'BUFG' (0#1) [D:/2025.1/Vivado/scripts/rt/data/unisim_comp.v:2678]
INFO: [Synth 8-6157] synthesizing module 'dma_mmu_picorv32_soc' [D:/DMA_MMU_work/src/SoC/dma_mmu_picorv32_soc.sv:12]
	Parameter AXI_ADDR_WIDTH bound to: 32'sb00000000000000000000000000100000 
	Parameter BRAM_ADDR_WIDTH bound to: 32'sb00000000000000000000000000010000 
	Parameter UART_DEFAULT_DIV bound to: 32'sb00000000000000000000010100010100 
	Parameter MEM_INIT_FILE bound to: D:/DMA_MMU_work/firmware/prebuilt/vc707_ddr3/soc_ddr3_test.hex - type: string 
	Parameter ENABLE_DDR3 bound to: 1'b1 
	Parameter USE_EXTERNAL_DDR_AXI bound to: 1'b1 
	Parameter DDR_BASE_ADDR bound to: -2147483648 - type: integer 
	Parameter DDR_SIZE_BYTES bound to: 1073741824 - type: integer 
INFO: [Synth 8-6157] synthesizing module 'axi_bram_ddr3_subsystem' [D:/DMA_MMU_work/src/Memory/axi_bram_ddr3_subsystem.sv:5]
	Parameter AXI_ADDR_WIDTH bound to: 32'sb00000000000000000000000000100000 
	Parameter AXI_DATA_WIDTH bound to: 32'sb00000000000000000000000000100000 
	Parameter AXI_ID_WIDTH bound to: 32'sb00000000000000000000000000000110 
	Parameter BRAM_ADDR_WIDTH bound to: 32'sb00000000000000000000000000010000 
	Parameter BOOT_INIT_FILE bound to: D:/DMA_MMU_work/firmware/prebuilt/vc707_ddr3/soc_ddr3_test.hex - type: string 
	Parameter USE_EXTERNAL_DDR_AXI bound to: 1'b1 
	Parameter DDR_BASE_ADDR bound to: -2147483648 - type: integer 
	Parameter DDR_SIZE_BYTES bound to: 1073741824 - type: integer 
INFO: [Synth 8-6157] synthesizing module 'axi_crossbar' [D:/DMA_MMU_work/src/AXI/axi_crossbar.v:34]
	Parameter S_COUNT bound to: 1 - type: integer 
	Parameter M_COUNT bound to: 2 - type: integer 
	Parameter DATA_WIDTH bound to: 32 - type: integer 
	Parameter ADDR_WIDTH bound to: 32 - type: integer 
	Parameter STRB_WIDTH bound to: 4 - type: integer 
	Parameter S_ID_WIDTH bound to: 6 - type: integer 
	Parameter M_ID_WIDTH bound to: 6 - type: integer 
	Parameter S_THREADS bound to: 2 - type: integer 
	Parameter S_ACCEPT bound to: 4 - type: integer 
	Parameter M_REGIONS bound to: 1 - type: integer 
	Parameter M_BASE_ADDR bound to: 64'b1000000000000000000000000000000000000000000000000000000000000000 
	Parameter M_ADDR_WIDTH bound to: 64'b0000000000000000000000000001111000000000000000000000000000010000 
	Parameter M_CONNECT_READ bound to: 2'b11 
	Parameter M_CONNECT_WRITE bound to: 2'b11 
	Parameter M_ISSUE bound to: 64'b0000000000000000000000000000010000000000000000000000000000000100 
INFO: [Synth 8-6157] synthesizing module 'axi_crossbar_wr' [D:/DMA_MMU_work/src/AXI/axi_crossbar_wr.v:34]
	Parameter S_COUNT bound to: 1 - type: integer 
	Parameter M_COUNT bound to: 2 - type: integer 
	Parameter DATA_WIDTH bound to: 32 - type: integer 
	Parameter ADDR_WIDTH bound to: 32 - type: integer 
	Parameter STRB_WIDTH bound to: 4 - type: integer 
	Parameter S_ID_WIDTH bound to: 6 - type: integer 
	Parameter M_ID_WIDTH bound to: 6 - type: integer 
	Parameter AWUSER_ENABLE bound to: 0 - type: integer 
	Parameter AWUSER_WIDTH bound to: 1 - type: integer 
	Parameter WUSER_ENABLE bound to: 0 - type: integer 
	Parameter WUSER_WIDTH bound to: 1 - type: integer 
	Parameter BUSER_ENABLE bound to: 0 - type: integer 
	Parameter BUSER_WIDTH bound to: 1 - type: integer 
	Parameter S_THREADS bound to: 2 - type: integer 
	Parameter S_ACCEPT bound to: 4 - type: integer 
	Parameter M_REGIONS bound to: 1 - type: integer 
	Parameter M_BASE_ADDR bound to: 64'b1000000000000000000000000000000000000000000000000000000000000000 
	Parameter M_ADDR_WIDTH bound to: 64'b0000000000000000000000000001111000000000000000000000000000010000 
	Parameter M_CONNECT bound to: 2'b11 
	Parameter M_ISSUE bound to: 64'b0000000000000000000000000000010000000000000000000000000000000100 
	Parameter M_SECURE bound to: 2'b00 
	Parameter S_AW_REG_TYPE bound to: 2'b00 
	Parameter S_W_REG_TYPE bound to: 2'b00 
	Parameter S_B_REG_TYPE bound to: 2'b01 
INFO: [Synth 8-6157] synthesizing module 'axi_crossbar_addr' [D:/DMA_MMU_work/src/AXI/axi_crossbar_addr.v:34]
	Parameter S bound to: 0 - type: integer 
	Parameter S_COUNT bound to: 1 - type: integer 
	Parameter M_COUNT bound to: 2 - type: integer 
	Parameter ADDR_WIDTH bound to: 32 - type: integer 
	Parameter ID_WIDTH bound to: 6 - type: integer 
	Parameter S_THREADS bound to: 2 - type: integer 
	Parameter S_ACCEPT bound to: 4 - type: integer 
	Parameter M_REGIONS bound to: 1 - type: integer 
	Parameter M_BASE_ADDR bound to: 64'b1000000000000000000000000000000000000000000000000000000000000000 
	Parameter M_ADDR_WIDTH bound to: 64'b0000000000000000000000000001111000000000000000000000000000010000 
	Parameter M_CONNECT bound to: 2'b11 
	Parameter M_SECURE bound to: 2'b00 
	Parameter WC_OUTPUT bound to: 1 - type: integer 
INFO: [Synth 8-251] Addressing configuration for axi_crossbar_addr instance  [D:/DMA_MMU_work/src/AXI/axi_crossbar_addr.v:176]
INFO: [Synth 8-251] 0 (0): 0 / 16 -- 0-ffff [D:/DMA_MMU_work/src/AXI/axi_crossbar_addr.v:179]
INFO: [Synth 8-251] 1 (0): 80000000 / 30 -- 80000000-bfffffff [D:/DMA_MMU_work/src/AXI/axi_crossbar_addr.v:179]
INFO: [Synth 8-155] case statement is not full and has no default [D:/DMA_MMU_work/src/AXI/axi_crossbar_addr.v:331]
INFO: [Synth 8-6155] done synthesizing module 'axi_crossbar_addr' (0#1) [D:/DMA_MMU_work/src/AXI/axi_crossbar_addr.v:34]
INFO: [Synth 8-6157] synthesizing module 'arbiter' [D:/DMA_MMU_work/src/AXI/arbiter.v:34]
	Parameter PORTS bound to: 3 - type: integer 
	Parameter ARB_TYPE_ROUND_ROBIN bound to: 1 - type: integer 
	Parameter ARB_BLOCK bound to: 1 - type: integer 
	Parameter ARB_BLOCK_ACK bound to: 1 - type: integer 
	Parameter ARB_LSB_HIGH_PRIORITY bound to: 1 - type: integer 
INFO: [Synth 8-6157] synthesizing module 'priority_encoder' [D:/DMA_MMU_work/src/AXI/priority_encoder.v:34]
	Parameter WIDTH bound to: 3 - type: integer 
	Parameter LSB_HIGH_PRIORITY bound to: 1 - type: integer 
INFO: [Synth 8-6155] done synthesizing module 'priority_encoder' (0#1) [D:/DMA_MMU_work/src/AXI/priority_encoder.v:34]
INFO: [Synth 8-6155] done synthesizing module 'arbiter' (0#1) [D:/DMA_MMU_work/src/AXI/arbiter.v:34]
INFO: [Synth 8-6157] synthesizing module 'axi_register_wr' [D:/DMA_MMU_work/src/AXI/axi_register_wr.v:34]
	Parameter DATA_WIDTH bound to: 32 - type: integer 
	Parameter ADDR_WIDTH bound to: 32 - type: integer 
	Parameter STRB_WIDTH bound to: 4 - type: integer 
	Parameter ID_WIDTH bound to: 6 - type: integer 
	Parameter AWUSER_ENABLE bound to: 0 - type: integer 
	Parameter AWUSER_WIDTH bound to: 1 - type: integer 
	Parameter WUSER_ENABLE bound to: 0 - type: integer 
	Parameter WUSER_WIDTH bound to: 1 - type: integer 
	Parameter BUSER_ENABLE bound to: 0 - type: integer 
	Parameter BUSER_WIDTH bound to: 1 - type: integer 
	Parameter AW_REG_TYPE bound to: 2'b00 
	Parameter W_REG_TYPE bound to: 2'b00 
	Parameter B_REG_TYPE bound to: 2'b01 
INFO: [Synth 8-6155] done synthesizing module 'axi_register_wr' (0#1) [D:/DMA_MMU_work/src/AXI/axi_register_wr.v:34]
INFO: [Synth 8-6157] synthesizing module 'arbiter__parameterized0' [D:/DMA_MMU_work/src/AXI/arbiter.v:34]
	Parameter PORTS bound to: 1 - type: integer 
	Parameter ARB_TYPE_ROUND_ROBIN bound to: 1 - type: integer 
	Parameter ARB_BLOCK bound to: 1 - type: integer 
	Parameter ARB_BLOCK_ACK bound to: 1 - type: integer 
	Parameter ARB_LSB_HIGH_PRIORITY bound to: 1 - type: integer 
INFO: [Synth 8-6157] synthesizing module 'priority_encoder__parameterized0' [D:/DMA_MMU_work/src/AXI/priority_encoder.v:34]
	Parameter WIDTH bound to: 1 - type: integer 
	Parameter LSB_HIGH_PRIORITY bound to: 1 - type: integer 
INFO: [Synth 8-6155] done synthesizing module 'priority_encoder__parameterized0' (0#1) [D:/DMA_MMU_work/src/AXI/priority_encoder.v:34]
INFO: [Synth 8-6155] done synthesizing module 'arbiter__parameterized0' (0#1) [D:/DMA_MMU_work/src/AXI/arbiter.v:34]
INFO: [Synth 8-6157] synthesizing module 'axi_register_wr__parameterized0' [D:/DMA_MMU_work/src/AXI/axi_register_wr.v:34]
	Parameter DATA_WIDTH bound to: 32 - type: integer 
	Parameter ADDR_WIDTH bound to: 32 - type: integer 
	Parameter STRB_WIDTH bound to: 4 - type: integer 
	Parameter ID_WIDTH bound to: 6 - type: integer 
	Parameter AWUSER_ENABLE bound to: 0 - type: integer 
	Parameter AWUSER_WIDTH bound to: 1 - type: integer 
	Parameter WUSER_ENABLE bound to: 0 - type: integer 
	Parameter WUSER_WIDTH bound to: 1 - type: integer 
	Parameter BUSER_ENABLE bound to: 0 - type: integer 
	Parameter BUSER_WIDTH bound to: 1 - type: integer 
	Parameter AW_REG_TYPE bound to: 2'b01 
	Parameter W_REG_TYPE bound to: 2'b10 
	Parameter B_REG_TYPE bound to: 2'b00 
INFO: [Synth 8-6155] done synthesizing module 'axi_register_wr__parameterized0' (0#1) [D:/DMA_MMU_work/src/AXI/axi_register_wr.v:34]
INFO: [Synth 8-6155] done synthesizing module 'axi_crossbar_wr' (0#1) [D:/DMA_MMU_work/src/AXI/axi_crossbar_wr.v:34]
INFO: [Synth 8-6157] synthesizing module 'axi_crossbar_rd' [D:/DMA_MMU_work/src/AXI/axi_crossbar_rd.v:34]
	Parameter S_COUNT bound to: 1 - type: integer 
	Parameter M_COUNT bound to: 2 - type: integer 
	Parameter DATA_WIDTH bound to: 32 - type: integer 
	Parameter ADDR_WIDTH bound to: 32 - type: integer 
	Parameter STRB_WIDTH bound to: 4 - type: integer 
	Parameter S_ID_WIDTH bound to: 6 - type: integer 
	Parameter M_ID_WIDTH bound to: 6 - type: integer 
	Parameter ARUSER_ENABLE bound to: 0 - type: integer 
	Parameter ARUSER_WIDTH bound to: 1 - type: integer 
	Parameter RUSER_ENABLE bound to: 0 - type: integer 
	Parameter RUSER_WIDTH bound to: 1 - type: integer 
	Parameter S_THREADS bound to: 2 - type: integer 
	Parameter S_ACCEPT bound to: 4 - type: integer 
	Parameter M_REGIONS bound to: 1 - type: integer 
	Parameter M_BASE_ADDR bound to: 64'b1000000000000000000000000000000000000000000000000000000000000000 
	Parameter M_ADDR_WIDTH bound to: 64'b0000000000000000000000000001111000000000000000000000000000010000 
	Parameter M_CONNECT bound to: 2'b11 
	Parameter M_ISSUE bound to: 64'b0000000000000000000000000000010000000000000000000000000000000100 
	Parameter M_SECURE bound to: 2'b00 
	Parameter S_AR_REG_TYPE bound to: 2'b00 
	Parameter S_R_REG_TYPE bound to: 2'b10 
INFO: [Synth 8-6157] synthesizing module 'axi_crossbar_addr__parameterized0' [D:/DMA_MMU_work/src/AXI/axi_crossbar_addr.v:34]
	Parameter S bound to: 0 - type: integer 
	Parameter S_COUNT bound to: 1 - type: integer 
	Parameter M_COUNT bound to: 2 - type: integer 
	Parameter ADDR_WIDTH bound to: 32 - type: integer 
	Parameter ID_WIDTH bound to: 6 - type: integer 
	Parameter S_THREADS bound to: 2 - type: integer 
	Parameter S_ACCEPT bound to: 4 - type: integer 
	Parameter M_REGIONS bound to: 1 - type: integer 
	Parameter M_BASE_ADDR bound to: 64'b1000000000000000000000000000000000000000000000000000000000000000 
	Parameter M_ADDR_WIDTH bound to: 64'b0000000000000000000000000001111000000000000000000000000000010000 
	Parameter M_CONNECT bound to: 2'b11 
	Parameter M_SECURE bound to: 2'b00 
	Parameter WC_OUTPUT bound to: 0 - type: integer 
INFO: [Synth 8-251] Addressing configuration for axi_crossbar_addr instance  [D:/DMA_MMU_work/src/AXI/axi_crossbar_addr.v:176]
INFO: [Synth 8-251] 0 (0): 0 / 16 -- 0-ffff [D:/DMA_MMU_work/src/AXI/axi_crossbar_addr.v:179]
INFO: [Synth 8-251] 1 (0): 80000000 / 30 -- 80000000-bfffffff [D:/DMA_MMU_work/src/AXI/axi_crossbar_addr.v:179]
INFO: [Synth 8-155] case statement is not full and has no default [D:/DMA_MMU_work/src/AXI/axi_crossbar_addr.v:331]
INFO: [Synth 8-6155] done synthesizing module 'axi_crossbar_addr__parameterized0' (0#1) [D:/DMA_MMU_work/src/AXI/axi_crossbar_addr.v:34]
INFO: [Synth 8-6157] synthesizing module 'axi_register_rd' [D:/DMA_MMU_work/src/AXI/axi_register_rd.v:34]
	Parameter DATA_WIDTH bound to: 32 - type: integer 
	Parameter ADDR_WIDTH bound to: 32 - type: integer 
	Parameter STRB_WIDTH bound to: 4 - type: integer 
	Parameter ID_WIDTH bound to: 6 - type: integer 
	Parameter ARUSER_ENABLE bound to: 0 - type: integer 
	Parameter ARUSER_WIDTH bound to: 1 - type: integer 
	Parameter RUSER_ENABLE bound to: 0 - type: integer 
	Parameter RUSER_WIDTH bound to: 1 - type: integer 
	Parameter AR_REG_TYPE bound to: 2'b00 
	Parameter R_REG_TYPE bound to: 2'b10 
INFO: [Synth 8-6155] done synthesizing module 'axi_register_rd' (0#1) [D:/DMA_MMU_work/src/AXI/axi_register_rd.v:34]
INFO: [Synth 8-6157] synthesizing module 'axi_register_rd__parameterized0' [D:/DMA_MMU_work/src/AXI/axi_register_rd.v:34]
	Parameter DATA_WIDTH bound to: 32 - type: integer 
	Parameter ADDR_WIDTH bound to: 32 - type: integer 
	Parameter STRB_WIDTH bound to: 4 - type: integer 
	Parameter ID_WIDTH bound to: 6 - type: integer 
	Parameter ARUSER_ENABLE bound to: 0 - type: integer 
	Parameter ARUSER_WIDTH bound to: 1 - type: integer 
	Parameter RUSER_ENABLE bound to: 0 - type: integer 
	Parameter RUSER_WIDTH bound to: 1 - type: integer 
	Parameter AR_REG_TYPE bound to: 2'b01 
	Parameter R_REG_TYPE bound to: 2'b00 
INFO: [Synth 8-6155] done synthesizing module 'axi_register_rd__parameterized0' (0#1) [D:/DMA_MMU_work/src/AXI/axi_register_rd.v:34]
INFO: [Synth 8-6155] done synthesizing module 'axi_crossbar_rd' (0#1) [D:/DMA_MMU_work/src/AXI/axi_crossbar_rd.v:34]
INFO: [Synth 8-6155] done synthesizing module 'axi_crossbar' (0#1) [D:/DMA_MMU_work/src/AXI/axi_crossbar.v:34]
INFO: [Synth 8-6157] synthesizing module 'axi_ram' [D:/DMA_MMU_work/src/AXI/axi_ram.v:34]
	Parameter DATA_WIDTH bound to: 32 - type: integer 
	Parameter ADDR_WIDTH bound to: 16 - type: integer 
	Parameter STRB_WIDTH bound to: 4 - type: integer 
	Parameter ID_WIDTH bound to: 6 - type: integer 
	Parameter PIPELINE_OUTPUT bound to: 1 - type: integer 
	Parameter INIT_FILE bound to: D:/DMA_MMU_work/firmware/prebuilt/vc707_ddr3/soc_ddr3_test.hex - type: string 
INFO: [Synth 8-3876] $readmem data file 'D:/DMA_MMU_work/firmware/prebuilt/vc707_ddr3/soc_ddr3_test.hex' is read successfully [D:/DMA_MMU_work/src/AXI/axi_ram.v:179]
INFO: [Synth 8-155] case statement is not full and has no default [D:/DMA_MMU_work/src/AXI/axi_ram.v:198]
INFO: [Synth 8-6155] done synthesizing module 'axi_ram' (0#1) [D:/DMA_MMU_work/src/AXI/axi_ram.v:34]
INFO: [Synth 8-6155] done synthesizing module 'axi_bram_ddr3_subsystem' (0#1) [D:/DMA_MMU_work/src/Memory/axi_bram_ddr3_subsystem.sv:5]
INFO: [Synth 8-6157] synthesizing module 'picorv32_axi' [D:/DMA_MMU_work/src/PicoRV32/picorv32.v:2522]
	Parameter ENABLE_COUNTERS bound to: 1'b1 
	Parameter ENABLE_COUNTERS64 bound to: 1'b0 
	Parameter ENABLE_REGS_16_31 bound to: 1'b1 
	Parameter ENABLE_REGS_DUALPORT bound to: 1'b1 
	Parameter BARREL_SHIFTER bound to: 1'b1 
	Parameter TWO_CYCLE_COMPARE bound to: 1'b1 
	Parameter TWO_CYCLE_ALU bound to: 1'b1 
	Parameter COMPRESSED_ISA bound to: 1'b0 
	Parameter ENABLE_MUL bound to: 1'b1 
	Parameter ENABLE_IRQ bound to: 1'b1 
	Parameter ENABLE_IRQ_TIMER bound to: 1'b0 
	Parameter REGS_INIT_ZERO bound to: 1'b1 
	Parameter PROGADDR_RESET bound to: 0 - type: integer 
	Parameter PROGADDR_IRQ bound to: 16 - type: integer 
	Parameter STACKADDR bound to: 65532 - type: integer 
INFO: [Synth 8-6157] synthesizing module 'picorv32_axi_adapter' [D:/DMA_MMU_work/src/PicoRV32/picorv32.v:2736]
INFO: [Synth 8-6155] done synthesizing module 'picorv32_axi_adapter' (0#1) [D:/DMA_MMU_work/src/PicoRV32/picorv32.v:2736]
INFO: [Synth 8-6157] synthesizing module 'picorv32' [D:/DMA_MMU_work/src/PicoRV32/picorv32.v:62]
	Parameter ENABLE_COUNTERS bound to: 1'b1 
	Parameter ENABLE_COUNTERS64 bound to: 1'b0 
	Parameter ENABLE_REGS_16_31 bound to: 1'b1 
	Parameter ENABLE_REGS_DUALPORT bound to: 1'b1 
	Parameter TWO_STAGE_SHIFT bound to: 1'b1 
	Parameter BARREL_SHIFTER bound to: 1'b1 
	Parameter TWO_CYCLE_COMPARE bound to: 1'b1 
	Parameter TWO_CYCLE_ALU bound to: 1'b1 
	Parameter COMPRESSED_ISA bound to: 1'b0 
	Parameter CATCH_MISALIGN bound to: 1'b1 
	Parameter CATCH_ILLINSN bound to: 1'b1 
	Parameter ENABLE_PCPI bound to: 1'b0 
	Parameter ENABLE_MUL bound to: 1'b1 
	Parameter ENABLE_FAST_MUL bound to: 1'b0 
	Parameter ENABLE_DIV bound to: 1'b0 
	Parameter ENABLE_IRQ bound to: 1'b1 
	Parameter ENABLE_IRQ_QREGS bound to: 1'b1 
	Parameter ENABLE_IRQ_TIMER bound to: 1'b0 
	Parameter ENABLE_TRACE bound to: 1'b0 
	Parameter REGS_INIT_ZERO bound to: 1'b1 
	Parameter MASKED_IRQ bound to: 0 - type: integer 
	Parameter LATCHED_IRQ bound to: -1 - type: integer 
	Parameter PROGADDR_RESET bound to: 0 - type: integer 
	Parameter PROGADDR_IRQ bound to: 16 - type: integer 
	Parameter STACKADDR bound to: 65532 - type: integer 
INFO: [Synth 8-6157] synthesizing module 'picorv32_pcpi_mul' [D:/DMA_MMU_work/src/PicoRV32/picorv32.v:2202]
INFO: [Synth 8-155] case statement is not full and has no default [D:/DMA_MMU_work/src/PicoRV32/picorv32.v:2233]
INFO: [Synth 8-6155] done synthesizing module 'picorv32_pcpi_mul' (0#1) [D:/DMA_MMU_work/src/PicoRV32/picorv32.v:2202]
WARNING: [Synth 8-151] case item 1'b0 is unreachable [D:/DMA_MMU_work/src/PicoRV32/picorv32.v:331]
INFO: [Synth 8-155] case statement is not full and has no default [D:/DMA_MMU_work/src/PicoRV32/picorv32.v:331]
INFO: [Synth 8-155] case statement is not full and has no default [D:/DMA_MMU_work/src/PicoRV32/picorv32.v:1314]
INFO: [Synth 8-155] case statement is not full and has no default [D:/DMA_MMU_work/src/PicoRV32/picorv32.v:1497]
WARNING: [Synth 8-151] case item 1'b0 is unreachable [D:/DMA_MMU_work/src/PicoRV32/picorv32.v:1583]
WARNING: [Synth 8-151] case item 1'b0 is unreachable [D:/DMA_MMU_work/src/PicoRV32/picorv32.v:1627]
INFO: [Synth 8-6155] done synthesizing module 'picorv32' (0#1) [D:/DMA_MMU_work/src/PicoRV32/picorv32.v:62]
WARNING: [Synth 8-7071] port 'mem_la_read' of module 'picorv32' is unconnected for instance 'picorv32_core' [D:/DMA_MMU_work/src/PicoRV32/picorv32.v:2679]
WARNING: [Synth 8-7071] port 'mem_la_write' of module 'picorv32' is unconnected for instance 'picorv32_core' [D:/DMA_MMU_work/src/PicoRV32/picorv32.v:2679]
WARNING: [Synth 8-7071] port 'mem_la_addr' of module 'picorv32' is unconnected for instance 'picorv32_core' [D:/DMA_MMU_work/src/PicoRV32/picorv32.v:2679]
WARNING: [Synth 8-7071] port 'mem_la_wdata' of module 'picorv32' is unconnected for instance 'picorv32_core' [D:/DMA_MMU_work/src/PicoRV32/picorv32.v:2679]
WARNING: [Synth 8-7071] port 'mem_la_wstrb' of module 'picorv32' is unconnected for instance 'picorv32_core' [D:/DMA_MMU_work/src/PicoRV32/picorv32.v:2679]
WARNING: [Synth 8-7023] instance 'picorv32_core' of module 'picorv32' has 27 connections declared, but only 22 given [D:/DMA_MMU_work/src/PicoRV32/picorv32.v:2679]
INFO: [Synth 8-6155] done synthesizing module 'picorv32_axi' (0#1) [D:/DMA_MMU_work/src/PicoRV32/picorv32.v:2522]
INFO: [Synth 8-6157] synthesizing module 'picorv32_cpu_mmu' [D:/DMA_MMU_work/src/PicoRV32/picorv32_cpu_mmu.sv:20]
INFO: [Synth 8-6157] synthesizing module 'pseudoLRU' [D:/DMA_MMU_work/src/IOMMU/pseudoLRU.sv:23]
	Parameter ENTRIES bound to: 32'b00000000000000000000000000000100 
INFO: [Synth 8-6155] done synthesizing module 'pseudoLRU' (0#1) [D:/DMA_MMU_work/src/IOMMU/pseudoLRU.sv:23]
INFO: [Synth 8-6155] done synthesizing module 'picorv32_cpu_mmu' (0#1) [D:/DMA_MMU_work/src/PicoRV32/picorv32_cpu_mmu.sv:20]
INFO: [Synth 8-6157] synthesizing module 'picorv32_axil_router' [D:/DMA_MMU_work/src/PicoRV32/picorv32_axil_router.sv:14]
	Parameter RAM_ADDR_WIDTH bound to: 32'sb00000000000000000000000000100000 
	Parameter BRAM_ADDR_WIDTH bound to: 32'sb00000000000000000000000000010000 
	Parameter PERIPH_ADDR_WIDTH bound to: 32'sb00000000000000000000000000001000 
	Parameter DDR_ENABLE bound to: 1'b1 
	Parameter DDR_BASE_ADDR bound to: -2147483648 - type: integer 
	Parameter DDR_SIZE_BYTES bound to: 1073741824 - type: integer 
INFO: [Synth 8-6155] done synthesizing module 'picorv32_axil_router' (0#1) [D:/DMA_MMU_work/src/PicoRV32/picorv32_axil_router.sv:14]
INFO: [Synth 8-6157] synthesizing module 'dma_mmu_axi_top' [D:/DMA_MMU_work/src/SoC/dma_mmu_axi_top.sv:12]
	Parameter AXI_ADDR_WIDTH bound to: 32'sb00000000000000000000000000100000 
	Parameter AXI_DATA_WIDTH bound to: 32'sb00000000000000000000000000100000 
	Parameter AXI_ID_WIDTH bound to: 32'sb00000000000000000000000000000100 
	Parameter AXIL_ADDR_WIDTH bound to: 32'sb00000000000000000000000000001000 
	Parameter LEN_WIDTH bound to: 32'sb00000000000000000000000000100000 
	Parameter PAGE_SHIFT bound to: 32'sb00000000000000000000000000001100 
	Parameter PT_ENTRIES bound to: 32'sb00000000000000000000000000010000 
	Parameter TLB_ENTRIES bound to: 32'sb00000000000000000000000000000100 
	Parameter AXI_MAX_BURST_LEN bound to: 32'sb00000000000000000000000000010000 
INFO: [Synth 8-6157] synthesizing module 'dma_axil_regs' [D:/DMA_MMU_work/src/DMA/dma_axil_regs.sv:4]
	Parameter AXIL_ADDR_WIDTH bound to: 32'sb00000000000000000000000000001000 
	Parameter DMA_ADDR_WIDTH bound to: 32'sb00000000000000000000000000100000 
	Parameter LEN_WIDTH bound to: 32'sb00000000000000000000000000100000 
	Parameter PAGE_SHIFT bound to: 32'sb00000000000000000000000000001100 
	Parameter PT_ENTRIES bound to: 32'sb00000000000000000000000000010000 
WARNING: [Synth 8-693] zero replication count - replication ignored [D:/DMA_MMU_work/src/DMA/dma_axil_regs.sv:467]
WARNING: [Synth 8-693] zero replication count - replication ignored [D:/DMA_MMU_work/src/DMA/dma_axil_regs.sv:485]
WARNING: [Synth 8-693] zero replication count - replication ignored [D:/DMA_MMU_work/src/DMA/dma_axil_regs.sv:488]
WARNING: [Synth 8-693] zero replication count - replication ignored [D:/DMA_MMU_work/src/DMA/dma_axil_regs.sv:491]
INFO: [Synth 8-6155] done synthesizing module 'dma_axil_regs' (0#1) [D:/DMA_MMU_work/src/DMA/dma_axil_regs.sv:4]
INFO: [Synth 8-6157] synthesizing module 'dma_descriptor_fifo' [D:/DMA_MMU_work/src/DMA/dma_descriptor_fifo.sv:6]
	Parameter ADDR_WIDTH bound to: 32'sb00000000000000000000000000100000 
	Parameter LEN_WIDTH bound to: 32'sb00000000000000000000000000100000 
	Parameter DEPTH bound to: 32'sb00000000000000000000000000001000 
	Parameter ID_WIDTH bound to: 32'sb00000000000000000000000000001000 
INFO: [Synth 8-6155] done synthesizing module 'dma_descriptor_fifo' (0#1) [D:/DMA_MMU_work/src/DMA/dma_descriptor_fifo.sv:6]
INFO: [Synth 8-6157] synthesizing module 'dma_completion_fifo' [D:/DMA_MMU_work/src/DMA/dma_completion_fifo.sv:5]
	Parameter LEN_WIDTH bound to: 32'sb00000000000000000000000000100000 
	Parameter DEPTH bound to: 32'sb00000000000000000000000000001000 
	Parameter ID_WIDTH bound to: 32'sb00000000000000000000000000001000 
INFO: [Synth 8-6155] done synthesizing module 'dma_completion_fifo' (0#1) [D:/DMA_MMU_work/src/DMA/dma_completion_fifo.sv:5]
INFO: [Synth 8-6157] synthesizing module 'dma_access_controller' [D:/DMA_MMU_work/src/DMA/dma_access_controller.sv:11]
	Parameter ADDR_WIDTH bound to: 32'sb00000000000000000000000000100000 
	Parameter LEN_WIDTH bound to: 32'sb00000000000000000000000000100000 
INFO: [Synth 8-6155] done synthesizing module 'dma_access_controller' (0#1) [D:/DMA_MMU_work/src/DMA/dma_access_controller.sv:11]
INFO: [Synth 8-6157] synthesizing module 'dma_iommu_tlb' [D:/DMA_MMU_work/src/IOMMU/dma_iommu_tlb.sv:11]
	Parameter ADDR_WIDTH bound to: 32'sb00000000000000000000000000100000 
	Parameter LEN_WIDTH bound to: 32'sb00000000000000000000000000100000 
	Parameter PAGE_SHIFT bound to: 32'sb00000000000000000000000000001100 
	Parameter PT_ENTRIES bound to: 32'sb00000000000000000000000000010000 
	Parameter TLB_ENTRIES bound to: 32'sb00000000000000000000000000000100 
INFO: [Synth 8-6155] done synthesizing module 'dma_iommu_tlb' (0#1) [D:/DMA_MMU_work/src/IOMMU/dma_iommu_tlb.sv:11]
INFO: [Synth 8-6157] synthesizing module 'dma_axi_scheduler' [D:/DMA_MMU_work/src/DMA/dma_axi_scheduler.sv:14]
	Parameter ADDR_WIDTH bound to: 32'sb00000000000000000000000000100000 
	Parameter LEN_WIDTH bound to: 32'sb00000000000000000000000000100000 
	Parameter DATA_WIDTH bound to: 32'sb00000000000000000000000000100000 
	Parameter PAGE_SHIFT bound to: 32'sb00000000000000000000000000001100 
	Parameter AXI_MAX_BURST_LEN bound to: 32'sb00000000000000000000000000010000 
INFO: [Synth 8-6155] done synthesizing module 'dma_axi_scheduler' (0#1) [D:/DMA_MMU_work/src/DMA/dma_axi_scheduler.sv:14]
INFO: [Synth 8-6157] synthesizing module 'axi_cdma' [D:/DMA_MMU_work/src/DMA/axi_cdma.v:34]
	Parameter AXI_DATA_WIDTH bound to: 32 - type: integer 
	Parameter AXI_ADDR_WIDTH bound to: 32 - type: integer 
	Parameter AXI_STRB_WIDTH bound to: 4 - type: integer 
	Parameter AXI_ID_WIDTH bound to: 4 - type: integer 
	Parameter AXI_MAX_BURST_LEN bound to: 16 - type: integer 
	Parameter LEN_WIDTH bound to: 7 - type: integer 
	Parameter TAG_WIDTH bound to: 8 - type: integer 
	Parameter ENABLE_UNALIGNED bound to: 0 - type: integer 
INFO: [Synth 8-6155] done synthesizing module 'axi_cdma' (0#1) [D:/DMA_MMU_work/src/DMA/axi_cdma.v:34]
INFO: [Synth 8-6157] synthesizing module 'axi_dma_rd' [D:/DMA_MMU_work/src/DMA/axi_dma_rd.v:34]
	Parameter AXI_DATA_WIDTH bound to: 32 - type: integer 
	Parameter AXI_ADDR_WIDTH bound to: 32 - type: integer 
	Parameter AXI_STRB_WIDTH bound to: 4 - type: integer 
	Parameter AXI_ID_WIDTH bound to: 4 - type: integer 
	Parameter AXI_MAX_BURST_LEN bound to: 16 - type: integer 
	Parameter AXIS_DATA_WIDTH bound to: 32 - type: integer 
	Parameter AXIS_KEEP_ENABLE bound to: 1 - type: integer 
	Parameter AXIS_KEEP_WIDTH bound to: 4 - type: integer 
	Parameter AXIS_LAST_ENABLE bound to: 1 - type: integer 
	Parameter AXIS_ID_ENABLE bound to: 0 - type: integer 
	Parameter AXIS_ID_WIDTH bound to: 1 - type: integer 
	Parameter AXIS_DEST_ENABLE bound to: 0 - type: integer 
	Parameter AXIS_DEST_WIDTH bound to: 1 - type: integer 
	Parameter AXIS_USER_ENABLE bound to: 0 - type: integer 
	Parameter AXIS_USER_WIDTH bound to: 1 - type: integer 
	Parameter LEN_WIDTH bound to: 7 - type: integer 
	Parameter TAG_WIDTH bound to: 8 - type: integer 
	Parameter ENABLE_SG bound to: 0 - type: integer 
	Parameter ENABLE_UNALIGNED bound to: 0 - type: integer 
	Parameter SINGLE_BURST_DESC bound to: 1 - type: integer 
INFO: [Synth 8-6155] done synthesizing module 'axi_dma_rd' (0#1) [D:/DMA_MMU_work/src/DMA/axi_dma_rd.v:34]
INFO: [Synth 8-6157] synthesizing module 'axi_dma_wr' [D:/DMA_MMU_work/src/DMA/axi_dma_wr.v:34]
	Parameter AXI_DATA_WIDTH bound to: 32 - type: integer 
	Parameter AXI_ADDR_WIDTH bound to: 32 - type: integer 
	Parameter AXI_STRB_WIDTH bound to: 4 - type: integer 
	Parameter AXI_ID_WIDTH bound to: 4 - type: integer 
	Parameter AXI_MAX_BURST_LEN bound to: 16 - type: integer 
	Parameter AXIS_DATA_WIDTH bound to: 32 - type: integer 
	Parameter AXIS_KEEP_ENABLE bound to: 1 - type: integer 
	Parameter AXIS_KEEP_WIDTH bound to: 4 - type: integer 
	Parameter AXIS_LAST_ENABLE bound to: 0 - type: integer 
	Parameter AXIS_ID_ENABLE bound to: 0 - type: integer 
	Parameter AXIS_ID_WIDTH bound to: 1 - type: integer 
	Parameter AXIS_DEST_ENABLE bound to: 0 - type: integer 
	Parameter AXIS_DEST_WIDTH bound to: 1 - type: integer 
	Parameter AXIS_USER_ENABLE bound to: 0 - type: integer 
	Parameter AXIS_USER_WIDTH bound to: 1 - type: integer 
	Parameter LEN_WIDTH bound to: 7 - type: integer 
	Parameter TAG_WIDTH bound to: 8 - type: integer 
	Parameter ENABLE_SG bound to: 0 - type: integer 
	Parameter ENABLE_UNALIGNED bound to: 0 - type: integer 
INFO: [Synth 8-155] case statement is not full and has no default [D:/DMA_MMU_work/src/DMA/axi_dma_wr.v:433]
INFO: [Synth 8-6155] done synthesizing module 'axi_dma_wr' (0#1) [D:/DMA_MMU_work/src/DMA/axi_dma_wr.v:34]
INFO: [Synth 8-6157] synthesizing module 'axi_crossbar__parameterized0' [D:/DMA_MMU_work/src/AXI/axi_crossbar.v:34]
	Parameter S_COUNT bound to: 2 - type: integer 
	Parameter M_COUNT bound to: 1 - type: integer 
	Parameter DATA_WIDTH bound to: 32 - type: integer 
	Parameter ADDR_WIDTH bound to: 32 - type: integer 
	Parameter STRB_WIDTH bound to: 4 - type: integer 
	Parameter S_ID_WIDTH bound to: 4 - type: integer 
	Parameter M_ID_WIDTH bound to: 5 - type: integer 
	Parameter AWUSER_ENABLE bound to: 0 - type: integer 
	Parameter AWUSER_WIDTH bound to: 1 - type: integer 
	Parameter WUSER_ENABLE bound to: 0 - type: integer 
	Parameter WUSER_WIDTH bound to: 1 - type: integer 
	Parameter BUSER_ENABLE bound to: 0 - type: integer 
	Parameter BUSER_WIDTH bound to: 1 - type: integer 
	Parameter ARUSER_ENABLE bound to: 0 - type: integer 
	Parameter ARUSER_WIDTH bound to: 1 - type: integer 
	Parameter RUSER_ENABLE bound to: 0 - type: integer 
	Parameter RUSER_WIDTH bound to: 1 - type: integer 
	Parameter S_THREADS bound to: 64'b0000000000000000000000000000000100000000000000000000000000000001 
	Parameter S_ACCEPT bound to: 64'b0000000000000000000000000000010000000000000000000000000000000100 
	Parameter M_REGIONS bound to: 1 - type: integer 
	Parameter M_BASE_ADDR bound to: 0 - type: integer 
	Parameter M_ADDR_WIDTH bound to: 32 - type: integer 
	Parameter M_CONNECT_READ bound to: 2'b11 
	Parameter M_CONNECT_WRITE bound to: 2'b11 
	Parameter M_ISSUE bound to: 8 - type: integer 
	Parameter M_SECURE bound to: 1'b0 
INFO: [Synth 8-6157] synthesizing module 'axi_crossbar_wr__parameterized0' [D:/DMA_MMU_work/src/AXI/axi_crossbar_wr.v:34]
	Parameter S_COUNT bound to: 2 - type: integer 
	Parameter M_COUNT bound to: 1 - type: integer 
	Parameter DATA_WIDTH bound to: 32 - type: integer 
	Parameter ADDR_WIDTH bound to: 32 - type: integer 
	Parameter STRB_WIDTH bound to: 4 - type: integer 
	Parameter S_ID_WIDTH bound to: 4 - type: integer 
	Parameter M_ID_WIDTH bound to: 5 - type: integer 
	Parameter AWUSER_ENABLE bound to: 0 - type: integer 
	Parameter AWUSER_WIDTH bound to: 1 - type: integer 
	Parameter WUSER_ENABLE bound to: 0 - type: integer 
	Parameter WUSER_WIDTH bound to: 1 - type: integer 
	Parameter BUSER_ENABLE bound to: 0 - type: integer 
	Parameter BUSER_WIDTH bound to: 1 - type: integer 
	Parameter S_THREADS bound to: 64'b0000000000000000000000000000000100000000000000000000000000000001 
	Parameter S_ACCEPT bound to: 64'b0000000000000000000000000000010000000000000000000000000000000100 
	Parameter M_REGIONS bound to: 1 - type: integer 
	Parameter M_BASE_ADDR bound to: 0 - type: integer 
	Parameter M_ADDR_WIDTH bound to: 32 - type: integer 
	Parameter M_CONNECT bound to: 2'b11 
	Parameter M_ISSUE bound to: 8 - type: integer 
	Parameter M_SECURE bound to: 1'b0 
	Parameter S_AW_REG_TYPE bound to: 4'b0000 
	Parameter S_W_REG_TYPE bound to: 4'b0000 
	Parameter S_B_REG_TYPE bound to: 4'b0101 
INFO: [Synth 8-6157] synthesizing module 'axi_crossbar_addr__parameterized1' [D:/DMA_MMU_work/src/AXI/axi_crossbar_addr.v:34]
	Parameter S bound to: 0 - type: integer 
	Parameter S_COUNT bound to: 2 - type: integer 
	Parameter M_COUNT bound to: 1 - type: integer 
	Parameter ADDR_WIDTH bound to: 32 - type: integer 
	Parameter ID_WIDTH bound to: 4 - type: integer 
	Parameter S_THREADS bound to: 1 - type: integer 
	Parameter S_ACCEPT bound to: 4 - type: integer 
	Parameter M_REGIONS bound to: 1 - type: integer 
	Parameter M_BASE_ADDR bound to: 0 - type: integer 
	Parameter M_ADDR_WIDTH bound to: 32 - type: integer 
	Parameter M_CONNECT bound to: 2'b11 
	Parameter M_SECURE bound to: 1'b0 
	Parameter WC_OUTPUT bound to: 1 - type: integer 
INFO: [Synth 8-251] Addressing configuration for axi_crossbar_addr instance  [D:/DMA_MMU_work/src/AXI/axi_crossbar_addr.v:176]
INFO: [Synth 8-251] 0 (0): 0 / 32 -- 0-ffffffff [D:/DMA_MMU_work/src/AXI/axi_crossbar_addr.v:179]
INFO: [Synth 8-155] case statement is not full and has no default [D:/DMA_MMU_work/src/AXI/axi_crossbar_addr.v:331]
INFO: [Synth 8-6155] done synthesizing module 'axi_crossbar_addr__parameterized1' (0#1) [D:/DMA_MMU_work/src/AXI/axi_crossbar_addr.v:34]
INFO: [Synth 8-6157] synthesizing module 'arbiter__parameterized1' [D:/DMA_MMU_work/src/AXI/arbiter.v:34]
	Parameter PORTS bound to: 2 - type: integer 
	Parameter ARB_TYPE_ROUND_ROBIN bound to: 1 - type: integer 
	Parameter ARB_BLOCK bound to: 1 - type: integer 
	Parameter ARB_BLOCK_ACK bound to: 1 - type: integer 
	Parameter ARB_LSB_HIGH_PRIORITY bound to: 1 - type: integer 
INFO: [Synth 8-6157] synthesizing module 'priority_encoder__parameterized1' [D:/DMA_MMU_work/src/AXI/priority_encoder.v:34]
	Parameter WIDTH bound to: 2 - type: integer 
	Parameter LSB_HIGH_PRIORITY bound to: 1 - type: integer 
WARNING: [Synth 8-693] zero replication count - replication ignored [D:/DMA_MMU_work/src/AXI/priority_encoder.v:51]
INFO: [Synth 8-6155] done synthesizing module 'priority_encoder__parameterized1' (0#1) [D:/DMA_MMU_work/src/AXI/priority_encoder.v:34]
INFO: [Synth 8-6155] done synthesizing module 'arbiter__parameterized1' (0#1) [D:/DMA_MMU_work/src/AXI/arbiter.v:34]
INFO: [Synth 8-6157] synthesizing module 'axi_register_wr__parameterized1' [D:/DMA_MMU_work/src/AXI/axi_register_wr.v:34]
	Parameter DATA_WIDTH bound to: 32 - type: integer 
	Parameter ADDR_WIDTH bound to: 32 - type: integer 
	Parameter STRB_WIDTH bound to: 4 - type: integer 
	Parameter ID_WIDTH bound to: 4 - type: integer 
	Parameter AWUSER_ENABLE bound to: 0 - type: integer 
	Parameter AWUSER_WIDTH bound to: 1 - type: integer 
	Parameter WUSER_ENABLE bound to: 0 - type: integer 
	Parameter WUSER_WIDTH bound to: 1 - type: integer 
	Parameter BUSER_ENABLE bound to: 0 - type: integer 
	Parameter BUSER_WIDTH bound to: 1 - type: integer 
	Parameter AW_REG_TYPE bound to: 2'b00 
	Parameter W_REG_TYPE bound to: 2'b00 
	Parameter B_REG_TYPE bound to: 2'b01 
INFO: [Synth 8-6155] done synthesizing module 'axi_register_wr__parameterized1' (0#1) [D:/DMA_MMU_work/src/AXI/axi_register_wr.v:34]
INFO: [Synth 8-6157] synthesizing module 'axi_crossbar_addr__parameterized2' [D:/DMA_MMU_work/src/AXI/axi_crossbar_addr.v:34]
	Parameter S bound to: 1 - type: integer 
	Parameter S_COUNT bound to: 2 - type: integer 
	Parameter M_COUNT bound to: 1 - type: integer 
	Parameter ADDR_WIDTH bound to: 32 - type: integer 
	Parameter ID_WIDTH bound to: 4 - type: integer 
	Parameter S_THREADS bound to: 1 - type: integer 
	Parameter S_ACCEPT bound to: 4 - type: integer 
	Parameter M_REGIONS bound to: 1 - type: integer 
	Parameter M_BASE_ADDR bound to: 0 - type: integer 
	Parameter M_ADDR_WIDTH bound to: 32 - type: integer 
	Parameter M_CONNECT bound to: 2'b11 
	Parameter M_SECURE bound to: 1'b0 
	Parameter WC_OUTPUT bound to: 1 - type: integer 
INFO: [Synth 8-251] Addressing configuration for axi_crossbar_addr instance  [D:/DMA_MMU_work/src/AXI/axi_crossbar_addr.v:176]
INFO: [Synth 8-251] 0 (0): 0 / 32 -- 0-ffffffff [D:/DMA_MMU_work/src/AXI/axi_crossbar_addr.v:179]
INFO: [Synth 8-155] case statement is not full and has no default [D:/DMA_MMU_work/src/AXI/axi_crossbar_addr.v:331]
INFO: [Synth 8-6155] done synthesizing module 'axi_crossbar_addr__parameterized2' (0#1) [D:/DMA_MMU_work/src/AXI/axi_crossbar_addr.v:34]
INFO: [Synth 8-6157] synthesizing module 'axi_register_wr__parameterized2' [D:/DMA_MMU_work/src/AXI/axi_register_wr.v:34]
	Parameter DATA_WIDTH bound to: 32 - type: integer 
	Parameter ADDR_WIDTH bound to: 32 - type: integer 
	Parameter STRB_WIDTH bound to: 4 - type: integer 
	Parameter ID_WIDTH bound to: 5 - type: integer 
	Parameter AWUSER_ENABLE bound to: 0 - type: integer 
	Parameter AWUSER_WIDTH bound to: 1 - type: integer 
	Parameter WUSER_ENABLE bound to: 0 - type: integer 
	Parameter WUSER_WIDTH bound to: 1 - type: integer 
	Parameter BUSER_ENABLE bound to: 0 - type: integer 
	Parameter BUSER_WIDTH bound to: 1 - type: integer 
	Parameter AW_REG_TYPE bound to: 2'b01 
	Parameter W_REG_TYPE bound to: 2'b10 
	Parameter B_REG_TYPE bound to: 2'b00 
INFO: [Synth 8-6155] done synthesizing module 'axi_register_wr__parameterized2' (0#1) [D:/DMA_MMU_work/src/AXI/axi_register_wr.v:34]
INFO: [Synth 8-6155] done synthesizing module 'axi_crossbar_wr__parameterized0' (0#1) [D:/DMA_MMU_work/src/AXI/axi_crossbar_wr.v:34]
INFO: [Synth 8-6157] synthesizing module 'axi_crossbar_rd__parameterized0' [D:/DMA_MMU_work/src/AXI/axi_crossbar_rd.v:34]
	Parameter S_COUNT bound to: 2 - type: integer 
	Parameter M_COUNT bound to: 1 - type: integer 
	Parameter DATA_WIDTH bound to: 32 - type: integer 
	Parameter ADDR_WIDTH bound to: 32 - type: integer 
	Parameter STRB_WIDTH bound to: 4 - type: integer 
	Parameter S_ID_WIDTH bound to: 4 - type: integer 
	Parameter M_ID_WIDTH bound to: 5 - type: integer 
	Parameter ARUSER_ENABLE bound to: 0 - type: integer 
	Parameter ARUSER_WIDTH bound to: 1 - type: integer 
	Parameter RUSER_ENABLE bound to: 0 - type: integer 
	Parameter RUSER_WIDTH bound to: 1 - type: integer 
	Parameter S_THREADS bound to: 64'b0000000000000000000000000000000100000000000000000000000000000001 
	Parameter S_ACCEPT bound to: 64'b0000000000000000000000000000010000000000000000000000000000000100 
	Parameter M_REGIONS bound to: 1 - type: integer 
	Parameter M_BASE_ADDR bound to: 0 - type: integer 
	Parameter M_ADDR_WIDTH bound to: 32 - type: integer 
	Parameter M_CONNECT bound to: 2'b11 
	Parameter M_ISSUE bound to: 8 - type: integer 
	Parameter M_SECURE bound to: 1'b0 
	Parameter S_AR_REG_TYPE bound to: 4'b0000 
	Parameter S_R_REG_TYPE bound to: 4'b1010 
INFO: [Synth 8-6157] synthesizing module 'axi_crossbar_addr__parameterized3' [D:/DMA_MMU_work/src/AXI/axi_crossbar_addr.v:34]
	Parameter S bound to: 0 - type: integer 
	Parameter S_COUNT bound to: 2 - type: integer 
	Parameter M_COUNT bound to: 1 - type: integer 
	Parameter ADDR_WIDTH bound to: 32 - type: integer 
	Parameter ID_WIDTH bound to: 4 - type: integer 
	Parameter S_THREADS bound to: 1 - type: integer 
	Parameter S_ACCEPT bound to: 4 - type: integer 
	Parameter M_REGIONS bound to: 1 - type: integer 
	Parameter M_BASE_ADDR bound to: 0 - type: integer 
	Parameter M_ADDR_WIDTH bound to: 32 - type: integer 
	Parameter M_CONNECT bound to: 2'b11 
	Parameter M_SECURE bound to: 1'b0 
	Parameter WC_OUTPUT bound to: 0 - type: integer 
INFO: [Synth 8-251] Addressing configuration for axi_crossbar_addr instance  [D:/DMA_MMU_work/src/AXI/axi_crossbar_addr.v:176]
INFO: [Synth 8-251] 0 (0): 0 / 32 -- 0-ffffffff [D:/DMA_MMU_work/src/AXI/axi_crossbar_addr.v:179]
INFO: [Synth 8-155] case statement is not full and has no default [D:/DMA_MMU_work/src/AXI/axi_crossbar_addr.v:331]
INFO: [Synth 8-6155] done synthesizing module 'axi_crossbar_addr__parameterized3' (0#1) [D:/DMA_MMU_work/src/AXI/axi_crossbar_addr.v:34]
INFO: [Synth 8-6157] synthesizing module 'axi_register_rd__parameterized1' [D:/DMA_MMU_work/src/AXI/axi_register_rd.v:34]
	Parameter DATA_WIDTH bound to: 32 - type: integer 
	Parameter ADDR_WIDTH bound to: 32 - type: integer 
	Parameter STRB_WIDTH bound to: 4 - type: integer 
	Parameter ID_WIDTH bound to: 4 - type: integer 
	Parameter ARUSER_ENABLE bound to: 0 - type: integer 
	Parameter ARUSER_WIDTH bound to: 1 - type: integer 
	Parameter RUSER_ENABLE bound to: 0 - type: integer 
	Parameter RUSER_WIDTH bound to: 1 - type: integer 
	Parameter AR_REG_TYPE bound to: 2'b00 
	Parameter R_REG_TYPE bound to: 2'b10 
INFO: [Synth 8-6155] done synthesizing module 'axi_register_rd__parameterized1' (0#1) [D:/DMA_MMU_work/src/AXI/axi_register_rd.v:34]
INFO: [Synth 8-6157] synthesizing module 'axi_crossbar_addr__parameterized4' [D:/DMA_MMU_work/src/AXI/axi_crossbar_addr.v:34]
	Parameter S bound to: 1 - type: integer 
	Parameter S_COUNT bound to: 2 - type: integer 
	Parameter M_COUNT bound to: 1 - type: integer 
	Parameter ADDR_WIDTH bound to: 32 - type: integer 
	Parameter ID_WIDTH bound to: 4 - type: integer 
	Parameter S_THREADS bound to: 1 - type: integer 
	Parameter S_ACCEPT bound to: 4 - type: integer 
	Parameter M_REGIONS bound to: 1 - type: integer 
	Parameter M_BASE_ADDR bound to: 0 - type: integer 
	Parameter M_ADDR_WIDTH bound to: 32 - type: integer 
	Parameter M_CONNECT bound to: 2'b11 
	Parameter M_SECURE bound to: 1'b0 
	Parameter WC_OUTPUT bound to: 0 - type: integer 
INFO: [Synth 8-251] Addressing configuration for axi_crossbar_addr instance  [D:/DMA_MMU_work/src/AXI/axi_crossbar_addr.v:176]
INFO: [Synth 8-251] 0 (0): 0 / 32 -- 0-ffffffff [D:/DMA_MMU_work/src/AXI/axi_crossbar_addr.v:179]
INFO: [Synth 8-155] case statement is not full and has no default [D:/DMA_MMU_work/src/AXI/axi_crossbar_addr.v:331]
INFO: [Synth 8-6155] done synthesizing module 'axi_crossbar_addr__parameterized4' (0#1) [D:/DMA_MMU_work/src/AXI/axi_crossbar_addr.v:34]
INFO: [Synth 8-6157] synthesizing module 'axi_register_rd__parameterized2' [D:/DMA_MMU_work/src/AXI/axi_register_rd.v:34]
	Parameter DATA_WIDTH bound to: 32 - type: integer 
	Parameter ADDR_WIDTH bound to: 32 - type: integer 
	Parameter STRB_WIDTH bound to: 4 - type: integer 
	Parameter ID_WIDTH bound to: 5 - type: integer 
	Parameter ARUSER_ENABLE bound to: 0 - type: integer 
	Parameter ARUSER_WIDTH bound to: 1 - type: integer 
	Parameter RUSER_ENABLE bound to: 0 - type: integer 
	Parameter RUSER_WIDTH bound to: 1 - type: integer 
	Parameter AR_REG_TYPE bound to: 2'b01 
	Parameter R_REG_TYPE bound to: 2'b00 
INFO: [Synth 8-6155] done synthesizing module 'axi_register_rd__parameterized2' (0#1) [D:/DMA_MMU_work/src/AXI/axi_register_rd.v:34]
INFO: [Synth 8-6155] done synthesizing module 'axi_crossbar_rd__parameterized0' (0#1) [D:/DMA_MMU_work/src/AXI/axi_crossbar_rd.v:34]
INFO: [Synth 8-6155] done synthesizing module 'axi_crossbar__parameterized0' (0#1) [D:/DMA_MMU_work/src/AXI/axi_crossbar.v:34]
INFO: [Synth 8-6155] done synthesizing module 'dma_mmu_axi_top' (0#1) [D:/DMA_MMU_work/src/SoC/dma_mmu_axi_top.sv:12]
INFO: [Synth 8-6157] synthesizing module 'systolic_accel_axil_axis' [D:/DMA_MMU_work/src/Systolic/systolic_accel_axil_axis.sv:17]
	Parameter ADDR_WIDTH bound to: 32'sb00000000000000000000000000001000 
INFO: [Synth 8-6157] synthesizing module 'systolic_matmul_4x4' [D:/DMA_MMU_work/src/Systolic/systolic_matmul_4x4.sv:9]
INFO: [Synth 8-6155] done synthesizing module 'systolic_matmul_4x4' (0#1) [D:/DMA_MMU_work/src/Systolic/systolic_matmul_4x4.sv:9]
INFO: [Synth 8-6155] done synthesizing module 'systolic_accel_axil_axis' (0#1) [D:/DMA_MMU_work/src/Systolic/systolic_accel_axil_axis.sv:17]
INFO: [Synth 8-6157] synthesizing module 'axil_to_apb_bridge' [D:/DMA_MMU_work/src/AXI/axil_to_apb_bridge.sv:3]
	Parameter ADDR_WIDTH bound to: 32'sb00000000000000000000000000001000 
	Parameter DATA_WIDTH bound to: 32'sb00000000000000000000000000100000 
INFO: [Synth 8-6155] done synthesizing module 'axil_to_apb_bridge' (0#1) [D:/DMA_MMU_work/src/AXI/axil_to_apb_bridge.sv:3]
INFO: [Synth 8-6157] synthesizing module 'uart_apb_axis' [D:/DMA_MMU_work/src/UART/uart_apb_axis.sv:14]
	Parameter APB_ADDR_WIDTH bound to: 32'sb00000000000000000000000000001000 
	Parameter DEFAULT_DIV bound to: 32'sb00000000000000000000010100010100 
INFO: [Synth 8-6157] synthesizing module 'simpleuart_dma' [D:/DMA_MMU_work/src/UART/simpleuart_dma.sv:9]
	Parameter DEFAULT_DIV bound to: 32'sb00000000000000000000010100010100 
INFO: [Synth 8-6155] done synthesizing module 'simpleuart_dma' (0#1) [D:/DMA_MMU_work/src/UART/simpleuart_dma.sv:9]
INFO: [Synth 8-6155] done synthesizing module 'uart_apb_axis' (0#1) [D:/DMA_MMU_work/src/UART/uart_apb_axis.sv:14]
INFO: [Synth 8-6157] synthesizing module 'axi_crossbar__parameterized1' [D:/DMA_MMU_work/src/AXI/axi_crossbar.v:34]
	Parameter S_COUNT bound to: 2 - type: integer 
	Parameter M_COUNT bound to: 1 - type: integer 
	Parameter DATA_WIDTH bound to: 32 - type: integer 
	Parameter ADDR_WIDTH bound to: 32 - type: integer 
	Parameter STRB_WIDTH bound to: 4 - type: integer 
	Parameter S_ID_WIDTH bound to: 5 - type: integer 
	Parameter M_ID_WIDTH bound to: 6 - type: integer 
	Parameter S_THREADS bound to: 64'b0000000000000000000000000000001000000000000000000000000000000010 
	Parameter S_ACCEPT bound to: 64'b0000000000000000000000000000010000000000000000000000000000000100 
	Parameter M_REGIONS bound to: 1 - type: integer 
	Parameter M_BASE_ADDR bound to: 0 - type: integer 
	Parameter M_ADDR_WIDTH bound to: 32 - type: integer 
	Parameter M_CONNECT_READ bound to: 2'b11 
	Parameter M_CONNECT_WRITE bound to: 2'b11 
	Parameter M_ISSUE bound to: 8 - type: integer 
INFO: [Synth 8-6157] synthesizing module 'axi_crossbar_wr__parameterized1' [D:/DMA_MMU_work/src/AXI/axi_crossbar_wr.v:34]
	Parameter S_COUNT bound to: 2 - type: integer 
	Parameter M_COUNT bound to: 1 - type: integer 
	Parameter DATA_WIDTH bound to: 32 - type: integer 
	Parameter ADDR_WIDTH bound to: 32 - type: integer 
	Parameter STRB_WIDTH bound to: 4 - type: integer 
	Parameter S_ID_WIDTH bound to: 5 - type: integer 
	Parameter M_ID_WIDTH bound to: 6 - type: integer 
	Parameter AWUSER_ENABLE bound to: 0 - type: integer 
	Parameter AWUSER_WIDTH bound to: 1 - type: integer 
	Parameter WUSER_ENABLE bound to: 0 - type: integer 
	Parameter WUSER_WIDTH bound to: 1 - type: integer 
	Parameter BUSER_ENABLE bound to: 0 - type: integer 
	Parameter BUSER_WIDTH bound to: 1 - type: integer 
	Parameter S_THREADS bound to: 64'b0000000000000000000000000000001000000000000000000000000000000010 
	Parameter S_ACCEPT bound to: 64'b0000000000000000000000000000010000000000000000000000000000000100 
	Parameter M_REGIONS bound to: 1 - type: integer 
	Parameter M_BASE_ADDR bound to: 0 - type: integer 
	Parameter M_ADDR_WIDTH bound to: 32 - type: integer 
	Parameter M_CONNECT bound to: 2'b11 
	Parameter M_ISSUE bound to: 8 - type: integer 
	Parameter M_SECURE bound to: 1'b0 
	Parameter S_AW_REG_TYPE bound to: 4'b0000 
	Parameter S_W_REG_TYPE bound to: 4'b0000 
	Parameter S_B_REG_TYPE bound to: 4'b0101 
INFO: [Synth 8-6157] synthesizing module 'axi_crossbar_addr__parameterized5' [D:/DMA_MMU_work/src/AXI/axi_crossbar_addr.v:34]
	Parameter S bound to: 0 - type: integer 
	Parameter S_COUNT bound to: 2 - type: integer 
	Parameter M_COUNT bound to: 1 - type: integer 
	Parameter ADDR_WIDTH bound to: 32 - type: integer 
	Parameter ID_WIDTH bound to: 5 - type: integer 
	Parameter S_THREADS bound to: 2 - type: integer 
	Parameter S_ACCEPT bound to: 4 - type: integer 
	Parameter M_REGIONS bound to: 1 - type: integer 
	Parameter M_BASE_ADDR bound to: 0 - type: integer 
	Parameter M_ADDR_WIDTH bound to: 32 - type: integer 
	Parameter M_CONNECT bound to: 2'b11 
	Parameter M_SECURE bound to: 1'b0 
	Parameter WC_OUTPUT bound to: 1 - type: integer 
INFO: [Synth 8-251] Addressing configuration for axi_crossbar_addr instance  [D:/DMA_MMU_work/src/AXI/axi_crossbar_addr.v:176]
INFO: [Synth 8-251] 0 (0): 0 / 32 -- 0-ffffffff [D:/DMA_MMU_work/src/AXI/axi_crossbar_addr.v:179]
INFO: [Synth 8-155] case statement is not full and has no default [D:/DMA_MMU_work/src/AXI/axi_crossbar_addr.v:331]
INFO: [Synth 8-6155] done synthesizing module 'axi_crossbar_addr__parameterized5' (0#1) [D:/DMA_MMU_work/src/AXI/axi_crossbar_addr.v:34]
INFO: [Synth 8-6157] synthesizing module 'axi_register_wr__parameterized3' [D:/DMA_MMU_work/src/AXI/axi_register_wr.v:34]
	Parameter DATA_WIDTH bound to: 32 - type: integer 
	Parameter ADDR_WIDTH bound to: 32 - type: integer 
	Parameter STRB_WIDTH bound to: 4 - type: integer 
	Parameter ID_WIDTH bound to: 5 - type: integer 
	Parameter AWUSER_ENABLE bound to: 0 - type: integer 
	Parameter AWUSER_WIDTH bound to: 1 - type: integer 
	Parameter WUSER_ENABLE bound to: 0 - type: integer 
	Parameter WUSER_WIDTH bound to: 1 - type: integer 
	Parameter BUSER_ENABLE bound to: 0 - type: integer 
	Parameter BUSER_WIDTH bound to: 1 - type: integer 
	Parameter AW_REG_TYPE bound to: 2'b00 
	Parameter W_REG_TYPE bound to: 2'b00 
	Parameter B_REG_TYPE bound to: 2'b01 
INFO: [Synth 8-6155] done synthesizing module 'axi_register_wr__parameterized3' (0#1) [D:/DMA_MMU_work/src/AXI/axi_register_wr.v:34]
INFO: [Synth 8-6157] synthesizing module 'axi_crossbar_addr__parameterized6' [D:/DMA_MMU_work/src/AXI/axi_crossbar_addr.v:34]
	Parameter S bound to: 1 - type: integer 
	Parameter S_COUNT bound to: 2 - type: integer 
	Parameter M_COUNT bound to: 1 - type: integer 
	Parameter ADDR_WIDTH bound to: 32 - type: integer 
	Parameter ID_WIDTH bound to: 5 - type: integer 
	Parameter S_THREADS bound to: 2 - type: integer 
	Parameter S_ACCEPT bound to: 4 - type: integer 
	Parameter M_REGIONS bound to: 1 - type: integer 
	Parameter M_BASE_ADDR bound to: 0 - type: integer 
	Parameter M_ADDR_WIDTH bound to: 32 - type: integer 
	Parameter M_CONNECT bound to: 2'b11 
	Parameter M_SECURE bound to: 1'b0 
	Parameter WC_OUTPUT bound to: 1 - type: integer 
INFO: [Synth 8-251] Addressing configuration for axi_crossbar_addr instance  [D:/DMA_MMU_work/src/AXI/axi_crossbar_addr.v:176]
INFO: [Synth 8-251] 0 (0): 0 / 32 -- 0-ffffffff [D:/DMA_MMU_work/src/AXI/axi_crossbar_addr.v:179]
INFO: [Synth 8-155] case statement is not full and has no default [D:/DMA_MMU_work/src/AXI/axi_crossbar_addr.v:331]
INFO: [Synth 8-6155] done synthesizing module 'axi_crossbar_addr__parameterized6' (0#1) [D:/DMA_MMU_work/src/AXI/axi_crossbar_addr.v:34]
INFO: [Synth 8-6155] done synthesizing module 'axi_crossbar_wr__parameterized1' (0#1) [D:/DMA_MMU_work/src/AXI/axi_crossbar_wr.v:34]
INFO: [Synth 8-6157] synthesizing module 'axi_crossbar_rd__parameterized1' [D:/DMA_MMU_work/src/AXI/axi_crossbar_rd.v:34]
	Parameter S_COUNT bound to: 2 - type: integer 
	Parameter M_COUNT bound to: 1 - type: integer 
	Parameter DATA_WIDTH bound to: 32 - type: integer 
	Parameter ADDR_WIDTH bound to: 32 - type: integer 
	Parameter STRB_WIDTH bound to: 4 - type: integer 
	Parameter S_ID_WIDTH bound to: 5 - type: integer 
	Parameter M_ID_WIDTH bound to: 6 - type: integer 
	Parameter ARUSER_ENABLE bound to: 0 - type: integer 
	Parameter ARUSER_WIDTH bound to: 1 - type: integer 
	Parameter RUSER_ENABLE bound to: 0 - type: integer 
	Parameter RUSER_WIDTH bound to: 1 - type: integer 
	Parameter S_THREADS bound to: 64'b0000000000000000000000000000001000000000000000000000000000000010 
	Parameter S_ACCEPT bound to: 64'b0000000000000000000000000000010000000000000000000000000000000100 
	Parameter M_REGIONS bound to: 1 - type: integer 
	Parameter M_BASE_ADDR bound to: 0 - type: integer 
	Parameter M_ADDR_WIDTH bound to: 32 - type: integer 
	Parameter M_CONNECT bound to: 2'b11 
	Parameter M_ISSUE bound to: 8 - type: integer 
	Parameter M_SECURE bound to: 1'b0 
	Parameter S_AR_REG_TYPE bound to: 4'b0000 
	Parameter S_R_REG_TYPE bound to: 4'b1010 
INFO: [Synth 8-6157] synthesizing module 'axi_crossbar_addr__parameterized7' [D:/DMA_MMU_work/src/AXI/axi_crossbar_addr.v:34]
	Parameter S bound to: 0 - type: integer 
	Parameter S_COUNT bound to: 2 - type: integer 
	Parameter M_COUNT bound to: 1 - type: integer 
	Parameter ADDR_WIDTH bound to: 32 - type: integer 
	Parameter ID_WIDTH bound to: 5 - type: integer 
	Parameter S_THREADS bound to: 2 - type: integer 
	Parameter S_ACCEPT bound to: 4 - type: integer 
	Parameter M_REGIONS bound to: 1 - type: integer 
	Parameter M_BASE_ADDR bound to: 0 - type: integer 
	Parameter M_ADDR_WIDTH bound to: 32 - type: integer 
	Parameter M_CONNECT bound to: 2'b11 
	Parameter M_SECURE bound to: 1'b0 
	Parameter WC_OUTPUT bound to: 0 - type: integer 
INFO: [Synth 8-251] Addressing configuration for axi_crossbar_addr instance  [D:/DMA_MMU_work/src/AXI/axi_crossbar_addr.v:176]
INFO: [Synth 8-251] 0 (0): 0 / 32 -- 0-ffffffff [D:/DMA_MMU_work/src/AXI/axi_crossbar_addr.v:179]
INFO: [Synth 8-155] case statement is not full and has no default [D:/DMA_MMU_work/src/AXI/axi_crossbar_addr.v:331]
INFO: [Synth 8-6155] done synthesizing module 'axi_crossbar_addr__parameterized7' (0#1) [D:/DMA_MMU_work/src/AXI/axi_crossbar_addr.v:34]
INFO: [Synth 8-6157] synthesizing module 'axi_register_rd__parameterized3' [D:/DMA_MMU_work/src/AXI/axi_register_rd.v:34]
	Parameter DATA_WIDTH bound to: 32 - type: integer 
	Parameter ADDR_WIDTH bound to: 32 - type: integer 
	Parameter STRB_WIDTH bound to: 4 - type: integer 
	Parameter ID_WIDTH bound to: 5 - type: integer 
	Parameter ARUSER_ENABLE bound to: 0 - type: integer 
	Parameter ARUSER_WIDTH bound to: 1 - type: integer 
	Parameter RUSER_ENABLE bound to: 0 - type: integer 
	Parameter RUSER_WIDTH bound to: 1 - type: integer 
	Parameter AR_REG_TYPE bound to: 2'b00 
	Parameter R_REG_TYPE bound to: 2'b10 
INFO: [Synth 8-6155] done synthesizing module 'axi_register_rd__parameterized3' (0#1) [D:/DMA_MMU_work/src/AXI/axi_register_rd.v:34]
INFO: [Synth 8-6157] synthesizing module 'axi_crossbar_addr__parameterized8' [D:/DMA_MMU_work/src/AXI/axi_crossbar_addr.v:34]
	Parameter S bound to: 1 - type: integer 
	Parameter S_COUNT bound to: 2 - type: integer 
	Parameter M_COUNT bound to: 1 - type: integer 
	Parameter ADDR_WIDTH bound to: 32 - type: integer 
	Parameter ID_WIDTH bound to: 5 - type: integer 
	Parameter S_THREADS bound to: 2 - type: integer 
	Parameter S_ACCEPT bound to: 4 - type: integer 
	Parameter M_REGIONS bound to: 1 - type: integer 
	Parameter M_BASE_ADDR bound to: 0 - type: integer 
	Parameter M_ADDR_WIDTH bound to: 32 - type: integer 
	Parameter M_CONNECT bound to: 2'b11 
	Parameter M_SECURE bound to: 1'b0 
	Parameter WC_OUTPUT bound to: 0 - type: integer 
INFO: [Synth 8-251] Addressing configuration for axi_crossbar_addr instance  [D:/DMA_MMU_work/src/AXI/axi_crossbar_addr.v:176]
INFO: [Synth 8-251] 0 (0): 0 / 32 -- 0-ffffffff [D:/DMA_MMU_work/src/AXI/axi_crossbar_addr.v:179]
INFO: [Synth 8-155] case statement is not full and has no default [D:/DMA_MMU_work/src/AXI/axi_crossbar_addr.v:331]
INFO: [Synth 8-6155] done synthesizing module 'axi_crossbar_addr__parameterized8' (0#1) [D:/DMA_MMU_work/src/AXI/axi_crossbar_addr.v:34]
INFO: [Synth 8-6155] done synthesizing module 'axi_crossbar_rd__parameterized1' (0#1) [D:/DMA_MMU_work/src/AXI/axi_crossbar_rd.v:34]
INFO: [Synth 8-6155] done synthesizing module 'axi_crossbar__parameterized1' (0#1) [D:/DMA_MMU_work/src/AXI/axi_crossbar.v:34]
INFO: [Synth 8-6155] done synthesizing module 'dma_mmu_picorv32_soc' (0#1) [D:/DMA_MMU_work/src/SoC/dma_mmu_picorv32_soc.sv:12]
WARNING: [Synth 8-7071] port 'ddr_init_done_o' of module 'dma_mmu_picorv32_soc' is unconnected for instance 'soc_inst' [D:/DMA_MMU_work/src/SoC/dma_mmu_picorv32_vc707_ddr3_top.sv:146]
WARNING: [Synth 8-7071] port 'ddr_calib_done_o' of module 'dma_mmu_picorv32_soc' is unconnected for instance 'soc_inst' [D:/DMA_MMU_work/src/SoC/dma_mmu_picorv32_vc707_ddr3_top.sv:146]
WARNING: [Synth 8-7071] port 'ddr_calib_error_o' of module 'dma_mmu_picorv32_soc' is unconnected for instance 'soc_inst' [D:/DMA_MMU_work/src/SoC/dma_mmu_picorv32_vc707_ddr3_top.sv:146]
WARNING: [Synth 8-7071] port 'ddr_refresh_busy_o' of module 'dma_mmu_picorv32_soc' is unconnected for instance 'soc_inst' [D:/DMA_MMU_work/src/SoC/dma_mmu_picorv32_vc707_ddr3_top.sv:146]
WARNING: [Synth 8-7071] port 'ddr_refresh_count_o' of module 'dma_mmu_picorv32_soc' is unconnected for instance 'soc_inst' [D:/DMA_MMU_work/src/SoC/dma_mmu_picorv32_vc707_ddr3_top.sv:146]
WARNING: [Synth 8-7071] port 'ddr_dfi_cmd_valid_o' of module 'dma_mmu_picorv32_soc' is unconnected for instance 'soc_inst' [D:/DMA_MMU_work/src/SoC/dma_mmu_picorv32_vc707_ddr3_top.sv:146]
WARNING: [Synth 8-7071] port 'ddr_dfi_cmd_o' of module 'dma_mmu_picorv32_soc' is unconnected for instance 'soc_inst' [D:/DMA_MMU_work/src/SoC/dma_mmu_picorv32_vc707_ddr3_top.sv:146]
WARNING: [Synth 8-7071] port 'ddr_dfi_bank_o' of module 'dma_mmu_picorv32_soc' is unconnected for instance 'soc_inst' [D:/DMA_MMU_work/src/SoC/dma_mmu_picorv32_vc707_ddr3_top.sv:146]
WARNING: [Synth 8-7071] port 'ddr_dfi_addr_o' of module 'dma_mmu_picorv32_soc' is unconnected for instance 'soc_inst' [D:/DMA_MMU_work/src/SoC/dma_mmu_picorv32_vc707_ddr3_top.sv:146]
WARNING: [Synth 8-7071] port 'ddr_dfi_wrdata_o' of module 'dma_mmu_picorv32_soc' is unconnected for instance 'soc_inst' [D:/DMA_MMU_work/src/SoC/dma_mmu_picorv32_vc707_ddr3_top.sv:146]
WARNING: [Synth 8-7071] port 'ddr_dfi_wrmask_o' of module 'dma_mmu_picorv32_soc' is unconnected for instance 'soc_inst' [D:/DMA_MMU_work/src/SoC/dma_mmu_picorv32_vc707_ddr3_top.sv:146]
WARNING: [Synth 8-7071] port 'ddr_phy_calib_start_o' of module 'dma_mmu_picorv32_soc' is unconnected for instance 'soc_inst' [D:/DMA_MMU_work/src/SoC/dma_mmu_picorv32_vc707_ddr3_top.sv:146]
WARNING: [Synth 8-7023] instance 'soc_inst' of module 'dma_mmu_picorv32_soc' has 69 connections declared, but only 57 given [D:/DMA_MMU_work/src/SoC/dma_mmu_picorv32_vc707_ddr3_top.sv:146]
INFO: [Synth 8-6157] synthesizing module 'soc_ddr_clock_converter' [D:/DMA_MMU_work/build/vivado/vc707_ddr3/DMA_IOMMU_PicoRV32_VC707_DDR3.runs/synth_1/.Xil/Vivado-13704-LAPTOP-7VHB4FBR/realtime/soc_ddr_clock_converter_stub.v:6]
INFO: [Synth 8-6155] done synthesizing module 'soc_ddr_clock_converter' (0#1) [D:/DMA_MMU_work/build/vivado/vc707_ddr3/DMA_IOMMU_PicoRV32_VC707_DDR3.runs/synth_1/.Xil/Vivado-13704-LAPTOP-7VHB4FBR/realtime/soc_ddr_clock_converter_stub.v:6]
INFO: [Synth 8-6157] synthesizing module 'soc_ddr_axi_converter' [D:/DMA_MMU_work/build/vivado/vc707_ddr3/DMA_IOMMU_PicoRV32_VC707_DDR3.runs/synth_1/.Xil/Vivado-13704-LAPTOP-7VHB4FBR/realtime/soc_ddr_axi_converter_stub.v:6]
INFO: [Synth 8-6155] done synthesizing module 'soc_ddr_axi_converter' (0#1) [D:/DMA_MMU_work/build/vivado/vc707_ddr3/DMA_IOMMU_PicoRV32_VC707_DDR3.runs/synth_1/.Xil/Vivado-13704-LAPTOP-7VHB4FBR/realtime/soc_ddr_axi_converter_stub.v:6]
INFO: [Synth 8-6157] synthesizing module 'vc707_mig' [D:/DMA_MMU_work/build/vivado/vc707_ddr3/DMA_IOMMU_PicoRV32_VC707_DDR3.runs/synth_1/.Xil/Vivado-13704-LAPTOP-7VHB4FBR/realtime/vc707_mig_stub.v:6]
INFO: [Synth 8-6155] done synthesizing module 'vc707_mig' (0#1) [D:/DMA_MMU_work/build/vivado/vc707_ddr3/DMA_IOMMU_PicoRV32_VC707_DDR3.runs/synth_1/.Xil/Vivado-13704-LAPTOP-7VHB4FBR/realtime/vc707_mig_stub.v:6]
WARNING: [Synth 8-7071] port 'device_temp' of module 'vc707_mig' is unconnected for instance 'mig_inst' [D:/DMA_MMU_work/src/SoC/dma_mmu_picorv32_vc707_ddr3_top.sv:306]
WARNING: [Synth 8-7023] instance 'mig_inst' of module 'vc707_mig' has 72 connections declared, but only 71 given [D:/DMA_MMU_work/src/SoC/dma_mmu_picorv32_vc707_ddr3_top.sv:306]
INFO: [Synth 8-6155] done synthesizing module 'dma_mmu_picorv32_vc707_ddr3_top' (0#1) [D:/DMA_MMU_work/src/SoC/dma_mmu_picorv32_vc707_ddr3_top.sv:11]
WARNING: [Synth 8-6014] Unused sequential element genblk1[0].thread_region_reg_reg[0] was removed.  [D:/DMA_MMU_work/src/AXI/axi_crossbar_addr.v:309]
WARNING: [Synth 8-6014] Unused sequential element genblk1[1].thread_region_reg_reg[1] was removed.  [D:/DMA_MMU_work/src/AXI/axi_crossbar_addr.v:309]
WARNING: [Synth 8-6014] Unused sequential element s_axi_buser_reg_reg was removed.  [D:/DMA_MMU_work/src/AXI/axi_register_wr.v:672]
WARNING: [Synth 8-6014] Unused sequential element m_axi_awuser_reg_reg was removed.  [D:/DMA_MMU_work/src/AXI/axi_register_wr.v:342]
WARNING: [Synth 8-6014] Unused sequential element m_axi_wuser_reg_reg was removed.  [D:/DMA_MMU_work/src/AXI/axi_register_wr.v:445]
WARNING: [Synth 8-6014] Unused sequential element temp_m_axi_wuser_reg_reg was removed.  [D:/DMA_MMU_work/src/AXI/axi_register_wr.v:450]
WARNING: [Synth 8-6014] Unused sequential element genblk1[0].thread_region_reg_reg[0] was removed.  [D:/DMA_MMU_work/src/AXI/axi_crossbar_addr.v:309]
WARNING: [Synth 8-6014] Unused sequential element genblk1[1].thread_region_reg_reg[1] was removed.  [D:/DMA_MMU_work/src/AXI/axi_crossbar_addr.v:309]
WARNING: [Synth 8-6014] Unused sequential element s_axi_ruser_reg_reg was removed.  [D:/DMA_MMU_work/src/AXI/axi_register_rd.v:434]
WARNING: [Synth 8-6014] Unused sequential element temp_s_axi_ruser_reg_reg was removed.  [D:/DMA_MMU_work/src/AXI/axi_register_rd.v:440]
WARNING: [Synth 8-6014] Unused sequential element m_axi_aruser_reg_reg was removed.  [D:/DMA_MMU_work/src/AXI/axi_register_rd.v:327]
WARNING: [Synth 8-6014] Unused sequential element mem_la_firstword_reg_reg was removed.  [D:/DMA_MMU_work/src/PicoRV32/picorv32.v:392]
WARNING: [Synth 8-6014] Unused sequential element last_mem_valid_reg was removed.  [D:/DMA_MMU_work/src/PicoRV32/picorv32.v:393]
WARNING: [Synth 8-6014] Unused sequential element next_insn_opcode_reg was removed.  [D:/DMA_MMU_work/src/PicoRV32/picorv32.v:433]
WARNING: [Synth 8-6014] Unused sequential element mem_la_secondword_reg was removed.  [D:/DMA_MMU_work/src/PicoRV32/picorv32.v:571]
WARNING: [Synth 8-6014] Unused sequential element prefetched_high_word_reg was removed.  [D:/DMA_MMU_work/src/PicoRV32/picorv32.v:572]
WARNING: [Synth 8-6014] Unused sequential element q_ascii_instr_reg was removed.  [D:/DMA_MMU_work/src/PicoRV32/picorv32.v:779]
WARNING: [Synth 8-6014] Unused sequential element q_insn_imm_reg was removed.  [D:/DMA_MMU_work/src/PicoRV32/picorv32.v:780]
WARNING: [Synth 8-6014] Unused sequential element q_insn_opcode_reg was removed.  [D:/DMA_MMU_work/src/PicoRV32/picorv32.v:781]
WARNING: [Synth 8-6014] Unused sequential element q_insn_rs1_reg was removed.  [D:/DMA_MMU_work/src/PicoRV32/picorv32.v:782]
WARNING: [Synth 8-6014] Unused sequential element q_insn_rs2_reg was removed.  [D:/DMA_MMU_work/src/PicoRV32/picorv32.v:783]
WARNING: [Synth 8-6014] Unused sequential element q_insn_rd_reg was removed.  [D:/DMA_MMU_work/src/PicoRV32/picorv32.v:784]
WARNING: [Synth 8-6014] Unused sequential element dbg_next_reg was removed.  [D:/DMA_MMU_work/src/PicoRV32/picorv32.v:785]
WARNING: [Synth 8-6014] Unused sequential element dbg_valid_insn_reg was removed.  [D:/DMA_MMU_work/src/PicoRV32/picorv32.v:788]
WARNING: [Synth 8-6014] Unused sequential element cached_ascii_instr_reg was removed.  [D:/DMA_MMU_work/src/PicoRV32/picorv32.v:793]
WARNING: [Synth 8-6014] Unused sequential element cached_insn_imm_reg was removed.  [D:/DMA_MMU_work/src/PicoRV32/picorv32.v:794]
WARNING: [Synth 8-6014] Unused sequential element cached_insn_opcode_reg was removed.  [D:/DMA_MMU_work/src/PicoRV32/picorv32.v:796]
WARNING: [Synth 8-6014] Unused sequential element cached_insn_rs1_reg was removed.  [D:/DMA_MMU_work/src/PicoRV32/picorv32.v:799]
WARNING: [Synth 8-6014] Unused sequential element cached_insn_rs2_reg was removed.  [D:/DMA_MMU_work/src/PicoRV32/picorv32.v:800]
WARNING: [Synth 8-6014] Unused sequential element cached_insn_rd_reg was removed.  [D:/DMA_MMU_work/src/PicoRV32/picorv32.v:801]
WARNING: [Synth 8-6014] Unused sequential element dbg_insn_addr_reg was removed.  [D:/DMA_MMU_work/src/PicoRV32/picorv32.v:805]
WARNING: [Synth 8-6014] Unused sequential element is_sll_srl_sra_reg was removed.  [D:/DMA_MMU_work/src/PicoRV32/picorv32.v:1110]
WARNING: [Synth 8-6014] Unused sequential element clear_prefetched_high_word_q_reg was removed.  [D:/DMA_MMU_work/src/PicoRV32/picorv32.v:1293]
WARNING: [Synth 8-6014] Unused sequential element set_mem_do_rinst_reg was removed.  [D:/DMA_MMU_work/src/PicoRV32/picorv32.v:1406]
WARNING: [Synth 8-6014] Unused sequential element set_mem_do_rdata_reg was removed.  [D:/DMA_MMU_work/src/PicoRV32/picorv32.v:1407]
WARNING: [Synth 8-6014] Unused sequential element set_mem_do_wdata_reg was removed.  [D:/DMA_MMU_work/src/PicoRV32/picorv32.v:1408]
WARNING: [Synth 8-6014] Unused sequential element dbg_rs1val_reg was removed.  [D:/DMA_MMU_work/src/PicoRV32/picorv32.v:1417]
WARNING: [Synth 8-6014] Unused sequential element dbg_rs2val_reg was removed.  [D:/DMA_MMU_work/src/PicoRV32/picorv32.v:1418]
WARNING: [Synth 8-6014] Unused sequential element dbg_rs1val_valid_reg was removed.  [D:/DMA_MMU_work/src/PicoRV32/picorv32.v:1419]
WARNING: [Synth 8-6014] Unused sequential element dbg_rs2val_valid_reg was removed.  [D:/DMA_MMU_work/src/PicoRV32/picorv32.v:1420]
WARNING: [Synth 8-6014] Unused sequential element next_irq_pending_reg was removed.  [D:/DMA_MMU_work/src/PicoRV32/picorv32.v:1440]
WARNING: [Synth 8-6014] Unused sequential element decoder_trigger_q_reg was removed.  [D:/DMA_MMU_work/src/PicoRV32/picorv32.v:1447]
WARNING: [Synth 8-6014] Unused sequential element decoder_pseudo_trigger_q_reg was removed.  [D:/DMA_MMU_work/src/PicoRV32/picorv32.v:1449]
WARNING: [Synth 8-6014] Unused sequential element latched_trace_reg was removed.  [D:/DMA_MMU_work/src/PicoRV32/picorv32.v:1465]
WARNING: [Synth 8-6014] Unused sequential element current_pc_reg was removed.  [D:/DMA_MMU_work/src/PicoRV32/picorv32.v:1495]
WARNING: [Synth 8-6014] Unused sequential element timer_reg was removed.  [D:/DMA_MMU_work/src/PicoRV32/picorv32.v:1477]
WARNING: [Synth 8-6014] Unused sequential element aw_fire_reg was removed.  [D:/DMA_MMU_work/src/PicoRV32/picorv32_axil_router.sv:363]
WARNING: [Synth 8-6014] Unused sequential element w_fire_reg was removed.  [D:/DMA_MMU_work/src/PicoRV32/picorv32_axil_router.sv:364]
WARNING: [Synth 8-6014] Unused sequential element target_aw_fire_reg was removed.  [D:/DMA_MMU_work/src/PicoRV32/picorv32_axil_router.sv:365]
WARNING: [Synth 8-6014] Unused sequential element target_w_fire_reg was removed.  [D:/DMA_MMU_work/src/PicoRV32/picorv32_axil_router.sv:369]
WARNING: [Synth 8-7137] Register src_mem_reg in module dma_descriptor_fifo has both Set and reset with same priority. This may cause simulation mismatches. Consider rewriting code 
WARNING: [Synth 8-7137] Register dst_mem_reg in module dma_descriptor_fifo has both Set and reset with same priority. This may cause simulation mismatches. Consider rewriting code 
WARNING: [Synth 8-7137] Register len_mem_reg in module dma_descriptor_fifo has both Set and reset with same priority. This may cause simulation mismatches. Consider rewriting code 
WARNING: [Synth 8-7137] Register type_mem_reg in module dma_descriptor_fifo has both Set and reset with same priority. This may cause simulation mismatches. Consider rewriting code 
WARNING: [Synth 8-7137] Register mode_mem_reg in module dma_descriptor_fifo has both Set and reset with same priority. This may cause simulation mismatches. Consider rewriting code 
WARNING: [Synth 8-7137] Register burst_mem_reg in module dma_descriptor_fifo has both Set and reset with same priority. This may cause simulation mismatches. Consider rewriting code 
WARNING: [Synth 8-7137] Register irq_mem_reg in module dma_descriptor_fifo has both Set and reset with same priority. This may cause simulation mismatches. Consider rewriting code 
WARNING: [Synth 8-7137] Register id_mem_reg in module dma_descriptor_fifo has both Set and reset with same priority. This may cause simulation mismatches. Consider rewriting code 
WARNING: [Synth 8-7137] Register next_mem_reg in module dma_descriptor_fifo has both Set and reset with same priority. This may cause simulation mismatches. Consider rewriting code 
WARNING: [Synth 8-4767] Trying to implement RAM 'src_mem_reg' in registers. Block RAM or DRAM implementation is not possible; see log for reasons.
Reason is one or more of the following :
	1: RAM is sensitive to asynchronous reset signal. this RTL style is not supported. 
RAM "src_mem_reg" dissolved into registers
WARNING: [Synth 8-4767] Trying to implement RAM 'dst_mem_reg' in registers. Block RAM or DRAM implementation is not possible; see log for reasons.
Reason is one or more of the following :
	1: RAM is sensitive to asynchronous reset signal. this RTL style is not supported. 
RAM "dst_mem_reg" dissolved into registers
WARNING: [Synth 8-4767] Trying to implement RAM 'len_mem_reg' in registers. Block RAM or DRAM implementation is not possible; see log for reasons.
Reason is one or more of the following :
	1: RAM is sensitive to asynchronous reset signal. this RTL style is not supported. 
RAM "len_mem_reg" dissolved into registers
WARNING: [Synth 8-4767] Trying to implement RAM 'type_mem_reg' in registers. Block RAM or DRAM implementation is not possible; see log for reasons.
Reason is one or more of the following :
	1: RAM is sensitive to asynchronous reset signal. this RTL style is not supported. 
RAM "type_mem_reg" dissolved into registers
WARNING: [Synth 8-4767] Trying to implement RAM 'mode_mem_reg' in registers. Block RAM or DRAM implementation is not possible; see log for reasons.
Reason is one or more of the following :
	1: RAM is sensitive to asynchronous reset signal. this RTL style is not supported. 
RAM "mode_mem_reg" dissolved into registers
WARNING: [Synth 8-4767] Trying to implement RAM 'burst_mem_reg' in registers. Block RAM or DRAM implementation is not possible; see log for reasons.
Reason is one or more of the following :
	1: RAM is sensitive to asynchronous reset signal. this RTL style is not supported. 
RAM "burst_mem_reg" dissolved into registers
WARNING: [Synth 8-4767] Trying to implement RAM 'irq_mem_reg' in registers. Block RAM or DRAM implementation is not possible; see log for reasons.
Reason is one or more of the following :
	1: RAM is sensitive to asynchronous reset signal. this RTL style is not supported. 
RAM "irq_mem_reg" dissolved into registers
WARNING: [Synth 8-4767] Trying to implement RAM 'id_mem_reg' in registers. Block RAM or DRAM implementation is not possible; see log for reasons.
Reason is one or more of the following :
	1: RAM is sensitive to asynchronous reset signal. this RTL style is not supported. 
RAM "id_mem_reg" dissolved into registers
WARNING: [Synth 8-4767] Trying to implement RAM 'next_mem_reg' in registers. Block RAM or DRAM implementation is not possible; see log for reasons.
Reason is one or more of the following :
	1: RAM is sensitive to asynchronous reset signal. this RTL style is not supported. 
RAM "next_mem_reg" dissolved into registers
WARNING: [Synth 8-7137] Register id_mem_reg in module dma_completion_fifo has both Set and reset with same priority. This may cause simulation mismatches. Consider rewriting code 
WARNING: [Synth 8-7137] Register done_mem_reg in module dma_completion_fifo has both Set and reset with same priority. This may cause simulation mismatches. Consider rewriting code 
WARNING: [Synth 8-7137] Register fault_mem_reg in module dma_completion_fifo has both Set and reset with same priority. This may cause simulation mismatches. Consider rewriting code 
WARNING: [Synth 8-7137] Register fault_code_mem_reg in module dma_completion_fifo has both Set and reset with same priority. This may cause simulation mismatches. Consider rewriting code 
WARNING: [Synth 8-7137] Register bytes_mem_reg in module dma_completion_fifo has both Set and reset with same priority. This may cause simulation mismatches. Consider rewriting code 
WARNING: [Synth 8-4767] Trying to implement RAM 'id_mem_reg' in registers. Block RAM or DRAM implementation is not possible; see log for reasons.
Reason is one or more of the following :
	1: RAM is sensitive to asynchronous reset signal. this RTL style is not supported. 
RAM "id_mem_reg" dissolved into registers
WARNING: [Synth 8-4767] Trying to implement RAM 'done_mem_reg' in registers. Block RAM or DRAM implementation is not possible; see log for reasons.
Reason is one or more of the following :
	1: RAM is sensitive to asynchronous reset signal. this RTL style is not supported. 
RAM "done_mem_reg" dissolved into registers
WARNING: [Synth 8-4767] Trying to implement RAM 'fault_mem_reg' in registers. Block RAM or DRAM implementation is not possible; see log for reasons.
Reason is one or more of the following :
	1: RAM is sensitive to asynchronous reset signal. this RTL style is not supported. 
RAM "fault_mem_reg" dissolved into registers
WARNING: [Synth 8-4767] Trying to implement RAM 'fault_code_mem_reg' in registers. Block RAM or DRAM implementation is not possible; see log for reasons.
Reason is one or more of the following :
	1: RAM is sensitive to asynchronous reset signal. this RTL style is not supported. 
RAM "fault_code_mem_reg" dissolved into registers
WARNING: [Synth 8-4767] Trying to implement RAM 'bytes_mem_reg' in registers. Block RAM or DRAM implementation is not possible; see log for reasons.
Reason is one or more of the following :
	1: RAM is sensitive to asynchronous reset signal. this RTL style is not supported. 
RAM "bytes_mem_reg" dissolved into registers
WARNING: [Synth 8-6014] Unused sequential element axi_cmd_offset_reg_reg was removed.  [D:/DMA_MMU_work/src/DMA/axi_cdma.v:679]
WARNING: [Synth 8-6014] Unused sequential element axi_cmd_first_cycle_offset_reg_reg was removed.  [D:/DMA_MMU_work/src/DMA/axi_cdma.v:680]
WARNING: [Synth 8-6014] Unused sequential element axi_cmd_bubble_cycle_reg_reg was removed.  [D:/DMA_MMU_work/src/DMA/axi_cdma.v:684]
WARNING: [Synth 8-6014] Unused sequential element bubble_cycle_reg_reg was removed.  [D:/DMA_MMU_work/src/DMA/axi_cdma.v:696]
WARNING: [Synth 8-6014] Unused sequential element first_input_cycle_reg_reg was removed.  [D:/DMA_MMU_work/src/DMA/axi_cdma.v:697]
WARNING: [Synth 8-6014] Unused sequential element tr_word_count_reg_reg was removed.  [D:/DMA_MMU_work/src/DMA/axi_dma_rd.v:591]
WARNING: [Synth 8-6014] Unused sequential element axis_cmd_offset_reg_reg was removed.  [D:/DMA_MMU_work/src/DMA/axi_dma_rd.v:593]
WARNING: [Synth 8-6014] Unused sequential element axis_cmd_bubble_cycle_reg_reg was removed.  [D:/DMA_MMU_work/src/DMA/axi_dma_rd.v:597]
WARNING: [Synth 8-6014] Unused sequential element axis_cmd_axis_id_reg_reg was removed.  [D:/DMA_MMU_work/src/DMA/axi_dma_rd.v:599]
WARNING: [Synth 8-6014] Unused sequential element axis_cmd_axis_dest_reg_reg was removed.  [D:/DMA_MMU_work/src/DMA/axi_dma_rd.v:600]
WARNING: [Synth 8-6014] Unused sequential element axis_cmd_axis_user_reg_reg was removed.  [D:/DMA_MMU_work/src/DMA/axi_dma_rd.v:601]
WARNING: [Synth 8-6014] Unused sequential element bubble_cycle_reg_reg was removed.  [D:/DMA_MMU_work/src/DMA/axi_dma_rd.v:610]
WARNING: [Synth 8-6014] Unused sequential element first_cycle_reg_reg was removed.  [D:/DMA_MMU_work/src/DMA/axi_dma_rd.v:611]
WARNING: [Synth 8-6014] Unused sequential element axis_id_reg_reg was removed.  [D:/DMA_MMU_work/src/DMA/axi_dma_rd.v:616]
WARNING: [Synth 8-6014] Unused sequential element axis_dest_reg_reg was removed.  [D:/DMA_MMU_work/src/DMA/axi_dma_rd.v:617]
WARNING: [Synth 8-6014] Unused sequential element axis_user_reg_reg was removed.  [D:/DMA_MMU_work/src/DMA/axi_dma_rd.v:618]
WARNING: [Synth 8-6014] Unused sequential element out_fifo_tid_reg was removed. 
WARNING: [Synth 8-6014] Unused sequential element out_fifo_tdest_reg was removed. 
WARNING: [Synth 8-6014] Unused sequential element out_fifo_tuser_reg was removed. 
WARNING: [Synth 8-6014] Unused sequential element m_axis_read_data_tid_reg_reg was removed.  [D:/DMA_MMU_work/src/DMA/axi_dma_rd.v:699]
WARNING: [Synth 8-6014] Unused sequential element m_axis_read_data_tdest_reg_reg was removed.  [D:/DMA_MMU_work/src/DMA/axi_dma_rd.v:700]
WARNING: [Synth 8-6014] Unused sequential element m_axis_read_data_tuser_reg_reg was removed.  [D:/DMA_MMU_work/src/DMA/axi_dma_rd.v:701]
WARNING: [Synth 8-6014] Unused sequential element zero_offset_reg_reg was removed.  [D:/DMA_MMU_work/src/DMA/axi_dma_wr.v:820]
WARNING: [Synth 8-6014] Unused sequential element input_last_cycle_reg_reg was removed.  [D:/DMA_MMU_work/src/DMA/axi_dma_wr.v:829]
WARNING: [Synth 8-6014] Unused sequential element save_axis_tkeep_reg_reg was removed.  [D:/DMA_MMU_work/src/DMA/axi_dma_wr.v:841]
WARNING: [Synth 8-6014] Unused sequential element save_axis_tlast_reg_reg was removed.  [D:/DMA_MMU_work/src/DMA/axi_dma_wr.v:842]
WARNING: [Synth 8-6014] Unused sequential element shift_axis_extra_cycle_reg_reg was removed.  [D:/DMA_MMU_work/src/DMA/axi_dma_wr.v:843]
WARNING: [Synth 8-6014] Unused sequential element save_axis_tdata_reg_reg was removed.  [D:/DMA_MMU_work/src/DMA/axi_dma_wr.v:845]
WARNING: [Synth 8-6014] Unused sequential element genblk1[0].thread_region_reg_reg[0] was removed.  [D:/DMA_MMU_work/src/AXI/axi_crossbar_addr.v:309]
WARNING: [Synth 8-6014] Unused sequential element s_axi_buser_reg_reg was removed.  [D:/DMA_MMU_work/src/AXI/axi_register_wr.v:672]
WARNING: [Synth 8-6014] Unused sequential element m_axi_awuser_reg_reg was removed.  [D:/DMA_MMU_work/src/AXI/axi_register_wr.v:342]
WARNING: [Synth 8-6014] Unused sequential element m_axi_wuser_reg_reg was removed.  [D:/DMA_MMU_work/src/AXI/axi_register_wr.v:445]
WARNING: [Synth 8-6014] Unused sequential element temp_m_axi_wuser_reg_reg was removed.  [D:/DMA_MMU_work/src/AXI/axi_register_wr.v:450]
WARNING: [Synth 8-6014] Unused sequential element genblk1[0].thread_region_reg_reg[0] was removed.  [D:/DMA_MMU_work/src/AXI/axi_crossbar_addr.v:309]
WARNING: [Synth 8-6014] Unused sequential element s_axi_ruser_reg_reg was removed.  [D:/DMA_MMU_work/src/AXI/axi_register_rd.v:434]
WARNING: [Synth 8-6014] Unused sequential element temp_s_axi_ruser_reg_reg was removed.  [D:/DMA_MMU_work/src/AXI/axi_register_rd.v:440]
WARNING: [Synth 8-6014] Unused sequential element m_axi_aruser_reg_reg was removed.  [D:/DMA_MMU_work/src/AXI/axi_register_rd.v:327]
WARNING: [Synth 8-6014] Unused sequential element active_next_q_reg was removed.  [D:/DMA_MMU_work/src/SoC/dma_mmu_axi_top.sv:447]
WARNING: [Synth 8-6014] Unused sequential element a_pipe_q_reg[0][3] was removed.  [D:/DMA_MMU_work/src/Systolic/systolic_matmul_4x4.sv:104]
WARNING: [Synth 8-6014] Unused sequential element a_pipe_q_reg[1][3] was removed.  [D:/DMA_MMU_work/src/Systolic/systolic_matmul_4x4.sv:104]
WARNING: [Synth 8-6014] Unused sequential element a_pipe_q_reg[2][3] was removed.  [D:/DMA_MMU_work/src/Systolic/systolic_matmul_4x4.sv:104]
WARNING: [Synth 8-6014] Unused sequential element a_pipe_q_reg[3][3] was removed.  [D:/DMA_MMU_work/src/Systolic/systolic_matmul_4x4.sv:104]
WARNING: [Synth 8-6014] Unused sequential element b_pipe_q_reg[3][0] was removed.  [D:/DMA_MMU_work/src/Systolic/systolic_matmul_4x4.sv:105]
WARNING: [Synth 8-6014] Unused sequential element b_pipe_q_reg[3][1] was removed.  [D:/DMA_MMU_work/src/Systolic/systolic_matmul_4x4.sv:105]
WARNING: [Synth 8-6014] Unused sequential element b_pipe_q_reg[3][2] was removed.  [D:/DMA_MMU_work/src/Systolic/systolic_matmul_4x4.sv:105]
WARNING: [Synth 8-6014] Unused sequential element b_pipe_q_reg[3][3] was removed.  [D:/DMA_MMU_work/src/Systolic/systolic_matmul_4x4.sv:105]
WARNING: [Synth 8-6014] Unused sequential element a_valid_q_reg[0][3] was removed.  [D:/DMA_MMU_work/src/Systolic/systolic_matmul_4x4.sv:106]
WARNING: [Synth 8-6014] Unused sequential element a_valid_q_reg[1][3] was removed.  [D:/DMA_MMU_work/src/Systolic/systolic_matmul_4x4.sv:106]
WARNING: [Synth 8-6014] Unused sequential element a_valid_q_reg[2][3] was removed.  [D:/DMA_MMU_work/src/Systolic/systolic_matmul_4x4.sv:106]
WARNING: [Synth 8-6014] Unused sequential element a_valid_q_reg[3][3] was removed.  [D:/DMA_MMU_work/src/Systolic/systolic_matmul_4x4.sv:106]
INFO: [Common 17-14] Message 'Synth 8-6014' appears 100 times and further instances of the messages will be disabled. Use the Tcl command set_msg_config to change the current settings.
WARNING: [Synth 8-7129] Port s_axi_aruser[0] in module axi_register_rd__parameterized0 is either unconnected or has no load
WARNING: [Synth 8-7129] Port m_axi_ruser[0] in module axi_register_rd__parameterized0 is either unconnected or has no load
WARNING: [Synth 8-7129] Port s_axi_aruser[0] in module axi_register_rd__parameterized3 is either unconnected or has no load
WARNING: [Synth 8-7129] Port m_axi_ruser[0] in module axi_register_rd__parameterized3 is either unconnected or has no load
WARNING: [Synth 8-7129] Port s_axi_aaddr[31] in module axi_crossbar_addr__parameterized7 is either unconnected or has no load
WARNING: [Synth 8-7129] Port s_axi_aaddr[30] in module axi_crossbar_addr__parameterized7 is either unconnected or has no load
WARNING: [Synth 8-7129] Port s_axi_aaddr[29] in module axi_crossbar_addr__parameterized7 is either unconnected or has no load
WARNING: [Synth 8-7129] Port s_axi_aaddr[28] in module axi_crossbar_addr__parameterized7 is either unconnected or has no load
WARNING: [Synth 8-7129] Port s_axi_aaddr[27] in module axi_crossbar_addr__parameterized7 is either unconnected or has no load
WARNING: [Synth 8-7129] Port s_axi_aaddr[26] in module axi_crossbar_addr__parameterized7 is either unconnected or has no load
WARNING: [Synth 8-7129] Port s_axi_aaddr[25] in module axi_crossbar_addr__parameterized7 is either unconnected or has no load
WARNING: [Synth 8-7129] Port s_axi_aaddr[24] in module axi_crossbar_addr__parameterized7 is either unconnected or has no load
WARNING: [Synth 8-7129] Port s_axi_aaddr[23] in module axi_crossbar_addr__parameterized7 is either unconnected or has no load
WARNING: [Synth 8-7129] Port s_axi_aaddr[22] in module axi_crossbar_addr__parameterized7 is either unconnected or has no load
WARNING: [Synth 8-7129] Port s_axi_aaddr[21] in module axi_crossbar_addr__parameterized7 is either unconnected or has no load
WARNING: [Synth 8-7129] Port s_axi_aaddr[20] in module axi_crossbar_addr__parameterized7 is either unconnected or has no load
WARNING: [Synth 8-7129] Port s_axi_aaddr[19] in module axi_crossbar_addr__parameterized7 is either unconnected or has no load
WARNING: [Synth 8-7129] Port s_axi_aaddr[18] in module axi_crossbar_addr__parameterized7 is either unconnected or has no load
WARNING: [Synth 8-7129] Port s_axi_aaddr[17] in module axi_crossbar_addr__parameterized7 is either unconnected or has no load
WARNING: [Synth 8-7129] Port s_axi_aaddr[16] in module axi_crossbar_addr__parameterized7 is either unconnected or has no load
WARNING: [Synth 8-7129] Port s_axi_aaddr[15] in module axi_crossbar_addr__parameterized7 is either unconnected or has no load
WARNING: [Synth 8-7129] Port s_axi_aaddr[14] in module axi_crossbar_addr__parameterized7 is either unconnected or has no load
WARNING: [Synth 8-7129] Port s_axi_aaddr[13] in module axi_crossbar_addr__parameterized7 is either unconnected or has no load
WARNING: [Synth 8-7129] Port s_axi_aaddr[12] in module axi_crossbar_addr__parameterized7 is either unconnected or has no load
WARNING: [Synth 8-7129] Port s_axi_aaddr[11] in module axi_crossbar_addr__parameterized7 is either unconnected or has no load
WARNING: [Synth 8-7129] Port s_axi_aaddr[10] in module axi_crossbar_addr__parameterized7 is either unconnected or has no load
WARNING: [Synth 8-7129] Port s_axi_aaddr[9] in module axi_crossbar_addr__parameterized7 is either unconnected or has no load
WARNING: [Synth 8-7129] Port s_axi_aaddr[8] in module axi_crossbar_addr__parameterized7 is either unconnected or has no load
WARNING: [Synth 8-7129] Port s_axi_aaddr[7] in module axi_crossbar_addr__parameterized7 is either unconnected or has no load
WARNING: [Synth 8-7129] Port s_axi_aaddr[6] in module axi_crossbar_addr__parameterized7 is either unconnected or has no load
WARNING: [Synth 8-7129] Port s_axi_aaddr[5] in module axi_crossbar_addr__parameterized7 is either unconnected or has no load
WARNING: [Synth 8-7129] Port s_axi_aaddr[4] in module axi_crossbar_addr__parameterized7 is either unconnected or has no load
WARNING: [Synth 8-7129] Port s_axi_aaddr[3] in module axi_crossbar_addr__parameterized7 is either unconnected or has no load
WARNING: [Synth 8-7129] Port s_axi_aaddr[2] in module axi_crossbar_addr__parameterized7 is either unconnected or has no load
WARNING: [Synth 8-7129] Port s_axi_aaddr[1] in module axi_crossbar_addr__parameterized7 is either unconnected or has no load
WARNING: [Synth 8-7129] Port s_axi_aaddr[0] in module axi_crossbar_addr__parameterized7 is either unconnected or has no load
WARNING: [Synth 8-7129] Port s_axi_aprot[2] in module axi_crossbar_addr__parameterized7 is either unconnected or has no load
WARNING: [Synth 8-7129] Port s_axi_aprot[1] in module axi_crossbar_addr__parameterized7 is either unconnected or has no load
WARNING: [Synth 8-7129] Port s_axi_aprot[0] in module axi_crossbar_addr__parameterized7 is either unconnected or has no load
WARNING: [Synth 8-7129] Port s_axi_aqos[3] in module axi_crossbar_addr__parameterized7 is either unconnected or has no load
WARNING: [Synth 8-7129] Port s_axi_aqos[2] in module axi_crossbar_addr__parameterized7 is either unconnected or has no load
WARNING: [Synth 8-7129] Port s_axi_aqos[1] in module axi_crossbar_addr__parameterized7 is either unconnected or has no load
WARNING: [Synth 8-7129] Port s_axi_aqos[0] in module axi_crossbar_addr__parameterized7 is either unconnected or has no load
WARNING: [Synth 8-7129] Port s_axi_awuser[0] in module axi_register_wr__parameterized0 is either unconnected or has no load
WARNING: [Synth 8-7129] Port s_axi_wuser[0] in module axi_register_wr__parameterized0 is either unconnected or has no load
WARNING: [Synth 8-7129] Port m_axi_buser[0] in module axi_register_wr__parameterized0 is either unconnected or has no load
WARNING: [Synth 8-7129] Port s_axi_awuser[0] in module axi_register_wr__parameterized3 is either unconnected or has no load
WARNING: [Synth 8-7129] Port s_axi_wuser[0] in module axi_register_wr__parameterized3 is either unconnected or has no load
WARNING: [Synth 8-7129] Port m_axi_buser[0] in module axi_register_wr__parameterized3 is either unconnected or has no load
WARNING: [Synth 8-7129] Port s_axi_aaddr[31] in module axi_crossbar_addr__parameterized5 is either unconnected or has no load
WARNING: [Synth 8-7129] Port s_axi_aaddr[30] in module axi_crossbar_addr__parameterized5 is either unconnected or has no load
WARNING: [Synth 8-7129] Port s_axi_aaddr[29] in module axi_crossbar_addr__parameterized5 is either unconnected or has no load
WARNING: [Synth 8-7129] Port s_axi_aaddr[28] in module axi_crossbar_addr__parameterized5 is either unconnected or has no load
WARNING: [Synth 8-7129] Port s_axi_aaddr[27] in module axi_crossbar_addr__parameterized5 is either unconnected or has no load
WARNING: [Synth 8-7129] Port s_axi_aaddr[26] in module axi_crossbar_addr__parameterized5 is either unconnected or has no load
WARNING: [Synth 8-7129] Port s_axi_aaddr[25] in module axi_crossbar_addr__parameterized5 is either unconnected or has no load
WARNING: [Synth 8-7129] Port s_axi_aaddr[24] in module axi_crossbar_addr__parameterized5 is either unconnected or has no load
WARNING: [Synth 8-7129] Port s_axi_aaddr[23] in module axi_crossbar_addr__parameterized5 is either unconnected or has no load
WARNING: [Synth 8-7129] Port s_axi_aaddr[22] in module axi_crossbar_addr__parameterized5 is either unconnected or has no load
WARNING: [Synth 8-7129] Port s_axi_aaddr[21] in module axi_crossbar_addr__parameterized5 is either unconnected or has no load
WARNING: [Synth 8-7129] Port s_axi_aaddr[20] in module axi_crossbar_addr__parameterized5 is either unconnected or has no load
WARNING: [Synth 8-7129] Port s_axi_aaddr[19] in module axi_crossbar_addr__parameterized5 is either unconnected or has no load
WARNING: [Synth 8-7129] Port s_axi_aaddr[18] in module axi_crossbar_addr__parameterized5 is either unconnected or has no load
WARNING: [Synth 8-7129] Port s_axi_aaddr[17] in module axi_crossbar_addr__parameterized5 is either unconnected or has no load
WARNING: [Synth 8-7129] Port s_axi_aaddr[16] in module axi_crossbar_addr__parameterized5 is either unconnected or has no load
WARNING: [Synth 8-7129] Port s_axi_aaddr[15] in module axi_crossbar_addr__parameterized5 is either unconnected or has no load
WARNING: [Synth 8-7129] Port s_axi_aaddr[14] in module axi_crossbar_addr__parameterized5 is either unconnected or has no load
WARNING: [Synth 8-7129] Port s_axi_aaddr[13] in module axi_crossbar_addr__parameterized5 is either unconnected or has no load
WARNING: [Synth 8-7129] Port s_axi_aaddr[12] in module axi_crossbar_addr__parameterized5 is either unconnected or has no load
WARNING: [Synth 8-7129] Port s_axi_aaddr[11] in module axi_crossbar_addr__parameterized5 is either unconnected or has no load
WARNING: [Synth 8-7129] Port s_axi_aaddr[10] in module axi_crossbar_addr__parameterized5 is either unconnected or has no load
WARNING: [Synth 8-7129] Port s_axi_aaddr[9] in module axi_crossbar_addr__parameterized5 is either unconnected or has no load
WARNING: [Synth 8-7129] Port s_axi_aaddr[8] in module axi_crossbar_addr__parameterized5 is either unconnected or has no load
WARNING: [Synth 8-7129] Port s_axi_aaddr[7] in module axi_crossbar_addr__parameterized5 is either unconnected or has no load
WARNING: [Synth 8-7129] Port s_axi_aaddr[6] in module axi_crossbar_addr__parameterized5 is either unconnected or has no load
WARNING: [Synth 8-7129] Port s_axi_aaddr[5] in module axi_crossbar_addr__parameterized5 is either unconnected or has no load
WARNING: [Synth 8-7129] Port s_axi_aaddr[4] in module axi_crossbar_addr__parameterized5 is either unconnected or has no load
WARNING: [Synth 8-7129] Port s_axi_aaddr[3] in module axi_crossbar_addr__parameterized5 is either unconnected or has no load
WARNING: [Synth 8-7129] Port s_axi_aaddr[2] in module axi_crossbar_addr__parameterized5 is either unconnected or has no load
WARNING: [Synth 8-7129] Port s_axi_aaddr[1] in module axi_crossbar_addr__parameterized5 is either unconnected or has no load
WARNING: [Synth 8-7129] Port s_axi_aaddr[0] in module axi_crossbar_addr__parameterized5 is either unconnected or has no load
WARNING: [Synth 8-7129] Port s_axi_aprot[2] in module axi_crossbar_addr__parameterized5 is either unconnected or has no load
WARNING: [Synth 8-7129] Port s_axi_aprot[1] in module axi_crossbar_addr__parameterized5 is either unconnected or has no load
WARNING: [Synth 8-7129] Port s_axi_aprot[0] in module axi_crossbar_addr__parameterized5 is either unconnected or has no load
WARNING: [Synth 8-7129] Port s_axi_aqos[3] in module axi_crossbar_addr__parameterized5 is either unconnected or has no load
WARNING: [Synth 8-7129] Port s_axi_aqos[2] in module axi_crossbar_addr__parameterized5 is either unconnected or has no load
WARNING: [Synth 8-7129] Port s_axi_aqos[1] in module axi_crossbar_addr__parameterized5 is either unconnected or has no load
WARNING: [Synth 8-7129] Port s_axi_aqos[0] in module axi_crossbar_addr__parameterized5 is either unconnected or has no load
WARNING: [Synth 8-7129] Port s_axis_tx_tlast in module uart_apb_axis is either unconnected or has no load
WARNING: [Synth 8-7129] Port s_axil_awprot[2] in module axil_to_apb_bridge is either unconnected or has no load
WARNING: [Synth 8-7129] Port s_axil_awprot[1] in module axil_to_apb_bridge is either unconnected or has no load
WARNING: [Synth 8-7129] Port s_axil_awprot[0] in module axil_to_apb_bridge is either unconnected or has no load
WARNING: [Synth 8-7129] Port s_axil_arprot[2] in module axil_to_apb_bridge is either unconnected or has no load
WARNING: [Synth 8-7129] Port s_axil_arprot[1] in module axil_to_apb_bridge is either unconnected or has no load
WARNING: [Synth 8-7129] Port s_axil_arprot[0] in module axil_to_apb_bridge is either unconnected or has no load
WARNING: [Synth 8-7129] Port s_axil_awprot[2] in module systolic_accel_axil_axis is either unconnected or has no load
WARNING: [Synth 8-7129] Port s_axil_awprot[1] in module systolic_accel_axil_axis is either unconnected or has no load
WARNING: [Synth 8-7129] Port s_axil_awprot[0] in module systolic_accel_axil_axis is either unconnected or has no load
WARNING: [Synth 8-7129] Port s_axil_araddr[1] in module systolic_accel_axil_axis is either unconnected or has no load
WARNING: [Synth 8-7129] Port s_axil_araddr[0] in module systolic_accel_axil_axis is either unconnected or has no load
INFO: [Common 17-14] Message 'Synth 8-7129' appears 100 times and further instances of the messages will be disabled. Use the Tcl command set_msg_config to change the current settings.
---------------------------------------------------------------------------------
Finished RTL Elaboration : Time (s): cpu = 00:00:32 ; elapsed = 00:00:38 . Memory (MB): peak = 1840.336 ; gain = 808.973
---------------------------------------------------------------------------------
---------------------------------------------------------------------------------
Start Handling Custom Attributes
---------------------------------------------------------------------------------
---------------------------------------------------------------------------------
Finished Handling Custom Attributes : Time (s): cpu = 00:00:33 ; elapsed = 00:00:39 . Memory (MB): peak = 1840.336 ; gain = 808.973
---------------------------------------------------------------------------------
---------------------------------------------------------------------------------
Finished RTL Optimization Phase 1 : Time (s): cpu = 00:00:33 ; elapsed = 00:00:39 . Memory (MB): peak = 1840.336 ; gain = 808.973
---------------------------------------------------------------------------------
Netlist sorting complete. Time (s): cpu = 00:00:01 ; elapsed = 00:00:00.846 . Memory (MB): peak = 1840.336 ; gain = 0.000
INFO: [Netlist 29-17] Analyzing 1 Unisim elements for replacement
INFO: [Netlist 29-28] Unisim Transformation completed in 0 CPU seconds
INFO: [Project 1-570] Preparing netlist for logic optimization

Processing XDC Constraints
Initializing timing engine
Parsing XDC File [d:/DMA_MMU_work/build/vivado/vc707_ddr3/DMA_IOMMU_PicoRV32_VC707_DDR3.gen/sources_1/ip/vc707_mig/vc707_mig/vc707_mig_in_context.xdc] for cell 'mig_inst'
Finished Parsing XDC File [d:/DMA_MMU_work/build/vivado/vc707_ddr3/DMA_IOMMU_PicoRV32_VC707_DDR3.gen/sources_1/ip/vc707_mig/vc707_mig/vc707_mig_in_context.xdc] for cell 'mig_inst'
Parsing XDC File [d:/DMA_MMU_work/build/vivado/vc707_ddr3/DMA_IOMMU_PicoRV32_VC707_DDR3.gen/sources_1/ip/soc_ddr_clock_converter/soc_ddr_clock_converter/soc_ddr_clock_converter_in_context.xdc] for cell 'ddr_clock_converter_inst'
Finished Parsing XDC File [d:/DMA_MMU_work/build/vivado/vc707_ddr3/DMA_IOMMU_PicoRV32_VC707_DDR3.gen/sources_1/ip/soc_ddr_clock_converter/soc_ddr_clock_converter/soc_ddr_clock_converter_in_context.xdc] for cell 'ddr_clock_converter_inst'
Parsing XDC File [d:/DMA_MMU_work/build/vivado/vc707_ddr3/DMA_IOMMU_PicoRV32_VC707_DDR3.gen/sources_1/ip/soc_ddr_axi_converter/soc_ddr_axi_converter/soc_ddr_axi_converter_in_context.xdc] for cell 'ddr_width_converter_inst'
Finished Parsing XDC File [d:/DMA_MMU_work/build/vivado/vc707_ddr3/DMA_IOMMU_PicoRV32_VC707_DDR3.gen/sources_1/ip/soc_ddr_axi_converter/soc_ddr_axi_converter/soc_ddr_axi_converter_in_context.xdc] for cell 'ddr_width_converter_inst'
Parsing XDC File [D:/DMA_MMU_work/build/vivado/vc707_ddr3/dma_mmu_picorv32_vc707_ddr3.xdc]
Finished Parsing XDC File [D:/DMA_MMU_work/build/vivado/vc707_ddr3/dma_mmu_picorv32_vc707_ddr3.xdc]
INFO: [Project 1-236] Implementation specific constraints were found while reading constraint file [D:/DMA_MMU_work/build/vivado/vc707_ddr3/dma_mmu_picorv32_vc707_ddr3.xdc]. These constraints will be ignored for synthesis but will be used in implementation. Impacted constraints are listed in the file [.Xil/dma_mmu_picorv32_vc707_ddr3_top_propImpl.xdc].
Resolution: To avoid this warning, move constraints listed in [.Xil/dma_mmu_picorv32_vc707_ddr3_top_propImpl.xdc] to another XDC file and exclude this new file from synthesis with the used_in_synthesis property (File Properties dialog in GUI) and re-run elaboration/synthesis.
INFO: [Timing 38-2] Deriving generated clocks
Completed Processing XDC Constraints

Netlist sorting complete. Time (s): cpu = 00:00:00 ; elapsed = 00:00:00.053 . Memory (MB): peak = 1950.820 ; gain = 0.000
INFO: [Project 1-111] Unisim Transformation Summary:
  A total of 1 instances were transformed.
  MMCME2_BASE => MMCME2_ADV: 1 instance 

Constraint Validation Runtime : Time (s): cpu = 00:00:00 ; elapsed = 00:00:00.214 . Memory (MB): peak = 1950.820 ; gain = 0.000
---------------------------------------------------------------------------------
Finished Constraint Validation : Time (s): cpu = 00:01:08 ; elapsed = 00:01:18 . Memory (MB): peak = 1950.820 ; gain = 919.457
---------------------------------------------------------------------------------
---------------------------------------------------------------------------------
Start Loading Part and Timing Information
---------------------------------------------------------------------------------
Loading part: xc7vx485tffg1761-2
---------------------------------------------------------------------------------
Finished Loading Part and Timing Information : Time (s): cpu = 00:01:08 ; elapsed = 00:01:18 . Memory (MB): peak = 1950.820 ; gain = 919.457
---------------------------------------------------------------------------------
---------------------------------------------------------------------------------
Start Applying 'set_property' XDC Constraints
---------------------------------------------------------------------------------
---------------------------------------------------------------------------------
Finished applying 'set_property' XDC Constraints : Time (s): cpu = 00:01:09 ; elapsed = 00:01:19 . Memory (MB): peak = 1950.820 ; gain = 919.457
---------------------------------------------------------------------------------
INFO: [Synth 8-802] inferred FSM for state register 'state_reg_reg' in module 'axi_crossbar_addr'
INFO: [Synth 8-802] inferred FSM for state register 'state_reg_reg' in module 'axi_crossbar_addr__parameterized0'
INFO: [Synth 8-802] inferred FSM for state register 'write_state_reg_reg' in module 'axi_ram'
INFO: [Synth 8-802] inferred FSM for state register 'mem_state_reg' in module 'picorv32'
INFO: [Synth 8-802] inferred FSM for state register 'wstate_q_reg' in module 'picorv32_cpu_mmu'
INFO: [Synth 8-802] inferred FSM for state register 'rstate_q_reg' in module 'picorv32_cpu_mmu'
INFO: [Synth 8-802] inferred FSM for state register 'wstate_q_reg' in module 'picorv32_axil_router'
INFO: [Synth 8-802] inferred FSM for state register 'rstate_q_reg' in module 'picorv32_axil_router'
INFO: [Synth 8-802] inferred FSM for state register 'state_q_reg' in module 'dma_iommu_tlb'
INFO: [Synth 8-802] inferred FSM for state register 'state_q_reg' in module 'dma_axi_scheduler'
INFO: [Synth 8-802] inferred FSM for state register 'read_state_reg_reg' in module 'axi_cdma'
INFO: [Synth 8-802] inferred FSM for state register 'state_reg_reg' in module 'axi_crossbar_addr__parameterized1'
INFO: [Synth 8-802] inferred FSM for state register 'state_reg_reg' in module 'axi_crossbar_addr__parameterized3'
INFO: [Synth 8-802] inferred FSM for state register 'state_q_reg' in module 'axil_to_apb_bridge'
INFO: [Synth 8-802] inferred FSM for state register 'state_reg_reg' in module 'axi_crossbar_addr__parameterized5'
INFO: [Synth 8-802] inferred FSM for state register 'state_reg_reg' in module 'axi_crossbar_addr__parameterized7'
---------------------------------------------------------------------------------------------------
                   State |                     New Encoding |                Previous Encoding 
---------------------------------------------------------------------------------------------------
              STATE_IDLE |                               01 |                              000
            STATE_DECODE |                               10 |                              001
---------------------------------------------------------------------------------------------------
INFO: [Synth 8-3354] encoded FSM with state register 'state_reg_reg' using encoding 'one-hot' in module 'axi_crossbar_addr'
---------------------------------------------------------------------------------------------------
                   State |                     New Encoding |                Previous Encoding 
---------------------------------------------------------------------------------------------------
              STATE_IDLE |                               01 |                              000
            STATE_DECODE |                               10 |                              001
---------------------------------------------------------------------------------------------------
INFO: [Synth 8-3354] encoded FSM with state register 'state_reg_reg' using encoding 'one-hot' in module 'axi_crossbar_addr__parameterized0'
---------------------------------------------------------------------------------------------------
                   State |                     New Encoding |                Previous Encoding 
---------------------------------------------------------------------------------------------------
        WRITE_STATE_IDLE |                              001 |                               00
       WRITE_STATE_BURST |                              010 |                               01
        WRITE_STATE_RESP |                              100 |                               10
---------------------------------------------------------------------------------------------------
INFO: [Synth 8-3354] encoded FSM with state register 'write_state_reg_reg' using encoding 'one-hot' in module 'axi_ram'
WARNING: [Synth 8-6841] Block RAM (mem_reg) originally specified as a Byte Wide Write Enable RAM cannot take advantage of ByteWide feature and is implemented with single write enable per RAM due to following reason.
(address width (14) is more than optimal threshold of 12. Implementing using BWWE will require more logic and timing would be suboptimal. Please use attribute ram_decomp = power if BWWE is desired.)
---------------------------------------------------------------------------------------------------
                   State |                     New Encoding |                Previous Encoding 
---------------------------------------------------------------------------------------------------
                 iSTATE2 |                             0001 |                               00
                 iSTATE0 |                             0010 |                               10
                  iSTATE |                             0100 |                               01
                 iSTATE1 |                             1000 |                               11
---------------------------------------------------------------------------------------------------
INFO: [Synth 8-3354] encoded FSM with state register 'mem_state_reg' using encoding 'one-hot' in module 'picorv32'
---------------------------------------------------------------------------------------------------
                   State |                     New Encoding |                Previous Encoding 
---------------------------------------------------------------------------------------------------
                  R_IDLE |                         00000001 |                              000
              R_CLASSIFY |                         10000000 |                              001
                R_LOOKUP |                         01000000 |                              010
            R_TLB_RESULT |                         00100000 |                              011
             R_PT_RESULT |                         00001000 |                              100
                  R_SEND |                         00000100 |                              101
                R_WAIT_R |                         00000010 |                              110
                  iSTATE |                         00010000 |                              111
*
---------------------------------------------------------------------------------------------------
INFO: [Synth 8-3354] encoded FSM with state register 'rstate_q_reg' using encoding 'one-hot' in module 'picorv32_cpu_mmu'
---------------------------------------------------------------------------------------------------
                   State |                     New Encoding |                Previous Encoding 
---------------------------------------------------------------------------------------------------
               W_COLLECT |                         00000001 |                              000
              W_CLASSIFY |                         10000000 |                              001
                W_LOOKUP |                         01000000 |                              010
            W_TLB_RESULT |                         00100000 |                              011
             W_PT_RESULT |                         00001000 |                              100
                  W_SEND |                         00000100 |                              101
                W_WAIT_B |                         00000010 |                              110
                  iSTATE |                         00010000 |                              111
*
---------------------------------------------------------------------------------------------------
INFO: [Synth 8-3354] encoded FSM with state register 'wstate_q_reg' using encoding 'one-hot' in module 'picorv32_cpu_mmu'
---------------------------------------------------------------------------------------------------
                   State |                     New Encoding |                Previous Encoding 
---------------------------------------------------------------------------------------------------
               W_COLLECT |                              001 |                               00
                  W_SEND |                              010 |                               01
                  iSTATE |                              100 |                               10
*
---------------------------------------------------------------------------------------------------
INFO: [Synth 8-3354] encoded FSM with state register 'wstate_q_reg' using encoding 'one-hot' in module 'picorv32_axil_router'
---------------------------------------------------------------------------------------------------
                   State |                     New Encoding |                Previous Encoding 
---------------------------------------------------------------------------------------------------
                  R_IDLE |                              001 |                               00
                  R_SEND |                              010 |                               01
                  iSTATE |                              100 |                               10
*
---------------------------------------------------------------------------------------------------
INFO: [Synth 8-3354] encoded FSM with state register 'rstate_q_reg' using encoding 'one-hot' in module 'picorv32_axil_router'
---------------------------------------------------------------------------------------------------
                   State |                     New Encoding |                Previous Encoding 
---------------------------------------------------------------------------------------------------
             LOOKUP_IDLE |                              001 |                               00
            LOOKUP_MATCH |                              010 |                               01
             LOOKUP_RESP |                              100 |                               10
---------------------------------------------------------------------------------------------------
INFO: [Synth 8-3354] encoded FSM with state register 'state_q_reg' using encoding 'one-hot' in module 'dma_iommu_tlb'
---------------------------------------------------------------------------------------------------
                   State |                     New Encoding |                Previous Encoding 
---------------------------------------------------------------------------------------------------
                 ST_IDLE |                    0000001000000 |                             0000
              ST_PREPARE |                    0010000000000 |                             0001
       ST_LIMIT_SRC_PAGE |                    0000000100000 |                             0010
       ST_LIMIT_DST_PAGE |                    0000000000001 |                             0011
         ST_AUTH_SRC_REQ |                    0000000000010 |                             0100
        ST_AUTH_SRC_WAIT |                    0000000010000 |                             0101
         ST_AUTH_DST_REQ |                    0000000000100 |                             0110
        ST_AUTH_DST_WAIT |                    0100000000000 |                             0111
           ST_ISSUE_DESC |                    0000000001000 |                             1000
          ST_WAIT_ENGINE |                    1000000000000 |                             1001
                ST_FAULT |                    0000010000000 |                             1100
                 ST_DONE |                    0000100000000 |                             1011
                  ST_GAP |                    0001000000000 |                             1010
---------------------------------------------------------------------------------------------------
INFO: [Synth 8-3354] encoded FSM with state register 'state_q_reg' using encoding 'one-hot' in module 'dma_axi_scheduler'
---------------------------------------------------------------------------------------------------
                   State |                     New Encoding |                Previous Encoding 
---------------------------------------------------------------------------------------------------
         READ_STATE_IDLE |                             0001 |                               00
        READ_STATE_START |                             0010 |                               01
          READ_STATE_REQ |                             0100 |                               10
         READ_STATE_PREP |                             1000 |                               11
---------------------------------------------------------------------------------------------------
INFO: [Synth 8-3354] encoded FSM with state register 'read_state_reg_reg' using encoding 'one-hot' in module 'axi_cdma'
---------------------------------------------------------------------------------------------------
                   State |                     New Encoding |                Previous Encoding 
---------------------------------------------------------------------------------------------------
              STATE_IDLE |                               01 |                              000
            STATE_DECODE |                               10 |                              001
---------------------------------------------------------------------------------------------------
INFO: [Synth 8-3354] encoded FSM with state register 'state_reg_reg' using encoding 'one-hot' in module 'axi_crossbar_addr__parameterized1'
---------------------------------------------------------------------------------------------------
                   State |                     New Encoding |                Previous Encoding 
---------------------------------------------------------------------------------------------------
              STATE_IDLE |                               01 |                              000
            STATE_DECODE |                               10 |                              001
---------------------------------------------------------------------------------------------------
INFO: [Synth 8-3354] encoded FSM with state register 'state_reg_reg' using encoding 'one-hot' in module 'axi_crossbar_addr__parameterized3'
---------------------------------------------------------------------------------------------------
                   State |                     New Encoding |                Previous Encoding 
---------------------------------------------------------------------------------------------------
                    IDLE |                             0001 |                               00
                   SETUP |                             0010 |                               01
                  ACCESS |                             0100 |                               10
                    RESP |                             1000 |                               11
---------------------------------------------------------------------------------------------------
INFO: [Synth 8-3354] encoded FSM with state register 'state_q_reg' using encoding 'one-hot' in module 'axil_to_apb_bridge'
---------------------------------------------------------------------------------------------------
                   State |                     New Encoding |                Previous Encoding 
---------------------------------------------------------------------------------------------------
              STATE_IDLE |                               01 |                              000
            STATE_DECODE |                               10 |                              001
---------------------------------------------------------------------------------------------------
INFO: [Synth 8-3354] encoded FSM with state register 'state_reg_reg' using encoding 'one-hot' in module 'axi_crossbar_addr__parameterized5'
---------------------------------------------------------------------------------------------------
                   State |                     New Encoding |                Previous Encoding 
---------------------------------------------------------------------------------------------------
              STATE_IDLE |                               01 |                              000
            STATE_DECODE |                               10 |                              001
---------------------------------------------------------------------------------------------------
INFO: [Synth 8-3354] encoded FSM with state register 'state_reg_reg' using encoding 'one-hot' in module 'axi_crossbar_addr__parameterized7'
---------------------------------------------------------------------------------
Finished RTL Optimization Phase 2 : Time (s): cpu = 00:01:28 ; elapsed = 00:01:42 . Memory (MB): peak = 1950.820 ; gain = 919.457
---------------------------------------------------------------------------------
---------------------------------------------------------------------------------
Start RTL Component Statistics 
---------------------------------------------------------------------------------
Detailed RTL Component Info : 
+---Adders : 
	   2 Input   64 Bit       Adders := 2     
	   3 Input   33 Bit       Adders := 1     
	   2 Input   32 Bit       Adders := 59    
	   3 Input   32 Bit       Adders := 2     
	   2 Input   16 Bit       Adders := 2     
	   2 Input   13 Bit       Adders := 2     
	   3 Input   13 Bit       Adders := 2     
	   2 Input    8 Bit       Adders := 8     
	   2 Input    7 Bit       Adders := 6     
	   3 Input    7 Bit       Adders := 4     
	   4 Input    7 Bit       Adders := 1     
	   2 Input    6 Bit       Adders := 18    
	   3 Input    6 Bit       Adders := 3     
	   3 Input    5 Bit       Adders := 16    
	   2 Input    5 Bit       Adders := 3     
	   2 Input    4 Bit       Adders := 18    
	   2 Input    3 Bit       Adders := 82    
	   2 Input    2 Bit       Adders := 24    
+---XORs : 
	   2 Input     32 Bit         XORs := 1     
	   2 Input      6 Bit         XORs := 3     
+---Registers : 
	              512 Bit    Registers := 1     
	              128 Bit    Registers := 2     
	               64 Bit    Registers := 6     
	               36 Bit    Registers := 1     
	               32 Bit    Registers := 182   
	               20 Bit    Registers := 82    
	               16 Bit    Registers := 18    
	               13 Bit    Registers := 2     
	               10 Bit    Registers := 1     
	                8 Bit    Registers := 96    
	                7 Bit    Registers := 9     
	                6 Bit    Registers := 39    
	                5 Bit    Registers := 24    
	                4 Bit    Registers := 86    
	                3 Bit    Registers := 67    
	                2 Bit    Registers := 129   
	                1 Bit    Registers := 672   
+---RAMs : 
	             512K Bit	(16384 X 32 bit)          RAMs := 1     
	               1K Bit	(36 X 32 bit)          RAMs := 1     
	              256 Bit	(32 X 8 bit)          RAMs := 2     
	              224 Bit	(32 X 7 bit)          RAMs := 1     
	               64 Bit	(32 X 2 bit)          RAMs := 1     
	               32 Bit	(32 X 1 bit)          RAMs := 5     
+---Muxes : 
	   2 Input   64 Bit        Muxes := 5     
	   2 Input   32 Bit        Muxes := 196   
	   3 Input   32 Bit        Muxes := 3     
	  13 Input   32 Bit        Muxes := 6     
	   4 Input   32 Bit        Muxes := 16    
	   7 Input   32 Bit        Muxes := 2     
	   8 Input   32 Bit        Muxes := 9     
	   5 Input   32 Bit        Muxes := 4     
	  10 Input   32 Bit        Muxes := 3     
	   6 Input   32 Bit        Muxes := 1     
	   4 Input   20 Bit        Muxes := 3     
	   2 Input   20 Bit        Muxes := 18    
	   8 Input   20 Bit        Muxes := 8     
	   2 Input   16 Bit        Muxes := 18    
	   3 Input   16 Bit        Muxes := 1     
	   2 Input   13 Bit        Muxes := 11    
	  13 Input   13 Bit        Muxes := 3     
	   2 Input   10 Bit        Muxes := 2     
	   2 Input    8 Bit        Muxes := 82    
	  13 Input    8 Bit        Muxes := 1     
	   3 Input    8 Bit        Muxes := 4     
	   4 Input    8 Bit        Muxes := 2     
	   8 Input    8 Bit        Muxes := 2     
	  10 Input    8 Bit        Muxes := 1     
	   2 Input    7 Bit        Muxes := 17    
	   4 Input    7 Bit        Muxes := 3     
	   7 Input    7 Bit        Muxes := 3     
	   2 Input    6 Bit        Muxes := 15    
	   7 Input    6 Bit        Muxes := 2     
	   3 Input    6 Bit        Muxes := 1     
	   4 Input    6 Bit        Muxes := 1     
	   2 Input    5 Bit        Muxes := 11    
	   2 Input    4 Bit        Muxes := 79    
	   3 Input    4 Bit        Muxes := 2     
	   4 Input    4 Bit        Muxes := 4     
	   7 Input    4 Bit        Muxes := 2     
	   5 Input    4 Bit        Muxes := 1     
	   2 Input    3 Bit        Muxes := 70    
	   5 Input    3 Bit        Muxes := 1     
	   3 Input    3 Bit        Muxes := 6     
	   8 Input    3 Bit        Muxes := 2     
	   2 Input    2 Bit        Muxes := 177   
	   3 Input    2 Bit        Muxes := 5     
	   8 Input    2 Bit        Muxes := 4     
	   4 Input    2 Bit        Muxes := 1     
	   2 Input    1 Bit        Muxes := 979   
	   4 Input    1 Bit        Muxes := 55    
	   3 Input    1 Bit        Muxes := 60    
	  13 Input    1 Bit        Muxes := 14    
	   7 Input    1 Bit        Muxes := 75    
	   6 Input    1 Bit        Muxes := 8     
	   8 Input    1 Bit        Muxes := 115   
	  10 Input    1 Bit        Muxes := 11    
	   5 Input    1 Bit        Muxes := 2     
---------------------------------------------------------------------------------
Finished RTL Component Statistics 
---------------------------------------------------------------------------------
---------------------------------------------------------------------------------
Start Part Resource Summary
---------------------------------------------------------------------------------
Part Resources:
DSPs: 2800 (col length:140)
BRAMs: 2060 (col length: RAMB18 140 RAMB36 70)
---------------------------------------------------------------------------------
Finished Part Resource Summary
---------------------------------------------------------------------------------
---------------------------------------------------------------------------------
Start Cross Boundary and Area Optimization
---------------------------------------------------------------------------------
WARNING: [Synth 8-7080] Parallel synthesis criteria is not met
DSP Report: Generating DSP p_0_out, operation Mode is: A*B.
DSP Report: operator p_0_out is absorbed into DSP p_0_out.
DSP Report: Generating DSP p_0_out, operation Mode is: A*B.
DSP Report: operator p_0_out is absorbed into DSP p_0_out.
DSP Report: Generating DSP p_0_out, operation Mode is: A*B.
DSP Report: operator p_0_out is absorbed into DSP p_0_out.
DSP Report: Generating DSP p_0_out, operation Mode is: A*B.
DSP Report: operator p_0_out is absorbed into DSP p_0_out.
DSP Report: Generating DSP p_0_out, operation Mode is: A*B.
DSP Report: operator p_0_out is absorbed into DSP p_0_out.
DSP Report: Generating DSP p_0_out, operation Mode is: A*B.
DSP Report: operator p_0_out is absorbed into DSP p_0_out.
DSP Report: Generating DSP p_0_out, operation Mode is: A*B.
DSP Report: operator p_0_out is absorbed into DSP p_0_out.
DSP Report: Generating DSP p_0_out, operation Mode is: A*B.
DSP Report: operator p_0_out is absorbed into DSP p_0_out.
DSP Report: Generating DSP p_0_out, operation Mode is: A*B.
DSP Report: operator p_0_out is absorbed into DSP p_0_out.
DSP Report: Generating DSP p_0_out, operation Mode is: A*B.
DSP Report: operator p_0_out is absorbed into DSP p_0_out.
DSP Report: Generating DSP p_0_out, operation Mode is: A*B.
DSP Report: operator p_0_out is absorbed into DSP p_0_out.
DSP Report: Generating DSP p_0_out, operation Mode is: A*B.
DSP Report: operator p_0_out is absorbed into DSP p_0_out.
DSP Report: Generating DSP p_0_out, operation Mode is: A*B.
DSP Report: operator p_0_out is absorbed into DSP p_0_out.
DSP Report: Generating DSP p_0_out, operation Mode is: A*B.
DSP Report: operator p_0_out is absorbed into DSP p_0_out.
DSP Report: Generating DSP p_0_out, operation Mode is: A*B.
DSP Report: operator p_0_out is absorbed into DSP p_0_out.
DSP Report: Generating DSP p_0_out, operation Mode is: A*B.
DSP Report: operator p_0_out is absorbed into DSP p_0_out.
WARNING: [Synth 8-6841] Block RAM (g_bram_ddr3.memory_subsystem_inst/boot_ram_inst/mem_reg) originally specified as a Byte Wide Write Enable RAM cannot take advantage of ByteWide feature and is implemented with single write enable per RAM due to following reason.
(address width (14) is more than optimal threshold of 12. Implementing using BWWE will require more logic and timing would be suboptimal. Please use attribute ram_decomp = power if BWWE is desired.)
---------------------------------------------------------------------------------
Finished Cross Boundary and Area Optimization : Time (s): cpu = 00:05:07 ; elapsed = 00:05:52 . Memory (MB): peak = 2226.758 ; gain = 1195.395
---------------------------------------------------------------------------------
 Sort Area is dma_mmu_picorv32_soc__GB2 p_0_out_0 : 0 0 : 454 454 : Used 1 time 100
 Sort Area is dma_mmu_picorv32_soc__GB2 p_0_out_10 : 0 0 : 454 454 : Used 1 time 100
 Sort Area is dma_mmu_picorv32_soc__GB2 p_0_out_2 : 0 0 : 454 454 : Used 1 time 100
 Sort Area is dma_mmu_picorv32_soc__GB2 p_0_out_3 : 0 0 : 454 454 : Used 1 time 100
 Sort Area is dma_mmu_picorv32_soc__GB2 p_0_out_4 : 0 0 : 454 454 : Used 1 time 100
 Sort Area is dma_mmu_picorv32_soc__GB2 p_0_out_5 : 0 0 : 454 454 : Used 1 time 100
 Sort Area is dma_mmu_picorv32_soc__GB2 p_0_out_6 : 0 0 : 454 454 : Used 1 time 100
 Sort Area is dma_mmu_picorv32_soc__GB2 p_0_out_7 : 0 0 : 454 454 : Used 1 time 100
 Sort Area is dma_mmu_picorv32_soc__GB2 p_0_out_8 : 0 0 : 454 454 : Used 1 time 100
 Sort Area is dma_mmu_picorv32_soc__GB2 p_0_out_9 : 0 0 : 454 454 : Used 1 time 100
 Sort Area is dma_mmu_picorv32_soc__GB2 p_0_out_a : 0 0 : 454 454 : Used 1 time 100
 Sort Area is dma_mmu_picorv32_soc__GB2 p_0_out_b : 0 0 : 454 454 : Used 1 time 100
 Sort Area is dma_mmu_picorv32_soc__GB2 p_0_out_c : 0 0 : 454 454 : Used 1 time 100
 Sort Area is dma_mmu_picorv32_soc__GB2 p_0_out_d : 0 0 : 454 454 : Used 1 time 100
 Sort Area is dma_mmu_picorv32_soc__GB2 p_0_out_e : 0 0 : 454 454 : Used 1 time 100
 Sort Area is dma_mmu_picorv32_soc__GB2 p_0_out_f : 0 0 : 454 454 : Used 1 time 100
---------------------------------------------------------------------------------
Start ROM, RAM, DSP, Shift Register and Retiming Reporting
---------------------------------------------------------------------------------

Block RAM: Preliminary Mapping Report (see note below)
+--------------------------------+---------------------------------------------------------+------------------------+---+---+------------------------+---+---+------------------+--------+--------+
|Module Name                     | RTL Object                                              | PORT A (Depth x Width) | W | R | PORT B (Depth x Width) | W | R | Ports driving FF | RAMB18 | RAMB36 | 
+--------------------------------+---------------------------------------------------------+------------------------+---+---+------------------------+---+---+------------------+--------+--------+
|dma_mmu_picorv32_vc707_ddr3_top | g_bram_ddr3.memory_subsystem_inst/boot_ram_inst/mem_reg | 16 K x 32(READ_FIRST)  | W |   | 16 K x 32(WRITE_FIRST) |   | R | Port A and B     | 0      | 16     | 
+--------------------------------+---------------------------------------------------------+------------------------+---+---+------------------------+---+---+------------------+--------+--------+

Note: The table above is a preliminary report that shows the Block RAMs at the current stage of the synthesis flow. Some Block RAMs may be reimplemented as non Block RAM primitives later in the synthesis flow. Multiple instantiated Block RAMs are reported only once. 

Distributed RAM: Preliminary Mapping Report (see note below)
+---------------------------------------+----------------------+----------------+----------------------+---------------+
|Module Name                            | RTL Object           | Inference      | Size (Depth x Width) | Primitives    | 
+---------------------------------------+----------------------+----------------+----------------------+---------------+
|soc_insti_1/dma_iommu_inst/cdma_inst   | status_fifo_last_reg | Implied        | 32 x 1               | RAM32X1D x 1  | 
|soc_insti_1/dma_iommu_inst/cdma_inst   | status_fifo_resp_reg | Implied        | 32 x 2               | RAM32X1D x 2  | 
|soc_insti_1/dma_iommu_inst/cdma_inst   | out_fifo_wdata_reg   | User Attribute | 32 x 32              | RAM32M x 6    | 
|soc_insti_1/dma_iommu_inst/cdma_inst   | out_fifo_wstrb_reg   | User Attribute | 32 x 4               | RAM32M x 1    | 
|soc_insti_1/dma_iommu_inst/cdma_inst   | out_fifo_wlast_reg   | User Attribute | 32 x 1               | RAM32X1D x 1  | 
|soc_insti_1/dma_iommu_inst/dma_rd_inst | out_fifo_tdata_reg   | User Attribute | 32 x 32              | RAM32M x 6    | 
|soc_insti_1/dma_iommu_inst/dma_rd_inst | out_fifo_tkeep_reg   | User Attribute | 32 x 4               | RAM32M x 1    | 
|soc_insti_1/dma_iommu_inst/dma_wr_inst | status_fifo_last_reg | Implied        | 32 x 1               | RAM32X1D x 1  | 
|soc_insti_1/dma_iommu_inst/dma_wr_inst | out_fifo_wdata_reg   | User Attribute | 32 x 32              | RAM32M x 6    | 
|soc_insti_1/dma_iommu_inst/dma_wr_inst | out_fifo_wstrb_reg   | User Attribute | 32 x 4               | RAM32M x 1    | 
|soc_insti_1/dma_iommu_inst/dma_wr_inst | out_fifo_wlast_reg   | User Attribute | 32 x 1               | RAM32X1D x 1  | 
|soc_insti_2/\cpu_inst/picorv32_core    | cpuregs_reg          | Implied        | 64 x 32              | RAM64M x 22   | 
+---------------------------------------+----------------------+----------------+----------------------+---------------+

Note: The table above is a preliminary report that shows the Distributed RAMs at the current stage of the synthesis flow. Some Distributed RAMs may be reimplemented as non Distributed RAM primitives later in the synthesis flow. Multiple instantiated RAMs are reported only once.

DSP: Preliminary Mapping Report (see note below. The ' indicates corresponding REG is set)
+--------------------+-------------+--------+--------+--------+--------+--------+------+------+------+------+-------+------+------+
|Module Name         | DSP Mapping | A Size | B Size | C Size | D Size | P Size | AREG | BREG | CREG | DREG | ADREG | MREG | PREG | 
+--------------------+-------------+--------+--------+--------+--------+--------+------+------+------+------+-------+------+------+
|systolic_matmul_4x4 | A*B         | 8      | 8      | -      | -      | 16     | 0    | 0    | -    | -    | -     | 0    | 0    | 
|systolic_matmul_4x4 | A*B         | 8      | 8      | -      | -      | 16     | 0    | 0    | -    | -    | -     | 0    | 0    | 
|systolic_matmul_4x4 | A*B         | 8      | 8      | -      | -      | 16     | 0    | 0    | -    | -    | -     | 0    | 0    | 
|systolic_matmul_4x4 | A*B         | 8      | 8      | -      | -      | 16     | 0    | 0    | -    | -    | -     | 0    | 0    | 
|systolic_matmul_4x4 | A*B         | 8      | 8      | -      | -      | 16     | 0    | 0    | -    | -    | -     | 0    | 0    | 
|systolic_matmul_4x4 | A*B         | 8      | 8      | -      | -      | 16     | 0    | 0    | -    | -    | -     | 0    | 0    | 
|systolic_matmul_4x4 | A*B         | 8      | 8      | -      | -      | 16     | 0    | 0    | -    | -    | -     | 0    | 0    | 
|systolic_matmul_4x4 | A*B         | 8      | 8      | -      | -      | 16     | 0    | 0    | -    | -    | -     | 0    | 0    | 
|systolic_matmul_4x4 | A*B         | 8      | 8      | -      | -      | 16     | 0    | 0    | -    | -    | -     | 0    | 0    | 
|systolic_matmul_4x4 | A*B         | 8      | 8      | -      | -      | 16     | 0    | 0    | -    | -    | -     | 0    | 0    | 
|systolic_matmul_4x4 | A*B         | 8      | 8      | -      | -      | 16     | 0    | 0    | -    | -    | -     | 0    | 0    | 
|systolic_matmul_4x4 | A*B         | 8      | 8      | -      | -      | 16     | 0    | 0    | -    | -    | -     | 0    | 0    | 
|systolic_matmul_4x4 | A*B         | 8      | 8      | -      | -      | 16     | 0    | 0    | -    | -    | -     | 0    | 0    | 
|systolic_matmul_4x4 | A*B         | 8      | 8      | -      | -      | 16     | 0    | 0    | -    | -    | -     | 0    | 0    | 
|systolic_matmul_4x4 | A*B         | 8      | 8      | -      | -      | 16     | 0    | 0    | -    | -    | -     | 0    | 0    | 
|systolic_matmul_4x4 | A*B         | 8      | 8      | -      | -      | 16     | 0    | 0    | -    | -    | -     | 0    | 0    | 
+--------------------+-------------+--------+--------+--------+--------+--------+------+------+------+------+-------+------+------+

Note: The table above is a preliminary report that shows the DSPs inferred at the current stage of the synthesis flow. Some DSP may be reimplemented as non DSP primitives later in the synthesis flow. Multiple instantiated DSPs are reported only once.
---------------------------------------------------------------------------------
Finished ROM, RAM, DSP, Shift Register and Retiming Reporting
---------------------------------------------------------------------------------
---------------------------------------------------------------------------------
Start Applying XDC Timing Constraints
---------------------------------------------------------------------------------
---------------------------------------------------------------------------------
Finished Applying XDC Timing Constraints : Time (s): cpu = 00:05:33 ; elapsed = 00:06:21 . Memory (MB): peak = 2226.758 ; gain = 1195.395
---------------------------------------------------------------------------------
---------------------------------------------------------------------------------
Start Timing Optimization
---------------------------------------------------------------------------------
---------------------------------------------------------------------------------
Finished Timing Optimization : Time (s): cpu = 00:06:44 ; elapsed = 00:07:43 . Memory (MB): peak = 2324.945 ; gain = 1293.582
---------------------------------------------------------------------------------
---------------------------------------------------------------------------------
Start ROM, RAM, DSP, Shift Register and Retiming Reporting
---------------------------------------------------------------------------------

Block RAM: Final Mapping Report
+--------------------------------+---------------------------------------------------------+------------------------+---+---+------------------------+---+---+------------------+--------+--------+
|Module Name                     | RTL Object                                              | PORT A (Depth x Width) | W | R | PORT B (Depth x Width) | W | R | Ports driving FF | RAMB18 | RAMB36 | 
+--------------------------------+---------------------------------------------------------+------------------------+---+---+------------------------+---+---+------------------+--------+--------+
|dma_mmu_picorv32_vc707_ddr3_top | g_bram_ddr3.memory_subsystem_inst/boot_ram_inst/mem_reg | 16 K x 32(READ_FIRST)  | W |   | 16 K x 32(WRITE_FIRST) |   | R | Port A and B     | 0      | 16     | 
+--------------------------------+---------------------------------------------------------+------------------------+---+---+------------------------+---+---+------------------+--------+--------+


Distributed RAM: Final Mapping Report
+---------------------------------------+----------------------+----------------+----------------------+---------------+
|Module Name                            | RTL Object           | Inference      | Size (Depth x Width) | Primitives    | 
+---------------------------------------+----------------------+----------------+----------------------+---------------+
|soc_insti_1/dma_iommu_inst/cdma_inst   | status_fifo_last_reg | Implied        | 32 x 1               | RAM32X1D x 1  | 
|soc_insti_1/dma_iommu_inst/cdma_inst   | status_fifo_resp_reg | Implied        | 32 x 2               | RAM32X1D x 2  | 
|soc_insti_1/dma_iommu_inst/cdma_inst   | out_fifo_wdata_reg   | User Attribute | 32 x 32              | RAM32M x 6    | 
|soc_insti_1/dma_iommu_inst/cdma_inst   | out_fifo_wstrb_reg   | User Attribute | 32 x 4               | RAM32M x 1    | 
|soc_insti_1/dma_iommu_inst/cdma_inst   | out_fifo_wlast_reg   | User Attribute | 32 x 1               | RAM32X1D x 1  | 
|soc_insti_1/dma_iommu_inst/dma_rd_inst | out_fifo_tdata_reg   | User Attribute | 32 x 32              | RAM32M x 6    | 
|soc_insti_1/dma_iommu_inst/dma_rd_inst | out_fifo_tkeep_reg   | User Attribute | 32 x 4               | RAM32M x 1    | 
|soc_insti_1/dma_iommu_inst/dma_wr_inst | status_fifo_last_reg | Implied        | 32 x 1               | RAM32X1D x 1  | 
|soc_insti_1/dma_iommu_inst/dma_wr_inst | out_fifo_wdata_reg   | User Attribute | 32 x 32              | RAM32M x 6    | 
|soc_insti_1/dma_iommu_inst/dma_wr_inst | out_fifo_wstrb_reg   | User Attribute | 32 x 4               | RAM32M x 1    | 
|soc_insti_1/dma_iommu_inst/dma_wr_inst | out_fifo_wlast_reg   | User Attribute | 32 x 1               | RAM32X1D x 1  | 
|soc_insti_2/\cpu_inst/picorv32_core    | cpuregs_reg          | Implied        | 64 x 32              | RAM64M x 22   | 
+---------------------------------------+----------------------+----------------+----------------------+---------------+

---------------------------------------------------------------------------------
Finished ROM, RAM, DSP, Shift Register and Retiming Reporting
---------------------------------------------------------------------------------
---------------------------------------------------------------------------------
Start Technology Mapping
---------------------------------------------------------------------------------
---------------------------------------------------------------------------------
Finished Technology Mapping : Time (s): cpu = 00:07:00 ; elapsed = 00:08:02 . Memory (MB): peak = 2324.945 ; gain = 1293.582
---------------------------------------------------------------------------------
---------------------------------------------------------------------------------
Start IO Insertion
---------------------------------------------------------------------------------
---------------------------------------------------------------------------------
Start Flattening Before IO Insertion
---------------------------------------------------------------------------------
---------------------------------------------------------------------------------
Finished Flattening Before IO Insertion
---------------------------------------------------------------------------------
---------------------------------------------------------------------------------
Start Final Netlist Cleanup
---------------------------------------------------------------------------------
---------------------------------------------------------------------------------
Finished Final Netlist Cleanup
---------------------------------------------------------------------------------
---------------------------------------------------------------------------------
Finished IO Insertion : Time (s): cpu = 00:07:11 ; elapsed = 00:08:15 . Memory (MB): peak = 2383.496 ; gain = 1352.133
---------------------------------------------------------------------------------
---------------------------------------------------------------------------------
Start Renaming Generated Instances
---------------------------------------------------------------------------------
---------------------------------------------------------------------------------
Finished Renaming Generated Instances : Time (s): cpu = 00:07:12 ; elapsed = 00:08:15 . Memory (MB): peak = 2383.496 ; gain = 1352.133
---------------------------------------------------------------------------------
---------------------------------------------------------------------------------
Start Rebuilding User Hierarchy
---------------------------------------------------------------------------------
---------------------------------------------------------------------------------
Finished Rebuilding User Hierarchy : Time (s): cpu = 00:07:14 ; elapsed = 00:08:18 . Memory (MB): peak = 2383.496 ; gain = 1352.133
---------------------------------------------------------------------------------
---------------------------------------------------------------------------------
Start Renaming Generated Ports
---------------------------------------------------------------------------------
---------------------------------------------------------------------------------
Finished Renaming Generated Ports : Time (s): cpu = 00:07:14 ; elapsed = 00:08:18 . Memory (MB): peak = 2383.496 ; gain = 1352.133
---------------------------------------------------------------------------------
---------------------------------------------------------------------------------
Start Handling Custom Attributes
---------------------------------------------------------------------------------
---------------------------------------------------------------------------------
Finished Handling Custom Attributes : Time (s): cpu = 00:07:14 ; elapsed = 00:08:18 . Memory (MB): peak = 2400.340 ; gain = 1368.977
---------------------------------------------------------------------------------
---------------------------------------------------------------------------------
Start Renaming Generated Nets
---------------------------------------------------------------------------------
---------------------------------------------------------------------------------
Finished Renaming Generated Nets : Time (s): cpu = 00:07:14 ; elapsed = 00:08:19 . Memory (MB): peak = 2400.340 ; gain = 1368.977
---------------------------------------------------------------------------------
---------------------------------------------------------------------------------
Start Writing Synthesis Report
---------------------------------------------------------------------------------

DSP Final Report (the ' indicates corresponding REG is set)
+--------------------+-------------+--------+--------+--------+--------+--------+------+------+------+------+-------+------+------+
|Module Name         | DSP Mapping | A Size | B Size | C Size | D Size | P Size | AREG | BREG | CREG | DREG | ADREG | MREG | PREG | 
+--------------------+-------------+--------+--------+--------+--------+--------+------+------+------+------+-------+------+------+
|systolic_matmul_4x4 | A*B         | 30     | 18     | -      | -      | 16     | 0    | 0    | -    | -    | -     | 0    | 0    | 
|systolic_matmul_4x4 | A*B         | 30     | 18     | -      | -      | 16     | 0    | 0    | -    | -    | -     | 0    | 0    | 
|systolic_matmul_4x4 | A*B         | 30     | 18     | -      | -      | 16     | 0    | 0    | -    | -    | -     | 0    | 0    | 
|systolic_matmul_4x4 | A*B         | 30     | 18     | -      | -      | 16     | 0    | 0    | -    | -    | -     | 0    | 0    | 
|systolic_matmul_4x4 | A*B         | 30     | 18     | -      | -      | 16     | 0    | 0    | -    | -    | -     | 0    | 0    | 
|systolic_matmul_4x4 | A*B         | 30     | 18     | -      | -      | 16     | 0    | 0    | -    | -    | -     | 0    | 0    | 
|systolic_matmul_4x4 | A*B         | 30     | 18     | -      | -      | 16     | 0    | 0    | -    | -    | -     | 0    | 0    | 
|systolic_matmul_4x4 | A*B         | 30     | 18     | -      | -      | 16     | 0    | 0    | -    | -    | -     | 0    | 0    | 
|systolic_matmul_4x4 | A*B         | 30     | 18     | -      | -      | 16     | 0    | 0    | -    | -    | -     | 0    | 0    | 
|systolic_matmul_4x4 | A*B         | 30     | 18     | -      | -      | 16     | 0    | 0    | -    | -    | -     | 0    | 0    | 
|systolic_matmul_4x4 | A*B         | 30     | 18     | -      | -      | 16     | 0    | 0    | -    | -    | -     | 0    | 0    | 
|systolic_matmul_4x4 | A*B         | 30     | 18     | -      | -      | 16     | 0    | 0    | -    | -    | -     | 0    | 0    | 
|systolic_matmul_4x4 | A*B         | 30     | 18     | -      | -      | 16     | 0    | 0    | -    | -    | -     | 0    | 0    | 
|systolic_matmul_4x4 | A*B         | 30     | 18     | -      | -      | 16     | 0    | 0    | -    | -    | -     | 0    | 0    | 
|systolic_matmul_4x4 | A*B         | 30     | 18     | -      | -      | 16     | 0    | 0    | -    | -    | -     | 0    | 0    | 
|systolic_matmul_4x4 | A*B         | 30     | 18     | -      | -      | 16     | 0    | 0    | -    | -    | -     | 0    | 0    | 
+--------------------+-------------+--------+--------+--------+--------+--------+------+------+------+------+-------+------+------+


Report BlackBoxes: 
+------+------------------------+----------+
|      |BlackBox name           |Instances |
+------+------------------------+----------+
|1     |soc_ddr_clock_converter |         1|
|2     |soc_ddr_axi_converter   |         1|
|3     |vc707_mig               |         1|
+------+------------------------+----------+

Report Cell Usage: 
+------+------------------------+------+
|      |Cell                    |Count |
+------+------------------------+------+
|1     |soc_ddr_axi_converter   |     1|
|2     |soc_ddr_clock_converter |     1|
|3     |vc707_mig               |     1|
|4     |BUFG                    |     2|
|5     |CARRY4                  |   555|
|6     |DSP48E1                 |    16|
|7     |LUT1                    |    83|
|8     |LUT2                    |  2238|
|9     |LUT3                    |  1189|
|10    |LUT4                    |  1387|
|11    |LUT5                    |  1697|
|12    |LUT6                    |  4235|
|13    |MMCME2_BASE             |     1|
|14    |MUXF7                   |   340|
|15    |MUXF8                   |   130|
|16    |RAM32M                  |    18|
|17    |RAM32X1D                |     6|
|18    |RAM64M                  |    22|
|19    |RAMB36E1                |    16|
|35    |FDCE                    |  6034|
|36    |FDPE                    |    35|
|37    |FDRE                    |  4188|
|38    |FDSE                    |   161|
|39    |IBUF                    |     2|
|40    |OBUF                    |     5|
+------+------------------------+------+
---------------------------------------------------------------------------------
Finished Writing Synthesis Report : Time (s): cpu = 00:07:15 ; elapsed = 00:08:19 . Memory (MB): peak = 2400.340 ; gain = 1368.977
---------------------------------------------------------------------------------
Synthesis finished with 0 errors, 0 critical warnings and 10 warnings.
Synthesis Optimization Runtime : Time (s): cpu = 00:06:24 ; elapsed = 00:07:59 . Memory (MB): peak = 2400.340 ; gain = 1258.492
Synthesis Optimization Complete : Time (s): cpu = 00:07:15 ; elapsed = 00:08:19 . Memory (MB): peak = 2400.340 ; gain = 1368.977
INFO: [Project 1-571] Translating synthesized netlist
Netlist sorting complete. Time (s): cpu = 00:00:01 ; elapsed = 00:00:00.571 . Memory (MB): peak = 2405.574 ; gain = 0.000
INFO: [Netlist 29-17] Analyzing 1104 Unisim elements for replacement
INFO: [Netlist 29-28] Unisim Transformation completed in 0 CPU seconds
INFO: [Project 1-570] Preparing netlist for logic optimization
INFO: [Opt 31-138] Pushed 0 inverter(s) to 0 load pin(s).
Netlist sorting complete. Time (s): cpu = 00:00:00 ; elapsed = 00:00:00.024 . Memory (MB): peak = 2423.855 ; gain = 0.000
INFO: [Project 1-111] Unisim Transformation Summary:
  A total of 47 instances were transformed.
  MMCME2_BASE => MMCME2_ADV: 1 instance 
  RAM32M => RAM32M (RAMD32(x6), RAMS32(x2)): 18 instances
  RAM32X1D => RAM32X1D (RAMD32(x2)): 6 instances
  RAM64M => RAM64M (RAMD64E(x4)): 22 instances

Synth Design complete | Checksum: abc97df4
INFO: [Common 17-83] Releasing license: Synthesis
223 Infos, 314 Warnings, 0 Critical Warnings and 0 Errors encountered.
synth_design completed successfully
synth_design: Time (s): cpu = 00:07:46 ; elapsed = 00:08:59 . Memory (MB): peak = 2423.855 ; gain = 1876.672
Write ShapeDB Complete: Time (s): cpu = 00:00:00 ; elapsed = 00:00:00.039 . Memory (MB): peak = 2423.855 ; gain = 0.000
INFO: [Common 17-1381] The checkpoint 'D:/DMA_MMU_work/build/vivado/vc707_ddr3/DMA_IOMMU_PicoRV32_VC707_DDR3.runs/synth_1/dma_mmu_picorv32_vc707_ddr3_top.dcp' has been generated.
INFO: [Vivado 12-24828] Executing command : report_utilization -file dma_mmu_picorv32_vc707_ddr3_top_utilization_synth.rpt -pb dma_mmu_picorv32_vc707_ddr3_top_utilization_synth.pb
INFO: [Common 17-206] Exiting Vivado at Mon Aug 17 19:53:30 2026...
[Mon Aug 17 19:53:34 2026] synth_1 finished
wait_on_runs: Time (s): cpu = 00:00:04 ; elapsed = 00:22:45 . Memory (MB): peak = 1411.895 ; gain = 3.113
[Mon Aug 17 19:53:35 2026] Launched impl_1...
Run output will be captured here: D:/DMA_MMU_work/build/vivado/vc707_ddr3/DMA_IOMMU_PicoRV32_VC707_DDR3.runs/impl_1/runme.log
[Mon Aug 17 19:53:35 2026] Waiting for impl_1 to finish...

*** Running vivado
    with args -log dma_mmu_picorv32_vc707_ddr3_top.vdi -applog -m64 -product Vivado -messageDb vivado.pb -mode batch -source dma_mmu_picorv32_vc707_ddr3_top.tcl -notrace



****** Vivado v2025.1 (64-bit)
  **** SW Build 6140274 on Thu May 22 00:12:29 MDT 2025
  **** IP Build 6138677 on Thu May 22 03:10:11 MDT 2025
  **** SharedData Build 6139179 on Tue May 20 17:58:58 MDT 2025
  **** Start of session at: Mon Aug 17 19:53:46 2026
    ** Copyright 1986-2022 Xilinx, Inc. All Rights Reserved.
    ** Copyright 2022-2025 Advanced Micro Devices, Inc. All Rights Reserved.

source dma_mmu_picorv32_vc707_ddr3_top.tcl -notrace
create_project: Time (s): cpu = 00:00:25 ; elapsed = 00:00:17 . Memory (MB): peak = 506.188 ; gain = 210.586
Command: link_design -top dma_mmu_picorv32_vc707_ddr3_top -part xc7vx485tffg1761-2
Design is defaulting to srcset: sources_1
Design is defaulting to constrset: constrs_1
INFO: [Device 21-403] Loading part xc7vx485tffg1761-2
INFO: [Project 1-5699] Read binary netlist with skipMacroContent - 1
INFO: [Project 1-454] Reading design checkpoint 'd:/DMA_MMU_work/build/vivado/vc707_ddr3/DMA_IOMMU_PicoRV32_VC707_DDR3.gen/sources_1/ip/soc_ddr_clock_converter/soc_ddr_clock_converter.dcp' for cell 'ddr_clock_converter_inst'
INFO: [Project 1-454] Reading design checkpoint 'd:/DMA_MMU_work/build/vivado/vc707_ddr3/DMA_IOMMU_PicoRV32_VC707_DDR3.gen/sources_1/ip/soc_ddr_axi_converter/soc_ddr_axi_converter.dcp' for cell 'ddr_width_converter_inst'
INFO: [Project 1-454] Reading design checkpoint 'd:/DMA_MMU_work/build/vivado/vc707_ddr3/DMA_IOMMU_PicoRV32_VC707_DDR3.gen/sources_1/ip/vc707_mig/vc707_mig.dcp' for cell 'mig_inst'
Netlist sorting complete. Time (s): cpu = 00:00:01 ; elapsed = 00:00:02 . Memory (MB): peak = 1121.926 ; gain = 0.449
INFO: [Netlist 29-17] Analyzing 2534 Unisim elements for replacement
INFO: [Netlist 29-28] Unisim Transformation completed in 1 CPU seconds
INFO: [Project 1-479] Netlist was created with Vivado 2025.1
INFO: [Project 1-570] Preparing netlist for logic optimization
Parsing XDC File [d:/DMA_MMU_work/build/vivado/vc707_ddr3/DMA_IOMMU_PicoRV32_VC707_DDR3.gen/sources_1/ip/vc707_mig/vc707_mig/user_design/constraints/vc707_mig.xdc] for cell 'mig_inst'
Finished Parsing XDC File [d:/DMA_MMU_work/build/vivado/vc707_ddr3/DMA_IOMMU_PicoRV32_VC707_DDR3.gen/sources_1/ip/vc707_mig/vc707_mig/user_design/constraints/vc707_mig.xdc] for cell 'mig_inst'
Parsing XDC File [D:/DMA_MMU_work/build/vivado/vc707_ddr3/dma_mmu_picorv32_vc707_ddr3.xdc]
Finished Parsing XDC File [D:/DMA_MMU_work/build/vivado/vc707_ddr3/dma_mmu_picorv32_vc707_ddr3.xdc]
Parsing XDC File [d:/DMA_MMU_work/build/vivado/vc707_ddr3/DMA_IOMMU_PicoRV32_VC707_DDR3.gen/sources_1/ip/soc_ddr_clock_converter/soc_ddr_clock_converter_clocks.xdc] for cell 'ddr_clock_converter_inst/inst'
INFO: [Timing 38-35] Done setting XDC timing constraints. [d:/DMA_MMU_work/build/vivado/vc707_ddr3/DMA_IOMMU_PicoRV32_VC707_DDR3.gen/sources_1/ip/soc_ddr_clock_converter/soc_ddr_clock_converter_clocks.xdc:16]
INFO: [Timing 38-2] Deriving generated clocks [d:/DMA_MMU_work/build/vivado/vc707_ddr3/DMA_IOMMU_PicoRV32_VC707_DDR3.gen/sources_1/ip/soc_ddr_clock_converter/soc_ddr_clock_converter_clocks.xdc:16]
all_fanout: Time (s): cpu = 00:00:25 ; elapsed = 00:00:25 . Memory (MB): peak = 2059.250 ; gain = 626.340
WARNING: [Vivado_Tcl 4-2057] Waiver ID 'LUTAR-1' object list specifies likely unusable hierarchical instance 'ddr_clock_converter_inst/inst/gen_clock_conv.gen_async_conv.asyncfifo_axi'. [d:/DMA_MMU_work/build/vivado/vc707_ddr3/DMA_IOMMU_PicoRV32_VC707_DDR3.gen/sources_1/ip/soc_ddr_clock_converter/soc_ddr_clock_converter_clocks.xdc:30]
Finished Parsing XDC File [d:/DMA_MMU_work/build/vivado/vc707_ddr3/DMA_IOMMU_PicoRV32_VC707_DDR3.gen/sources_1/ip/soc_ddr_clock_converter/soc_ddr_clock_converter_clocks.xdc] for cell 'ddr_clock_converter_inst/inst'
Parsing XDC File [d:/DMA_MMU_work/build/vivado/vc707_ddr3/DMA_IOMMU_PicoRV32_VC707_DDR3.gen/sources_1/ip/soc_ddr_axi_converter/soc_ddr_axi_converter_clocks.xdc] for cell 'ddr_width_converter_inst/inst'
Finished Parsing XDC File [d:/DMA_MMU_work/build/vivado/vc707_ddr3/DMA_IOMMU_PicoRV32_VC707_DDR3.gen/sources_1/ip/soc_ddr_axi_converter/soc_ddr_axi_converter_clocks.xdc] for cell 'ddr_width_converter_inst/inst'
INFO: [Project 1-1714] 33 XPM XDC files have been applied to the design.
INFO: [Opt 31-138] Pushed 0 inverter(s) to 0 load pin(s).
Netlist sorting complete. Time (s): cpu = 00:00:00 ; elapsed = 00:00:00.066 . Memory (MB): peak = 2059.250 ; gain = 0.000
INFO: [Project 1-111] Unisim Transformation Summary:
  A total of 591 instances were transformed.
  IOBUFDS_DIFF_OUT_DCIEN => IOBUFDS_DIFF_OUT_DCIEN (IBUFDS_IBUFDISABLE_INT(x2), INV, OBUFTDS_DCIEN(x2)): 8 instances
  IOBUF_DCIEN => IOBUF_DCIEN (IBUF_IBUFDISABLE, OBUFT_DCIEN): 64 instances
  LUT6_2 => LUT6_2 (LUT5, LUT6): 28 instances
  OBUFDS => OBUFDS_DUAL_BUF (INV, OBUFDS(x2)): 1 instance 
  RAM32M => RAM32M (RAMD32(x6), RAMS32(x2)): 443 instances
  RAM32X1D => RAM32X1D (RAMD32(x2)): 25 instances
  RAM64M => RAM64M (RAMD64E(x4)): 22 instances

14 Infos, 1 Warnings, 0 Critical Warnings and 0 Errors encountered.
link_design completed successfully
link_design: Time (s): cpu = 00:01:16 ; elapsed = 00:01:23 . Memory (MB): peak = 2059.250 ; gain = 1511.539
Command: opt_design -directive Explore
INFO: [Vivado_Tcl 4-136] Directive used for opt_design is: Explore
Attempting to get a license for feature 'Implementation' and/or device 'xc7vx485t'
INFO: [Common 17-349] Got license for feature 'Implementation' and/or device 'xc7vx485t'
Running DRC as a precondition to command opt_design

Starting DRC Task
INFO: [DRC 23-27] Running DRC with 2 threads
INFO: [Project 1-461] DRC finished with 0 Errors
INFO: [Project 1-462] Please refer to the DRC report (report_drc) for more information.

Time (s): cpu = 00:00:08 ; elapsed = 00:00:04 . Memory (MB): peak = 2059.250 ; gain = 0.000

Starting Logic Optimization Task

Phase 1 Initialization

Phase 1.1 Core Generation And Design Setup
Phase 1.1 Core Generation And Design Setup | Checksum: 2b549b22d

Time (s): cpu = 00:00:00 ; elapsed = 00:00:00.123 . Memory (MB): peak = 2390.449 ; gain = 0.000

Phase 1.2 Setup Constraints And Sort Netlist
Phase 1.2 Setup Constraints And Sort Netlist | Checksum: 2b549b22d

Time (s): cpu = 00:00:00 ; elapsed = 00:00:00.243 . Memory (MB): peak = 2390.449 ; gain = 0.000
Phase 1 Initialization | Checksum: 2b549b22d

Time (s): cpu = 00:00:00 ; elapsed = 00:00:00.262 . Memory (MB): peak = 2390.449 ; gain = 0.000

Phase 2 Timer Update And Timing Data Collection

Phase 2.1 Timer Update
INFO: [Timing 38-35] Done setting XDC timing constraints.
Phase 2.1 Timer Update | Checksum: 2b549b22d

Time (s): cpu = 00:00:10 ; elapsed = 00:00:07 . Memory (MB): peak = 2467.266 ; gain = 76.816

Phase 2.2 Timing Data Collection
Phase 2.2 Timing Data Collection | Checksum: 2b549b22d

Time (s): cpu = 00:00:10 ; elapsed = 00:00:07 . Memory (MB): peak = 2467.266 ; gain = 76.816
Phase 2 Timer Update And Timing Data Collection | Checksum: 2b549b22d

Time (s): cpu = 00:00:10 ; elapsed = 00:00:07 . Memory (MB): peak = 2467.266 ; gain = 76.816

Phase 3 Retarget
INFO: [Opt 31-1851] Number of loadless carry chains removed were: 0
INFO: [Opt 31-1834] Total Chains To Be Transformed Were: 0 AND Number of Transformed insts Created are: 0
INFO: [Opt 31-1566] Pulled 26 inverters resulting in an inversion of 325 pins
INFO: [Opt 31-138] Pushed 2 inverter(s) to 2 load pin(s).
INFO: [Opt 31-49] Retargeted 0 cell(s).
Phase 3 Retarget | Checksum: 1d5837e98

Time (s): cpu = 00:00:12 ; elapsed = 00:00:09 . Memory (MB): peak = 2467.266 ; gain = 76.816
Retarget | Checksum: 1d5837e98
INFO: [Opt 31-389] Phase Retarget created 76 cells and removed 193 cells
INFO: [Opt 31-1021] In phase Retarget, 105 netlist objects are constrained preventing optimization. Please run opt_design with -debug_log to get more detail. 

Phase 4 Constant propagation
INFO: [Opt 31-138] Pushed 0 inverter(s) to 0 load pin(s).
Phase 4 Constant propagation | Checksum: 2137bfd0f

Time (s): cpu = 00:00:13 ; elapsed = 00:00:10 . Memory (MB): peak = 2467.266 ; gain = 76.816
Constant propagation | Checksum: 2137bfd0f
INFO: [Opt 31-389] Phase Constant propagation created 8 cells and removed 162 cells
INFO: [Opt 31-1021] In phase Constant propagation, 30 netlist objects are constrained preventing optimization. Please run opt_design with -debug_log to get more detail. 

Phase 5 Sweep
INFO: [Constraints 18-11670] Building netlist checker database with flags, 0x8
Done building netlist checker database: Time (s): cpu = 00:00:01 ; elapsed = 00:00:00.086 . Memory (MB): peak = 2467.266 ; gain = 0.000
INFO: [Constraints 18-11670] Building netlist checker database with flags, 0x8
Done building netlist checker database: Time (s): cpu = 00:00:00 ; elapsed = 00:00:00.075 . Memory (MB): peak = 2467.266 ; gain = 0.000
Phase 5 Sweep | Checksum: 1e2ed6354

Time (s): cpu = 00:00:15 ; elapsed = 00:00:12 . Memory (MB): peak = 2467.266 ; gain = 76.816
Sweep | Checksum: 1e2ed6354
INFO: [Opt 31-389] Phase Sweep created 3 cells and removed 209 cells
INFO: [Opt 31-1021] In phase Sweep, 150 netlist objects are constrained preventing optimization. Please run opt_design with -debug_log to get more detail. 

Phase 6 BUFG optimization
Phase 6 BUFG optimization | Checksum: 1e2ed6354

Time (s): cpu = 00:00:17 ; elapsed = 00:00:13 . Memory (MB): peak = 2467.266 ; gain = 76.816
BUFG optimization | Checksum: 1e2ed6354
INFO: [Opt 31-662] Phase BUFG optimization created 0 cells of which 0 are BUFGs and removed 0 cells.

Phase 7 Shift Register Optimization
INFO: [Opt 31-1064] SRL Remap converted 0 SRLs to 0 registers and converted 0 registers of register chains to 0 SRLs
Phase 7 Shift Register Optimization | Checksum: 1e2ed6354

Time (s): cpu = 00:00:17 ; elapsed = 00:00:14 . Memory (MB): peak = 2467.266 ; gain = 76.816
Shift Register Optimization | Checksum: 1e2ed6354
INFO: [Opt 31-389] Phase Shift Register Optimization created 0 cells and removed 0 cells
INFO: [Opt 31-1555] control_set_opt supports Versal devices only, and device 7vx485t is unsupported

Phase 8 Post Processing Netlist
Phase 8 Post Processing Netlist | Checksum: 1fb9692e5

Time (s): cpu = 00:00:18 ; elapsed = 00:00:14 . Memory (MB): peak = 2467.266 ; gain = 76.816
Post Processing Netlist | Checksum: 1fb9692e5
INFO: [Opt 31-389] Phase Post Processing Netlist created 0 cells and removed 0 cells
INFO: [Opt 31-1021] In phase Post Processing Netlist, 45 netlist objects are constrained preventing optimization. Please run opt_design with -debug_log to get more detail. 

Phase 9 Finalization

Phase 9.1 Finalizing Design Cores and Updating Shapes
Phase 9.1 Finalizing Design Cores and Updating Shapes | Checksum: 23073b6bb

Time (s): cpu = 00:00:19 ; elapsed = 00:00:16 . Memory (MB): peak = 2467.266 ; gain = 76.816

Phase 9.2 Verifying Netlist Connectivity

Starting Connectivity Check Task

Time (s): cpu = 00:00:00 ; elapsed = 00:00:00.212 . Memory (MB): peak = 2467.266 ; gain = 0.000
Phase 9.2 Verifying Netlist Connectivity | Checksum: 23073b6bb

Time (s): cpu = 00:00:19 ; elapsed = 00:00:16 . Memory (MB): peak = 2467.266 ; gain = 76.816
Phase 9 Finalization | Checksum: 23073b6bb

Time (s): cpu = 00:00:20 ; elapsed = 00:00:16 . Memory (MB): peak = 2467.266 ; gain = 76.816
Opt_design Change Summary
=========================


-------------------------------------------------------------------------------------------------------------------------
|  Phase                        |  #Cells created  |  #Cells Removed  |  #Constrained objects preventing optimizations  |
-------------------------------------------------------------------------------------------------------------------------
|  Retarget                     |              76  |             193  |                                            105  |
|  Constant propagation         |               8  |             162  |                                             30  |
|  Sweep                        |               3  |             209  |                                            150  |
|  BUFG optimization            |               0  |               0  |                                              0  |
|  Shift Register Optimization  |               0  |               0  |                                              0  |
|  Post Processing Netlist      |               0  |               0  |                                             45  |
-------------------------------------------------------------------------------------------------------------------------


Ending Logic Optimization Task | Checksum: 23073b6bb

Time (s): cpu = 00:00:20 ; elapsed = 00:00:16 . Memory (MB): peak = 2467.266 ; gain = 76.816

Starting Netlist Obfuscation Task
Netlist sorting complete. Time (s): cpu = 00:00:00 ; elapsed = 00:00:00.060 . Memory (MB): peak = 2467.266 ; gain = 0.000
Ending Netlist Obfuscation Task | Checksum: 23073b6bb

Time (s): cpu = 00:00:00 ; elapsed = 00:00:00.077 . Memory (MB): peak = 2467.266 ; gain = 0.000
INFO: [Common 17-83] Releasing license: Implementation
41 Infos, 1 Warnings, 0 Critical Warnings and 0 Errors encountered.
opt_design completed successfully
opt_design: Time (s): cpu = 00:00:35 ; elapsed = 00:00:28 . Memory (MB): peak = 2467.266 ; gain = 408.016
INFO: [Vivado 12-24828] Executing command : report_drc -file dma_mmu_picorv32_vc707_ddr3_top_drc_opted.rpt -pb dma_mmu_picorv32_vc707_ddr3_top_drc_opted.pb -rpx dma_mmu_picorv32_vc707_ddr3_top_drc_opted.rpx
Command: report_drc -file dma_mmu_picorv32_vc707_ddr3_top_drc_opted.rpt -pb dma_mmu_picorv32_vc707_ddr3_top_drc_opted.pb -rpx dma_mmu_picorv32_vc707_ddr3_top_drc_opted.rpx
INFO: [IP_Flow 19-1839] IP Catalog is up to date.
INFO: [DRC 23-27] Running DRC with 2 threads
INFO: [Vivado_Tcl 2-168] The results of DRC are in file D:/DMA_MMU_work/build/vivado/vc707_ddr3/DMA_IOMMU_PicoRV32_VC707_DDR3.runs/impl_1/dma_mmu_picorv32_vc707_ddr3_top_drc_opted.rpt.
report_drc completed successfully
report_drc: Time (s): cpu = 00:00:14 ; elapsed = 00:00:08 . Memory (MB): peak = 2467.266 ; gain = 0.000
generate_parallel_reports: Time (s): cpu = 00:00:14 ; elapsed = 00:00:08 . Memory (MB): peak = 2467.266 ; gain = 0.000
INFO: [Timing 38-35] Done setting XDC timing constraints.
INFO: [Timing 38-480] Writing timing data to binary archive.
Wrote PlaceDB: Time (s): cpu = 00:00:00 ; elapsed = 00:00:00.135 . Memory (MB): peak = 2509.848 ; gain = 22.887
Wrote PulsedLatchDB: Time (s): cpu = 00:00:00 ; elapsed = 00:00:00.001 . Memory (MB): peak = 2512.340 ; gain = 0.887
Writing XDEF routing.
Write ShapeDB Complete: Time (s): cpu = 00:00:00 ; elapsed = 00:00:00.186 . Memory (MB): peak = 2515.555 ; gain = 28.711
Writing XDEF routing logical nets.
Writing XDEF routing special nets.
Wrote RouteStorage: Time (s): cpu = 00:00:01 ; elapsed = 00:00:00.210 . Memory (MB): peak = 2541.223 ; gain = 28.492
Wrote Netlist Cache: Time (s): cpu = 00:00:00 ; elapsed = 00:00:00.003 . Memory (MB): peak = 2544.770 ; gain = 0.000
Wrote Device Cache: Time (s): cpu = 00:00:00 ; elapsed = 00:00:00.038 . Memory (MB): peak = 2544.770 ; gain = 0.000
Write Physdb Complete: Time (s): cpu = 00:00:01 ; elapsed = 00:00:00.426 . Memory (MB): peak = 2544.770 ; gain = 57.809
INFO: [Common 17-1381] The checkpoint 'D:/DMA_MMU_work/build/vivado/vc707_ddr3/DMA_IOMMU_PicoRV32_VC707_DDR3.runs/impl_1/dma_mmu_picorv32_vc707_ddr3_top_opt.dcp' has been generated.
write_checkpoint: Time (s): cpu = 00:00:18 ; elapsed = 00:00:13 . Memory (MB): peak = 2547.160 ; gain = 79.895
Command: place_design -directive Explore
Attempting to get a license for feature 'Implementation' and/or device 'xc7vx485t'
INFO: [Common 17-349] Got license for feature 'Implementation' and/or device 'xc7vx485t'
INFO: [Common 17-83] Releasing license: Implementation
INFO: [DRC 23-27] Running DRC with 2 threads
INFO: [Vivado_Tcl 4-198] DRC finished with 0 Errors
INFO: [Vivado_Tcl 4-199] Please refer to the DRC report (report_drc) for more information.
INFO: [Vivado_Tcl 4-2302] The placer was invoked with the 'Explore' directive.
Running DRC as a precondition to command place_design
INFO: [DRC 23-27] Running DRC with 2 threads
INFO: [Vivado_Tcl 4-198] DRC finished with 0 Errors
INFO: [Vivado_Tcl 4-199] Please refer to the DRC report (report_drc) for more information.
INFO: [Place 30-611] Multithreading enabled for place_design using a maximum of 2 CPUs

Starting Placer Task

Phase 1 Placer Initialization

Phase 1.1 Placer Initialization Netlist Sorting
Netlist sorting complete. Time (s): cpu = 00:00:00 ; elapsed = 00:00:00.064 . Memory (MB): peak = 2553.277 ; gain = 0.000
Phase 1.1 Placer Initialization Netlist Sorting | Checksum: 175e42e64

Time (s): cpu = 00:00:00 ; elapsed = 00:00:00.102 . Memory (MB): peak = 2553.277 ; gain = 0.000
Netlist sorting complete. Time (s): cpu = 00:00:01 ; elapsed = 00:00:00.063 . Memory (MB): peak = 2553.277 ; gain = 0.000

Phase 1.2 IO Placement/ Clock Placement/ Build Placer Device
INFO: [Place 30-1907] mig_inst/u_vc707_mig_mig/u_iodelay_ctrl/idelayctrl_gen_1.u_idelayctrl_300_400_REPLICATED_0 replication was created for mig_inst/u_vc707_mig_mig/u_iodelay_ctrl/idelayctrl_gen_1.u_idelayctrl_300_400 IDELAYCTRL
WARNING: [Place 30-575] Sub-optimal placement for a clock-capable IO pin and MMCM pair. This is normally an ERROR but the CLOCK_DEDICATED_ROUTE constraint is set to FALSE allowing your design to continue. The use of this override is highly discouraged as it may lead to very poor timing results. It is recommended that this error condition be corrected in the design.

	mig_inst/u_vc707_mig_mig/u_ddr3_clk_ibuf/diff_input_clk.u_ibufg_sys_clk (IBUFDS.O) is locked to IOB_X1Y276
	mig_inst/u_vc707_mig_mig/u_iodelay_ctrl/clk_ref_mmcm_gen.mmcm_i (MMCME2_ADV.CLKIN1) is provisionally placed by clockplacer on MMCME2_ADV_X0Y3
Resolution: A dedicated routing path between the two can be used if: (a) The clock-capable IO (CCIO) is placed on a CCIO capable site (b) The MMCM is placed in the same clock region as the CCIO pin. If the IOB is driving multiple MMCMs, all MMCMs must be placed in the same clock region, one clock region above or one clock region below the IOB. Both the above conditions must be met at the same time, else it may lead to longer and less predictable clock insertion delays.
Phase 1.2 IO Placement/ Clock Placement/ Build Placer Device | Checksum: 1f643c8aa

Time (s): cpu = 00:00:16 ; elapsed = 00:00:13 . Memory (MB): peak = 2553.277 ; gain = 0.000

Phase 1.3 Build Placer Netlist Model
Phase 1.3 Build Placer Netlist Model | Checksum: 1e81e9f22

Time (s): cpu = 00:00:57 ; elapsed = 00:00:42 . Memory (MB): peak = 2818.242 ; gain = 264.965

Phase 1.4 Constrain Clocks/Macros
Phase 1.4 Constrain Clocks/Macros | Checksum: 1e81e9f22

Time (s): cpu = 00:00:57 ; elapsed = 00:00:42 . Memory (MB): peak = 2818.242 ; gain = 264.965
Phase 1 Placer Initialization | Checksum: 1e81e9f22

Time (s): cpu = 00:00:57 ; elapsed = 00:00:43 . Memory (MB): peak = 2818.242 ; gain = 264.965

Phase 2 Global Placement

Phase 2.1 Floorplanning
Phase 2.1 Floorplanning | Checksum: 2330664bb

Time (s): cpu = 00:01:12 ; elapsed = 00:00:52 . Memory (MB): peak = 2818.242 ; gain = 264.965

Phase 2.2 Update Timing before SLR Path Opt
Phase 2.2 Update Timing before SLR Path Opt | Checksum: 1da2f5f19

Time (s): cpu = 00:01:26 ; elapsed = 00:01:01 . Memory (MB): peak = 2818.242 ; gain = 264.965

Phase 2.3 Post-Processing in Floorplanning
Phase 2.3 Post-Processing in Floorplanning | Checksum: 1da2f5f19

Time (s): cpu = 00:01:27 ; elapsed = 00:01:02 . Memory (MB): peak = 2818.242 ; gain = 264.965

Phase 2.4 Global Place Phase1
Phase 2.4 Global Place Phase1 | Checksum: 26644d480

Time (s): cpu = 00:02:54 ; elapsed = 00:02:02 . Memory (MB): peak = 2863.797 ; gain = 310.520

Phase 2.5 Global Place Phase2

Phase 2.5.1 UpdateTiming Before Physical Synthesis
Phase 2.5.1 UpdateTiming Before Physical Synthesis | Checksum: 1fddd68b1

Time (s): cpu = 00:03:07 ; elapsed = 00:02:10 . Memory (MB): peak = 2863.797 ; gain = 310.520

Phase 2.5.2 Physical Synthesis In Placer
INFO: [Physopt 32-1035] Found 6 LUTNM shape to break, 3409 LUT instances to create LUTNM shape
INFO: [Physopt 32-1044] Break lutnm for timing: one critical 6, two critical 0, total 6, new lutff created 0
INFO: [Physopt 32-1138] End 1 Pass. Optimized 1540 nets or LUTs. Breaked 6 LUTs, combined 1534 existing LUTs and moved 0 existing LUT
INFO: [Physopt 32-1408] Pass 1. Identified 4 candidate nets for high-fanout optimization.
INFO: [Physopt 32-81] Processed net mig_inst/u_vc707_mig_mig/u_memc_ui_top_axi/u_axi_mc/axi_mc_w_channel_0/wready_d3. Replicated 2 times.
INFO: [Physopt 32-81] Processed net mig_inst/u_vc707_mig_mig/u_memc_ui_top_axi/u_ui_top/ui_wr_data0/app_wdf_rdy. Replicated 8 times.
INFO: [Physopt 32-81] Processed net mig_inst/u_vc707_mig_mig/u_memc_ui_top_axi/u_ui_top/ui_wr_data0/app_wdf_rdy_r_copy2. Replicated 7 times.
INFO: [Physopt 32-81] Processed net ddr_width_converter_inst/inst/gen_upsizer.gen_full_upsizer.axi_upsizer_inst/USE_READ.gen_non_fifo_r_upsizer.mi_register_slice_inst/r.r_pipe/s_ready_i_reg_0. Replicated 5 times.
INFO: [Physopt 32-232] Optimized 4 nets. Created 22 new instances.
INFO: [Physopt 32-775] End 1 Pass. Optimized 4 nets or cells. Created 22 new cells, deleted 0 existing cell and moved 0 existing cell
Netlist sorting complete. Time (s): cpu = 00:00:00 ; elapsed = 00:00:00.322 . Memory (MB): peak = 2863.797 ; gain = 0.000
INFO: [Physopt 32-456] No candidate cells for DSP register optimization found in the design.
INFO: [Physopt 32-775] End 2 Pass. Optimized 0 net or cell. Created 0 new cell, deleted 0 existing cell and moved 0 existing cell
INFO: [Physopt 32-1123] No candidate cells found for Shift Register to Pipeline optimization
INFO: [Physopt 32-775] End 2 Pass. Optimized 0 net or cell. Created 0 new cell, deleted 0 existing cell and moved 0 existing cell
INFO: [Physopt 32-1402] Pass 1: Identified 5 candidate cells for Shift Register optimization.
INFO: [Physopt 32-775] End 1 Pass. Optimized 3 nets or cells. Created 24 new cells, deleted 0 existing cell and moved 0 existing cell
Netlist sorting complete. Time (s): cpu = 00:00:00 ; elapsed = 00:00:00.086 . Memory (MB): peak = 2863.797 ; gain = 0.000
INFO: [Physopt 32-526] No candidate cells for BRAM register optimization found in the design
INFO: [Physopt 32-775] End 1 Pass. Optimized 0 net or cell. Created 0 new cell, deleted 0 existing cell and moved 0 existing cell
INFO: [Physopt 32-846] No candidate cells for URAM register optimization found in the design
INFO: [Physopt 32-775] End 1 Pass. Optimized 0 net or cell. Created 0 new cell, deleted 0 existing cell and moved 0 existing cell
INFO: [Physopt 32-846] No candidate cells for URAM register optimization found in the design
INFO: [Physopt 32-775] End 1 Pass. Optimized 0 net or cell. Created 0 new cell, deleted 0 existing cell and moved 0 existing cell
INFO: [Physopt 32-949] No candidate nets found for dynamic/static region interface net replication
INFO: [Physopt 32-775] End 1 Pass. Optimized 0 net or cell. Created 0 new cell, deleted 0 existing cell and moved 0 existing cell
Netlist sorting complete. Time (s): cpu = 00:00:00 ; elapsed = 00:00:00.081 . Memory (MB): peak = 2863.797 ; gain = 0.000
INFO: [Physopt 32-68] No nets found for critical-cell optimization.
INFO: [Physopt 32-232] Optimized 0 net. Created 0 new instance.
INFO: [Physopt 32-775] End 1 Pass. Optimized 0 net or cell. Created 0 new cell, deleted 0 existing cell and moved 0 existing cell
Netlist sorting complete. Time (s): cpu = 00:00:00 ; elapsed = 00:00:00.077 . Memory (MB): peak = 2863.797 ; gain = 0.000

Summary of Physical Synthesis Optimizations
============================================


-----------------------------------------------------------------------------------------------------------------------------------------------------------
|  Optimization                                     |  Added Cells  |  Removed Cells  |  Optimized Cells/Nets  |  Dont Touch  |  Iterations  |  Elapsed   |
-----------------------------------------------------------------------------------------------------------------------------------------------------------
|  LUT Combining                                    |            6  |           1534  |                  1540  |           0  |           1  |  00:00:04  |
|  Retime                                           |            0  |              0  |                     0  |           0  |           1  |  00:00:00  |
|  Very High Fanout                                 |           22  |              0  |                     4  |           0  |           1  |  00:00:03  |
|  DSP Register                                     |            0  |              0  |                     0  |           0  |           1  |  00:00:00  |
|  Shift Register to Pipeline                       |            0  |              0  |                     0  |           0  |           1  |  00:00:00  |
|  Shift Register                                   |           24  |              0  |                     3  |           0  |           1  |  00:00:00  |
|  BRAM Register                                    |            0  |              0  |                     0  |           0  |           1  |  00:00:00  |
|  URAM Register                                    |            0  |              0  |                     0  |           0  |           1  |  00:00:00  |
|  Dynamic/Static Region Interface Net Replication  |            0  |              0  |                     0  |           0  |           1  |  00:00:00  |
|  Critical Cell                                    |            0  |              0  |                     0  |           0  |           1  |  00:00:00  |
|  Total                                            |           52  |           1534  |                  1547  |           0  |          10  |  00:00:08  |
-----------------------------------------------------------------------------------------------------------------------------------------------------------


Phase 2.5.2 Physical Synthesis In Placer | Checksum: 2c665b49a

Time (s): cpu = 00:03:31 ; elapsed = 00:02:30 . Memory (MB): peak = 2863.797 ; gain = 310.520
Phase 2.5 Global Place Phase2 | Checksum: 2c9711956

Time (s): cpu = 00:03:36 ; elapsed = 00:02:34 . Memory (MB): peak = 2863.797 ; gain = 310.520
Phase 2 Global Placement | Checksum: 2c9711956

Time (s): cpu = 00:03:36 ; elapsed = 00:02:34 . Memory (MB): peak = 2863.797 ; gain = 310.520

Phase 3 Detail Placement

Phase 3.1 Commit Multi Column Macros
Phase 3.1 Commit Multi Column Macros | Checksum: 2a180bd1b

Time (s): cpu = 00:03:51 ; elapsed = 00:02:43 . Memory (MB): peak = 2863.797 ; gain = 310.520

Phase 3.2 Commit Most Macros & LUTRAMs
Phase 3.2 Commit Most Macros & LUTRAMs | Checksum: 29da2f14a

Time (s): cpu = 00:04:21 ; elapsed = 00:03:03 . Memory (MB): peak = 2863.797 ; gain = 310.520

Phase 3.3 Area Swap Optimization
Phase 3.3 Area Swap Optimization | Checksum: 2900b2a97

Time (s): cpu = 00:04:22 ; elapsed = 00:03:05 . Memory (MB): peak = 2863.797 ; gain = 310.520

Phase 3.4 Pipeline Register Optimization
Phase 3.4 Pipeline Register Optimization | Checksum: 2867dc276

Time (s): cpu = 00:04:22 ; elapsed = 00:03:05 . Memory (MB): peak = 2863.797 ; gain = 310.520

Phase 3.5 Fast Optimization
Phase 3.5 Fast Optimization | Checksum: 2740567f1

Time (s): cpu = 00:04:54 ; elapsed = 00:03:24 . Memory (MB): peak = 2863.797 ; gain = 310.520

Phase 3.6 Small Shape Detail Placement
Phase 3.6 Small Shape Detail Placement | Checksum: 1da9600e4

Time (s): cpu = 00:05:32 ; elapsed = 00:04:09 . Memory (MB): peak = 2863.797 ; gain = 310.520

Phase 3.7 Re-assign LUT pins
Phase 3.7 Re-assign LUT pins | Checksum: 23ee604d9

Time (s): cpu = 00:05:37 ; elapsed = 00:04:14 . Memory (MB): peak = 2863.797 ; gain = 310.520

Phase 3.8 Pipeline Register Optimization
Phase 3.8 Pipeline Register Optimization | Checksum: 2063594db

Time (s): cpu = 00:05:38 ; elapsed = 00:04:15 . Memory (MB): peak = 2863.797 ; gain = 310.520
Phase 3 Detail Placement | Checksum: 2063594db

Time (s): cpu = 00:05:39 ; elapsed = 00:04:16 . Memory (MB): peak = 2863.797 ; gain = 310.520

Phase 4 Post Placement Optimization and Clean-Up

Phase 4.1 Post Commit Optimization
INFO: [Timing 38-35] Done setting XDC timing constraints.

Phase 4.1.1 Post Placement Optimization
Post Placement Optimization Initialization | Checksum: 1d95ab06a

Phase 4.1.1.1 BUFG Insertion

Starting Physical Synthesis Task

Phase 1 Physical Synthesis Initialization
INFO: [Physopt 32-721] Multithreading enabled for phys_opt_design using a maximum of 2 CPUs
INFO: [Physopt 32-619] Estimated Timing Summary | WNS=-0.376 | TNS=-1.355 |
Phase 1 Physical Synthesis Initialization | Checksum: 1bb363bf1

Time (s): cpu = 00:00:05 ; elapsed = 00:00:03 . Memory (MB): peak = 2898.184 ; gain = 0.000
INFO: [Place 46-33] Processed net soc_reset_pipe[2], BUFG insertion was skipped due to placement/routing conflicts.
INFO: [Place 46-33] Processed net ddr_width_converter_inst/inst/gen_upsizer.gen_full_upsizer.axi_upsizer_inst/USE_WRITE.gen_non_fifo_w_upsizer.write_data_inst/reset, BUFG insertion was skipped due to placement/routing conflicts.
INFO: [Place 46-56] BUFG insertion identified 2 candidate nets. Inserted BUFG: 0, Replicated BUFG Driver: 0, Skipped due to Placement/Routing Conflicts: 2, Skipped due to Timing Degradation: 0, Skipped due to netlist editing failed: 0.
Ending Physical Synthesis Task | Checksum: 1a2e31e4b

Time (s): cpu = 00:00:08 ; elapsed = 00:00:06 . Memory (MB): peak = 2898.184 ; gain = 0.000
Phase 4.1.1.1 BUFG Insertion | Checksum: 1d95ab06a

Time (s): cpu = 00:06:25 ; elapsed = 00:04:48 . Memory (MB): peak = 2898.184 ; gain = 344.906

Phase 4.1.1.2 Post Placement Timing Optimization
INFO: [Place 30-746] Post Placement Timing Summary WNS=0.201. For the most accurate timing information please run report_timing.
Phase 4.1.1.2 Post Placement Timing Optimization | Checksum: 298f370af

Time (s): cpu = 00:07:30 ; elapsed = 00:06:03 . Memory (MB): peak = 2898.184 ; gain = 344.906

Time (s): cpu = 00:07:30 ; elapsed = 00:06:03 . Memory (MB): peak = 2898.184 ; gain = 344.906
Phase 4.1 Post Commit Optimization | Checksum: 298f370af

Time (s): cpu = 00:07:31 ; elapsed = 00:06:03 . Memory (MB): peak = 2898.184 ; gain = 344.906

Phase 4.2 Post Placement Cleanup
Phase 4.2 Post Placement Cleanup | Checksum: 298f370af

Time (s): cpu = 00:07:32 ; elapsed = 00:06:04 . Memory (MB): peak = 2898.184 ; gain = 344.906

Phase 4.3 Placer Reporting

Phase 4.3.1 Print Estimated Congestion
INFO: [Place 30-612] Post-Placement Estimated Congestion 
 ____________________________________________________
|           | Global Congestion | Short Congestion  |
| Direction | Region Size       | Region Size       |
|___________|___________________|___________________|
|      North|                2x2|                4x4|
|___________|___________________|___________________|
|      South|                2x2|                2x2|
|___________|___________________|___________________|
|       East|                1x1|                1x1|
|___________|___________________|___________________|
|       West|                1x1|                1x1|
|___________|___________________|___________________|

Phase 4.3.1 Print Estimated Congestion | Checksum: 298f370af

Time (s): cpu = 00:07:33 ; elapsed = 00:06:05 . Memory (MB): peak = 2898.184 ; gain = 344.906
Phase 4.3 Placer Reporting | Checksum: 298f370af

Time (s): cpu = 00:07:34 ; elapsed = 00:06:06 . Memory (MB): peak = 2898.184 ; gain = 344.906

Phase 4.4 Final Placement Cleanup
Netlist sorting complete. Time (s): cpu = 00:00:00 ; elapsed = 00:00:00.086 . Memory (MB): peak = 2898.184 ; gain = 0.000

Time (s): cpu = 00:07:34 ; elapsed = 00:06:06 . Memory (MB): peak = 2898.184 ; gain = 344.906
Phase 4 Post Placement Optimization and Clean-Up | Checksum: 206afec88

Time (s): cpu = 00:07:35 ; elapsed = 00:06:07 . Memory (MB): peak = 2898.184 ; gain = 344.906
Ending Placer Task | Checksum: 12c8abc0c

Time (s): cpu = 00:07:36 ; elapsed = 00:06:07 . Memory (MB): peak = 2898.184 ; gain = 344.906
94 Infos, 2 Warnings, 0 Critical Warnings and 0 Errors encountered.
place_design completed successfully
place_design: Time (s): cpu = 00:07:49 ; elapsed = 00:06:15 . Memory (MB): peak = 2898.184 ; gain = 351.023
INFO: [Vivado 12-24838] Running report commands "report_control_sets, report_io, report_utilization" in parallel.
Running report generation with 2 threads.
INFO: [Vivado 12-24828] Executing command : report_io -file dma_mmu_picorv32_vc707_ddr3_top_io_placed.rpt
report_io: Time (s): cpu = 00:00:01 ; elapsed = 00:00:00.668 . Memory (MB): peak = 2898.184 ; gain = 0.000
INFO: [Vivado 12-24828] Executing command : report_control_sets -verbose -file dma_mmu_picorv32_vc707_ddr3_top_control_sets_placed.rpt
report_control_sets: Time (s): cpu = 00:00:01 ; elapsed = 00:00:00.468 . Memory (MB): peak = 2898.184 ; gain = 0.000
INFO: [Vivado 12-24828] Executing command : report_utilization -file dma_mmu_picorv32_vc707_ddr3_top_utilization_placed.rpt -pb dma_mmu_picorv32_vc707_ddr3_top_utilization_placed.pb
INFO: [Timing 38-480] Writing timing data to binary archive.
Write ShapeDB Complete: Time (s): cpu = 00:00:01 ; elapsed = 00:00:00.342 . Memory (MB): peak = 2898.184 ; gain = 0.000
Wrote PlaceDB: Time (s): cpu = 00:00:17 ; elapsed = 00:00:09 . Memory (MB): peak = 2898.184 ; gain = 0.000
Wrote PulsedLatchDB: Time (s): cpu = 00:00:00 ; elapsed = 00:00:00 . Memory (MB): peak = 2898.184 ; gain = 0.000
Writing XDEF routing.
Writing XDEF routing logical nets.
Writing XDEF routing special nets.
Wrote RouteStorage: Time (s): cpu = 00:00:00 ; elapsed = 00:00:00.217 . Memory (MB): peak = 2898.184 ; gain = 0.000
Wrote Netlist Cache: Time (s): cpu = 00:00:01 ; elapsed = 00:00:00.190 . Memory (MB): peak = 2898.184 ; gain = 0.000
Wrote Device Cache: Time (s): cpu = 00:00:00 ; elapsed = 00:00:00.045 . Memory (MB): peak = 2898.184 ; gain = 0.000
Write Physdb Complete: Time (s): cpu = 00:00:18 ; elapsed = 00:00:09 . Memory (MB): peak = 2898.184 ; gain = 0.000
INFO: [Common 17-1381] The checkpoint 'D:/DMA_MMU_work/build/vivado/vc707_ddr3/DMA_IOMMU_PicoRV32_VC707_DDR3.runs/impl_1/dma_mmu_picorv32_vc707_ddr3_top_placed.dcp' has been generated.
write_checkpoint: Time (s): cpu = 00:00:22 ; elapsed = 00:00:14 . Memory (MB): peak = 2898.184 ; gain = 0.000
Command: phys_opt_design -directive AggressiveExplore
Attempting to get a license for feature 'Implementation' and/or device 'xc7vx485t'
INFO: [Common 17-349] Got license for feature 'Implementation' and/or device 'xc7vx485t'
INFO: [Vivado_Tcl 4-137] Directive used for phys_opt_design is: AggressiveExplore

Starting Initial Update Timing Task

Time (s): cpu = 00:00:30 ; elapsed = 00:00:18 . Memory (MB): peak = 2898.184 ; gain = 0.000
INFO: [Vivado_Tcl 4-2280] Estimated Timing Summary | WNS= 0.201 | TNS= 0.000 | WHS= -0.383 |
INFO: [Vivado_Tcl 4-383] Design worst setup slack (WNS) is greater than or equal to 0.000 ns. All physical synthesis setup optimizations will be skipped.
INFO: [Vivado_Tcl 4-1435] PhysOpt_Tcl_Interface Runtime Before Starting Physical Synthesis Task | CPU: 31.00s |  WALL: 18.82s
Netlist sorting complete. Time (s): cpu = 00:00:00 ; elapsed = 00:00:00.070 . Memory (MB): peak = 2898.184 ; gain = 0.000

Starting Physical Synthesis Task

Phase 1 Physical Synthesis Initialization
INFO: [Physopt 32-721] Multithreading enabled for phys_opt_design using a maximum of 2 CPUs
INFO: [Physopt 32-619] Estimated Timing Summary | WNS=0.201 | TNS=0.000 |
Phase 1 Physical Synthesis Initialization | Checksum: 1bc599c3e

Time (s): cpu = 00:00:11 ; elapsed = 00:00:07 . Memory (MB): peak = 2898.184 ; gain = 0.000

Phase 2 Hold Fix Optimization
INFO: [Physopt 32-668] Estimated Timing Summary | WNS=0.201 | TNS=0.000 | WHS=-0.383 | THS=-62.786 |
INFO: [Physopt 32-45] Identified 11 candidate nets for hold slack optimization.
INFO: [Physopt 32-234] Optimized 6 nets. Inserted 0 new ZHOLD_DELAYs. Calibrated 0 existing ZHOLD_DELAYs. Inserted 6 buffers.

Netlist sorting complete. Time (s): cpu = 00:00:01 ; elapsed = 00:00:00.137 . Memory (MB): peak = 2898.184 ; gain = 0.000
INFO: [Physopt 32-668] Estimated Timing Summary | WNS=0.100 | TNS=0.000 | WHS=-0.383 | THS=-51.459 |
Phase 2 Hold Fix Optimization | Checksum: 15ed9cd72

Time (s): cpu = 00:00:17 ; elapsed = 00:00:12 . Memory (MB): peak = 2898.184 ; gain = 0.000
Netlist sorting complete. Time (s): cpu = 00:00:00 ; elapsed = 00:00:00.064 . Memory (MB): peak = 2898.184 ; gain = 0.000
INFO: [Physopt 32-669] Post Physical Optimization Timing Summary | WNS=0.100 | TNS=0.000 | WHS=-0.383 | THS=-51.459 |

Summary of Physical Synthesis Optimizations
============================================


----------------------------------------------------------------------------------------------------------------------------------------------------------------------
|  Optimization            |  WNS Gain (ns)  |  TNS Gain (ns)  |  Added Cells  |  Removed Cells  |  Optimized Cells/Nets  |  Dont Touch  |  Iterations  |  Elapsed   |
----------------------------------------------------------------------------------------------------------------------------------------------------------------------
|  Fanout                  |          0.000  |          0.000  |            0  |              0  |                     0  |           0  |           0  |  00:00:00  |
|  Single Cell Placement   |          0.000  |          0.000  |            0  |              0  |                     0  |           0  |           0  |  00:00:00  |
|  Multi Cell Placement    |          0.000  |          0.000  |            0  |              0  |                     0  |           0  |           0  |  00:00:00  |
|  Rewire                  |          0.000  |          0.000  |            0  |              0  |                     0  |           0  |           0  |  00:00:00  |
|  Critical Cell           |          0.000  |          0.000  |            0  |              0  |                     0  |           0  |           0  |  00:00:00  |
|  SLR Crossing            |          0.000  |          0.000  |            0  |              0  |                     0  |           0  |           0  |  00:00:00  |
|  DSP Register            |          0.000  |          0.000  |            0  |              0  |                     0  |           0  |           0  |  00:00:00  |
|  BRAM Register           |          0.000  |          0.000  |            0  |              0  |                     0  |           0  |           0  |  00:00:00  |
|  URAM Register           |          0.000  |          0.000  |            0  |              0  |                     0  |           0  |           0  |  00:00:00  |
|  Shift Register          |          0.000  |          0.000  |            0  |              0  |                     0  |           0  |           0  |  00:00:00  |
|  Critical Pin            |          0.000  |          0.000  |            0  |              0  |                     0  |           0  |           0  |  00:00:00  |
|  Very High Fanout        |          0.000  |          0.000  |            0  |              0  |                     0  |           0  |           0  |  00:00:00  |
|  Total                   |          0.000  |          0.000  |            0  |              0  |                     0  |           0  |           0  |  00:00:00  |
----------------------------------------------------------------------------------------------------------------------------------------------------------------------


Summary of Hold Fix Optimizations
=================================


--------------------------------------------------------------------------------------------------------------------------------------------------------------
|  Optimization               |  WHS Gain (ns)  |  THS Gain (ns)  |  Added LUTs  |  Added FFs  |  Optimized Nets  |  Dont Touch  |  Iterations  |  Elapsed   |
--------------------------------------------------------------------------------------------------------------------------------------------------------------
|  LUT1 and ZHOLD Insertion   |          0.000  |         11.326  |           6  |          0  |               6  |           0  |           1  |  00:00:04  |
|  Total                      |          0.000  |         11.326  |           6  |          0  |               6  |           0  |           1  |  00:00:04  |
--------------------------------------------------------------------------------------------------------------------------------------------------------------


Netlist sorting complete. Time (s): cpu = 00:00:00 ; elapsed = 00:00:00.074 . Memory (MB): peak = 2898.184 ; gain = 0.000
Ending Physical Synthesis Task | Checksum: 214ad4d6f

Time (s): cpu = 00:00:18 ; elapsed = 00:00:13 . Memory (MB): peak = 2898.184 ; gain = 0.000
INFO: [Common 17-83] Releasing license: Implementation
113 Infos, 2 Warnings, 0 Critical Warnings and 0 Errors encountered.
phys_opt_design completed successfully
phys_opt_design: Time (s): cpu = 00:00:49 ; elapsed = 00:00:32 . Memory (MB): peak = 2898.184 ; gain = 0.000
INFO: [Timing 38-480] Writing timing data to binary archive.
Write ShapeDB Complete: Time (s): cpu = 00:00:01 ; elapsed = 00:00:00.308 . Memory (MB): peak = 2898.184 ; gain = 0.000
Wrote PlaceDB: Time (s): cpu = 00:00:17 ; elapsed = 00:00:09 . Memory (MB): peak = 2898.184 ; gain = 0.000
Wrote PulsedLatchDB: Time (s): cpu = 00:00:00 ; elapsed = 00:00:00 . Memory (MB): peak = 2898.184 ; gain = 0.000
Writing XDEF routing.
Writing XDEF routing logical nets.
Writing XDEF routing special nets.
Wrote RouteStorage: Time (s): cpu = 00:00:00 ; elapsed = 00:00:00.215 . Memory (MB): peak = 2898.184 ; gain = 0.000
Wrote Netlist Cache: Time (s): cpu = 00:00:01 ; elapsed = 00:00:00.179 . Memory (MB): peak = 2898.184 ; gain = 0.000
Wrote Device Cache: Time (s): cpu = 00:00:00 ; elapsed = 00:00:00.039 . Memory (MB): peak = 2898.184 ; gain = 0.000
Write Physdb Complete: Time (s): cpu = 00:00:18 ; elapsed = 00:00:09 . Memory (MB): peak = 2898.184 ; gain = 0.000
INFO: [Common 17-1381] The checkpoint 'D:/DMA_MMU_work/build/vivado/vc707_ddr3/DMA_IOMMU_PicoRV32_VC707_DDR3.runs/impl_1/dma_mmu_picorv32_vc707_ddr3_top_physopt.dcp' has been generated.
write_checkpoint: Time (s): cpu = 00:00:22 ; elapsed = 00:00:14 . Memory (MB): peak = 2898.184 ; gain = 0.000
Command: route_design -directive Explore
Attempting to get a license for feature 'Implementation' and/or device 'xc7vx485t'
INFO: [Common 17-349] Got license for feature 'Implementation' and/or device 'xc7vx485t'
INFO: [DRC 23-27] Running DRC with 2 threads
INFO: [Vivado_Tcl 4-198] DRC finished with 0 Errors
INFO: [Vivado_Tcl 4-199] Please refer to the DRC report (report_drc) for more information.


Starting Routing Task
INFO: [Route 35-270] Using Router directive 'Explore'.
INFO: [Route 35-254] Multithreading enabled for route_design using a maximum of 2 CPUs

Phase 1 Build RT Design
Checksum: PlaceDB: a22bf7a3 ConstDB: 0 ShapeSum: d54eb541 RouteDB: 85e13c63
Post Restoration Checksum: NetGraph: 93a50c81 | NumContArr: e5fbfb33 | Constraints: c2a8fa9d | Timing: c2a8fa9d
Phase 1 Build RT Design | Checksum: 2fef2fcee

Time (s): cpu = 00:02:49 ; elapsed = 00:02:07 . Memory (MB): peak = 3206.359 ; gain = 308.176

Phase 2 Router Initialization

Phase 2.1 Fix Topology Constraints
Phase 2.1 Fix Topology Constraints | Checksum: 2fef2fcee

Time (s): cpu = 00:02:50 ; elapsed = 00:02:08 . Memory (MB): peak = 3206.359 ; gain = 308.176

Phase 2.2 Pre Route Cleanup
Phase 2.2 Pre Route Cleanup | Checksum: 2fef2fcee

Time (s): cpu = 00:02:50 ; elapsed = 00:02:09 . Memory (MB): peak = 3206.359 ; gain = 308.176
 Number of Nodes with overlaps = 0

Phase 2.3 Update Timing
Phase 2.3 Update Timing | Checksum: 32af46bad

Time (s): cpu = 00:03:48 ; elapsed = 00:02:47 . Memory (MB): peak = 3329.789 ; gain = 431.605
INFO: [Route 35-416] Intermediate Timing Summary | WNS=0.119  | TNS=0.000  | WHS=-0.473 | THS=-2370.857|


Phase 2.4 Update Timing for Bus Skew

Phase 2.4.1 Update Timing
Phase 2.4.1 Update Timing | Checksum: 2b6faa694

Time (s): cpu = 00:04:28 ; elapsed = 00:03:11 . Memory (MB): peak = 3442.918 ; gain = 544.734
INFO: [Route 35-416] Intermediate Timing Summary | WNS=0.119  | TNS=0.000  | WHS=-0.404 | THS=-52.936|

Phase 2.4 Update Timing for Bus Skew | Checksum: 2c53bfcbc

Time (s): cpu = 00:04:28 ; elapsed = 00:03:12 . Memory (MB): peak = 3442.918 ; gain = 544.734

Phase 2.5 Soft Constraint Pins - Fast Budgeting
Phase 2.5 Soft Constraint Pins - Fast Budgeting | Checksum: 2c53bfcbc

Time (s): cpu = 00:04:30 ; elapsed = 00:03:13 . Memory (MB): peak = 3456.301 ; gain = 558.117

Router Utilization Summary
  Global Vertical Routing Utilization    = 0.00170509 %
  Global Horizontal Routing Utilization  = 0.00238174 %
  Routable Net Status*
  *Does not include unroutable nets such as driverless and loadless.
  Run report_route_status for detailed report.
  Number of Failed Nets               = 47124
    (Failed Nets is the sum of unrouted and partially routed nets)
  Number of Unrouted Nets             = 47123
  Number of Partially Routed Nets     = 1
  Number of Node Overlaps             = 0

Phase 2 Router Initialization | Checksum: 2ae3b4c8e

Time (s): cpu = 00:04:34 ; elapsed = 00:03:16 . Memory (MB): peak = 3476.902 ; gain = 578.719

Phase 3 Global Routing
Phase 3 Global Routing | Checksum: 2ae3b4c8e

Time (s): cpu = 00:04:35 ; elapsed = 00:03:16 . Memory (MB): peak = 3476.902 ; gain = 578.719

Phase 4 Initial Routing

Phase 4.1 Initial Net Routing Pass
Phase 4.1 Initial Net Routing Pass | Checksum: 1027988d2

Time (s): cpu = 00:04:58 ; elapsed = 00:03:29 . Memory (MB): peak = 3476.902 ; gain = 578.719
Phase 4 Initial Routing | Checksum: 1027988d2

Time (s): cpu = 00:04:59 ; elapsed = 00:03:30 . Memory (MB): peak = 3476.902 ; gain = 578.719
INFO: [Route 35-580] Design has 1 pins with tight setup and hold constraints.

The top 5 pins with tight setup and hold constraints:

+====================+===================+=====================+
| Launch Setup Clock | Launch Hold Clock | Pin                 |
+====================+===================+=====================+
| clk_pll_i          | clk_pll_i         | calib_sync_reg[0]/D |
+--------------------+-------------------+---------------------+

File with complete list of pins: tight_setup_hold_pins.txt


Phase 5 Rip-up And Reroute

Phase 5.1 Global Iteration 0
 Number of Nodes with overlaps = 5228
 Number of Nodes with overlaps = 333
 Number of Nodes with overlaps = 62
 Number of Nodes with overlaps = 17
 Number of Nodes with overlaps = 8
 Number of Nodes with overlaps = 3
 Number of Nodes with overlaps = 1
 Number of Nodes with overlaps = 0
INFO: [Route 35-416] Intermediate Timing Summary | WNS=0.069  | TNS=0.000  | WHS=N/A    | THS=N/A    |

Phase 5.1 Global Iteration 0 | Checksum: 20330cd7d

Time (s): cpu = 00:06:11 ; elapsed = 00:04:27 . Memory (MB): peak = 3476.902 ; gain = 578.719
Phase 5 Rip-up And Reroute | Checksum: 20330cd7d

Time (s): cpu = 00:06:12 ; elapsed = 00:04:27 . Memory (MB): peak = 3476.902 ; gain = 578.719

Phase 6 Delay and Skew Optimization

Phase 6.1 Delay CleanUp
Phase 6.1 Delay CleanUp | Checksum: 20330cd7d

Time (s): cpu = 00:06:12 ; elapsed = 00:04:27 . Memory (MB): peak = 3476.902 ; gain = 578.719

Phase 6.2 Clock Skew Optimization
Phase 6.2 Clock Skew Optimization | Checksum: 20330cd7d

Time (s): cpu = 00:06:12 ; elapsed = 00:04:27 . Memory (MB): peak = 3476.902 ; gain = 578.719
Phase 6 Delay and Skew Optimization | Checksum: 20330cd7d

Time (s): cpu = 00:06:13 ; elapsed = 00:04:27 . Memory (MB): peak = 3476.902 ; gain = 578.719

Phase 7 Post Hold Fix

Phase 7.1 Hold Fix Iter
INFO: [Route 35-416] Intermediate Timing Summary | WNS=0.069  | TNS=0.000  | WHS=0.045  | THS=0.000  |

Phase 7.1 Hold Fix Iter | Checksum: 24c9a568f

Time (s): cpu = 00:06:22 ; elapsed = 00:04:32 . Memory (MB): peak = 3476.902 ; gain = 578.719
Phase 7 Post Hold Fix | Checksum: 24c9a568f

Time (s): cpu = 00:06:22 ; elapsed = 00:04:33 . Memory (MB): peak = 3476.902 ; gain = 578.719

Phase 8 Route finalize

Router Utilization Summary
  Global Vertical Routing Utilization    = 2.46588 %
  Global Horizontal Routing Utilization  = 2.83961 %
  Routable Net Status*
  *Does not include unroutable nets such as driverless and loadless.
  Run report_route_status for detailed report.
  Number of Failed Nets               = 0
    (Failed Nets is the sum of unrouted and partially routed nets)
  Number of Unrouted Nets             = 0
  Number of Partially Routed Nets     = 0
  Number of Node Overlaps             = 0

Phase 8 Route finalize | Checksum: 24c9a568f

Time (s): cpu = 00:06:23 ; elapsed = 00:04:33 . Memory (MB): peak = 3476.902 ; gain = 578.719

Phase 9 Verifying routed nets

 Verification completed successfully
Phase 9 Verifying routed nets | Checksum: 24c9a568f

Time (s): cpu = 00:06:24 ; elapsed = 00:04:34 . Memory (MB): peak = 3476.902 ; gain = 578.719

Phase 10 Depositing Routes
Phase 10 Depositing Routes | Checksum: 2136eecbb

Time (s): cpu = 00:06:34 ; elapsed = 00:04:42 . Memory (MB): peak = 3476.902 ; gain = 578.719

Phase 11 Post Process Routing
Phase 11 Post Process Routing | Checksum: 2136eecbb

Time (s): cpu = 00:06:34 ; elapsed = 00:04:42 . Memory (MB): peak = 3476.902 ; gain = 578.719

Phase 12 Post Router Timing
INFO: [Route 35-20] Post Routing Timing Summary | WNS=0.070  | TNS=0.000  | WHS=0.045  | THS=0.000  |

Phase 12 Post Router Timing | Checksum: 1aea6523f

Time (s): cpu = 00:07:17 ; elapsed = 00:05:06 . Memory (MB): peak = 3476.902 ; gain = 578.719
INFO: [Route 35-61] The design met the timing requirement.
Total Elapsed time in route_design: 306.042 secs

Phase 13 Post-Route Event Processing
Phase 13 Post-Route Event Processing | Checksum: 1dd53859f

Time (s): cpu = 00:07:18 ; elapsed = 00:05:07 . Memory (MB): peak = 3476.902 ; gain = 578.719
INFO: [Route 35-16] Router Completed Successfully
Ending Routing Task | Checksum: 1dd53859f

Time (s): cpu = 00:07:20 ; elapsed = 00:05:08 . Memory (MB): peak = 3476.902 ; gain = 578.719

Routing Is Done.
INFO: [Common 17-83] Releasing license: Implementation
130 Infos, 2 Warnings, 0 Critical Warnings and 0 Errors encountered.
route_design completed successfully
route_design: Time (s): cpu = 00:07:25 ; elapsed = 00:05:12 . Memory (MB): peak = 3476.902 ; gain = 578.719
INFO: [Vivado 12-24828] Executing command : report_drc -file dma_mmu_picorv32_vc707_ddr3_top_drc_routed.rpt -pb dma_mmu_picorv32_vc707_ddr3_top_drc_routed.pb -rpx dma_mmu_picorv32_vc707_ddr3_top_drc_routed.rpx
Command: report_drc -file dma_mmu_picorv32_vc707_ddr3_top_drc_routed.rpt -pb dma_mmu_picorv32_vc707_ddr3_top_drc_routed.pb -rpx dma_mmu_picorv32_vc707_ddr3_top_drc_routed.rpx
INFO: [IP_Flow 19-1839] IP Catalog is up to date.
INFO: [DRC 23-27] Running DRC with 2 threads
INFO: [Vivado_Tcl 2-168] The results of DRC are in file D:/DMA_MMU_work/build/vivado/vc707_ddr3/DMA_IOMMU_PicoRV32_VC707_DDR3.runs/impl_1/dma_mmu_picorv32_vc707_ddr3_top_drc_routed.rpt.
report_drc completed successfully
report_drc: Time (s): cpu = 00:00:34 ; elapsed = 00:00:18 . Memory (MB): peak = 3476.902 ; gain = 0.000
INFO: [Vivado 12-24828] Executing command : report_methodology -file dma_mmu_picorv32_vc707_ddr3_top_methodology_drc_routed.rpt -pb dma_mmu_picorv32_vc707_ddr3_top_methodology_drc_routed.pb -rpx dma_mmu_picorv32_vc707_ddr3_top_methodology_drc_routed.rpx
Command: report_methodology -file dma_mmu_picorv32_vc707_ddr3_top_methodology_drc_routed.rpt -pb dma_mmu_picorv32_vc707_ddr3_top_methodology_drc_routed.pb -rpx dma_mmu_picorv32_vc707_ddr3_top_methodology_drc_routed.rpx
INFO: [Timing 38-35] Done setting XDC timing constraints.
INFO: [DRC 23-133] Running Methodology with 2 threads
INFO: [Vivado_Tcl 2-1520] The results of Report Methodology are in file D:/DMA_MMU_work/build/vivado/vc707_ddr3/DMA_IOMMU_PicoRV32_VC707_DDR3.runs/impl_1/dma_mmu_picorv32_vc707_ddr3_top_methodology_drc_routed.rpt.
report_methodology completed successfully
report_methodology: Time (s): cpu = 00:01:23 ; elapsed = 00:00:47 . Memory (MB): peak = 3476.902 ; gain = 0.000
INFO: [Vivado 12-24828] Executing command : report_timing_summary -max_paths 10 -routable_nets -report_unconstrained -file dma_mmu_picorv32_vc707_ddr3_top_timing_summary_routed.rpt -pb dma_mmu_picorv32_vc707_ddr3_top_timing_summary_routed.pb -rpx dma_mmu_picorv32_vc707_ddr3_top_timing_summary_routed.rpx -warn_on_violation 
INFO: [Timing 38-35] Done setting XDC timing constraints.
INFO: [Timing 38-91] UpdateTimingParams: Speed grade: -2, Delay Type: min_max.
INFO: [Timing 38-191] Multithreading enabled for timing update using a maximum of 2 CPUs
WARNING: [Timing 38-436] There are set_bus_skew constraint(s) in this design. Please run report_bus_skew to ensure that bus skew requirements are met.
report_timing_summary: Time (s): cpu = 00:00:30 ; elapsed = 00:00:21 . Memory (MB): peak = 3476.902 ; gain = 0.000
INFO: [Vivado 12-24838] Running report commands "report_incremental_reuse, report_route_status" in parallel.
Running report generation with 2 threads.
INFO: [Vivado 12-24828] Executing command : report_incremental_reuse -file dma_mmu_picorv32_vc707_ddr3_top_incremental_reuse_routed.rpt
INFO: [Vivado_Tcl 4-1062] Incremental flow is disabled. No incremental reuse Info to report.
INFO: [Vivado 12-24828] Executing command : report_route_status -file dma_mmu_picorv32_vc707_ddr3_top_route_status.rpt -pb dma_mmu_picorv32_vc707_ddr3_top_route_status.pb
INFO: [Vivado 12-24828] Executing command : report_power -file dma_mmu_picorv32_vc707_ddr3_top_power_routed.rpt -pb dma_mmu_picorv32_vc707_ddr3_top_power_summary_routed.pb -rpx dma_mmu_picorv32_vc707_ddr3_top_power_routed.rpx
Command: report_power -file dma_mmu_picorv32_vc707_ddr3_top_power_routed.rpt -pb dma_mmu_picorv32_vc707_ddr3_top_power_summary_routed.pb -rpx dma_mmu_picorv32_vc707_ddr3_top_power_routed.rpx
Running Vector-less Activity Propagation...

Finished Running Vector-less Activity Propagation
147 Infos, 3 Warnings, 0 Critical Warnings and 0 Errors encountered.
report_power completed successfully
report_power: Time (s): cpu = 00:00:30 ; elapsed = 00:00:20 . Memory (MB): peak = 3476.902 ; gain = 0.000
INFO: [Vivado 12-24828] Executing command : report_clock_utilization -file dma_mmu_picorv32_vc707_ddr3_top_clock_utilization_routed.rpt
report_clock_utilization: Time (s): cpu = 00:00:08 ; elapsed = 00:00:09 . Memory (MB): peak = 3476.902 ; gain = 0.000
INFO: [Vivado 12-24828] Executing command : report_bus_skew -warn_on_violation -file dma_mmu_picorv32_vc707_ddr3_top_bus_skew_routed.rpt -pb dma_mmu_picorv32_vc707_ddr3_top_bus_skew_routed.pb -rpx dma_mmu_picorv32_vc707_ddr3_top_bus_skew_routed.rpx
INFO: [Timing 38-91] UpdateTimingParams: Speed grade: -2, Delay Type: min_max.
INFO: [Timing 38-191] Multithreading enabled for timing update using a maximum of 2 CPUs
generate_parallel_reports: Time (s): cpu = 00:03:07 ; elapsed = 00:01:56 . Memory (MB): peak = 3476.902 ; gain = 0.000
INFO: [Timing 38-480] Writing timing data to binary archive.
Write ShapeDB Complete: Time (s): cpu = 00:00:01 ; elapsed = 00:00:00.296 . Memory (MB): peak = 3476.902 ; gain = 0.000
Wrote PlaceDB: Time (s): cpu = 00:00:17 ; elapsed = 00:00:09 . Memory (MB): peak = 3476.902 ; gain = 0.000
Wrote PulsedLatchDB: Time (s): cpu = 00:00:00 ; elapsed = 00:00:00 . Memory (MB): peak = 3476.902 ; gain = 0.000
Writing XDEF routing.
Writing XDEF routing logical nets.
Writing XDEF routing special nets.
Wrote RouteStorage: Time (s): cpu = 00:00:02 ; elapsed = 00:00:01 . Memory (MB): peak = 3476.902 ; gain = 0.000
Wrote Netlist Cache: Time (s): cpu = 00:00:00 ; elapsed = 00:00:00.195 . Memory (MB): peak = 3476.902 ; gain = 0.000
Wrote Device Cache: Time (s): cpu = 00:00:00 ; elapsed = 00:00:00.020 . Memory (MB): peak = 3476.902 ; gain = 0.000
Write Physdb Complete: Time (s): cpu = 00:00:19 ; elapsed = 00:00:11 . Memory (MB): peak = 3476.902 ; gain = 0.000
INFO: [Common 17-1381] The checkpoint 'D:/DMA_MMU_work/build/vivado/vc707_ddr3/DMA_IOMMU_PicoRV32_VC707_DDR3.runs/impl_1/dma_mmu_picorv32_vc707_ddr3_top_routed.dcp' has been generated.
write_checkpoint: Time (s): cpu = 00:00:23 ; elapsed = 00:00:16 . Memory (MB): peak = 3476.902 ; gain = 0.000
Command: write_bitstream -force dma_mmu_picorv32_vc707_ddr3_top.bit
Attempting to get a license for feature 'Implementation' and/or device 'xc7vx485t'
INFO: [Common 17-349] Got license for feature 'Implementation' and/or device 'xc7vx485t'
Running DRC as a precondition to command write_bitstream
INFO: [IP_Flow 19-1839] IP Catalog is up to date.
INFO: [DRC 23-27] Running DRC with 2 threads
INFO: [Vivado 12-3199] DRC finished with 0 Errors
INFO: [Vivado 12-3200] Please refer to the DRC report (report_drc) for more information.
INFO: [Designutils 20-2272] Running write_bitstream with 2 threads.
Loading data files...
Loading site data...
Loading route data...
Processing options...
Creating bitmap...
Creating bitstream...
Bitstream compression saved 120986240 bits.
Writing bitstream ./dma_mmu_picorv32_vc707_ddr3_top.bit...
INFO: [Vivado 12-1842] Bitgen Completed Successfully.
INFO: [Common 17-83] Releasing license: Implementation
161 Infos, 3 Warnings, 0 Critical Warnings and 0 Errors encountered.
write_bitstream completed successfully
write_bitstream: Time (s): cpu = 00:02:38 ; elapsed = 00:01:48 . Memory (MB): peak = 3859.887 ; gain = 382.984
INFO: [Common 17-206] Exiting Vivado at Mon Aug 17 20:12:54 2026...
[Mon Aug 17 20:13:00 2026] impl_1 finished
wait_on_runs: Time (s): cpu = 00:00:03 ; elapsed = 00:19:26 . Memory (MB): peak = 1411.895 ; gain = 0.000
Netlist sorting complete. Time (s): cpu = 00:00:01 ; elapsed = 00:00:01 . Memory (MB): peak = 1508.188 ; gain = 0.000
INFO: [Netlist 29-17] Analyzing 2525 Unisim elements for replacement
INFO: [Netlist 29-28] Unisim Transformation completed in 1 CPU seconds
INFO: [Project 1-479] Netlist was created with Vivado 2025.1
INFO: [Project 1-570] Preparing netlist for logic optimization
Read ShapeDB Complete: Time (s): cpu = 00:00:00 ; elapsed = 00:00:00.340 . Memory (MB): peak = 1697.352 ; gain = 0.000
INFO: [Timing 38-478] Restoring timing data from binary archive.
INFO: [Timing 38-479] Binary timing data restore complete.
INFO: [Project 1-856] Restoring constraints from binary archive.
INFO: [Project 1-853] Binary constraint restore complete.
INFO: [Designutils 20-5722] Start Reading Physical Databases.
Reading placement.
Read Netlist Cache: Time (s): cpu = 00:00:00 ; elapsed = 00:00:00.150 . Memory (MB): peak = 2461.258 ; gain = 0.000
Reading placer database...
Read Device Cache: Time (s): cpu = 00:00:00 ; elapsed = 00:00:00.058 . Memory (MB): peak = 2461.258 ; gain = 0.000
Read PlaceDB: Time (s): cpu = 00:00:05 ; elapsed = 00:00:06 . Memory (MB): peak = 2515.816 ; gain = 54.559
Read PulsedLatchDB: Time (s): cpu = 00:00:00 ; elapsed = 00:00:00 . Memory (MB): peak = 2515.816 ; gain = 0.000
Reading routing.
Read RouteStorage: Time (s): cpu = 00:00:02 ; elapsed = 00:00:02 . Memory (MB): peak = 2547.742 ; gain = 31.926
Read Physdb Files: Time (s): cpu = 00:00:07 ; elapsed = 00:00:07 . Memory (MB): peak = 2547.742 ; gain = 86.484
Restored from archive | CPU: 7.000000 secs | Memory: 0.000000 MB |
Finished XDEF File Restore: Time (s): cpu = 00:00:07 ; elapsed = 00:00:08 . Memory (MB): peak = 2547.742 ; gain = 86.484
Netlist sorting complete. Time (s): cpu = 00:00:00 ; elapsed = 00:00:00.059 . Memory (MB): peak = 2547.742 ; gain = 0.000
INFO: [Project 1-111] Unisim Transformation Summary:
  A total of 583 instances were transformed.
  IOBUFDS_DIFF_OUT_DCIEN => IOBUFDS_DIFF_OUT_DCIEN (IBUFDS_IBUFDISABLE_INT(x2), INV, OBUFTDS_DCIEN(x2)): 8 instances
  IOBUF_DCIEN => IOBUF_DCIEN (IBUF_IBUFDISABLE, OBUFT_DCIEN): 64 instances
  LUT6_2 => LUT6_2 (LUT5, LUT6): 19 instances
  OBUFDS => OBUFDS_DUAL_BUF (INV, OBUFDS(x2)): 1 instance 
  RAM32M => RAM32M (RAMD32(x6), RAMS32(x2)): 443 instances
  RAM32X1D => RAM32X1D (RAMD32(x2)): 25 instances
  RAM64M => RAM64M (RAMD64E(x4)): 22 instances
  SRLC32E => SRL16E: 1 instance 

open_run: Time (s): cpu = 00:00:45 ; elapsed = 00:00:49 . Memory (MB): peak = 2547.742 ; gain = 1135.848
report_utilization: Time (s): cpu = 00:00:06 ; elapsed = 00:00:06 . Memory (MB): peak = 2547.742 ; gain = 0.000
INFO: [Timing 38-91] UpdateTimingParams: Speed grade: -2, Delay Type: min_max.
INFO: [Timing 38-191] Multithreading enabled for timing update using a maximum of 2 CPUs
WARNING: [Timing 38-436] There are set_bus_skew constraint(s) in this design. Please run report_bus_skew to ensure that bus skew requirements are met.
report_timing_summary: Time (s): cpu = 00:00:48 ; elapsed = 00:00:28 . Memory (MB): peak = 2705.191 ; gain = 157.449
INFO: [Timing 38-91] UpdateTimingParams: Speed grade: -2, Delay Type: min_max.
INFO: [Timing 38-191] Multithreading enabled for timing update using a maximum of 2 CPUs
Command: report_drc -file D:/DMA_MMU-main(1)/reports/vc707_ddr3/vc707_ddr3_drc.rpt
INFO: [IP_Flow 19-1839] IP Catalog is up to date.
INFO: [DRC 23-27] Running DRC with 2 threads
INFO: [Vivado_Tcl 2-168] The results of DRC are in file D:/DMA_MMU-main(1)/reports/vc707_ddr3/vc707_ddr3_drc.rpt.
report_drc completed successfully
report_drc: Time (s): cpu = 00:00:34 ; elapsed = 00:00:19 . Memory (MB): peak = 2880.395 ; gain = 175.203
VC707 DDR3 BITSTREAM PASSED: WNS=0.070 ns; DSP total=16; MIG/DDR DSP=0
Bitstream: D:/DMA_MMU-main(1)/bitstream/DMA_IOMMU_PicoRV32_VC707_DDR3.bit
INFO: [Common 17-206] Exiting Vivado at Mon Aug 17 20:14:46 2026...
