Copyright 1986-2022 Xilinx, Inc. All Rights Reserved. Copyright 2022-2025 Advanced Micro Devices, Inc. All Rights Reserved.
----------------------------------------------------------------------------------------------------------------------------------------------------------------------------------------------------------------------------------------------------------------------------------------------------------------------------
| Tool Version : Vivado v.2025.1 (win64) Build 6140274 Thu May 22 00:12:29 MDT 2025
| Date         : Mon Aug  3 14:29:32 2026
| Host         : LAPTOP-QB9V6NGP running 64-bit major release  (build 9200)
| Command      : report_timing -from [get_cells -hier -quiet -filter {IS_SEQUENTIAL == 1 && NAME =~ *cpu_mmu_inst/*}] -to [get_cells -hier -quiet -filter {IS_SEQUENTIAL == 1 && NAME =~ *cpu_mmu_inst/*}] -delay_type max -max_paths 20 -nworst 5 -file C:/rtl/rtl/Project_Vivado/reports/cpu_mmu_core_internal_timing.rpt
| Design       : dma_mmu_picorv32_soc
| Device       : 7a35t-cpg236
| Speed File   : -1  PRODUCTION 1.23 2018-06-13
| Design State : Routed
----------------------------------------------------------------------------------------------------------------------------------------------------------------------------------------------------------------------------------------------------------------------------------------------------------------------------

Timing Report

Slack (MET) :             0.219ns  (required time - arrival time)
  Source:                 cpu_mmu_inst/pt_vpn_q_reg[5][2]/C
                            (rising edge-triggered cell FDCE clocked by sys_clk  {rise@0.000ns fall@3.333ns period=6.667ns})
  Destination:            cpu_mmu_inst/rd_pt_idx_q_reg[0]/D
                            (rising edge-triggered cell FDCE clocked by sys_clk  {rise@0.000ns fall@3.333ns period=6.667ns})
  Path Group:             sys_clk
  Path Type:              Setup (Max at Slow Process Corner)
  Requirement:            6.667ns  (sys_clk rise@6.667ns - sys_clk rise@0.000ns)
  Data Path Delay:        6.329ns  (logic 2.190ns (34.601%)  route 4.139ns (65.399%))
  Logic Levels:           8  (CARRY4=2 LUT2=1 LUT5=1 LUT6=4)
  Clock Path Skew:        -0.063ns (DCD - SCD + CPR)
    Destination Clock Delay (DCD):    4.272ns = ( 10.939 - 6.667 ) 
    Source Clock Delay      (SCD):    4.577ns
    Clock Pessimism Removal (CPR):    0.242ns
  Clock Uncertainty:      0.135ns  ((TSJ^2 + TIJ^2)^1/2 + DJ) / 2 + PE + UU
    Total System Jitter     (TSJ):    0.071ns
    Total Input Jitter      (TIJ):    0.000ns
    Discrete Jitter          (DJ):    0.000ns
    Phase Error              (PE):    0.000ns
    User Uncertainty         (UU):    0.100ns

    Location             Delay type                Incr(ns)  Path(ns)    Netlist Resource(s)
  -------------------------------------------------------------------    -------------------
                         (clock sys_clk rise edge)    0.000     0.000 r  
    M18                                               0.000     0.000 r  clk_i (IN)
                         net (fo=0)                   0.000     0.000    clk_i
    M18                  IBUF (Prop_ibuf_I_O)         0.938     0.938 r  clk_i_IBUF_inst/O
                         net (fo=1, routed)           1.972     2.910    clk_i_IBUF
    BUFGCTRL_X0Y0        BUFG (Prop_bufg_I_O)         0.096     3.006 r  clk_i_IBUF_BUFG_inst/O
                         net (fo=6332, routed)        1.571     4.577    cpu_mmu_inst/clk_i_IBUF_BUFG
    SLICE_X52Y43         FDCE                                         r  cpu_mmu_inst/pt_vpn_q_reg[5][2]/C
  -------------------------------------------------------------------    -------------------
    SLICE_X52Y43         FDCE (Prop_fdce_C_Q)         0.518     5.095 r  cpu_mmu_inst/pt_vpn_q_reg[5][2]/Q
                         net (fo=5, routed)           1.132     6.227    cpu_mmu_inst/pt_vpn_q_reg[5]_5[2]
    SLICE_X54Y45         LUT6 (Prop_lut6_I2_O)        0.124     6.351 r  cpu_mmu_inst/rd_pt_idx_q[2]_i_34/O
                         net (fo=1, routed)           0.000     6.351    cpu_mmu_inst/rd_pt_idx_q[2]_i_34_n_0
    SLICE_X54Y45         CARRY4 (Prop_carry4_S[0]_CO[3])
                                                      0.513     6.864 r  cpu_mmu_inst/rd_pt_idx_q_reg[2]_i_19/CO[3]
                         net (fo=1, routed)           0.000     6.864    cpu_mmu_inst/rd_pt_idx_q_reg[2]_i_19_n_0
    SLICE_X54Y46         CARRY4 (Prop_carry4_CI_CO[2])
                                                      0.229     7.093 f  cpu_mmu_inst/rd_pt_idx_q_reg[2]_i_12/CO[2]
                         net (fo=2, routed)           0.697     7.790    cpu_mmu_inst/rd_pt_hit29_out
    SLICE_X58Y48         LUT2 (Prop_lut2_I1_O)        0.310     8.100 f  cpu_mmu_inst/rd_pt_idx_q[3]_i_28/O
                         net (fo=5, routed)           0.854     8.954    cpu_mmu_inst/rd_pt_idx_q[3]_i_28_n_0
    SLICE_X59Y49         LUT6 (Prop_lut6_I5_O)        0.124     9.078 f  cpu_mmu_inst/rd_pt_idx_q[3]_i_12/O
                         net (fo=5, routed)           0.476     9.555    cpu_mmu_inst/rd_pt_idx_q[3]_i_12_n_0
    SLICE_X61Y51         LUT6 (Prop_lut6_I4_O)        0.124     9.679 f  cpu_mmu_inst/rd_pt_hit_q_i_10/O
                         net (fo=2, routed)           0.321    10.000    cpu_mmu_inst/rd_pt_hit_q_i_10_n_0
    SLICE_X58Y52         LUT5 (Prop_lut5_I4_O)        0.124    10.124 r  cpu_mmu_inst/rd_pt_idx_q[0]_i_3/O
                         net (fo=1, routed)           0.658    10.782    cpu_mmu_inst/rd_pt_idx_q[0]_i_3_n_0
    SLICE_X60Y52         LUT6 (Prop_lut6_I1_O)        0.124    10.906 r  cpu_mmu_inst/rd_pt_idx_q[0]_i_1/O
                         net (fo=1, routed)           0.000    10.906    cpu_mmu_inst/rd_pt_idx_q[0]_i_1_n_0
    SLICE_X60Y52         FDCE                                         r  cpu_mmu_inst/rd_pt_idx_q_reg[0]/D
  -------------------------------------------------------------------    -------------------

                         (clock sys_clk rise edge)    6.667     6.667 r  
    M18                                               0.000     6.667 r  clk_i (IN)
                         net (fo=0)                   0.000     6.667    clk_i
    M18                  IBUF (Prop_ibuf_I_O)         0.805     7.472 r  clk_i_IBUF_inst/O
                         net (fo=1, routed)           1.868     9.340    clk_i_IBUF
    BUFGCTRL_X0Y0        BUFG (Prop_bufg_I_O)         0.091     9.431 r  clk_i_IBUF_BUFG_inst/O
                         net (fo=6332, routed)        1.509    10.939    cpu_mmu_inst/clk_i_IBUF_BUFG
    SLICE_X60Y52         FDCE                                         r  cpu_mmu_inst/rd_pt_idx_q_reg[0]/C
                         clock pessimism              0.242    11.181    
                         clock uncertainty           -0.135    11.046    
    SLICE_X60Y52         FDCE (Setup_fdce_C_D)        0.079    11.125    cpu_mmu_inst/rd_pt_idx_q_reg[0]
  -------------------------------------------------------------------
                         required time                         11.125    
                         arrival time                         -10.906    
  -------------------------------------------------------------------
                         slack                                  0.219    

Slack (MET) :             0.219ns  (required time - arrival time)
  Source:                 cpu_mmu_inst/pt_vpn_q_reg[5][2]/C
                            (rising edge-triggered cell FDCE clocked by sys_clk  {rise@0.000ns fall@3.333ns period=6.667ns})
  Destination:            cpu_mmu_inst/rd_pt_idx_q_reg[0]/D
                            (rising edge-triggered cell FDCE clocked by sys_clk  {rise@0.000ns fall@3.333ns period=6.667ns})
  Path Group:             sys_clk
  Path Type:              Setup (Max at Slow Process Corner)
  Requirement:            6.667ns  (sys_clk rise@6.667ns - sys_clk rise@0.000ns)
  Data Path Delay:        6.329ns  (logic 2.190ns (34.601%)  route 4.139ns (65.399%))
  Logic Levels:           8  (CARRY4=2 LUT2=1 LUT5=1 LUT6=4)
  Clock Path Skew:        -0.063ns (DCD - SCD + CPR)
    Destination Clock Delay (DCD):    4.272ns = ( 10.939 - 6.667 ) 
    Source Clock Delay      (SCD):    4.577ns
    Clock Pessimism Removal (CPR):    0.242ns
  Clock Uncertainty:      0.135ns  ((TSJ^2 + TIJ^2)^1/2 + DJ) / 2 + PE + UU
    Total System Jitter     (TSJ):    0.071ns
    Total Input Jitter      (TIJ):    0.000ns
    Discrete Jitter          (DJ):    0.000ns
    Phase Error              (PE):    0.000ns
    User Uncertainty         (UU):    0.100ns

    Location             Delay type                Incr(ns)  Path(ns)    Netlist Resource(s)
  -------------------------------------------------------------------    -------------------
                         (clock sys_clk rise edge)    0.000     0.000 r  
    M18                                               0.000     0.000 r  clk_i (IN)
                         net (fo=0)                   0.000     0.000    clk_i
    M18                  IBUF (Prop_ibuf_I_O)         0.938     0.938 r  clk_i_IBUF_inst/O
                         net (fo=1, routed)           1.972     2.910    clk_i_IBUF
    BUFGCTRL_X0Y0        BUFG (Prop_bufg_I_O)         0.096     3.006 r  clk_i_IBUF_BUFG_inst/O
                         net (fo=6332, routed)        1.571     4.577    cpu_mmu_inst/clk_i_IBUF_BUFG
    SLICE_X52Y43         FDCE                                         r  cpu_mmu_inst/pt_vpn_q_reg[5][2]/C
  -------------------------------------------------------------------    -------------------
    SLICE_X52Y43         FDCE (Prop_fdce_C_Q)         0.518     5.095 f  cpu_mmu_inst/pt_vpn_q_reg[5][2]/Q
                         net (fo=5, routed)           1.132     6.227    cpu_mmu_inst/pt_vpn_q_reg[5]_5[2]
    SLICE_X54Y45         LUT6 (Prop_lut6_I2_O)        0.124     6.351 r  cpu_mmu_inst/rd_pt_idx_q[2]_i_34/O
                         net (fo=1, routed)           0.000     6.351    cpu_mmu_inst/rd_pt_idx_q[2]_i_34_n_0
    SLICE_X54Y45         CARRY4 (Prop_carry4_S[0]_CO[3])
                                                      0.513     6.864 r  cpu_mmu_inst/rd_pt_idx_q_reg[2]_i_19/CO[3]
                         net (fo=1, routed)           0.000     6.864    cpu_mmu_inst/rd_pt_idx_q_reg[2]_i_19_n_0
    SLICE_X54Y46         CARRY4 (Prop_carry4_CI_CO[2])
                                                      0.229     7.093 f  cpu_mmu_inst/rd_pt_idx_q_reg[2]_i_12/CO[2]
                         net (fo=2, routed)           0.697     7.790    cpu_mmu_inst/rd_pt_hit29_out
    SLICE_X58Y48         LUT2 (Prop_lut2_I1_O)        0.310     8.100 f  cpu_mmu_inst/rd_pt_idx_q[3]_i_28/O
                         net (fo=5, routed)           0.854     8.954    cpu_mmu_inst/rd_pt_idx_q[3]_i_28_n_0
    SLICE_X59Y49         LUT6 (Prop_lut6_I5_O)        0.124     9.078 f  cpu_mmu_inst/rd_pt_idx_q[3]_i_12/O
                         net (fo=5, routed)           0.476     9.555    cpu_mmu_inst/rd_pt_idx_q[3]_i_12_n_0
    SLICE_X61Y51         LUT6 (Prop_lut6_I4_O)        0.124     9.679 f  cpu_mmu_inst/rd_pt_hit_q_i_10/O
                         net (fo=2, routed)           0.321    10.000    cpu_mmu_inst/rd_pt_hit_q_i_10_n_0
    SLICE_X58Y52         LUT5 (Prop_lut5_I4_O)        0.124    10.124 r  cpu_mmu_inst/rd_pt_idx_q[0]_i_3/O
                         net (fo=1, routed)           0.658    10.782    cpu_mmu_inst/rd_pt_idx_q[0]_i_3_n_0
    SLICE_X60Y52         LUT6 (Prop_lut6_I1_O)        0.124    10.906 r  cpu_mmu_inst/rd_pt_idx_q[0]_i_1/O
                         net (fo=1, routed)           0.000    10.906    cpu_mmu_inst/rd_pt_idx_q[0]_i_1_n_0
    SLICE_X60Y52         FDCE                                         r  cpu_mmu_inst/rd_pt_idx_q_reg[0]/D
  -------------------------------------------------------------------    -------------------

                         (clock sys_clk rise edge)    6.667     6.667 r  
    M18                                               0.000     6.667 r  clk_i (IN)
                         net (fo=0)                   0.000     6.667    clk_i
    M18                  IBUF (Prop_ibuf_I_O)         0.805     7.472 r  clk_i_IBUF_inst/O
                         net (fo=1, routed)           1.868     9.340    clk_i_IBUF
    BUFGCTRL_X0Y0        BUFG (Prop_bufg_I_O)         0.091     9.431 r  clk_i_IBUF_BUFG_inst/O
                         net (fo=6332, routed)        1.509    10.939    cpu_mmu_inst/clk_i_IBUF_BUFG
    SLICE_X60Y52         FDCE                                         r  cpu_mmu_inst/rd_pt_idx_q_reg[0]/C
                         clock pessimism              0.242    11.181    
                         clock uncertainty           -0.135    11.046    
    SLICE_X60Y52         FDCE (Setup_fdce_C_D)        0.079    11.125    cpu_mmu_inst/rd_pt_idx_q_reg[0]
  -------------------------------------------------------------------
                         required time                         11.125    
                         arrival time                         -10.906    
  -------------------------------------------------------------------
                         slack                                  0.219    

Slack (MET) :             0.219ns  (required time - arrival time)
  Source:                 cpu_mmu_inst/pt_vpn_q_reg[5][2]/C
                            (rising edge-triggered cell FDCE clocked by sys_clk  {rise@0.000ns fall@3.333ns period=6.667ns})
  Destination:            cpu_mmu_inst/rd_pt_idx_q_reg[0]/D
                            (rising edge-triggered cell FDCE clocked by sys_clk  {rise@0.000ns fall@3.333ns period=6.667ns})
  Path Group:             sys_clk
  Path Type:              Setup (Max at Slow Process Corner)
  Requirement:            6.667ns  (sys_clk rise@6.667ns - sys_clk rise@0.000ns)
  Data Path Delay:        6.329ns  (logic 2.190ns (34.601%)  route 4.139ns (65.399%))
  Logic Levels:           8  (CARRY4=2 LUT2=1 LUT5=1 LUT6=4)
  Clock Path Skew:        -0.063ns (DCD - SCD + CPR)
    Destination Clock Delay (DCD):    4.272ns = ( 10.939 - 6.667 ) 
    Source Clock Delay      (SCD):    4.577ns
    Clock Pessimism Removal (CPR):    0.242ns
  Clock Uncertainty:      0.135ns  ((TSJ^2 + TIJ^2)^1/2 + DJ) / 2 + PE + UU
    Total System Jitter     (TSJ):    0.071ns
    Total Input Jitter      (TIJ):    0.000ns
    Discrete Jitter          (DJ):    0.000ns
    Phase Error              (PE):    0.000ns
    User Uncertainty         (UU):    0.100ns

    Location             Delay type                Incr(ns)  Path(ns)    Netlist Resource(s)
  -------------------------------------------------------------------    -------------------
                         (clock sys_clk rise edge)    0.000     0.000 r  
    M18                                               0.000     0.000 r  clk_i (IN)
                         net (fo=0)                   0.000     0.000    clk_i
    M18                  IBUF (Prop_ibuf_I_O)         0.938     0.938 r  clk_i_IBUF_inst/O
                         net (fo=1, routed)           1.972     2.910    clk_i_IBUF
    BUFGCTRL_X0Y0        BUFG (Prop_bufg_I_O)         0.096     3.006 r  clk_i_IBUF_BUFG_inst/O
                         net (fo=6332, routed)        1.571     4.577    cpu_mmu_inst/clk_i_IBUF_BUFG
    SLICE_X52Y43         FDCE                                         r  cpu_mmu_inst/pt_vpn_q_reg[5][2]/C
  -------------------------------------------------------------------    -------------------
    SLICE_X52Y43         FDCE (Prop_fdce_C_Q)         0.518     5.095 r  cpu_mmu_inst/pt_vpn_q_reg[5][2]/Q
                         net (fo=5, routed)           1.132     6.227    cpu_mmu_inst/pt_vpn_q_reg[5]_5[2]
    SLICE_X54Y45         LUT6 (Prop_lut6_I2_O)        0.124     6.351 r  cpu_mmu_inst/rd_pt_idx_q[2]_i_34/O
                         net (fo=1, routed)           0.000     6.351    cpu_mmu_inst/rd_pt_idx_q[2]_i_34_n_0
    SLICE_X54Y45         CARRY4 (Prop_carry4_S[0]_CO[3])
                                                      0.513     6.864 f  cpu_mmu_inst/rd_pt_idx_q_reg[2]_i_19/CO[3]
                         net (fo=1, routed)           0.000     6.864    cpu_mmu_inst/rd_pt_idx_q_reg[2]_i_19_n_0
    SLICE_X54Y46         CARRY4 (Prop_carry4_CI_CO[2])
                                                      0.229     7.093 f  cpu_mmu_inst/rd_pt_idx_q_reg[2]_i_12/CO[2]
                         net (fo=2, routed)           0.697     7.790    cpu_mmu_inst/rd_pt_hit29_out
    SLICE_X58Y48         LUT2 (Prop_lut2_I1_O)        0.310     8.100 f  cpu_mmu_inst/rd_pt_idx_q[3]_i_28/O
                         net (fo=5, routed)           0.854     8.954    cpu_mmu_inst/rd_pt_idx_q[3]_i_28_n_0
    SLICE_X59Y49         LUT6 (Prop_lut6_I5_O)        0.124     9.078 f  cpu_mmu_inst/rd_pt_idx_q[3]_i_12/O
                         net (fo=5, routed)           0.476     9.555    cpu_mmu_inst/rd_pt_idx_q[3]_i_12_n_0
    SLICE_X61Y51         LUT6 (Prop_lut6_I4_O)        0.124     9.679 f  cpu_mmu_inst/rd_pt_hit_q_i_10/O
                         net (fo=2, routed)           0.321    10.000    cpu_mmu_inst/rd_pt_hit_q_i_10_n_0
    SLICE_X58Y52         LUT5 (Prop_lut5_I4_O)        0.124    10.124 r  cpu_mmu_inst/rd_pt_idx_q[0]_i_3/O
                         net (fo=1, routed)           0.658    10.782    cpu_mmu_inst/rd_pt_idx_q[0]_i_3_n_0
    SLICE_X60Y52         LUT6 (Prop_lut6_I1_O)        0.124    10.906 r  cpu_mmu_inst/rd_pt_idx_q[0]_i_1/O
                         net (fo=1, routed)           0.000    10.906    cpu_mmu_inst/rd_pt_idx_q[0]_i_1_n_0
    SLICE_X60Y52         FDCE                                         r  cpu_mmu_inst/rd_pt_idx_q_reg[0]/D
  -------------------------------------------------------------------    -------------------

                         (clock sys_clk rise edge)    6.667     6.667 r  
    M18                                               0.000     6.667 r  clk_i (IN)
                         net (fo=0)                   0.000     6.667    clk_i
    M18                  IBUF (Prop_ibuf_I_O)         0.805     7.472 r  clk_i_IBUF_inst/O
                         net (fo=1, routed)           1.868     9.340    clk_i_IBUF
    BUFGCTRL_X0Y0        BUFG (Prop_bufg_I_O)         0.091     9.431 r  clk_i_IBUF_BUFG_inst/O
                         net (fo=6332, routed)        1.509    10.939    cpu_mmu_inst/clk_i_IBUF_BUFG
    SLICE_X60Y52         FDCE                                         r  cpu_mmu_inst/rd_pt_idx_q_reg[0]/C
                         clock pessimism              0.242    11.181    
                         clock uncertainty           -0.135    11.046    
    SLICE_X60Y52         FDCE (Setup_fdce_C_D)        0.079    11.125    cpu_mmu_inst/rd_pt_idx_q_reg[0]
  -------------------------------------------------------------------
                         required time                         11.125    
                         arrival time                         -10.906    
  -------------------------------------------------------------------
                         slack                                  0.219    

Slack (MET) :             0.219ns  (required time - arrival time)
  Source:                 cpu_mmu_inst/pt_vpn_q_reg[5][2]/C
                            (rising edge-triggered cell FDCE clocked by sys_clk  {rise@0.000ns fall@3.333ns period=6.667ns})
  Destination:            cpu_mmu_inst/rd_pt_idx_q_reg[0]/D
                            (rising edge-triggered cell FDCE clocked by sys_clk  {rise@0.000ns fall@3.333ns period=6.667ns})
  Path Group:             sys_clk
  Path Type:              Setup (Max at Slow Process Corner)
  Requirement:            6.667ns  (sys_clk rise@6.667ns - sys_clk rise@0.000ns)
  Data Path Delay:        6.329ns  (logic 2.190ns (34.601%)  route 4.139ns (65.399%))
  Logic Levels:           8  (CARRY4=2 LUT2=1 LUT5=1 LUT6=4)
  Clock Path Skew:        -0.063ns (DCD - SCD + CPR)
    Destination Clock Delay (DCD):    4.272ns = ( 10.939 - 6.667 ) 
    Source Clock Delay      (SCD):    4.577ns
    Clock Pessimism Removal (CPR):    0.242ns
  Clock Uncertainty:      0.135ns  ((TSJ^2 + TIJ^2)^1/2 + DJ) / 2 + PE + UU
    Total System Jitter     (TSJ):    0.071ns
    Total Input Jitter      (TIJ):    0.000ns
    Discrete Jitter          (DJ):    0.000ns
    Phase Error              (PE):    0.000ns
    User Uncertainty         (UU):    0.100ns

    Location             Delay type                Incr(ns)  Path(ns)    Netlist Resource(s)
  -------------------------------------------------------------------    -------------------
                         (clock sys_clk rise edge)    0.000     0.000 r  
    M18                                               0.000     0.000 r  clk_i (IN)
                         net (fo=0)                   0.000     0.000    clk_i
    M18                  IBUF (Prop_ibuf_I_O)         0.938     0.938 r  clk_i_IBUF_inst/O
                         net (fo=1, routed)           1.972     2.910    clk_i_IBUF
    BUFGCTRL_X0Y0        BUFG (Prop_bufg_I_O)         0.096     3.006 r  clk_i_IBUF_BUFG_inst/O
                         net (fo=6332, routed)        1.571     4.577    cpu_mmu_inst/clk_i_IBUF_BUFG
    SLICE_X52Y43         FDCE                                         r  cpu_mmu_inst/pt_vpn_q_reg[5][2]/C
  -------------------------------------------------------------------    -------------------
    SLICE_X52Y43         FDCE (Prop_fdce_C_Q)         0.518     5.095 f  cpu_mmu_inst/pt_vpn_q_reg[5][2]/Q
                         net (fo=5, routed)           1.132     6.227    cpu_mmu_inst/pt_vpn_q_reg[5]_5[2]
    SLICE_X54Y45         LUT6 (Prop_lut6_I2_O)        0.124     6.351 r  cpu_mmu_inst/rd_pt_idx_q[2]_i_34/O
                         net (fo=1, routed)           0.000     6.351    cpu_mmu_inst/rd_pt_idx_q[2]_i_34_n_0
    SLICE_X54Y45         CARRY4 (Prop_carry4_S[0]_CO[3])
                                                      0.513     6.864 f  cpu_mmu_inst/rd_pt_idx_q_reg[2]_i_19/CO[3]
                         net (fo=1, routed)           0.000     6.864    cpu_mmu_inst/rd_pt_idx_q_reg[2]_i_19_n_0
    SLICE_X54Y46         CARRY4 (Prop_carry4_CI_CO[2])
                                                      0.229     7.093 f  cpu_mmu_inst/rd_pt_idx_q_reg[2]_i_12/CO[2]
                         net (fo=2, routed)           0.697     7.790    cpu_mmu_inst/rd_pt_hit29_out
    SLICE_X58Y48         LUT2 (Prop_lut2_I1_O)        0.310     8.100 f  cpu_mmu_inst/rd_pt_idx_q[3]_i_28/O
                         net (fo=5, routed)           0.854     8.954    cpu_mmu_inst/rd_pt_idx_q[3]_i_28_n_0
    SLICE_X59Y49         LUT6 (Prop_lut6_I5_O)        0.124     9.078 f  cpu_mmu_inst/rd_pt_idx_q[3]_i_12/O
                         net (fo=5, routed)           0.476     9.555    cpu_mmu_inst/rd_pt_idx_q[3]_i_12_n_0
    SLICE_X61Y51         LUT6 (Prop_lut6_I4_O)        0.124     9.679 f  cpu_mmu_inst/rd_pt_hit_q_i_10/O
                         net (fo=2, routed)           0.321    10.000    cpu_mmu_inst/rd_pt_hit_q_i_10_n_0
    SLICE_X58Y52         LUT5 (Prop_lut5_I4_O)        0.124    10.124 r  cpu_mmu_inst/rd_pt_idx_q[0]_i_3/O
                         net (fo=1, routed)           0.658    10.782    cpu_mmu_inst/rd_pt_idx_q[0]_i_3_n_0
    SLICE_X60Y52         LUT6 (Prop_lut6_I1_O)        0.124    10.906 r  cpu_mmu_inst/rd_pt_idx_q[0]_i_1/O
                         net (fo=1, routed)           0.000    10.906    cpu_mmu_inst/rd_pt_idx_q[0]_i_1_n_0
    SLICE_X60Y52         FDCE                                         r  cpu_mmu_inst/rd_pt_idx_q_reg[0]/D
  -------------------------------------------------------------------    -------------------

                         (clock sys_clk rise edge)    6.667     6.667 r  
    M18                                               0.000     6.667 r  clk_i (IN)
                         net (fo=0)                   0.000     6.667    clk_i
    M18                  IBUF (Prop_ibuf_I_O)         0.805     7.472 r  clk_i_IBUF_inst/O
                         net (fo=1, routed)           1.868     9.340    clk_i_IBUF
    BUFGCTRL_X0Y0        BUFG (Prop_bufg_I_O)         0.091     9.431 r  clk_i_IBUF_BUFG_inst/O
                         net (fo=6332, routed)        1.509    10.939    cpu_mmu_inst/clk_i_IBUF_BUFG
    SLICE_X60Y52         FDCE                                         r  cpu_mmu_inst/rd_pt_idx_q_reg[0]/C
                         clock pessimism              0.242    11.181    
                         clock uncertainty           -0.135    11.046    
    SLICE_X60Y52         FDCE (Setup_fdce_C_D)        0.079    11.125    cpu_mmu_inst/rd_pt_idx_q_reg[0]
  -------------------------------------------------------------------
                         required time                         11.125    
                         arrival time                         -10.906    
  -------------------------------------------------------------------
                         slack                                  0.219    

Slack (MET) :             0.219ns  (required time - arrival time)
  Source:                 cpu_mmu_inst/pt_vpn_q_reg[5][2]/C
                            (rising edge-triggered cell FDCE clocked by sys_clk  {rise@0.000ns fall@3.333ns period=6.667ns})
  Destination:            cpu_mmu_inst/rd_pt_idx_q_reg[0]/D
                            (rising edge-triggered cell FDCE clocked by sys_clk  {rise@0.000ns fall@3.333ns period=6.667ns})
  Path Group:             sys_clk
  Path Type:              Setup (Max at Slow Process Corner)
  Requirement:            6.667ns  (sys_clk rise@6.667ns - sys_clk rise@0.000ns)
  Data Path Delay:        6.329ns  (logic 2.190ns (34.601%)  route 4.139ns (65.399%))
  Logic Levels:           8  (CARRY4=2 LUT2=1 LUT5=1 LUT6=4)
  Clock Path Skew:        -0.063ns (DCD - SCD + CPR)
    Destination Clock Delay (DCD):    4.272ns = ( 10.939 - 6.667 ) 
    Source Clock Delay      (SCD):    4.577ns
    Clock Pessimism Removal (CPR):    0.242ns
  Clock Uncertainty:      0.135ns  ((TSJ^2 + TIJ^2)^1/2 + DJ) / 2 + PE + UU
    Total System Jitter     (TSJ):    0.071ns
    Total Input Jitter      (TIJ):    0.000ns
    Discrete Jitter          (DJ):    0.000ns
    Phase Error              (PE):    0.000ns
    User Uncertainty         (UU):    0.100ns

    Location             Delay type                Incr(ns)  Path(ns)    Netlist Resource(s)
  -------------------------------------------------------------------    -------------------
                         (clock sys_clk rise edge)    0.000     0.000 r  
    M18                                               0.000     0.000 r  clk_i (IN)
                         net (fo=0)                   0.000     0.000    clk_i
    M18                  IBUF (Prop_ibuf_I_O)         0.938     0.938 r  clk_i_IBUF_inst/O
                         net (fo=1, routed)           1.972     2.910    clk_i_IBUF
    BUFGCTRL_X0Y0        BUFG (Prop_bufg_I_O)         0.096     3.006 r  clk_i_IBUF_BUFG_inst/O
                         net (fo=6332, routed)        1.571     4.577    cpu_mmu_inst/clk_i_IBUF_BUFG
    SLICE_X52Y43         FDCE                                         r  cpu_mmu_inst/pt_vpn_q_reg[5][2]/C
  -------------------------------------------------------------------    -------------------
    SLICE_X52Y43         FDCE (Prop_fdce_C_Q)         0.518     5.095 r  cpu_mmu_inst/pt_vpn_q_reg[5][2]/Q
                         net (fo=5, routed)           1.132     6.227    cpu_mmu_inst/pt_vpn_q_reg[5]_5[2]
    SLICE_X54Y45         LUT6 (Prop_lut6_I2_O)        0.124     6.351 f  cpu_mmu_inst/rd_pt_idx_q[2]_i_34/O
                         net (fo=1, routed)           0.000     6.351    cpu_mmu_inst/rd_pt_idx_q[2]_i_34_n_0
    SLICE_X54Y45         CARRY4 (Prop_carry4_S[0]_CO[3])
                                                      0.513     6.864 f  cpu_mmu_inst/rd_pt_idx_q_reg[2]_i_19/CO[3]
                         net (fo=1, routed)           0.000     6.864    cpu_mmu_inst/rd_pt_idx_q_reg[2]_i_19_n_0
    SLICE_X54Y46         CARRY4 (Prop_carry4_CI_CO[2])
                                                      0.229     7.093 f  cpu_mmu_inst/rd_pt_idx_q_reg[2]_i_12/CO[2]
                         net (fo=2, routed)           0.697     7.790    cpu_mmu_inst/rd_pt_hit29_out
    SLICE_X58Y48         LUT2 (Prop_lut2_I1_O)        0.310     8.100 f  cpu_mmu_inst/rd_pt_idx_q[3]_i_28/O
                         net (fo=5, routed)           0.854     8.954    cpu_mmu_inst/rd_pt_idx_q[3]_i_28_n_0
    SLICE_X59Y49         LUT6 (Prop_lut6_I5_O)        0.124     9.078 f  cpu_mmu_inst/rd_pt_idx_q[3]_i_12/O
                         net (fo=5, routed)           0.476     9.555    cpu_mmu_inst/rd_pt_idx_q[3]_i_12_n_0
    SLICE_X61Y51         LUT6 (Prop_lut6_I4_O)        0.124     9.679 f  cpu_mmu_inst/rd_pt_hit_q_i_10/O
                         net (fo=2, routed)           0.321    10.000    cpu_mmu_inst/rd_pt_hit_q_i_10_n_0
    SLICE_X58Y52         LUT5 (Prop_lut5_I4_O)        0.124    10.124 r  cpu_mmu_inst/rd_pt_idx_q[0]_i_3/O
                         net (fo=1, routed)           0.658    10.782    cpu_mmu_inst/rd_pt_idx_q[0]_i_3_n_0
    SLICE_X60Y52         LUT6 (Prop_lut6_I1_O)        0.124    10.906 r  cpu_mmu_inst/rd_pt_idx_q[0]_i_1/O
                         net (fo=1, routed)           0.000    10.906    cpu_mmu_inst/rd_pt_idx_q[0]_i_1_n_0
    SLICE_X60Y52         FDCE                                         r  cpu_mmu_inst/rd_pt_idx_q_reg[0]/D
  -------------------------------------------------------------------    -------------------

                         (clock sys_clk rise edge)    6.667     6.667 r  
    M18                                               0.000     6.667 r  clk_i (IN)
                         net (fo=0)                   0.000     6.667    clk_i
    M18                  IBUF (Prop_ibuf_I_O)         0.805     7.472 r  clk_i_IBUF_inst/O
                         net (fo=1, routed)           1.868     9.340    clk_i_IBUF
    BUFGCTRL_X0Y0        BUFG (Prop_bufg_I_O)         0.091     9.431 r  clk_i_IBUF_BUFG_inst/O
                         net (fo=6332, routed)        1.509    10.939    cpu_mmu_inst/clk_i_IBUF_BUFG
    SLICE_X60Y52         FDCE                                         r  cpu_mmu_inst/rd_pt_idx_q_reg[0]/C
                         clock pessimism              0.242    11.181    
                         clock uncertainty           -0.135    11.046    
    SLICE_X60Y52         FDCE (Setup_fdce_C_D)        0.079    11.125    cpu_mmu_inst/rd_pt_idx_q_reg[0]
  -------------------------------------------------------------------
                         required time                         11.125    
                         arrival time                         -10.906    
  -------------------------------------------------------------------
                         slack                                  0.219    

Slack (MET) :             0.244ns  (required time - arrival time)
  Source:                 cpu_mmu_inst/pt_vpn_q_reg[5][2]/C
                            (rising edge-triggered cell FDCE clocked by sys_clk  {rise@0.000ns fall@3.333ns period=6.667ns})
  Destination:            cpu_mmu_inst/rd_pt_idx_q_reg[1]/D
                            (rising edge-triggered cell FDCE clocked by sys_clk  {rise@0.000ns fall@3.333ns period=6.667ns})
  Path Group:             sys_clk
  Path Type:              Setup (Max at Slow Process Corner)
  Requirement:            6.667ns  (sys_clk rise@6.667ns - sys_clk rise@0.000ns)
  Data Path Delay:        6.304ns  (logic 2.190ns (34.739%)  route 4.114ns (65.261%))
  Logic Levels:           8  (CARRY4=2 LUT2=1 LUT5=1 LUT6=4)
  Clock Path Skew:        -0.063ns (DCD - SCD + CPR)
    Destination Clock Delay (DCD):    4.272ns = ( 10.939 - 6.667 ) 
    Source Clock Delay      (SCD):    4.577ns
    Clock Pessimism Removal (CPR):    0.242ns
  Clock Uncertainty:      0.135ns  ((TSJ^2 + TIJ^2)^1/2 + DJ) / 2 + PE + UU
    Total System Jitter     (TSJ):    0.071ns
    Total Input Jitter      (TIJ):    0.000ns
    Discrete Jitter          (DJ):    0.000ns
    Phase Error              (PE):    0.000ns
    User Uncertainty         (UU):    0.100ns

    Location             Delay type                Incr(ns)  Path(ns)    Netlist Resource(s)
  -------------------------------------------------------------------    -------------------
                         (clock sys_clk rise edge)    0.000     0.000 r  
    M18                                               0.000     0.000 r  clk_i (IN)
                         net (fo=0)                   0.000     0.000    clk_i
    M18                  IBUF (Prop_ibuf_I_O)         0.938     0.938 r  clk_i_IBUF_inst/O
                         net (fo=1, routed)           1.972     2.910    clk_i_IBUF
    BUFGCTRL_X0Y0        BUFG (Prop_bufg_I_O)         0.096     3.006 r  clk_i_IBUF_BUFG_inst/O
                         net (fo=6332, routed)        1.571     4.577    cpu_mmu_inst/clk_i_IBUF_BUFG
    SLICE_X52Y43         FDCE                                         r  cpu_mmu_inst/pt_vpn_q_reg[5][2]/C
  -------------------------------------------------------------------    -------------------
    SLICE_X52Y43         FDCE (Prop_fdce_C_Q)         0.518     5.095 r  cpu_mmu_inst/pt_vpn_q_reg[5][2]/Q
                         net (fo=5, routed)           1.132     6.227    cpu_mmu_inst/pt_vpn_q_reg[5]_5[2]
    SLICE_X54Y45         LUT6 (Prop_lut6_I2_O)        0.124     6.351 r  cpu_mmu_inst/rd_pt_idx_q[2]_i_34/O
                         net (fo=1, routed)           0.000     6.351    cpu_mmu_inst/rd_pt_idx_q[2]_i_34_n_0
    SLICE_X54Y45         CARRY4 (Prop_carry4_S[0]_CO[3])
                                                      0.513     6.864 r  cpu_mmu_inst/rd_pt_idx_q_reg[2]_i_19/CO[3]
                         net (fo=1, routed)           0.000     6.864    cpu_mmu_inst/rd_pt_idx_q_reg[2]_i_19_n_0
    SLICE_X54Y46         CARRY4 (Prop_carry4_CI_CO[2])
                                                      0.229     7.093 f  cpu_mmu_inst/rd_pt_idx_q_reg[2]_i_12/CO[2]
                         net (fo=2, routed)           0.697     7.790    cpu_mmu_inst/rd_pt_hit29_out
    SLICE_X58Y48         LUT2 (Prop_lut2_I1_O)        0.310     8.100 f  cpu_mmu_inst/rd_pt_idx_q[3]_i_28/O
                         net (fo=5, routed)           0.854     8.954    cpu_mmu_inst/rd_pt_idx_q[3]_i_28_n_0
    SLICE_X59Y49         LUT6 (Prop_lut6_I5_O)        0.124     9.078 f  cpu_mmu_inst/rd_pt_idx_q[3]_i_12/O
                         net (fo=5, routed)           0.476     9.555    cpu_mmu_inst/rd_pt_idx_q[3]_i_12_n_0
    SLICE_X61Y51         LUT6 (Prop_lut6_I4_O)        0.124     9.679 f  cpu_mmu_inst/rd_pt_hit_q_i_10/O
                         net (fo=2, routed)           0.305     9.983    cpu_mmu_inst/rd_pt_hit_q_i_10_n_0
    SLICE_X61Y52         LUT5 (Prop_lut5_I2_O)        0.124    10.107 f  cpu_mmu_inst/rd_pt_hit_q_i_3/O
                         net (fo=2, routed)           0.650    10.757    cpu_mmu_inst/rd_pt_hit_q_i_3_n_0
    SLICE_X60Y52         LUT6 (Prop_lut6_I3_O)        0.124    10.881 r  cpu_mmu_inst/rd_pt_idx_q[1]_i_1/O
                         net (fo=1, routed)           0.000    10.881    cpu_mmu_inst/rd_pt_idx_q[1]_i_1_n_0
    SLICE_X60Y52         FDCE                                         r  cpu_mmu_inst/rd_pt_idx_q_reg[1]/D
  -------------------------------------------------------------------    -------------------

                         (clock sys_clk rise edge)    6.667     6.667 r  
    M18                                               0.000     6.667 r  clk_i (IN)
                         net (fo=0)                   0.000     6.667    clk_i
    M18                  IBUF (Prop_ibuf_I_O)         0.805     7.472 r  clk_i_IBUF_inst/O
                         net (fo=1, routed)           1.868     9.340    clk_i_IBUF
    BUFGCTRL_X0Y0        BUFG (Prop_bufg_I_O)         0.091     9.431 r  clk_i_IBUF_BUFG_inst/O
                         net (fo=6332, routed)        1.509    10.939    cpu_mmu_inst/clk_i_IBUF_BUFG
    SLICE_X60Y52         FDCE                                         r  cpu_mmu_inst/rd_pt_idx_q_reg[1]/C
                         clock pessimism              0.242    11.181    
                         clock uncertainty           -0.135    11.046    
    SLICE_X60Y52         FDCE (Setup_fdce_C_D)        0.079    11.125    cpu_mmu_inst/rd_pt_idx_q_reg[1]
  -------------------------------------------------------------------
                         required time                         11.125    
                         arrival time                         -10.881    
  -------------------------------------------------------------------
                         slack                                  0.244    

Slack (MET) :             0.244ns  (required time - arrival time)
  Source:                 cpu_mmu_inst/pt_vpn_q_reg[5][2]/C
                            (rising edge-triggered cell FDCE clocked by sys_clk  {rise@0.000ns fall@3.333ns period=6.667ns})
  Destination:            cpu_mmu_inst/rd_pt_idx_q_reg[1]/D
                            (rising edge-triggered cell FDCE clocked by sys_clk  {rise@0.000ns fall@3.333ns period=6.667ns})
  Path Group:             sys_clk
  Path Type:              Setup (Max at Slow Process Corner)
  Requirement:            6.667ns  (sys_clk rise@6.667ns - sys_clk rise@0.000ns)
  Data Path Delay:        6.304ns  (logic 2.190ns (34.739%)  route 4.114ns (65.261%))
  Logic Levels:           8  (CARRY4=2 LUT2=1 LUT5=1 LUT6=4)
  Clock Path Skew:        -0.063ns (DCD - SCD + CPR)
    Destination Clock Delay (DCD):    4.272ns = ( 10.939 - 6.667 ) 
    Source Clock Delay      (SCD):    4.577ns
    Clock Pessimism Removal (CPR):    0.242ns
  Clock Uncertainty:      0.135ns  ((TSJ^2 + TIJ^2)^1/2 + DJ) / 2 + PE + UU
    Total System Jitter     (TSJ):    0.071ns
    Total Input Jitter      (TIJ):    0.000ns
    Discrete Jitter          (DJ):    0.000ns
    Phase Error              (PE):    0.000ns
    User Uncertainty         (UU):    0.100ns

    Location             Delay type                Incr(ns)  Path(ns)    Netlist Resource(s)
  -------------------------------------------------------------------    -------------------
                         (clock sys_clk rise edge)    0.000     0.000 r  
    M18                                               0.000     0.000 r  clk_i (IN)
                         net (fo=0)                   0.000     0.000    clk_i
    M18                  IBUF (Prop_ibuf_I_O)         0.938     0.938 r  clk_i_IBUF_inst/O
                         net (fo=1, routed)           1.972     2.910    clk_i_IBUF
    BUFGCTRL_X0Y0        BUFG (Prop_bufg_I_O)         0.096     3.006 r  clk_i_IBUF_BUFG_inst/O
                         net (fo=6332, routed)        1.571     4.577    cpu_mmu_inst/clk_i_IBUF_BUFG
    SLICE_X52Y43         FDCE                                         r  cpu_mmu_inst/pt_vpn_q_reg[5][2]/C
  -------------------------------------------------------------------    -------------------
    SLICE_X52Y43         FDCE (Prop_fdce_C_Q)         0.518     5.095 f  cpu_mmu_inst/pt_vpn_q_reg[5][2]/Q
                         net (fo=5, routed)           1.132     6.227    cpu_mmu_inst/pt_vpn_q_reg[5]_5[2]
    SLICE_X54Y45         LUT6 (Prop_lut6_I2_O)        0.124     6.351 r  cpu_mmu_inst/rd_pt_idx_q[2]_i_34/O
                         net (fo=1, routed)           0.000     6.351    cpu_mmu_inst/rd_pt_idx_q[2]_i_34_n_0
    SLICE_X54Y45         CARRY4 (Prop_carry4_S[0]_CO[3])
                                                      0.513     6.864 r  cpu_mmu_inst/rd_pt_idx_q_reg[2]_i_19/CO[3]
                         net (fo=1, routed)           0.000     6.864    cpu_mmu_inst/rd_pt_idx_q_reg[2]_i_19_n_0
    SLICE_X54Y46         CARRY4 (Prop_carry4_CI_CO[2])
                                                      0.229     7.093 f  cpu_mmu_inst/rd_pt_idx_q_reg[2]_i_12/CO[2]
                         net (fo=2, routed)           0.697     7.790    cpu_mmu_inst/rd_pt_hit29_out
    SLICE_X58Y48         LUT2 (Prop_lut2_I1_O)        0.310     8.100 f  cpu_mmu_inst/rd_pt_idx_q[3]_i_28/O
                         net (fo=5, routed)           0.854     8.954    cpu_mmu_inst/rd_pt_idx_q[3]_i_28_n_0
    SLICE_X59Y49         LUT6 (Prop_lut6_I5_O)        0.124     9.078 f  cpu_mmu_inst/rd_pt_idx_q[3]_i_12/O
                         net (fo=5, routed)           0.476     9.555    cpu_mmu_inst/rd_pt_idx_q[3]_i_12_n_0
    SLICE_X61Y51         LUT6 (Prop_lut6_I4_O)        0.124     9.679 f  cpu_mmu_inst/rd_pt_hit_q_i_10/O
                         net (fo=2, routed)           0.305     9.983    cpu_mmu_inst/rd_pt_hit_q_i_10_n_0
    SLICE_X61Y52         LUT5 (Prop_lut5_I2_O)        0.124    10.107 f  cpu_mmu_inst/rd_pt_hit_q_i_3/O
                         net (fo=2, routed)           0.650    10.757    cpu_mmu_inst/rd_pt_hit_q_i_3_n_0
    SLICE_X60Y52         LUT6 (Prop_lut6_I3_O)        0.124    10.881 r  cpu_mmu_inst/rd_pt_idx_q[1]_i_1/O
                         net (fo=1, routed)           0.000    10.881    cpu_mmu_inst/rd_pt_idx_q[1]_i_1_n_0
    SLICE_X60Y52         FDCE                                         r  cpu_mmu_inst/rd_pt_idx_q_reg[1]/D
  -------------------------------------------------------------------    -------------------

                         (clock sys_clk rise edge)    6.667     6.667 r  
    M18                                               0.000     6.667 r  clk_i (IN)
                         net (fo=0)                   0.000     6.667    clk_i
    M18                  IBUF (Prop_ibuf_I_O)         0.805     7.472 r  clk_i_IBUF_inst/O
                         net (fo=1, routed)           1.868     9.340    clk_i_IBUF
    BUFGCTRL_X0Y0        BUFG (Prop_bufg_I_O)         0.091     9.431 r  clk_i_IBUF_BUFG_inst/O
                         net (fo=6332, routed)        1.509    10.939    cpu_mmu_inst/clk_i_IBUF_BUFG
    SLICE_X60Y52         FDCE                                         r  cpu_mmu_inst/rd_pt_idx_q_reg[1]/C
                         clock pessimism              0.242    11.181    
                         clock uncertainty           -0.135    11.046    
    SLICE_X60Y52         FDCE (Setup_fdce_C_D)        0.079    11.125    cpu_mmu_inst/rd_pt_idx_q_reg[1]
  -------------------------------------------------------------------
                         required time                         11.125    
                         arrival time                         -10.881    
  -------------------------------------------------------------------
                         slack                                  0.244    

Slack (MET) :             0.244ns  (required time - arrival time)
  Source:                 cpu_mmu_inst/pt_vpn_q_reg[5][2]/C
                            (rising edge-triggered cell FDCE clocked by sys_clk  {rise@0.000ns fall@3.333ns period=6.667ns})
  Destination:            cpu_mmu_inst/rd_pt_idx_q_reg[1]/D
                            (rising edge-triggered cell FDCE clocked by sys_clk  {rise@0.000ns fall@3.333ns period=6.667ns})
  Path Group:             sys_clk
  Path Type:              Setup (Max at Slow Process Corner)
  Requirement:            6.667ns  (sys_clk rise@6.667ns - sys_clk rise@0.000ns)
  Data Path Delay:        6.304ns  (logic 2.190ns (34.739%)  route 4.114ns (65.261%))
  Logic Levels:           8  (CARRY4=2 LUT2=1 LUT5=1 LUT6=4)
  Clock Path Skew:        -0.063ns (DCD - SCD + CPR)
    Destination Clock Delay (DCD):    4.272ns = ( 10.939 - 6.667 ) 
    Source Clock Delay      (SCD):    4.577ns
    Clock Pessimism Removal (CPR):    0.242ns
  Clock Uncertainty:      0.135ns  ((TSJ^2 + TIJ^2)^1/2 + DJ) / 2 + PE + UU
    Total System Jitter     (TSJ):    0.071ns
    Total Input Jitter      (TIJ):    0.000ns
    Discrete Jitter          (DJ):    0.000ns
    Phase Error              (PE):    0.000ns
    User Uncertainty         (UU):    0.100ns

    Location             Delay type                Incr(ns)  Path(ns)    Netlist Resource(s)
  -------------------------------------------------------------------    -------------------
                         (clock sys_clk rise edge)    0.000     0.000 r  
    M18                                               0.000     0.000 r  clk_i (IN)
                         net (fo=0)                   0.000     0.000    clk_i
    M18                  IBUF (Prop_ibuf_I_O)         0.938     0.938 r  clk_i_IBUF_inst/O
                         net (fo=1, routed)           1.972     2.910    clk_i_IBUF
    BUFGCTRL_X0Y0        BUFG (Prop_bufg_I_O)         0.096     3.006 r  clk_i_IBUF_BUFG_inst/O
                         net (fo=6332, routed)        1.571     4.577    cpu_mmu_inst/clk_i_IBUF_BUFG
    SLICE_X52Y43         FDCE                                         r  cpu_mmu_inst/pt_vpn_q_reg[5][2]/C
  -------------------------------------------------------------------    -------------------
    SLICE_X52Y43         FDCE (Prop_fdce_C_Q)         0.518     5.095 r  cpu_mmu_inst/pt_vpn_q_reg[5][2]/Q
                         net (fo=5, routed)           1.132     6.227    cpu_mmu_inst/pt_vpn_q_reg[5]_5[2]
    SLICE_X54Y45         LUT6 (Prop_lut6_I2_O)        0.124     6.351 f  cpu_mmu_inst/rd_pt_idx_q[2]_i_34/O
                         net (fo=1, routed)           0.000     6.351    cpu_mmu_inst/rd_pt_idx_q[2]_i_34_n_0
    SLICE_X54Y45         CARRY4 (Prop_carry4_S[0]_CO[3])
                                                      0.513     6.864 r  cpu_mmu_inst/rd_pt_idx_q_reg[2]_i_19/CO[3]
                         net (fo=1, routed)           0.000     6.864    cpu_mmu_inst/rd_pt_idx_q_reg[2]_i_19_n_0
    SLICE_X54Y46         CARRY4 (Prop_carry4_CI_CO[2])
                                                      0.229     7.093 f  cpu_mmu_inst/rd_pt_idx_q_reg[2]_i_12/CO[2]
                         net (fo=2, routed)           0.697     7.790    cpu_mmu_inst/rd_pt_hit29_out
    SLICE_X58Y48         LUT2 (Prop_lut2_I1_O)        0.310     8.100 f  cpu_mmu_inst/rd_pt_idx_q[3]_i_28/O
                         net (fo=5, routed)           0.854     8.954    cpu_mmu_inst/rd_pt_idx_q[3]_i_28_n_0
    SLICE_X59Y49         LUT6 (Prop_lut6_I5_O)        0.124     9.078 f  cpu_mmu_inst/rd_pt_idx_q[3]_i_12/O
                         net (fo=5, routed)           0.476     9.555    cpu_mmu_inst/rd_pt_idx_q[3]_i_12_n_0
    SLICE_X61Y51         LUT6 (Prop_lut6_I4_O)        0.124     9.679 f  cpu_mmu_inst/rd_pt_hit_q_i_10/O
                         net (fo=2, routed)           0.305     9.983    cpu_mmu_inst/rd_pt_hit_q_i_10_n_0
    SLICE_X61Y52         LUT5 (Prop_lut5_I2_O)        0.124    10.107 f  cpu_mmu_inst/rd_pt_hit_q_i_3/O
                         net (fo=2, routed)           0.650    10.757    cpu_mmu_inst/rd_pt_hit_q_i_3_n_0
    SLICE_X60Y52         LUT6 (Prop_lut6_I3_O)        0.124    10.881 r  cpu_mmu_inst/rd_pt_idx_q[1]_i_1/O
                         net (fo=1, routed)           0.000    10.881    cpu_mmu_inst/rd_pt_idx_q[1]_i_1_n_0
    SLICE_X60Y52         FDCE                                         r  cpu_mmu_inst/rd_pt_idx_q_reg[1]/D
  -------------------------------------------------------------------    -------------------

                         (clock sys_clk rise edge)    6.667     6.667 r  
    M18                                               0.000     6.667 r  clk_i (IN)
                         net (fo=0)                   0.000     6.667    clk_i
    M18                  IBUF (Prop_ibuf_I_O)         0.805     7.472 r  clk_i_IBUF_inst/O
                         net (fo=1, routed)           1.868     9.340    clk_i_IBUF
    BUFGCTRL_X0Y0        BUFG (Prop_bufg_I_O)         0.091     9.431 r  clk_i_IBUF_BUFG_inst/O
                         net (fo=6332, routed)        1.509    10.939    cpu_mmu_inst/clk_i_IBUF_BUFG
    SLICE_X60Y52         FDCE                                         r  cpu_mmu_inst/rd_pt_idx_q_reg[1]/C
                         clock pessimism              0.242    11.181    
                         clock uncertainty           -0.135    11.046    
    SLICE_X60Y52         FDCE (Setup_fdce_C_D)        0.079    11.125    cpu_mmu_inst/rd_pt_idx_q_reg[1]
  -------------------------------------------------------------------
                         required time                         11.125    
                         arrival time                         -10.881    
  -------------------------------------------------------------------
                         slack                                  0.244    

Slack (MET) :             0.244ns  (required time - arrival time)
  Source:                 cpu_mmu_inst/pt_vpn_q_reg[5][2]/C
                            (rising edge-triggered cell FDCE clocked by sys_clk  {rise@0.000ns fall@3.333ns period=6.667ns})
  Destination:            cpu_mmu_inst/rd_pt_idx_q_reg[1]/D
                            (rising edge-triggered cell FDCE clocked by sys_clk  {rise@0.000ns fall@3.333ns period=6.667ns})
  Path Group:             sys_clk
  Path Type:              Setup (Max at Slow Process Corner)
  Requirement:            6.667ns  (sys_clk rise@6.667ns - sys_clk rise@0.000ns)
  Data Path Delay:        6.304ns  (logic 2.190ns (34.739%)  route 4.114ns (65.261%))
  Logic Levels:           8  (CARRY4=2 LUT2=1 LUT5=1 LUT6=4)
  Clock Path Skew:        -0.063ns (DCD - SCD + CPR)
    Destination Clock Delay (DCD):    4.272ns = ( 10.939 - 6.667 ) 
    Source Clock Delay      (SCD):    4.577ns
    Clock Pessimism Removal (CPR):    0.242ns
  Clock Uncertainty:      0.135ns  ((TSJ^2 + TIJ^2)^1/2 + DJ) / 2 + PE + UU
    Total System Jitter     (TSJ):    0.071ns
    Total Input Jitter      (TIJ):    0.000ns
    Discrete Jitter          (DJ):    0.000ns
    Phase Error              (PE):    0.000ns
    User Uncertainty         (UU):    0.100ns

    Location             Delay type                Incr(ns)  Path(ns)    Netlist Resource(s)
  -------------------------------------------------------------------    -------------------
                         (clock sys_clk rise edge)    0.000     0.000 r  
    M18                                               0.000     0.000 r  clk_i (IN)
                         net (fo=0)                   0.000     0.000    clk_i
    M18                  IBUF (Prop_ibuf_I_O)         0.938     0.938 r  clk_i_IBUF_inst/O
                         net (fo=1, routed)           1.972     2.910    clk_i_IBUF
    BUFGCTRL_X0Y0        BUFG (Prop_bufg_I_O)         0.096     3.006 r  clk_i_IBUF_BUFG_inst/O
                         net (fo=6332, routed)        1.571     4.577    cpu_mmu_inst/clk_i_IBUF_BUFG
    SLICE_X52Y43         FDCE                                         r  cpu_mmu_inst/pt_vpn_q_reg[5][2]/C
  -------------------------------------------------------------------    -------------------
    SLICE_X52Y43         FDCE (Prop_fdce_C_Q)         0.518     5.095 r  cpu_mmu_inst/pt_vpn_q_reg[5][2]/Q
                         net (fo=5, routed)           1.132     6.227    cpu_mmu_inst/pt_vpn_q_reg[5]_5[2]
    SLICE_X54Y45         LUT6 (Prop_lut6_I2_O)        0.124     6.351 r  cpu_mmu_inst/rd_pt_idx_q[2]_i_34/O
                         net (fo=1, routed)           0.000     6.351    cpu_mmu_inst/rd_pt_idx_q[2]_i_34_n_0
    SLICE_X54Y45         CARRY4 (Prop_carry4_S[0]_CO[3])
                                                      0.513     6.864 f  cpu_mmu_inst/rd_pt_idx_q_reg[2]_i_19/CO[3]
                         net (fo=1, routed)           0.000     6.864    cpu_mmu_inst/rd_pt_idx_q_reg[2]_i_19_n_0
    SLICE_X54Y46         CARRY4 (Prop_carry4_CI_CO[2])
                                                      0.229     7.093 f  cpu_mmu_inst/rd_pt_idx_q_reg[2]_i_12/CO[2]
                         net (fo=2, routed)           0.697     7.790    cpu_mmu_inst/rd_pt_hit29_out
    SLICE_X58Y48         LUT2 (Prop_lut2_I1_O)        0.310     8.100 f  cpu_mmu_inst/rd_pt_idx_q[3]_i_28/O
                         net (fo=5, routed)           0.854     8.954    cpu_mmu_inst/rd_pt_idx_q[3]_i_28_n_0
    SLICE_X59Y49         LUT6 (Prop_lut6_I5_O)        0.124     9.078 f  cpu_mmu_inst/rd_pt_idx_q[3]_i_12/O
                         net (fo=5, routed)           0.476     9.555    cpu_mmu_inst/rd_pt_idx_q[3]_i_12_n_0
    SLICE_X61Y51         LUT6 (Prop_lut6_I4_O)        0.124     9.679 f  cpu_mmu_inst/rd_pt_hit_q_i_10/O
                         net (fo=2, routed)           0.305     9.983    cpu_mmu_inst/rd_pt_hit_q_i_10_n_0
    SLICE_X61Y52         LUT5 (Prop_lut5_I2_O)        0.124    10.107 f  cpu_mmu_inst/rd_pt_hit_q_i_3/O
                         net (fo=2, routed)           0.650    10.757    cpu_mmu_inst/rd_pt_hit_q_i_3_n_0
    SLICE_X60Y52         LUT6 (Prop_lut6_I3_O)        0.124    10.881 r  cpu_mmu_inst/rd_pt_idx_q[1]_i_1/O
                         net (fo=1, routed)           0.000    10.881    cpu_mmu_inst/rd_pt_idx_q[1]_i_1_n_0
    SLICE_X60Y52         FDCE                                         r  cpu_mmu_inst/rd_pt_idx_q_reg[1]/D
  -------------------------------------------------------------------    -------------------

                         (clock sys_clk rise edge)    6.667     6.667 r  
    M18                                               0.000     6.667 r  clk_i (IN)
                         net (fo=0)                   0.000     6.667    clk_i
    M18                  IBUF (Prop_ibuf_I_O)         0.805     7.472 r  clk_i_IBUF_inst/O
                         net (fo=1, routed)           1.868     9.340    clk_i_IBUF
    BUFGCTRL_X0Y0        BUFG (Prop_bufg_I_O)         0.091     9.431 r  clk_i_IBUF_BUFG_inst/O
                         net (fo=6332, routed)        1.509    10.939    cpu_mmu_inst/clk_i_IBUF_BUFG
    SLICE_X60Y52         FDCE                                         r  cpu_mmu_inst/rd_pt_idx_q_reg[1]/C
                         clock pessimism              0.242    11.181    
                         clock uncertainty           -0.135    11.046    
    SLICE_X60Y52         FDCE (Setup_fdce_C_D)        0.079    11.125    cpu_mmu_inst/rd_pt_idx_q_reg[1]
  -------------------------------------------------------------------
                         required time                         11.125    
                         arrival time                         -10.881    
  -------------------------------------------------------------------
                         slack                                  0.244    

Slack (MET) :             0.244ns  (required time - arrival time)
  Source:                 cpu_mmu_inst/pt_vpn_q_reg[5][2]/C
                            (rising edge-triggered cell FDCE clocked by sys_clk  {rise@0.000ns fall@3.333ns period=6.667ns})
  Destination:            cpu_mmu_inst/rd_pt_idx_q_reg[1]/D
                            (rising edge-triggered cell FDCE clocked by sys_clk  {rise@0.000ns fall@3.333ns period=6.667ns})
  Path Group:             sys_clk
  Path Type:              Setup (Max at Slow Process Corner)
  Requirement:            6.667ns  (sys_clk rise@6.667ns - sys_clk rise@0.000ns)
  Data Path Delay:        6.304ns  (logic 2.190ns (34.739%)  route 4.114ns (65.261%))
  Logic Levels:           8  (CARRY4=2 LUT2=1 LUT5=1 LUT6=4)
  Clock Path Skew:        -0.063ns (DCD - SCD + CPR)
    Destination Clock Delay (DCD):    4.272ns = ( 10.939 - 6.667 ) 
    Source Clock Delay      (SCD):    4.577ns
    Clock Pessimism Removal (CPR):    0.242ns
  Clock Uncertainty:      0.135ns  ((TSJ^2 + TIJ^2)^1/2 + DJ) / 2 + PE + UU
    Total System Jitter     (TSJ):    0.071ns
    Total Input Jitter      (TIJ):    0.000ns
    Discrete Jitter          (DJ):    0.000ns
    Phase Error              (PE):    0.000ns
    User Uncertainty         (UU):    0.100ns

    Location             Delay type                Incr(ns)  Path(ns)    Netlist Resource(s)
  -------------------------------------------------------------------    -------------------
                         (clock sys_clk rise edge)    0.000     0.000 r  
    M18                                               0.000     0.000 r  clk_i (IN)
                         net (fo=0)                   0.000     0.000    clk_i
    M18                  IBUF (Prop_ibuf_I_O)         0.938     0.938 r  clk_i_IBUF_inst/O
                         net (fo=1, routed)           1.972     2.910    clk_i_IBUF
    BUFGCTRL_X0Y0        BUFG (Prop_bufg_I_O)         0.096     3.006 r  clk_i_IBUF_BUFG_inst/O
                         net (fo=6332, routed)        1.571     4.577    cpu_mmu_inst/clk_i_IBUF_BUFG
    SLICE_X52Y43         FDCE                                         r  cpu_mmu_inst/pt_vpn_q_reg[5][2]/C
  -------------------------------------------------------------------    -------------------
    SLICE_X52Y43         FDCE (Prop_fdce_C_Q)         0.518     5.095 f  cpu_mmu_inst/pt_vpn_q_reg[5][2]/Q
                         net (fo=5, routed)           1.132     6.227    cpu_mmu_inst/pt_vpn_q_reg[5]_5[2]
    SLICE_X54Y45         LUT6 (Prop_lut6_I2_O)        0.124     6.351 r  cpu_mmu_inst/rd_pt_idx_q[2]_i_34/O
                         net (fo=1, routed)           0.000     6.351    cpu_mmu_inst/rd_pt_idx_q[2]_i_34_n_0
    SLICE_X54Y45         CARRY4 (Prop_carry4_S[0]_CO[3])
                                                      0.513     6.864 f  cpu_mmu_inst/rd_pt_idx_q_reg[2]_i_19/CO[3]
                         net (fo=1, routed)           0.000     6.864    cpu_mmu_inst/rd_pt_idx_q_reg[2]_i_19_n_0
    SLICE_X54Y46         CARRY4 (Prop_carry4_CI_CO[2])
                                                      0.229     7.093 f  cpu_mmu_inst/rd_pt_idx_q_reg[2]_i_12/CO[2]
                         net (fo=2, routed)           0.697     7.790    cpu_mmu_inst/rd_pt_hit29_out
    SLICE_X58Y48         LUT2 (Prop_lut2_I1_O)        0.310     8.100 f  cpu_mmu_inst/rd_pt_idx_q[3]_i_28/O
                         net (fo=5, routed)           0.854     8.954    cpu_mmu_inst/rd_pt_idx_q[3]_i_28_n_0
    SLICE_X59Y49         LUT6 (Prop_lut6_I5_O)        0.124     9.078 f  cpu_mmu_inst/rd_pt_idx_q[3]_i_12/O
                         net (fo=5, routed)           0.476     9.555    cpu_mmu_inst/rd_pt_idx_q[3]_i_12_n_0
    SLICE_X61Y51         LUT6 (Prop_lut6_I4_O)        0.124     9.679 f  cpu_mmu_inst/rd_pt_hit_q_i_10/O
                         net (fo=2, routed)           0.305     9.983    cpu_mmu_inst/rd_pt_hit_q_i_10_n_0
    SLICE_X61Y52         LUT5 (Prop_lut5_I2_O)        0.124    10.107 f  cpu_mmu_inst/rd_pt_hit_q_i_3/O
                         net (fo=2, routed)           0.650    10.757    cpu_mmu_inst/rd_pt_hit_q_i_3_n_0
    SLICE_X60Y52         LUT6 (Prop_lut6_I3_O)        0.124    10.881 r  cpu_mmu_inst/rd_pt_idx_q[1]_i_1/O
                         net (fo=1, routed)           0.000    10.881    cpu_mmu_inst/rd_pt_idx_q[1]_i_1_n_0
    SLICE_X60Y52         FDCE                                         r  cpu_mmu_inst/rd_pt_idx_q_reg[1]/D
  -------------------------------------------------------------------    -------------------

                         (clock sys_clk rise edge)    6.667     6.667 r  
    M18                                               0.000     6.667 r  clk_i (IN)
                         net (fo=0)                   0.000     6.667    clk_i
    M18                  IBUF (Prop_ibuf_I_O)         0.805     7.472 r  clk_i_IBUF_inst/O
                         net (fo=1, routed)           1.868     9.340    clk_i_IBUF
    BUFGCTRL_X0Y0        BUFG (Prop_bufg_I_O)         0.091     9.431 r  clk_i_IBUF_BUFG_inst/O
                         net (fo=6332, routed)        1.509    10.939    cpu_mmu_inst/clk_i_IBUF_BUFG
    SLICE_X60Y52         FDCE                                         r  cpu_mmu_inst/rd_pt_idx_q_reg[1]/C
                         clock pessimism              0.242    11.181    
                         clock uncertainty           -0.135    11.046    
    SLICE_X60Y52         FDCE (Setup_fdce_C_D)        0.079    11.125    cpu_mmu_inst/rd_pt_idx_q_reg[1]
  -------------------------------------------------------------------
                         required time                         11.125    
                         arrival time                         -10.881    
  -------------------------------------------------------------------
                         slack                                  0.244    

Slack (MET) :             0.247ns  (required time - arrival time)
  Source:                 cpu_mmu_inst/wr_vaddr_q_reg[20]/C
                            (rising edge-triggered cell FDCE clocked by sys_clk  {rise@0.000ns fall@3.333ns period=6.667ns})
  Destination:            cpu_mmu_inst/pt_vpn_q_reg[6][13]/CE
                            (rising edge-triggered cell FDCE clocked by sys_clk  {rise@0.000ns fall@3.333ns period=6.667ns})
  Path Group:             sys_clk
  Path Type:              Setup (Max at Slow Process Corner)
  Requirement:            6.667ns  (sys_clk rise@6.667ns - sys_clk rise@0.000ns)
  Data Path Delay:        5.951ns  (logic 1.338ns (22.483%)  route 4.613ns (77.517%))
  Logic Levels:           6  (LUT2=1 LUT4=1 LUT5=1 LUT6=3)
  Clock Path Skew:        -0.129ns (DCD - SCD + CPR)
    Destination Clock Delay (DCD):    4.206ns = ( 10.873 - 6.667 ) 
    Source Clock Delay      (SCD):    4.577ns
    Clock Pessimism Removal (CPR):    0.242ns
  Clock Uncertainty:      0.135ns  ((TSJ^2 + TIJ^2)^1/2 + DJ) / 2 + PE + UU
    Total System Jitter     (TSJ):    0.071ns
    Total Input Jitter      (TIJ):    0.000ns
    Discrete Jitter          (DJ):    0.000ns
    Phase Error              (PE):    0.000ns
    User Uncertainty         (UU):    0.100ns

    Location             Delay type                Incr(ns)  Path(ns)    Netlist Resource(s)
  -------------------------------------------------------------------    -------------------
                         (clock sys_clk rise edge)    0.000     0.000 r  
    M18                                               0.000     0.000 r  clk_i (IN)
                         net (fo=0)                   0.000     0.000    clk_i
    M18                  IBUF (Prop_ibuf_I_O)         0.938     0.938 r  clk_i_IBUF_inst/O
                         net (fo=1, routed)           1.972     2.910    clk_i_IBUF
    BUFGCTRL_X0Y0        BUFG (Prop_bufg_I_O)         0.096     3.006 r  clk_i_IBUF_BUFG_inst/O
                         net (fo=6332, routed)        1.571     4.577    cpu_mmu_inst/clk_i_IBUF_BUFG
    SLICE_X53Y46         FDCE                                         r  cpu_mmu_inst/wr_vaddr_q_reg[20]/C
  -------------------------------------------------------------------    -------------------
    SLICE_X53Y46         FDCE (Prop_fdce_C_Q)         0.419     4.996 f  cpu_mmu_inst/wr_vaddr_q_reg[20]/Q
                         net (fo=23, routed)          1.037     6.033    cpu_mmu_inst/p_0_in16_in[8]
    SLICE_X52Y43         LUT4 (Prop_lut4_I1_O)        0.299     6.332 f  cpu_mmu_inst/FSM_onehot_wstate_q[2]_i_7/O
                         net (fo=1, routed)           0.787     7.119    cpu_mmu_inst/FSM_onehot_wstate_q[2]_i_7_n_0
    SLICE_X49Y39         LUT6 (Prop_lut6_I0_O)        0.124     7.243 f  cpu_mmu_inst/FSM_onehot_wstate_q[2]_i_6/O
                         net (fo=1, routed)           0.318     7.561    cpu_mmu_inst/FSM_onehot_wstate_q[2]_i_6_n_0
    SLICE_X50Y39         LUT6 (Prop_lut6_I5_O)        0.124     7.685 f  cpu_mmu_inst/FSM_onehot_wstate_q[2]_i_3/O
                         net (fo=2, routed)           0.294     7.979    cpu_mmu_inst/FSM_onehot_wstate_q[2]_i_3_n_0
    SLICE_X50Y39         LUT2 (Prop_lut2_I1_O)        0.124     8.103 r  cpu_mmu_inst/FSM_onehot_wstate_q[4]_i_2/O
                         net (fo=5, routed)           0.351     8.454    cpu_mmu_inst/FSM_onehot_wstate_q[4]_i_2_n_0
    SLICE_X52Y40         LUT6 (Prop_lut6_I0_O)        0.124     8.578 r  cpu_mmu_inst/pt_vpn_q[0][19]_i_2/O
                         net (fo=20, routed)          0.560     9.138    cpu_mmu_inst/pt_vpn_q[0][19]_i_2_n_0
    SLICE_X54Y40         LUT5 (Prop_lut5_I4_O)        0.124     9.262 r  cpu_mmu_inst/pt_valid_q[6]_i_1/O
                         net (fo=44, routed)          1.266    10.528    cpu_mmu_inst/pt_valid_q[6]_i_1_n_0
    SLICE_X51Y50         FDCE                                         r  cpu_mmu_inst/pt_vpn_q_reg[6][13]/CE
  -------------------------------------------------------------------    -------------------

                         (clock sys_clk rise edge)    6.667     6.667 r  
    M18                                               0.000     6.667 r  clk_i (IN)
                         net (fo=0)                   0.000     6.667    clk_i
    M18                  IBUF (Prop_ibuf_I_O)         0.805     7.472 r  clk_i_IBUF_inst/O
                         net (fo=1, routed)           1.868     9.340    clk_i_IBUF
    BUFGCTRL_X0Y0        BUFG (Prop_bufg_I_O)         0.091     9.431 r  clk_i_IBUF_BUFG_inst/O
                         net (fo=6332, routed)        1.443    10.873    cpu_mmu_inst/clk_i_IBUF_BUFG
    SLICE_X51Y50         FDCE                                         r  cpu_mmu_inst/pt_vpn_q_reg[6][13]/C
                         clock pessimism              0.242    11.115    
                         clock uncertainty           -0.135    10.980    
    SLICE_X51Y50         FDCE (Setup_fdce_C_CE)      -0.205    10.775    cpu_mmu_inst/pt_vpn_q_reg[6][13]
  -------------------------------------------------------------------
                         required time                         10.775    
                         arrival time                         -10.528    
  -------------------------------------------------------------------
                         slack                                  0.247    

Slack (MET) :             0.247ns  (required time - arrival time)
  Source:                 cpu_mmu_inst/wr_vaddr_q_reg[20]/C
                            (rising edge-triggered cell FDCE clocked by sys_clk  {rise@0.000ns fall@3.333ns period=6.667ns})
  Destination:            cpu_mmu_inst/pt_vpn_q_reg[6][13]/CE
                            (rising edge-triggered cell FDCE clocked by sys_clk  {rise@0.000ns fall@3.333ns period=6.667ns})
  Path Group:             sys_clk
  Path Type:              Setup (Max at Slow Process Corner)
  Requirement:            6.667ns  (sys_clk rise@6.667ns - sys_clk rise@0.000ns)
  Data Path Delay:        5.951ns  (logic 1.338ns (22.483%)  route 4.613ns (77.517%))
  Logic Levels:           6  (LUT2=1 LUT4=1 LUT5=1 LUT6=3)
  Clock Path Skew:        -0.129ns (DCD - SCD + CPR)
    Destination Clock Delay (DCD):    4.206ns = ( 10.873 - 6.667 ) 
    Source Clock Delay      (SCD):    4.577ns
    Clock Pessimism Removal (CPR):    0.242ns
  Clock Uncertainty:      0.135ns  ((TSJ^2 + TIJ^2)^1/2 + DJ) / 2 + PE + UU
    Total System Jitter     (TSJ):    0.071ns
    Total Input Jitter      (TIJ):    0.000ns
    Discrete Jitter          (DJ):    0.000ns
    Phase Error              (PE):    0.000ns
    User Uncertainty         (UU):    0.100ns

    Location             Delay type                Incr(ns)  Path(ns)    Netlist Resource(s)
  -------------------------------------------------------------------    -------------------
                         (clock sys_clk rise edge)    0.000     0.000 r  
    M18                                               0.000     0.000 r  clk_i (IN)
                         net (fo=0)                   0.000     0.000    clk_i
    M18                  IBUF (Prop_ibuf_I_O)         0.938     0.938 r  clk_i_IBUF_inst/O
                         net (fo=1, routed)           1.972     2.910    clk_i_IBUF
    BUFGCTRL_X0Y0        BUFG (Prop_bufg_I_O)         0.096     3.006 r  clk_i_IBUF_BUFG_inst/O
                         net (fo=6332, routed)        1.571     4.577    cpu_mmu_inst/clk_i_IBUF_BUFG
    SLICE_X53Y46         FDCE                                         r  cpu_mmu_inst/wr_vaddr_q_reg[20]/C
  -------------------------------------------------------------------    -------------------
    SLICE_X53Y46         FDCE (Prop_fdce_C_Q)         0.419     4.996 r  cpu_mmu_inst/wr_vaddr_q_reg[20]/Q
                         net (fo=23, routed)          1.037     6.033    cpu_mmu_inst/p_0_in16_in[8]
    SLICE_X52Y43         LUT4 (Prop_lut4_I1_O)        0.299     6.332 r  cpu_mmu_inst/FSM_onehot_wstate_q[2]_i_7/O
                         net (fo=1, routed)           0.787     7.119    cpu_mmu_inst/FSM_onehot_wstate_q[2]_i_7_n_0
    SLICE_X49Y39         LUT6 (Prop_lut6_I0_O)        0.124     7.243 r  cpu_mmu_inst/FSM_onehot_wstate_q[2]_i_6/O
                         net (fo=1, routed)           0.318     7.561    cpu_mmu_inst/FSM_onehot_wstate_q[2]_i_6_n_0
    SLICE_X50Y39         LUT6 (Prop_lut6_I5_O)        0.124     7.685 r  cpu_mmu_inst/FSM_onehot_wstate_q[2]_i_3/O
                         net (fo=2, routed)           0.294     7.979    cpu_mmu_inst/FSM_onehot_wstate_q[2]_i_3_n_0
    SLICE_X50Y39         LUT2 (Prop_lut2_I1_O)        0.124     8.103 f  cpu_mmu_inst/FSM_onehot_wstate_q[4]_i_2/O
                         net (fo=5, routed)           0.351     8.454    cpu_mmu_inst/FSM_onehot_wstate_q[4]_i_2_n_0
    SLICE_X52Y40         LUT6 (Prop_lut6_I0_O)        0.124     8.578 f  cpu_mmu_inst/pt_vpn_q[0][19]_i_2/O
                         net (fo=20, routed)          0.560     9.138    cpu_mmu_inst/pt_vpn_q[0][19]_i_2_n_0
    SLICE_X54Y40         LUT5 (Prop_lut5_I4_O)        0.124     9.262 f  cpu_mmu_inst/pt_valid_q[6]_i_1/O
                         net (fo=44, routed)          1.266    10.528    cpu_mmu_inst/pt_valid_q[6]_i_1_n_0
    SLICE_X51Y50         FDCE                                         f  cpu_mmu_inst/pt_vpn_q_reg[6][13]/CE
  -------------------------------------------------------------------    -------------------

                         (clock sys_clk rise edge)    6.667     6.667 r  
    M18                                               0.000     6.667 r  clk_i (IN)
                         net (fo=0)                   0.000     6.667    clk_i
    M18                  IBUF (Prop_ibuf_I_O)         0.805     7.472 r  clk_i_IBUF_inst/O
                         net (fo=1, routed)           1.868     9.340    clk_i_IBUF
    BUFGCTRL_X0Y0        BUFG (Prop_bufg_I_O)         0.091     9.431 r  clk_i_IBUF_BUFG_inst/O
                         net (fo=6332, routed)        1.443    10.873    cpu_mmu_inst/clk_i_IBUF_BUFG
    SLICE_X51Y50         FDCE                                         r  cpu_mmu_inst/pt_vpn_q_reg[6][13]/C
                         clock pessimism              0.242    11.115    
                         clock uncertainty           -0.135    10.980    
    SLICE_X51Y50         FDCE (Setup_fdce_C_CE)      -0.205    10.775    cpu_mmu_inst/pt_vpn_q_reg[6][13]
  -------------------------------------------------------------------
                         required time                         10.775    
                         arrival time                         -10.528    
  -------------------------------------------------------------------
                         slack                                  0.247    

Slack (MET) :             0.247ns  (required time - arrival time)
  Source:                 cpu_mmu_inst/wr_vaddr_q_reg[20]/C
                            (rising edge-triggered cell FDCE clocked by sys_clk  {rise@0.000ns fall@3.333ns period=6.667ns})
  Destination:            cpu_mmu_inst/pt_vpn_q_reg[6][9]/CE
                            (rising edge-triggered cell FDCE clocked by sys_clk  {rise@0.000ns fall@3.333ns period=6.667ns})
  Path Group:             sys_clk
  Path Type:              Setup (Max at Slow Process Corner)
  Requirement:            6.667ns  (sys_clk rise@6.667ns - sys_clk rise@0.000ns)
  Data Path Delay:        5.951ns  (logic 1.338ns (22.483%)  route 4.613ns (77.517%))
  Logic Levels:           6  (LUT2=1 LUT4=1 LUT5=1 LUT6=3)
  Clock Path Skew:        -0.129ns (DCD - SCD + CPR)
    Destination Clock Delay (DCD):    4.206ns = ( 10.873 - 6.667 ) 
    Source Clock Delay      (SCD):    4.577ns
    Clock Pessimism Removal (CPR):    0.242ns
  Clock Uncertainty:      0.135ns  ((TSJ^2 + TIJ^2)^1/2 + DJ) / 2 + PE + UU
    Total System Jitter     (TSJ):    0.071ns
    Total Input Jitter      (TIJ):    0.000ns
    Discrete Jitter          (DJ):    0.000ns
    Phase Error              (PE):    0.000ns
    User Uncertainty         (UU):    0.100ns

    Location             Delay type                Incr(ns)  Path(ns)    Netlist Resource(s)
  -------------------------------------------------------------------    -------------------
                         (clock sys_clk rise edge)    0.000     0.000 r  
    M18                                               0.000     0.000 r  clk_i (IN)
                         net (fo=0)                   0.000     0.000    clk_i
    M18                  IBUF (Prop_ibuf_I_O)         0.938     0.938 r  clk_i_IBUF_inst/O
                         net (fo=1, routed)           1.972     2.910    clk_i_IBUF
    BUFGCTRL_X0Y0        BUFG (Prop_bufg_I_O)         0.096     3.006 r  clk_i_IBUF_BUFG_inst/O
                         net (fo=6332, routed)        1.571     4.577    cpu_mmu_inst/clk_i_IBUF_BUFG
    SLICE_X53Y46         FDCE                                         r  cpu_mmu_inst/wr_vaddr_q_reg[20]/C
  -------------------------------------------------------------------    -------------------
    SLICE_X53Y46         FDCE (Prop_fdce_C_Q)         0.419     4.996 f  cpu_mmu_inst/wr_vaddr_q_reg[20]/Q
                         net (fo=23, routed)          1.037     6.033    cpu_mmu_inst/p_0_in16_in[8]
    SLICE_X52Y43         LUT4 (Prop_lut4_I1_O)        0.299     6.332 f  cpu_mmu_inst/FSM_onehot_wstate_q[2]_i_7/O
                         net (fo=1, routed)           0.787     7.119    cpu_mmu_inst/FSM_onehot_wstate_q[2]_i_7_n_0
    SLICE_X49Y39         LUT6 (Prop_lut6_I0_O)        0.124     7.243 f  cpu_mmu_inst/FSM_onehot_wstate_q[2]_i_6/O
                         net (fo=1, routed)           0.318     7.561    cpu_mmu_inst/FSM_onehot_wstate_q[2]_i_6_n_0
    SLICE_X50Y39         LUT6 (Prop_lut6_I5_O)        0.124     7.685 f  cpu_mmu_inst/FSM_onehot_wstate_q[2]_i_3/O
                         net (fo=2, routed)           0.294     7.979    cpu_mmu_inst/FSM_onehot_wstate_q[2]_i_3_n_0
    SLICE_X50Y39         LUT2 (Prop_lut2_I1_O)        0.124     8.103 r  cpu_mmu_inst/FSM_onehot_wstate_q[4]_i_2/O
                         net (fo=5, routed)           0.351     8.454    cpu_mmu_inst/FSM_onehot_wstate_q[4]_i_2_n_0
    SLICE_X52Y40         LUT6 (Prop_lut6_I0_O)        0.124     8.578 r  cpu_mmu_inst/pt_vpn_q[0][19]_i_2/O
                         net (fo=20, routed)          0.560     9.138    cpu_mmu_inst/pt_vpn_q[0][19]_i_2_n_0
    SLICE_X54Y40         LUT5 (Prop_lut5_I4_O)        0.124     9.262 r  cpu_mmu_inst/pt_valid_q[6]_i_1/O
                         net (fo=44, routed)          1.266    10.528    cpu_mmu_inst/pt_valid_q[6]_i_1_n_0
    SLICE_X51Y50         FDCE                                         r  cpu_mmu_inst/pt_vpn_q_reg[6][9]/CE
  -------------------------------------------------------------------    -------------------

                         (clock sys_clk rise edge)    6.667     6.667 r  
    M18                                               0.000     6.667 r  clk_i (IN)
                         net (fo=0)                   0.000     6.667    clk_i
    M18                  IBUF (Prop_ibuf_I_O)         0.805     7.472 r  clk_i_IBUF_inst/O
                         net (fo=1, routed)           1.868     9.340    clk_i_IBUF
    BUFGCTRL_X0Y0        BUFG (Prop_bufg_I_O)         0.091     9.431 r  clk_i_IBUF_BUFG_inst/O
                         net (fo=6332, routed)        1.443    10.873    cpu_mmu_inst/clk_i_IBUF_BUFG
    SLICE_X51Y50         FDCE                                         r  cpu_mmu_inst/pt_vpn_q_reg[6][9]/C
                         clock pessimism              0.242    11.115    
                         clock uncertainty           -0.135    10.980    
    SLICE_X51Y50         FDCE (Setup_fdce_C_CE)      -0.205    10.775    cpu_mmu_inst/pt_vpn_q_reg[6][9]
  -------------------------------------------------------------------
                         required time                         10.775    
                         arrival time                         -10.528    
  -------------------------------------------------------------------
                         slack                                  0.247    

Slack (MET) :             0.247ns  (required time - arrival time)
  Source:                 cpu_mmu_inst/wr_vaddr_q_reg[20]/C
                            (rising edge-triggered cell FDCE clocked by sys_clk  {rise@0.000ns fall@3.333ns period=6.667ns})
  Destination:            cpu_mmu_inst/pt_vpn_q_reg[6][9]/CE
                            (rising edge-triggered cell FDCE clocked by sys_clk  {rise@0.000ns fall@3.333ns period=6.667ns})
  Path Group:             sys_clk
  Path Type:              Setup (Max at Slow Process Corner)
  Requirement:            6.667ns  (sys_clk rise@6.667ns - sys_clk rise@0.000ns)
  Data Path Delay:        5.951ns  (logic 1.338ns (22.483%)  route 4.613ns (77.517%))
  Logic Levels:           6  (LUT2=1 LUT4=1 LUT5=1 LUT6=3)
  Clock Path Skew:        -0.129ns (DCD - SCD + CPR)
    Destination Clock Delay (DCD):    4.206ns = ( 10.873 - 6.667 ) 
    Source Clock Delay      (SCD):    4.577ns
    Clock Pessimism Removal (CPR):    0.242ns
  Clock Uncertainty:      0.135ns  ((TSJ^2 + TIJ^2)^1/2 + DJ) / 2 + PE + UU
    Total System Jitter     (TSJ):    0.071ns
    Total Input Jitter      (TIJ):    0.000ns
    Discrete Jitter          (DJ):    0.000ns
    Phase Error              (PE):    0.000ns
    User Uncertainty         (UU):    0.100ns

    Location             Delay type                Incr(ns)  Path(ns)    Netlist Resource(s)
  -------------------------------------------------------------------    -------------------
                         (clock sys_clk rise edge)    0.000     0.000 r  
    M18                                               0.000     0.000 r  clk_i (IN)
                         net (fo=0)                   0.000     0.000    clk_i
    M18                  IBUF (Prop_ibuf_I_O)         0.938     0.938 r  clk_i_IBUF_inst/O
                         net (fo=1, routed)           1.972     2.910    clk_i_IBUF
    BUFGCTRL_X0Y0        BUFG (Prop_bufg_I_O)         0.096     3.006 r  clk_i_IBUF_BUFG_inst/O
                         net (fo=6332, routed)        1.571     4.577    cpu_mmu_inst/clk_i_IBUF_BUFG
    SLICE_X53Y46         FDCE                                         r  cpu_mmu_inst/wr_vaddr_q_reg[20]/C
  -------------------------------------------------------------------    -------------------
    SLICE_X53Y46         FDCE (Prop_fdce_C_Q)         0.419     4.996 r  cpu_mmu_inst/wr_vaddr_q_reg[20]/Q
                         net (fo=23, routed)          1.037     6.033    cpu_mmu_inst/p_0_in16_in[8]
    SLICE_X52Y43         LUT4 (Prop_lut4_I1_O)        0.299     6.332 r  cpu_mmu_inst/FSM_onehot_wstate_q[2]_i_7/O
                         net (fo=1, routed)           0.787     7.119    cpu_mmu_inst/FSM_onehot_wstate_q[2]_i_7_n_0
    SLICE_X49Y39         LUT6 (Prop_lut6_I0_O)        0.124     7.243 r  cpu_mmu_inst/FSM_onehot_wstate_q[2]_i_6/O
                         net (fo=1, routed)           0.318     7.561    cpu_mmu_inst/FSM_onehot_wstate_q[2]_i_6_n_0
    SLICE_X50Y39         LUT6 (Prop_lut6_I5_O)        0.124     7.685 r  cpu_mmu_inst/FSM_onehot_wstate_q[2]_i_3/O
                         net (fo=2, routed)           0.294     7.979    cpu_mmu_inst/FSM_onehot_wstate_q[2]_i_3_n_0
    SLICE_X50Y39         LUT2 (Prop_lut2_I1_O)        0.124     8.103 f  cpu_mmu_inst/FSM_onehot_wstate_q[4]_i_2/O
                         net (fo=5, routed)           0.351     8.454    cpu_mmu_inst/FSM_onehot_wstate_q[4]_i_2_n_0
    SLICE_X52Y40         LUT6 (Prop_lut6_I0_O)        0.124     8.578 f  cpu_mmu_inst/pt_vpn_q[0][19]_i_2/O
                         net (fo=20, routed)          0.560     9.138    cpu_mmu_inst/pt_vpn_q[0][19]_i_2_n_0
    SLICE_X54Y40         LUT5 (Prop_lut5_I4_O)        0.124     9.262 f  cpu_mmu_inst/pt_valid_q[6]_i_1/O
                         net (fo=44, routed)          1.266    10.528    cpu_mmu_inst/pt_valid_q[6]_i_1_n_0
    SLICE_X51Y50         FDCE                                         f  cpu_mmu_inst/pt_vpn_q_reg[6][9]/CE
  -------------------------------------------------------------------    -------------------

                         (clock sys_clk rise edge)    6.667     6.667 r  
    M18                                               0.000     6.667 r  clk_i (IN)
                         net (fo=0)                   0.000     6.667    clk_i
    M18                  IBUF (Prop_ibuf_I_O)         0.805     7.472 r  clk_i_IBUF_inst/O
                         net (fo=1, routed)           1.868     9.340    clk_i_IBUF
    BUFGCTRL_X0Y0        BUFG (Prop_bufg_I_O)         0.091     9.431 r  clk_i_IBUF_BUFG_inst/O
                         net (fo=6332, routed)        1.443    10.873    cpu_mmu_inst/clk_i_IBUF_BUFG
    SLICE_X51Y50         FDCE                                         r  cpu_mmu_inst/pt_vpn_q_reg[6][9]/C
                         clock pessimism              0.242    11.115    
                         clock uncertainty           -0.135    10.980    
    SLICE_X51Y50         FDCE (Setup_fdce_C_CE)      -0.205    10.775    cpu_mmu_inst/pt_vpn_q_reg[6][9]
  -------------------------------------------------------------------
                         required time                         10.775    
                         arrival time                         -10.528    
  -------------------------------------------------------------------
                         slack                                  0.247    

Slack (MET) :             0.247ns  (required time - arrival time)
  Source:                 cpu_mmu_inst/wr_vaddr_q_reg[20]/C
                            (rising edge-triggered cell FDCE clocked by sys_clk  {rise@0.000ns fall@3.333ns period=6.667ns})
  Destination:            cpu_mmu_inst/pt_write_q_reg[6]/CE
                            (rising edge-triggered cell FDCE clocked by sys_clk  {rise@0.000ns fall@3.333ns period=6.667ns})
  Path Group:             sys_clk
  Path Type:              Setup (Max at Slow Process Corner)
  Requirement:            6.667ns  (sys_clk rise@6.667ns - sys_clk rise@0.000ns)
  Data Path Delay:        5.951ns  (logic 1.338ns (22.483%)  route 4.613ns (77.517%))
  Logic Levels:           6  (LUT2=1 LUT4=1 LUT5=1 LUT6=3)
  Clock Path Skew:        -0.129ns (DCD - SCD + CPR)
    Destination Clock Delay (DCD):    4.206ns = ( 10.873 - 6.667 ) 
    Source Clock Delay      (SCD):    4.577ns
    Clock Pessimism Removal (CPR):    0.242ns
  Clock Uncertainty:      0.135ns  ((TSJ^2 + TIJ^2)^1/2 + DJ) / 2 + PE + UU
    Total System Jitter     (TSJ):    0.071ns
    Total Input Jitter      (TIJ):    0.000ns
    Discrete Jitter          (DJ):    0.000ns
    Phase Error              (PE):    0.000ns
    User Uncertainty         (UU):    0.100ns

    Location             Delay type                Incr(ns)  Path(ns)    Netlist Resource(s)
  -------------------------------------------------------------------    -------------------
                         (clock sys_clk rise edge)    0.000     0.000 r  
    M18                                               0.000     0.000 r  clk_i (IN)
                         net (fo=0)                   0.000     0.000    clk_i
    M18                  IBUF (Prop_ibuf_I_O)         0.938     0.938 r  clk_i_IBUF_inst/O
                         net (fo=1, routed)           1.972     2.910    clk_i_IBUF
    BUFGCTRL_X0Y0        BUFG (Prop_bufg_I_O)         0.096     3.006 r  clk_i_IBUF_BUFG_inst/O
                         net (fo=6332, routed)        1.571     4.577    cpu_mmu_inst/clk_i_IBUF_BUFG
    SLICE_X53Y46         FDCE                                         r  cpu_mmu_inst/wr_vaddr_q_reg[20]/C
  -------------------------------------------------------------------    -------------------
    SLICE_X53Y46         FDCE (Prop_fdce_C_Q)         0.419     4.996 f  cpu_mmu_inst/wr_vaddr_q_reg[20]/Q
                         net (fo=23, routed)          1.037     6.033    cpu_mmu_inst/p_0_in16_in[8]
    SLICE_X52Y43         LUT4 (Prop_lut4_I1_O)        0.299     6.332 f  cpu_mmu_inst/FSM_onehot_wstate_q[2]_i_7/O
                         net (fo=1, routed)           0.787     7.119    cpu_mmu_inst/FSM_onehot_wstate_q[2]_i_7_n_0
    SLICE_X49Y39         LUT6 (Prop_lut6_I0_O)        0.124     7.243 f  cpu_mmu_inst/FSM_onehot_wstate_q[2]_i_6/O
                         net (fo=1, routed)           0.318     7.561    cpu_mmu_inst/FSM_onehot_wstate_q[2]_i_6_n_0
    SLICE_X50Y39         LUT6 (Prop_lut6_I5_O)        0.124     7.685 f  cpu_mmu_inst/FSM_onehot_wstate_q[2]_i_3/O
                         net (fo=2, routed)           0.294     7.979    cpu_mmu_inst/FSM_onehot_wstate_q[2]_i_3_n_0
    SLICE_X50Y39         LUT2 (Prop_lut2_I1_O)        0.124     8.103 r  cpu_mmu_inst/FSM_onehot_wstate_q[4]_i_2/O
                         net (fo=5, routed)           0.351     8.454    cpu_mmu_inst/FSM_onehot_wstate_q[4]_i_2_n_0
    SLICE_X52Y40         LUT6 (Prop_lut6_I0_O)        0.124     8.578 r  cpu_mmu_inst/pt_vpn_q[0][19]_i_2/O
                         net (fo=20, routed)          0.560     9.138    cpu_mmu_inst/pt_vpn_q[0][19]_i_2_n_0
    SLICE_X54Y40         LUT5 (Prop_lut5_I4_O)        0.124     9.262 r  cpu_mmu_inst/pt_valid_q[6]_i_1/O
                         net (fo=44, routed)          1.266    10.528    cpu_mmu_inst/pt_valid_q[6]_i_1_n_0
    SLICE_X51Y50         FDCE                                         r  cpu_mmu_inst/pt_write_q_reg[6]/CE
  -------------------------------------------------------------------    -------------------

                         (clock sys_clk rise edge)    6.667     6.667 r  
    M18                                               0.000     6.667 r  clk_i (IN)
                         net (fo=0)                   0.000     6.667    clk_i
    M18                  IBUF (Prop_ibuf_I_O)         0.805     7.472 r  clk_i_IBUF_inst/O
                         net (fo=1, routed)           1.868     9.340    clk_i_IBUF
    BUFGCTRL_X0Y0        BUFG (Prop_bufg_I_O)         0.091     9.431 r  clk_i_IBUF_BUFG_inst/O
                         net (fo=6332, routed)        1.443    10.873    cpu_mmu_inst/clk_i_IBUF_BUFG
    SLICE_X51Y50         FDCE                                         r  cpu_mmu_inst/pt_write_q_reg[6]/C
                         clock pessimism              0.242    11.115    
                         clock uncertainty           -0.135    10.980    
    SLICE_X51Y50         FDCE (Setup_fdce_C_CE)      -0.205    10.775    cpu_mmu_inst/pt_write_q_reg[6]
  -------------------------------------------------------------------
                         required time                         10.775    
                         arrival time                         -10.528    
  -------------------------------------------------------------------
                         slack                                  0.247    

Slack (MET) :             0.247ns  (required time - arrival time)
  Source:                 cpu_mmu_inst/wr_vaddr_q_reg[20]/C
                            (rising edge-triggered cell FDCE clocked by sys_clk  {rise@0.000ns fall@3.333ns period=6.667ns})
  Destination:            cpu_mmu_inst/pt_write_q_reg[6]/CE
                            (rising edge-triggered cell FDCE clocked by sys_clk  {rise@0.000ns fall@3.333ns period=6.667ns})
  Path Group:             sys_clk
  Path Type:              Setup (Max at Slow Process Corner)
  Requirement:            6.667ns  (sys_clk rise@6.667ns - sys_clk rise@0.000ns)
  Data Path Delay:        5.951ns  (logic 1.338ns (22.483%)  route 4.613ns (77.517%))
  Logic Levels:           6  (LUT2=1 LUT4=1 LUT5=1 LUT6=3)
  Clock Path Skew:        -0.129ns (DCD - SCD + CPR)
    Destination Clock Delay (DCD):    4.206ns = ( 10.873 - 6.667 ) 
    Source Clock Delay      (SCD):    4.577ns
    Clock Pessimism Removal (CPR):    0.242ns
  Clock Uncertainty:      0.135ns  ((TSJ^2 + TIJ^2)^1/2 + DJ) / 2 + PE + UU
    Total System Jitter     (TSJ):    0.071ns
    Total Input Jitter      (TIJ):    0.000ns
    Discrete Jitter          (DJ):    0.000ns
    Phase Error              (PE):    0.000ns
    User Uncertainty         (UU):    0.100ns

    Location             Delay type                Incr(ns)  Path(ns)    Netlist Resource(s)
  -------------------------------------------------------------------    -------------------
                         (clock sys_clk rise edge)    0.000     0.000 r  
    M18                                               0.000     0.000 r  clk_i (IN)
                         net (fo=0)                   0.000     0.000    clk_i
    M18                  IBUF (Prop_ibuf_I_O)         0.938     0.938 r  clk_i_IBUF_inst/O
                         net (fo=1, routed)           1.972     2.910    clk_i_IBUF
    BUFGCTRL_X0Y0        BUFG (Prop_bufg_I_O)         0.096     3.006 r  clk_i_IBUF_BUFG_inst/O
                         net (fo=6332, routed)        1.571     4.577    cpu_mmu_inst/clk_i_IBUF_BUFG
    SLICE_X53Y46         FDCE                                         r  cpu_mmu_inst/wr_vaddr_q_reg[20]/C
  -------------------------------------------------------------------    -------------------
    SLICE_X53Y46         FDCE (Prop_fdce_C_Q)         0.419     4.996 r  cpu_mmu_inst/wr_vaddr_q_reg[20]/Q
                         net (fo=23, routed)          1.037     6.033    cpu_mmu_inst/p_0_in16_in[8]
    SLICE_X52Y43         LUT4 (Prop_lut4_I1_O)        0.299     6.332 r  cpu_mmu_inst/FSM_onehot_wstate_q[2]_i_7/O
                         net (fo=1, routed)           0.787     7.119    cpu_mmu_inst/FSM_onehot_wstate_q[2]_i_7_n_0
    SLICE_X49Y39         LUT6 (Prop_lut6_I0_O)        0.124     7.243 r  cpu_mmu_inst/FSM_onehot_wstate_q[2]_i_6/O
                         net (fo=1, routed)           0.318     7.561    cpu_mmu_inst/FSM_onehot_wstate_q[2]_i_6_n_0
    SLICE_X50Y39         LUT6 (Prop_lut6_I5_O)        0.124     7.685 r  cpu_mmu_inst/FSM_onehot_wstate_q[2]_i_3/O
                         net (fo=2, routed)           0.294     7.979    cpu_mmu_inst/FSM_onehot_wstate_q[2]_i_3_n_0
    SLICE_X50Y39         LUT2 (Prop_lut2_I1_O)        0.124     8.103 f  cpu_mmu_inst/FSM_onehot_wstate_q[4]_i_2/O
                         net (fo=5, routed)           0.351     8.454    cpu_mmu_inst/FSM_onehot_wstate_q[4]_i_2_n_0
    SLICE_X52Y40         LUT6 (Prop_lut6_I0_O)        0.124     8.578 f  cpu_mmu_inst/pt_vpn_q[0][19]_i_2/O
                         net (fo=20, routed)          0.560     9.138    cpu_mmu_inst/pt_vpn_q[0][19]_i_2_n_0
    SLICE_X54Y40         LUT5 (Prop_lut5_I4_O)        0.124     9.262 f  cpu_mmu_inst/pt_valid_q[6]_i_1/O
                         net (fo=44, routed)          1.266    10.528    cpu_mmu_inst/pt_valid_q[6]_i_1_n_0
    SLICE_X51Y50         FDCE                                         f  cpu_mmu_inst/pt_write_q_reg[6]/CE
  -------------------------------------------------------------------    -------------------

                         (clock sys_clk rise edge)    6.667     6.667 r  
    M18                                               0.000     6.667 r  clk_i (IN)
                         net (fo=0)                   0.000     6.667    clk_i
    M18                  IBUF (Prop_ibuf_I_O)         0.805     7.472 r  clk_i_IBUF_inst/O
                         net (fo=1, routed)           1.868     9.340    clk_i_IBUF
    BUFGCTRL_X0Y0        BUFG (Prop_bufg_I_O)         0.091     9.431 r  clk_i_IBUF_BUFG_inst/O
                         net (fo=6332, routed)        1.443    10.873    cpu_mmu_inst/clk_i_IBUF_BUFG
    SLICE_X51Y50         FDCE                                         r  cpu_mmu_inst/pt_write_q_reg[6]/C
                         clock pessimism              0.242    11.115    
                         clock uncertainty           -0.135    10.980    
    SLICE_X51Y50         FDCE (Setup_fdce_C_CE)      -0.205    10.775    cpu_mmu_inst/pt_write_q_reg[6]
  -------------------------------------------------------------------
                         required time                         10.775    
                         arrival time                         -10.528    
  -------------------------------------------------------------------
                         slack                                  0.247    

Slack (MET) :             0.247ns  (required time - arrival time)
  Source:                 cpu_mmu_inst/rd_vaddr_q_reg[17]/C
                            (rising edge-triggered cell FDCE clocked by sys_clk  {rise@0.000ns fall@3.333ns period=6.667ns})
  Destination:            cpu_mmu_inst/rd_pt_idx_q_reg[2]/D
                            (rising edge-triggered cell FDCE clocked by sys_clk  {rise@0.000ns fall@3.333ns period=6.667ns})
  Path Group:             sys_clk
  Path Type:              Setup (Max at Slow Process Corner)
  Requirement:            6.667ns  (sys_clk rise@6.667ns - sys_clk rise@0.000ns)
  Data Path Delay:        6.298ns  (logic 2.147ns (34.092%)  route 4.151ns (65.908%))
  Logic Levels:           6  (CARRY4=2 LUT2=1 LUT4=1 LUT6=2)
  Clock Path Skew:        -0.064ns (DCD - SCD + CPR)
    Destination Clock Delay (DCD):    4.272ns = ( 10.939 - 6.667 ) 
    Source Clock Delay      (SCD):    4.578ns
    Clock Pessimism Removal (CPR):    0.242ns
  Clock Uncertainty:      0.135ns  ((TSJ^2 + TIJ^2)^1/2 + DJ) / 2 + PE + UU
    Total System Jitter     (TSJ):    0.071ns
    Total Input Jitter      (TIJ):    0.000ns
    Discrete Jitter          (DJ):    0.000ns
    Phase Error              (PE):    0.000ns
    User Uncertainty         (UU):    0.100ns

    Location             Delay type                Incr(ns)  Path(ns)    Netlist Resource(s)
  -------------------------------------------------------------------    -------------------
                         (clock sys_clk rise edge)    0.000     0.000 r  
    M18                                               0.000     0.000 r  clk_i (IN)
                         net (fo=0)                   0.000     0.000    clk_i
    M18                  IBUF (Prop_ibuf_I_O)         0.938     0.938 r  clk_i_IBUF_inst/O
                         net (fo=1, routed)           1.972     2.910    clk_i_IBUF
    BUFGCTRL_X0Y0        BUFG (Prop_bufg_I_O)         0.096     3.006 r  clk_i_IBUF_BUFG_inst/O
                         net (fo=6332, routed)        1.572     4.578    cpu_mmu_inst/clk_i_IBUF_BUFG
    SLICE_X57Y49         FDCE                                         r  cpu_mmu_inst/rd_vaddr_q_reg[17]/C
  -------------------------------------------------------------------    -------------------
    SLICE_X57Y49         FDCE (Prop_fdce_C_Q)         0.456     5.034 r  cpu_mmu_inst/rd_vaddr_q_reg[17]/Q
                         net (fo=23, routed)          1.570     6.604    cpu_mmu_inst/p_0_in__0[5]
    SLICE_X53Y40         LUT6 (Prop_lut6_I1_O)        0.124     6.728 r  cpu_mmu_inst/rd_pt_hit_q_i_38/O
                         net (fo=1, routed)           0.000     6.728    cpu_mmu_inst/rd_pt_hit_q_i_38_n_0
    SLICE_X53Y40         CARRY4 (Prop_carry4_S[1]_CO[3])
                                                      0.550     7.278 r  cpu_mmu_inst/rd_pt_hit_q_reg_i_24/CO[3]
                         net (fo=1, routed)           0.000     7.278    cpu_mmu_inst/rd_pt_hit_q_reg_i_24_n_0
    SLICE_X53Y41         CARRY4 (Prop_carry4_CI_CO[2])
                                                      0.228     7.506 r  cpu_mmu_inst/rd_pt_hit_q_reg_i_11/CO[2]
                         net (fo=4, routed)           0.929     8.434    cpu_mmu_inst/rd_pt_hit21_out
    SLICE_X53Y45         LUT2 (Prop_lut2_I1_O)        0.339     8.773 r  cpu_mmu_inst/rd_pt_idx_q[3]_i_10/O
                         net (fo=2, routed)           1.071     9.844    cpu_mmu_inst/rd_pt_idx_q[3]_i_10_n_0
    SLICE_X60Y49         LUT6 (Prop_lut6_I3_O)        0.326    10.170 r  cpu_mmu_inst/rd_pt_idx_q[3]_i_3/O
                         net (fo=2, routed)           0.581    10.752    cpu_mmu_inst/rd_pt_idx_q[3]_i_3_n_0
    SLICE_X60Y51         LUT4 (Prop_lut4_I0_O)        0.124    10.876 r  cpu_mmu_inst/rd_pt_idx_q[2]_i_1/O
                         net (fo=1, routed)           0.000    10.876    cpu_mmu_inst/rd_pt_idx_q[2]_i_1_n_0
    SLICE_X60Y51         FDCE                                         r  cpu_mmu_inst/rd_pt_idx_q_reg[2]/D
  -------------------------------------------------------------------    -------------------

                         (clock sys_clk rise edge)    6.667     6.667 r  
    M18                                               0.000     6.667 r  clk_i (IN)
                         net (fo=0)                   0.000     6.667    clk_i
    M18                  IBUF (Prop_ibuf_I_O)         0.805     7.472 r  clk_i_IBUF_inst/O
                         net (fo=1, routed)           1.868     9.340    clk_i_IBUF
    BUFGCTRL_X0Y0        BUFG (Prop_bufg_I_O)         0.091     9.431 r  clk_i_IBUF_BUFG_inst/O
                         net (fo=6332, routed)        1.509    10.939    cpu_mmu_inst/clk_i_IBUF_BUFG
    SLICE_X60Y51         FDCE                                         r  cpu_mmu_inst/rd_pt_idx_q_reg[2]/C
                         clock pessimism              0.242    11.181    
                         clock uncertainty           -0.135    11.046    
    SLICE_X60Y51         FDCE (Setup_fdce_C_D)        0.077    11.123    cpu_mmu_inst/rd_pt_idx_q_reg[2]
  -------------------------------------------------------------------
                         required time                         11.123    
                         arrival time                         -10.876    
  -------------------------------------------------------------------
                         slack                                  0.247    

Slack (MET) :             0.247ns  (required time - arrival time)
  Source:                 cpu_mmu_inst/rd_vaddr_q_reg[17]/C
                            (rising edge-triggered cell FDCE clocked by sys_clk  {rise@0.000ns fall@3.333ns period=6.667ns})
  Destination:            cpu_mmu_inst/rd_pt_idx_q_reg[2]/D
                            (rising edge-triggered cell FDCE clocked by sys_clk  {rise@0.000ns fall@3.333ns period=6.667ns})
  Path Group:             sys_clk
  Path Type:              Setup (Max at Slow Process Corner)
  Requirement:            6.667ns  (sys_clk rise@6.667ns - sys_clk rise@0.000ns)
  Data Path Delay:        6.298ns  (logic 2.147ns (34.092%)  route 4.151ns (65.908%))
  Logic Levels:           6  (CARRY4=2 LUT2=1 LUT4=1 LUT6=2)
  Clock Path Skew:        -0.064ns (DCD - SCD + CPR)
    Destination Clock Delay (DCD):    4.272ns = ( 10.939 - 6.667 ) 
    Source Clock Delay      (SCD):    4.578ns
    Clock Pessimism Removal (CPR):    0.242ns
  Clock Uncertainty:      0.135ns  ((TSJ^2 + TIJ^2)^1/2 + DJ) / 2 + PE + UU
    Total System Jitter     (TSJ):    0.071ns
    Total Input Jitter      (TIJ):    0.000ns
    Discrete Jitter          (DJ):    0.000ns
    Phase Error              (PE):    0.000ns
    User Uncertainty         (UU):    0.100ns

    Location             Delay type                Incr(ns)  Path(ns)    Netlist Resource(s)
  -------------------------------------------------------------------    -------------------
                         (clock sys_clk rise edge)    0.000     0.000 r  
    M18                                               0.000     0.000 r  clk_i (IN)
                         net (fo=0)                   0.000     0.000    clk_i
    M18                  IBUF (Prop_ibuf_I_O)         0.938     0.938 r  clk_i_IBUF_inst/O
                         net (fo=1, routed)           1.972     2.910    clk_i_IBUF
    BUFGCTRL_X0Y0        BUFG (Prop_bufg_I_O)         0.096     3.006 r  clk_i_IBUF_BUFG_inst/O
                         net (fo=6332, routed)        1.572     4.578    cpu_mmu_inst/clk_i_IBUF_BUFG
    SLICE_X57Y49         FDCE                                         r  cpu_mmu_inst/rd_vaddr_q_reg[17]/C
  -------------------------------------------------------------------    -------------------
    SLICE_X57Y49         FDCE (Prop_fdce_C_Q)         0.456     5.034 f  cpu_mmu_inst/rd_vaddr_q_reg[17]/Q
                         net (fo=23, routed)          1.570     6.604    cpu_mmu_inst/p_0_in__0[5]
    SLICE_X53Y40         LUT6 (Prop_lut6_I1_O)        0.124     6.728 r  cpu_mmu_inst/rd_pt_hit_q_i_38/O
                         net (fo=1, routed)           0.000     6.728    cpu_mmu_inst/rd_pt_hit_q_i_38_n_0
    SLICE_X53Y40         CARRY4 (Prop_carry4_S[1]_CO[3])
                                                      0.550     7.278 r  cpu_mmu_inst/rd_pt_hit_q_reg_i_24/CO[3]
                         net (fo=1, routed)           0.000     7.278    cpu_mmu_inst/rd_pt_hit_q_reg_i_24_n_0
    SLICE_X53Y41         CARRY4 (Prop_carry4_CI_CO[2])
                                                      0.228     7.506 r  cpu_mmu_inst/rd_pt_hit_q_reg_i_11/CO[2]
                         net (fo=4, routed)           0.929     8.434    cpu_mmu_inst/rd_pt_hit21_out
    SLICE_X53Y45         LUT2 (Prop_lut2_I1_O)        0.339     8.773 r  cpu_mmu_inst/rd_pt_idx_q[3]_i_10/O
                         net (fo=2, routed)           1.071     9.844    cpu_mmu_inst/rd_pt_idx_q[3]_i_10_n_0
    SLICE_X60Y49         LUT6 (Prop_lut6_I3_O)        0.326    10.170 r  cpu_mmu_inst/rd_pt_idx_q[3]_i_3/O
                         net (fo=2, routed)           0.581    10.752    cpu_mmu_inst/rd_pt_idx_q[3]_i_3_n_0
    SLICE_X60Y51         LUT4 (Prop_lut4_I0_O)        0.124    10.876 r  cpu_mmu_inst/rd_pt_idx_q[2]_i_1/O
                         net (fo=1, routed)           0.000    10.876    cpu_mmu_inst/rd_pt_idx_q[2]_i_1_n_0
    SLICE_X60Y51         FDCE                                         r  cpu_mmu_inst/rd_pt_idx_q_reg[2]/D
  -------------------------------------------------------------------    -------------------

                         (clock sys_clk rise edge)    6.667     6.667 r  
    M18                                               0.000     6.667 r  clk_i (IN)
                         net (fo=0)                   0.000     6.667    clk_i
    M18                  IBUF (Prop_ibuf_I_O)         0.805     7.472 r  clk_i_IBUF_inst/O
                         net (fo=1, routed)           1.868     9.340    clk_i_IBUF
    BUFGCTRL_X0Y0        BUFG (Prop_bufg_I_O)         0.091     9.431 r  clk_i_IBUF_BUFG_inst/O
                         net (fo=6332, routed)        1.509    10.939    cpu_mmu_inst/clk_i_IBUF_BUFG
    SLICE_X60Y51         FDCE                                         r  cpu_mmu_inst/rd_pt_idx_q_reg[2]/C
                         clock pessimism              0.242    11.181    
                         clock uncertainty           -0.135    11.046    
    SLICE_X60Y51         FDCE (Setup_fdce_C_D)        0.077    11.123    cpu_mmu_inst/rd_pt_idx_q_reg[2]
  -------------------------------------------------------------------
                         required time                         11.123    
                         arrival time                         -10.876    
  -------------------------------------------------------------------
                         slack                                  0.247    

Slack (MET) :             0.247ns  (required time - arrival time)
  Source:                 cpu_mmu_inst/rd_vaddr_q_reg[17]/C
                            (rising edge-triggered cell FDCE clocked by sys_clk  {rise@0.000ns fall@3.333ns period=6.667ns})
  Destination:            cpu_mmu_inst/rd_pt_idx_q_reg[2]/D
                            (rising edge-triggered cell FDCE clocked by sys_clk  {rise@0.000ns fall@3.333ns period=6.667ns})
  Path Group:             sys_clk
  Path Type:              Setup (Max at Slow Process Corner)
  Requirement:            6.667ns  (sys_clk rise@6.667ns - sys_clk rise@0.000ns)
  Data Path Delay:        6.298ns  (logic 2.147ns (34.092%)  route 4.151ns (65.908%))
  Logic Levels:           6  (CARRY4=2 LUT2=1 LUT4=1 LUT6=2)
  Clock Path Skew:        -0.064ns (DCD - SCD + CPR)
    Destination Clock Delay (DCD):    4.272ns = ( 10.939 - 6.667 ) 
    Source Clock Delay      (SCD):    4.578ns
    Clock Pessimism Removal (CPR):    0.242ns
  Clock Uncertainty:      0.135ns  ((TSJ^2 + TIJ^2)^1/2 + DJ) / 2 + PE + UU
    Total System Jitter     (TSJ):    0.071ns
    Total Input Jitter      (TIJ):    0.000ns
    Discrete Jitter          (DJ):    0.000ns
    Phase Error              (PE):    0.000ns
    User Uncertainty         (UU):    0.100ns

    Location             Delay type                Incr(ns)  Path(ns)    Netlist Resource(s)
  -------------------------------------------------------------------    -------------------
                         (clock sys_clk rise edge)    0.000     0.000 r  
    M18                                               0.000     0.000 r  clk_i (IN)
                         net (fo=0)                   0.000     0.000    clk_i
    M18                  IBUF (Prop_ibuf_I_O)         0.938     0.938 r  clk_i_IBUF_inst/O
                         net (fo=1, routed)           1.972     2.910    clk_i_IBUF
    BUFGCTRL_X0Y0        BUFG (Prop_bufg_I_O)         0.096     3.006 r  clk_i_IBUF_BUFG_inst/O
                         net (fo=6332, routed)        1.572     4.578    cpu_mmu_inst/clk_i_IBUF_BUFG
    SLICE_X57Y49         FDCE                                         r  cpu_mmu_inst/rd_vaddr_q_reg[17]/C
  -------------------------------------------------------------------    -------------------
    SLICE_X57Y49         FDCE (Prop_fdce_C_Q)         0.456     5.034 r  cpu_mmu_inst/rd_vaddr_q_reg[17]/Q
                         net (fo=23, routed)          1.570     6.604    cpu_mmu_inst/p_0_in__0[5]
    SLICE_X53Y40         LUT6 (Prop_lut6_I1_O)        0.124     6.728 r  cpu_mmu_inst/rd_pt_hit_q_i_38/O
                         net (fo=1, routed)           0.000     6.728    cpu_mmu_inst/rd_pt_hit_q_i_38_n_0
    SLICE_X53Y40         CARRY4 (Prop_carry4_S[1]_CO[3])
                                                      0.550     7.278 f  cpu_mmu_inst/rd_pt_hit_q_reg_i_24/CO[3]
                         net (fo=1, routed)           0.000     7.278    cpu_mmu_inst/rd_pt_hit_q_reg_i_24_n_0
    SLICE_X53Y41         CARRY4 (Prop_carry4_CI_CO[2])
                                                      0.228     7.506 r  cpu_mmu_inst/rd_pt_hit_q_reg_i_11/CO[2]
                         net (fo=4, routed)           0.929     8.434    cpu_mmu_inst/rd_pt_hit21_out
    SLICE_X53Y45         LUT2 (Prop_lut2_I1_O)        0.339     8.773 r  cpu_mmu_inst/rd_pt_idx_q[3]_i_10/O
                         net (fo=2, routed)           1.071     9.844    cpu_mmu_inst/rd_pt_idx_q[3]_i_10_n_0
    SLICE_X60Y49         LUT6 (Prop_lut6_I3_O)        0.326    10.170 r  cpu_mmu_inst/rd_pt_idx_q[3]_i_3/O
                         net (fo=2, routed)           0.581    10.752    cpu_mmu_inst/rd_pt_idx_q[3]_i_3_n_0
    SLICE_X60Y51         LUT4 (Prop_lut4_I0_O)        0.124    10.876 r  cpu_mmu_inst/rd_pt_idx_q[2]_i_1/O
                         net (fo=1, routed)           0.000    10.876    cpu_mmu_inst/rd_pt_idx_q[2]_i_1_n_0
    SLICE_X60Y51         FDCE                                         r  cpu_mmu_inst/rd_pt_idx_q_reg[2]/D
  -------------------------------------------------------------------    -------------------

                         (clock sys_clk rise edge)    6.667     6.667 r  
    M18                                               0.000     6.667 r  clk_i (IN)
                         net (fo=0)                   0.000     6.667    clk_i
    M18                  IBUF (Prop_ibuf_I_O)         0.805     7.472 r  clk_i_IBUF_inst/O
                         net (fo=1, routed)           1.868     9.340    clk_i_IBUF
    BUFGCTRL_X0Y0        BUFG (Prop_bufg_I_O)         0.091     9.431 r  clk_i_IBUF_BUFG_inst/O
                         net (fo=6332, routed)        1.509    10.939    cpu_mmu_inst/clk_i_IBUF_BUFG
    SLICE_X60Y51         FDCE                                         r  cpu_mmu_inst/rd_pt_idx_q_reg[2]/C
                         clock pessimism              0.242    11.181    
                         clock uncertainty           -0.135    11.046    
    SLICE_X60Y51         FDCE (Setup_fdce_C_D)        0.077    11.123    cpu_mmu_inst/rd_pt_idx_q_reg[2]
  -------------------------------------------------------------------
                         required time                         11.123    
                         arrival time                         -10.876    
  -------------------------------------------------------------------
                         slack                                  0.247    

Slack (MET) :             0.247ns  (required time - arrival time)
  Source:                 cpu_mmu_inst/rd_vaddr_q_reg[17]/C
                            (rising edge-triggered cell FDCE clocked by sys_clk  {rise@0.000ns fall@3.333ns period=6.667ns})
  Destination:            cpu_mmu_inst/rd_pt_idx_q_reg[2]/D
                            (rising edge-triggered cell FDCE clocked by sys_clk  {rise@0.000ns fall@3.333ns period=6.667ns})
  Path Group:             sys_clk
  Path Type:              Setup (Max at Slow Process Corner)
  Requirement:            6.667ns  (sys_clk rise@6.667ns - sys_clk rise@0.000ns)
  Data Path Delay:        6.298ns  (logic 2.147ns (34.092%)  route 4.151ns (65.908%))
  Logic Levels:           6  (CARRY4=2 LUT2=1 LUT4=1 LUT6=2)
  Clock Path Skew:        -0.064ns (DCD - SCD + CPR)
    Destination Clock Delay (DCD):    4.272ns = ( 10.939 - 6.667 ) 
    Source Clock Delay      (SCD):    4.578ns
    Clock Pessimism Removal (CPR):    0.242ns
  Clock Uncertainty:      0.135ns  ((TSJ^2 + TIJ^2)^1/2 + DJ) / 2 + PE + UU
    Total System Jitter     (TSJ):    0.071ns
    Total Input Jitter      (TIJ):    0.000ns
    Discrete Jitter          (DJ):    0.000ns
    Phase Error              (PE):    0.000ns
    User Uncertainty         (UU):    0.100ns

    Location             Delay type                Incr(ns)  Path(ns)    Netlist Resource(s)
  -------------------------------------------------------------------    -------------------
                         (clock sys_clk rise edge)    0.000     0.000 r  
    M18                                               0.000     0.000 r  clk_i (IN)
                         net (fo=0)                   0.000     0.000    clk_i
    M18                  IBUF (Prop_ibuf_I_O)         0.938     0.938 r  clk_i_IBUF_inst/O
                         net (fo=1, routed)           1.972     2.910    clk_i_IBUF
    BUFGCTRL_X0Y0        BUFG (Prop_bufg_I_O)         0.096     3.006 r  clk_i_IBUF_BUFG_inst/O
                         net (fo=6332, routed)        1.572     4.578    cpu_mmu_inst/clk_i_IBUF_BUFG
    SLICE_X57Y49         FDCE                                         r  cpu_mmu_inst/rd_vaddr_q_reg[17]/C
  -------------------------------------------------------------------    -------------------
    SLICE_X57Y49         FDCE (Prop_fdce_C_Q)         0.456     5.034 f  cpu_mmu_inst/rd_vaddr_q_reg[17]/Q
                         net (fo=23, routed)          1.570     6.604    cpu_mmu_inst/p_0_in__0[5]
    SLICE_X53Y40         LUT6 (Prop_lut6_I1_O)        0.124     6.728 r  cpu_mmu_inst/rd_pt_hit_q_i_38/O
                         net (fo=1, routed)           0.000     6.728    cpu_mmu_inst/rd_pt_hit_q_i_38_n_0
    SLICE_X53Y40         CARRY4 (Prop_carry4_S[1]_CO[3])
                                                      0.550     7.278 f  cpu_mmu_inst/rd_pt_hit_q_reg_i_24/CO[3]
                         net (fo=1, routed)           0.000     7.278    cpu_mmu_inst/rd_pt_hit_q_reg_i_24_n_0
    SLICE_X53Y41         CARRY4 (Prop_carry4_CI_CO[2])
                                                      0.228     7.506 r  cpu_mmu_inst/rd_pt_hit_q_reg_i_11/CO[2]
                         net (fo=4, routed)           0.929     8.434    cpu_mmu_inst/rd_pt_hit21_out
    SLICE_X53Y45         LUT2 (Prop_lut2_I1_O)        0.339     8.773 r  cpu_mmu_inst/rd_pt_idx_q[3]_i_10/O
                         net (fo=2, routed)           1.071     9.844    cpu_mmu_inst/rd_pt_idx_q[3]_i_10_n_0
    SLICE_X60Y49         LUT6 (Prop_lut6_I3_O)        0.326    10.170 r  cpu_mmu_inst/rd_pt_idx_q[3]_i_3/O
                         net (fo=2, routed)           0.581    10.752    cpu_mmu_inst/rd_pt_idx_q[3]_i_3_n_0
    SLICE_X60Y51         LUT4 (Prop_lut4_I0_O)        0.124    10.876 r  cpu_mmu_inst/rd_pt_idx_q[2]_i_1/O
                         net (fo=1, routed)           0.000    10.876    cpu_mmu_inst/rd_pt_idx_q[2]_i_1_n_0
    SLICE_X60Y51         FDCE                                         r  cpu_mmu_inst/rd_pt_idx_q_reg[2]/D
  -------------------------------------------------------------------    -------------------

                         (clock sys_clk rise edge)    6.667     6.667 r  
    M18                                               0.000     6.667 r  clk_i (IN)
                         net (fo=0)                   0.000     6.667    clk_i
    M18                  IBUF (Prop_ibuf_I_O)         0.805     7.472 r  clk_i_IBUF_inst/O
                         net (fo=1, routed)           1.868     9.340    clk_i_IBUF
    BUFGCTRL_X0Y0        BUFG (Prop_bufg_I_O)         0.091     9.431 r  clk_i_IBUF_BUFG_inst/O
                         net (fo=6332, routed)        1.509    10.939    cpu_mmu_inst/clk_i_IBUF_BUFG
    SLICE_X60Y51         FDCE                                         r  cpu_mmu_inst/rd_pt_idx_q_reg[2]/C
                         clock pessimism              0.242    11.181    
                         clock uncertainty           -0.135    11.046    
    SLICE_X60Y51         FDCE (Setup_fdce_C_D)        0.077    11.123    cpu_mmu_inst/rd_pt_idx_q_reg[2]
  -------------------------------------------------------------------
                         required time                         11.123    
                         arrival time                         -10.876    
  -------------------------------------------------------------------
                         slack                                  0.247    




