Copyright 1986-2022 Xilinx, Inc. All Rights Reserved. Copyright 2022-2025 Advanced Micro Devices, Inc. All Rights Reserved.
----------------------------------------------------------------------------------------------------------------------------------------------------------------------------------------------------------------------------------------------------------------------------------------------------------------------------------------------------
| Tool Version : Vivado v.2025.1 (win64) Build 6140274 Thu May 22 00:12:29 MDT 2025
| Date         : Mon Aug  3 14:29:32 2026
| Host         : LAPTOP-QB9V6NGP running 64-bit major release  (build 9200)
| Command      : report_timing -from [get_cells -hier -quiet -filter {IS_SEQUENTIAL == 1 && NAME =~ *dma_iommu_inst/iommu_inst/*}] -to [get_cells -hier -quiet -filter {IS_SEQUENTIAL == 1 && NAME =~ *dma_iommu_inst/iommu_inst/*}] -delay_type max -max_paths 20 -nworst 5 -file C:/rtl/rtl/Project_Vivado/reports/iommu_core_internal_timing.rpt
| Design       : dma_mmu_picorv32_soc
| Device       : 7a35t-cpg236
| Speed File   : -1  PRODUCTION 1.23 2018-06-13
| Design State : Routed
----------------------------------------------------------------------------------------------------------------------------------------------------------------------------------------------------------------------------------------------------------------------------------------------------------------------------------------------------

Timing Report

Slack (MET) :             0.831ns  (required time - arrival time)
  Source:                 dma_iommu_inst/iommu_inst/req_vaddr_q_reg[14]/C
                            (rising edge-triggered cell FDCE clocked by sys_clk  {rise@0.000ns fall@3.333ns period=6.667ns})
  Destination:            dma_iommu_inst/iommu_inst/match_pt_index_q_reg[0]/D
                            (rising edge-triggered cell FDCE clocked by sys_clk  {rise@0.000ns fall@3.333ns period=6.667ns})
  Path Group:             sys_clk
  Path Type:              Setup (Max at Slow Process Corner)
  Requirement:            6.667ns  (sys_clk rise@6.667ns - sys_clk rise@0.000ns)
  Data Path Delay:        5.701ns  (logic 1.523ns (26.715%)  route 4.178ns (73.285%))
  Logic Levels:           7  (LUT2=3 LUT4=2 LUT6=2)
  Clock Path Skew:        -0.032ns (DCD - SCD + CPR)
    Destination Clock Delay (DCD):    4.213ns = ( 10.880 - 6.667 ) 
    Source Clock Delay      (SCD):    4.567ns
    Clock Pessimism Removal (CPR):    0.322ns
  Clock Uncertainty:      0.135ns  ((TSJ^2 + TIJ^2)^1/2 + DJ) / 2 + PE + UU
    Total System Jitter     (TSJ):    0.071ns
    Total Input Jitter      (TIJ):    0.000ns
    Discrete Jitter          (DJ):    0.000ns
    Phase Error              (PE):    0.000ns
    User Uncertainty         (UU):    0.100ns

    Location             Delay type                Incr(ns)  Path(ns)    Netlist Resource(s)
  -------------------------------------------------------------------    -------------------
                         (clock sys_clk rise edge)    0.000     0.000 r  
    M18                                               0.000     0.000 r  clk_i (IN)
                         net (fo=0)                   0.000     0.000    clk_i
    M18                  IBUF (Prop_ibuf_I_O)         0.938     0.938 r  clk_i_IBUF_inst/O
                         net (fo=1, routed)           1.972     2.910    clk_i_IBUF
    BUFGCTRL_X0Y0        BUFG (Prop_bufg_I_O)         0.096     3.006 r  clk_i_IBUF_BUFG_inst/O
                         net (fo=6332, routed)        1.561     4.567    dma_iommu_inst/iommu_inst/clk_i_IBUF_BUFG
    SLICE_X41Y14         FDCE                                         r  dma_iommu_inst/iommu_inst/req_vaddr_q_reg[14]/C
  -------------------------------------------------------------------    -------------------
    SLICE_X41Y14         FDCE (Prop_fdce_C_Q)         0.456     5.023 r  dma_iommu_inst/iommu_inst/req_vaddr_q_reg[14]/Q
                         net (fo=25, routed)          1.293     6.316    dma_iommu_inst/iommu_inst/p_0_in[2]
    SLICE_X40Y1          LUT6 (Prop_lut6_I0_O)        0.124     6.440 f  dma_iommu_inst/iommu_inst/match_pt_index_q[1]_i_18/O
                         net (fo=1, routed)           0.433     6.873    dma_iommu_inst/iommu_inst/match_pt_index_q[1]_i_18_n_0
    SLICE_X40Y1          LUT4 (Prop_lut4_I0_O)        0.124     6.997 f  dma_iommu_inst/iommu_inst/match_pt_index_q[1]_i_13/O
                         net (fo=2, routed)           0.507     7.504    dma_iommu_inst/iommu_inst/match_pt_index_q[1]_i_13_n_0
    SLICE_X41Y1          LUT2 (Prop_lut2_I1_O)        0.124     7.628 f  dma_iommu_inst/iommu_inst/match_pt_index_q[1]_i_6/O
                         net (fo=2, routed)           0.415     8.043    dma_iommu_inst/iommu_inst/match_pt_index_q[1]_i_6_n_0
    SLICE_X41Y0          LUT2 (Prop_lut2_I1_O)        0.124     8.167 f  dma_iommu_inst/iommu_inst/match_pt_index_q[3]_i_15/O
                         net (fo=4, routed)           0.648     8.815    dma_iommu_inst/iommu_inst/match_pt_index_q[3]_i_15_n_0
    SLICE_X41Y1          LUT4 (Prop_lut4_I0_O)        0.124     8.939 f  dma_iommu_inst/iommu_inst/match_pt_hit_q_i_6/O
                         net (fo=3, routed)           0.548     9.487    dma_iommu_inst/iommu_inst/match_pt_hit_q_i_6_n_0
    SLICE_X43Y1          LUT2 (Prop_lut2_I0_O)        0.120     9.607 f  dma_iommu_inst/iommu_inst/match_pt_index_q[2]_i_3/O
                         net (fo=3, routed)           0.334     9.941    dma_iommu_inst/iommu_inst/match_pt_index_q[2]_i_3_n_0
    SLICE_X44Y1          LUT6 (Prop_lut6_I3_O)        0.327    10.268 r  dma_iommu_inst/iommu_inst/match_pt_index_q[0]_i_1/O
                         net (fo=1, routed)           0.000    10.268    dma_iommu_inst/iommu_inst/match_pt_index_q[0]_i_1_n_0
    SLICE_X44Y1          FDCE                                         r  dma_iommu_inst/iommu_inst/match_pt_index_q_reg[0]/D
  -------------------------------------------------------------------    -------------------

                         (clock sys_clk rise edge)    6.667     6.667 r  
    M18                                               0.000     6.667 r  clk_i (IN)
                         net (fo=0)                   0.000     6.667    clk_i
    M18                  IBUF (Prop_ibuf_I_O)         0.805     7.472 r  clk_i_IBUF_inst/O
                         net (fo=1, routed)           1.868     9.340    clk_i_IBUF
    BUFGCTRL_X0Y0        BUFG (Prop_bufg_I_O)         0.091     9.431 r  clk_i_IBUF_BUFG_inst/O
                         net (fo=6332, routed)        1.449    10.880    dma_iommu_inst/iommu_inst/clk_i_IBUF_BUFG
    SLICE_X44Y1          FDCE                                         r  dma_iommu_inst/iommu_inst/match_pt_index_q_reg[0]/C
                         clock pessimism              0.322    11.202    
                         clock uncertainty           -0.135    11.067    
    SLICE_X44Y1          FDCE (Setup_fdce_C_D)        0.032    11.099    dma_iommu_inst/iommu_inst/match_pt_index_q_reg[0]
  -------------------------------------------------------------------
                         required time                         11.099    
                         arrival time                         -10.268    
  -------------------------------------------------------------------
                         slack                                  0.831    

Slack (MET) :             0.831ns  (required time - arrival time)
  Source:                 dma_iommu_inst/iommu_inst/req_vaddr_q_reg[14]/C
                            (rising edge-triggered cell FDCE clocked by sys_clk  {rise@0.000ns fall@3.333ns period=6.667ns})
  Destination:            dma_iommu_inst/iommu_inst/match_pt_index_q_reg[0]/D
                            (rising edge-triggered cell FDCE clocked by sys_clk  {rise@0.000ns fall@3.333ns period=6.667ns})
  Path Group:             sys_clk
  Path Type:              Setup (Max at Slow Process Corner)
  Requirement:            6.667ns  (sys_clk rise@6.667ns - sys_clk rise@0.000ns)
  Data Path Delay:        5.701ns  (logic 1.523ns (26.715%)  route 4.178ns (73.285%))
  Logic Levels:           7  (LUT2=3 LUT4=2 LUT6=2)
  Clock Path Skew:        -0.032ns (DCD - SCD + CPR)
    Destination Clock Delay (DCD):    4.213ns = ( 10.880 - 6.667 ) 
    Source Clock Delay      (SCD):    4.567ns
    Clock Pessimism Removal (CPR):    0.322ns
  Clock Uncertainty:      0.135ns  ((TSJ^2 + TIJ^2)^1/2 + DJ) / 2 + PE + UU
    Total System Jitter     (TSJ):    0.071ns
    Total Input Jitter      (TIJ):    0.000ns
    Discrete Jitter          (DJ):    0.000ns
    Phase Error              (PE):    0.000ns
    User Uncertainty         (UU):    0.100ns

    Location             Delay type                Incr(ns)  Path(ns)    Netlist Resource(s)
  -------------------------------------------------------------------    -------------------
                         (clock sys_clk rise edge)    0.000     0.000 r  
    M18                                               0.000     0.000 r  clk_i (IN)
                         net (fo=0)                   0.000     0.000    clk_i
    M18                  IBUF (Prop_ibuf_I_O)         0.938     0.938 r  clk_i_IBUF_inst/O
                         net (fo=1, routed)           1.972     2.910    clk_i_IBUF
    BUFGCTRL_X0Y0        BUFG (Prop_bufg_I_O)         0.096     3.006 r  clk_i_IBUF_BUFG_inst/O
                         net (fo=6332, routed)        1.561     4.567    dma_iommu_inst/iommu_inst/clk_i_IBUF_BUFG
    SLICE_X41Y14         FDCE                                         r  dma_iommu_inst/iommu_inst/req_vaddr_q_reg[14]/C
  -------------------------------------------------------------------    -------------------
    SLICE_X41Y14         FDCE (Prop_fdce_C_Q)         0.456     5.023 f  dma_iommu_inst/iommu_inst/req_vaddr_q_reg[14]/Q
                         net (fo=25, routed)          1.293     6.316    dma_iommu_inst/iommu_inst/p_0_in[2]
    SLICE_X40Y1          LUT6 (Prop_lut6_I0_O)        0.124     6.440 f  dma_iommu_inst/iommu_inst/match_pt_index_q[1]_i_18/O
                         net (fo=1, routed)           0.433     6.873    dma_iommu_inst/iommu_inst/match_pt_index_q[1]_i_18_n_0
    SLICE_X40Y1          LUT4 (Prop_lut4_I0_O)        0.124     6.997 f  dma_iommu_inst/iommu_inst/match_pt_index_q[1]_i_13/O
                         net (fo=2, routed)           0.507     7.504    dma_iommu_inst/iommu_inst/match_pt_index_q[1]_i_13_n_0
    SLICE_X41Y1          LUT2 (Prop_lut2_I1_O)        0.124     7.628 f  dma_iommu_inst/iommu_inst/match_pt_index_q[1]_i_6/O
                         net (fo=2, routed)           0.415     8.043    dma_iommu_inst/iommu_inst/match_pt_index_q[1]_i_6_n_0
    SLICE_X41Y0          LUT2 (Prop_lut2_I1_O)        0.124     8.167 f  dma_iommu_inst/iommu_inst/match_pt_index_q[3]_i_15/O
                         net (fo=4, routed)           0.648     8.815    dma_iommu_inst/iommu_inst/match_pt_index_q[3]_i_15_n_0
    SLICE_X41Y1          LUT4 (Prop_lut4_I0_O)        0.124     8.939 f  dma_iommu_inst/iommu_inst/match_pt_hit_q_i_6/O
                         net (fo=3, routed)           0.548     9.487    dma_iommu_inst/iommu_inst/match_pt_hit_q_i_6_n_0
    SLICE_X43Y1          LUT2 (Prop_lut2_I0_O)        0.120     9.607 f  dma_iommu_inst/iommu_inst/match_pt_index_q[2]_i_3/O
                         net (fo=3, routed)           0.334     9.941    dma_iommu_inst/iommu_inst/match_pt_index_q[2]_i_3_n_0
    SLICE_X44Y1          LUT6 (Prop_lut6_I3_O)        0.327    10.268 r  dma_iommu_inst/iommu_inst/match_pt_index_q[0]_i_1/O
                         net (fo=1, routed)           0.000    10.268    dma_iommu_inst/iommu_inst/match_pt_index_q[0]_i_1_n_0
    SLICE_X44Y1          FDCE                                         r  dma_iommu_inst/iommu_inst/match_pt_index_q_reg[0]/D
  -------------------------------------------------------------------    -------------------

                         (clock sys_clk rise edge)    6.667     6.667 r  
    M18                                               0.000     6.667 r  clk_i (IN)
                         net (fo=0)                   0.000     6.667    clk_i
    M18                  IBUF (Prop_ibuf_I_O)         0.805     7.472 r  clk_i_IBUF_inst/O
                         net (fo=1, routed)           1.868     9.340    clk_i_IBUF
    BUFGCTRL_X0Y0        BUFG (Prop_bufg_I_O)         0.091     9.431 r  clk_i_IBUF_BUFG_inst/O
                         net (fo=6332, routed)        1.449    10.880    dma_iommu_inst/iommu_inst/clk_i_IBUF_BUFG
    SLICE_X44Y1          FDCE                                         r  dma_iommu_inst/iommu_inst/match_pt_index_q_reg[0]/C
                         clock pessimism              0.322    11.202    
                         clock uncertainty           -0.135    11.067    
    SLICE_X44Y1          FDCE (Setup_fdce_C_D)        0.032    11.099    dma_iommu_inst/iommu_inst/match_pt_index_q_reg[0]
  -------------------------------------------------------------------
                         required time                         11.099    
                         arrival time                         -10.268    
  -------------------------------------------------------------------
                         slack                                  0.831    

Slack (MET) :             0.831ns  (required time - arrival time)
  Source:                 dma_iommu_inst/iommu_inst/req_vaddr_q_reg[14]/C
                            (rising edge-triggered cell FDCE clocked by sys_clk  {rise@0.000ns fall@3.333ns period=6.667ns})
  Destination:            dma_iommu_inst/iommu_inst/match_pt_index_q_reg[0]/D
                            (rising edge-triggered cell FDCE clocked by sys_clk  {rise@0.000ns fall@3.333ns period=6.667ns})
  Path Group:             sys_clk
  Path Type:              Setup (Max at Slow Process Corner)
  Requirement:            6.667ns  (sys_clk rise@6.667ns - sys_clk rise@0.000ns)
  Data Path Delay:        5.701ns  (logic 1.523ns (26.715%)  route 4.178ns (73.285%))
  Logic Levels:           7  (LUT2=3 LUT4=2 LUT6=2)
  Clock Path Skew:        -0.032ns (DCD - SCD + CPR)
    Destination Clock Delay (DCD):    4.213ns = ( 10.880 - 6.667 ) 
    Source Clock Delay      (SCD):    4.567ns
    Clock Pessimism Removal (CPR):    0.322ns
  Clock Uncertainty:      0.135ns  ((TSJ^2 + TIJ^2)^1/2 + DJ) / 2 + PE + UU
    Total System Jitter     (TSJ):    0.071ns
    Total Input Jitter      (TIJ):    0.000ns
    Discrete Jitter          (DJ):    0.000ns
    Phase Error              (PE):    0.000ns
    User Uncertainty         (UU):    0.100ns

    Location             Delay type                Incr(ns)  Path(ns)    Netlist Resource(s)
  -------------------------------------------------------------------    -------------------
                         (clock sys_clk rise edge)    0.000     0.000 r  
    M18                                               0.000     0.000 r  clk_i (IN)
                         net (fo=0)                   0.000     0.000    clk_i
    M18                  IBUF (Prop_ibuf_I_O)         0.938     0.938 r  clk_i_IBUF_inst/O
                         net (fo=1, routed)           1.972     2.910    clk_i_IBUF
    BUFGCTRL_X0Y0        BUFG (Prop_bufg_I_O)         0.096     3.006 r  clk_i_IBUF_BUFG_inst/O
                         net (fo=6332, routed)        1.561     4.567    dma_iommu_inst/iommu_inst/clk_i_IBUF_BUFG
    SLICE_X41Y14         FDCE                                         r  dma_iommu_inst/iommu_inst/req_vaddr_q_reg[14]/C
  -------------------------------------------------------------------    -------------------
    SLICE_X41Y14         FDCE (Prop_fdce_C_Q)         0.456     5.023 r  dma_iommu_inst/iommu_inst/req_vaddr_q_reg[14]/Q
                         net (fo=25, routed)          1.293     6.316    dma_iommu_inst/iommu_inst/p_0_in[2]
    SLICE_X40Y1          LUT6 (Prop_lut6_I0_O)        0.124     6.440 r  dma_iommu_inst/iommu_inst/match_pt_index_q[1]_i_18/O
                         net (fo=1, routed)           0.433     6.873    dma_iommu_inst/iommu_inst/match_pt_index_q[1]_i_18_n_0
    SLICE_X40Y1          LUT4 (Prop_lut4_I0_O)        0.124     6.997 r  dma_iommu_inst/iommu_inst/match_pt_index_q[1]_i_13/O
                         net (fo=2, routed)           0.507     7.504    dma_iommu_inst/iommu_inst/match_pt_index_q[1]_i_13_n_0
    SLICE_X41Y1          LUT2 (Prop_lut2_I1_O)        0.124     7.628 r  dma_iommu_inst/iommu_inst/match_pt_index_q[1]_i_6/O
                         net (fo=2, routed)           0.415     8.043    dma_iommu_inst/iommu_inst/match_pt_index_q[1]_i_6_n_0
    SLICE_X41Y0          LUT2 (Prop_lut2_I1_O)        0.124     8.167 r  dma_iommu_inst/iommu_inst/match_pt_index_q[3]_i_15/O
                         net (fo=4, routed)           0.648     8.815    dma_iommu_inst/iommu_inst/match_pt_index_q[3]_i_15_n_0
    SLICE_X41Y1          LUT4 (Prop_lut4_I0_O)        0.124     8.939 r  dma_iommu_inst/iommu_inst/match_pt_hit_q_i_6/O
                         net (fo=3, routed)           0.548     9.487    dma_iommu_inst/iommu_inst/match_pt_hit_q_i_6_n_0
    SLICE_X43Y1          LUT2 (Prop_lut2_I0_O)        0.120     9.607 r  dma_iommu_inst/iommu_inst/match_pt_index_q[2]_i_3/O
                         net (fo=3, routed)           0.334     9.941    dma_iommu_inst/iommu_inst/match_pt_index_q[2]_i_3_n_0
    SLICE_X44Y1          LUT6 (Prop_lut6_I3_O)        0.327    10.268 f  dma_iommu_inst/iommu_inst/match_pt_index_q[0]_i_1/O
                         net (fo=1, routed)           0.000    10.268    dma_iommu_inst/iommu_inst/match_pt_index_q[0]_i_1_n_0
    SLICE_X44Y1          FDCE                                         f  dma_iommu_inst/iommu_inst/match_pt_index_q_reg[0]/D
  -------------------------------------------------------------------    -------------------

                         (clock sys_clk rise edge)    6.667     6.667 r  
    M18                                               0.000     6.667 r  clk_i (IN)
                         net (fo=0)                   0.000     6.667    clk_i
    M18                  IBUF (Prop_ibuf_I_O)         0.805     7.472 r  clk_i_IBUF_inst/O
                         net (fo=1, routed)           1.868     9.340    clk_i_IBUF
    BUFGCTRL_X0Y0        BUFG (Prop_bufg_I_O)         0.091     9.431 r  clk_i_IBUF_BUFG_inst/O
                         net (fo=6332, routed)        1.449    10.880    dma_iommu_inst/iommu_inst/clk_i_IBUF_BUFG
    SLICE_X44Y1          FDCE                                         r  dma_iommu_inst/iommu_inst/match_pt_index_q_reg[0]/C
                         clock pessimism              0.322    11.202    
                         clock uncertainty           -0.135    11.067    
    SLICE_X44Y1          FDCE (Setup_fdce_C_D)        0.032    11.099    dma_iommu_inst/iommu_inst/match_pt_index_q_reg[0]
  -------------------------------------------------------------------
                         required time                         11.099    
                         arrival time                         -10.268    
  -------------------------------------------------------------------
                         slack                                  0.831    

Slack (MET) :             0.831ns  (required time - arrival time)
  Source:                 dma_iommu_inst/iommu_inst/req_vaddr_q_reg[14]/C
                            (rising edge-triggered cell FDCE clocked by sys_clk  {rise@0.000ns fall@3.333ns period=6.667ns})
  Destination:            dma_iommu_inst/iommu_inst/match_pt_index_q_reg[0]/D
                            (rising edge-triggered cell FDCE clocked by sys_clk  {rise@0.000ns fall@3.333ns period=6.667ns})
  Path Group:             sys_clk
  Path Type:              Setup (Max at Slow Process Corner)
  Requirement:            6.667ns  (sys_clk rise@6.667ns - sys_clk rise@0.000ns)
  Data Path Delay:        5.701ns  (logic 1.523ns (26.715%)  route 4.178ns (73.285%))
  Logic Levels:           7  (LUT2=3 LUT4=2 LUT6=2)
  Clock Path Skew:        -0.032ns (DCD - SCD + CPR)
    Destination Clock Delay (DCD):    4.213ns = ( 10.880 - 6.667 ) 
    Source Clock Delay      (SCD):    4.567ns
    Clock Pessimism Removal (CPR):    0.322ns
  Clock Uncertainty:      0.135ns  ((TSJ^2 + TIJ^2)^1/2 + DJ) / 2 + PE + UU
    Total System Jitter     (TSJ):    0.071ns
    Total Input Jitter      (TIJ):    0.000ns
    Discrete Jitter          (DJ):    0.000ns
    Phase Error              (PE):    0.000ns
    User Uncertainty         (UU):    0.100ns

    Location             Delay type                Incr(ns)  Path(ns)    Netlist Resource(s)
  -------------------------------------------------------------------    -------------------
                         (clock sys_clk rise edge)    0.000     0.000 r  
    M18                                               0.000     0.000 r  clk_i (IN)
                         net (fo=0)                   0.000     0.000    clk_i
    M18                  IBUF (Prop_ibuf_I_O)         0.938     0.938 r  clk_i_IBUF_inst/O
                         net (fo=1, routed)           1.972     2.910    clk_i_IBUF
    BUFGCTRL_X0Y0        BUFG (Prop_bufg_I_O)         0.096     3.006 r  clk_i_IBUF_BUFG_inst/O
                         net (fo=6332, routed)        1.561     4.567    dma_iommu_inst/iommu_inst/clk_i_IBUF_BUFG
    SLICE_X41Y14         FDCE                                         r  dma_iommu_inst/iommu_inst/req_vaddr_q_reg[14]/C
  -------------------------------------------------------------------    -------------------
    SLICE_X41Y14         FDCE (Prop_fdce_C_Q)         0.456     5.023 f  dma_iommu_inst/iommu_inst/req_vaddr_q_reg[14]/Q
                         net (fo=25, routed)          1.293     6.316    dma_iommu_inst/iommu_inst/p_0_in[2]
    SLICE_X40Y1          LUT6 (Prop_lut6_I0_O)        0.124     6.440 r  dma_iommu_inst/iommu_inst/match_pt_index_q[1]_i_18/O
                         net (fo=1, routed)           0.433     6.873    dma_iommu_inst/iommu_inst/match_pt_index_q[1]_i_18_n_0
    SLICE_X40Y1          LUT4 (Prop_lut4_I0_O)        0.124     6.997 r  dma_iommu_inst/iommu_inst/match_pt_index_q[1]_i_13/O
                         net (fo=2, routed)           0.507     7.504    dma_iommu_inst/iommu_inst/match_pt_index_q[1]_i_13_n_0
    SLICE_X41Y1          LUT2 (Prop_lut2_I1_O)        0.124     7.628 r  dma_iommu_inst/iommu_inst/match_pt_index_q[1]_i_6/O
                         net (fo=2, routed)           0.415     8.043    dma_iommu_inst/iommu_inst/match_pt_index_q[1]_i_6_n_0
    SLICE_X41Y0          LUT2 (Prop_lut2_I1_O)        0.124     8.167 r  dma_iommu_inst/iommu_inst/match_pt_index_q[3]_i_15/O
                         net (fo=4, routed)           0.648     8.815    dma_iommu_inst/iommu_inst/match_pt_index_q[3]_i_15_n_0
    SLICE_X41Y1          LUT4 (Prop_lut4_I0_O)        0.124     8.939 r  dma_iommu_inst/iommu_inst/match_pt_hit_q_i_6/O
                         net (fo=3, routed)           0.548     9.487    dma_iommu_inst/iommu_inst/match_pt_hit_q_i_6_n_0
    SLICE_X43Y1          LUT2 (Prop_lut2_I0_O)        0.120     9.607 r  dma_iommu_inst/iommu_inst/match_pt_index_q[2]_i_3/O
                         net (fo=3, routed)           0.334     9.941    dma_iommu_inst/iommu_inst/match_pt_index_q[2]_i_3_n_0
    SLICE_X44Y1          LUT6 (Prop_lut6_I3_O)        0.327    10.268 f  dma_iommu_inst/iommu_inst/match_pt_index_q[0]_i_1/O
                         net (fo=1, routed)           0.000    10.268    dma_iommu_inst/iommu_inst/match_pt_index_q[0]_i_1_n_0
    SLICE_X44Y1          FDCE                                         f  dma_iommu_inst/iommu_inst/match_pt_index_q_reg[0]/D
  -------------------------------------------------------------------    -------------------

                         (clock sys_clk rise edge)    6.667     6.667 r  
    M18                                               0.000     6.667 r  clk_i (IN)
                         net (fo=0)                   0.000     6.667    clk_i
    M18                  IBUF (Prop_ibuf_I_O)         0.805     7.472 r  clk_i_IBUF_inst/O
                         net (fo=1, routed)           1.868     9.340    clk_i_IBUF
    BUFGCTRL_X0Y0        BUFG (Prop_bufg_I_O)         0.091     9.431 r  clk_i_IBUF_BUFG_inst/O
                         net (fo=6332, routed)        1.449    10.880    dma_iommu_inst/iommu_inst/clk_i_IBUF_BUFG
    SLICE_X44Y1          FDCE                                         r  dma_iommu_inst/iommu_inst/match_pt_index_q_reg[0]/C
                         clock pessimism              0.322    11.202    
                         clock uncertainty           -0.135    11.067    
    SLICE_X44Y1          FDCE (Setup_fdce_C_D)        0.032    11.099    dma_iommu_inst/iommu_inst/match_pt_index_q_reg[0]
  -------------------------------------------------------------------
                         required time                         11.099    
                         arrival time                         -10.268    
  -------------------------------------------------------------------
                         slack                                  0.831    

Slack (MET) :             0.833ns  (required time - arrival time)
  Source:                 dma_iommu_inst/iommu_inst/req_vaddr_q_reg[14]/C
                            (rising edge-triggered cell FDCE clocked by sys_clk  {rise@0.000ns fall@3.333ns period=6.667ns})
  Destination:            dma_iommu_inst/iommu_inst/match_pt_index_q_reg[2]/D
                            (rising edge-triggered cell FDCE clocked by sys_clk  {rise@0.000ns fall@3.333ns period=6.667ns})
  Path Group:             sys_clk
  Path Type:              Setup (Max at Slow Process Corner)
  Requirement:            6.667ns  (sys_clk rise@6.667ns - sys_clk rise@0.000ns)
  Data Path Delay:        5.698ns  (logic 1.523ns (26.729%)  route 4.175ns (73.271%))
  Logic Levels:           7  (LUT2=3 LUT4=2 LUT6=2)
  Clock Path Skew:        -0.032ns (DCD - SCD + CPR)
    Destination Clock Delay (DCD):    4.213ns = ( 10.880 - 6.667 ) 
    Source Clock Delay      (SCD):    4.567ns
    Clock Pessimism Removal (CPR):    0.322ns
  Clock Uncertainty:      0.135ns  ((TSJ^2 + TIJ^2)^1/2 + DJ) / 2 + PE + UU
    Total System Jitter     (TSJ):    0.071ns
    Total Input Jitter      (TIJ):    0.000ns
    Discrete Jitter          (DJ):    0.000ns
    Phase Error              (PE):    0.000ns
    User Uncertainty         (UU):    0.100ns

    Location             Delay type                Incr(ns)  Path(ns)    Netlist Resource(s)
  -------------------------------------------------------------------    -------------------
                         (clock sys_clk rise edge)    0.000     0.000 r  
    M18                                               0.000     0.000 r  clk_i (IN)
                         net (fo=0)                   0.000     0.000    clk_i
    M18                  IBUF (Prop_ibuf_I_O)         0.938     0.938 r  clk_i_IBUF_inst/O
                         net (fo=1, routed)           1.972     2.910    clk_i_IBUF
    BUFGCTRL_X0Y0        BUFG (Prop_bufg_I_O)         0.096     3.006 r  clk_i_IBUF_BUFG_inst/O
                         net (fo=6332, routed)        1.561     4.567    dma_iommu_inst/iommu_inst/clk_i_IBUF_BUFG
    SLICE_X41Y14         FDCE                                         r  dma_iommu_inst/iommu_inst/req_vaddr_q_reg[14]/C
  -------------------------------------------------------------------    -------------------
    SLICE_X41Y14         FDCE (Prop_fdce_C_Q)         0.456     5.023 r  dma_iommu_inst/iommu_inst/req_vaddr_q_reg[14]/Q
                         net (fo=25, routed)          1.293     6.316    dma_iommu_inst/iommu_inst/p_0_in[2]
    SLICE_X40Y1          LUT6 (Prop_lut6_I0_O)        0.124     6.440 f  dma_iommu_inst/iommu_inst/match_pt_index_q[1]_i_18/O
                         net (fo=1, routed)           0.433     6.873    dma_iommu_inst/iommu_inst/match_pt_index_q[1]_i_18_n_0
    SLICE_X40Y1          LUT4 (Prop_lut4_I0_O)        0.124     6.997 f  dma_iommu_inst/iommu_inst/match_pt_index_q[1]_i_13/O
                         net (fo=2, routed)           0.507     7.504    dma_iommu_inst/iommu_inst/match_pt_index_q[1]_i_13_n_0
    SLICE_X41Y1          LUT2 (Prop_lut2_I1_O)        0.124     7.628 f  dma_iommu_inst/iommu_inst/match_pt_index_q[1]_i_6/O
                         net (fo=2, routed)           0.415     8.043    dma_iommu_inst/iommu_inst/match_pt_index_q[1]_i_6_n_0
    SLICE_X41Y0          LUT2 (Prop_lut2_I1_O)        0.124     8.167 f  dma_iommu_inst/iommu_inst/match_pt_index_q[3]_i_15/O
                         net (fo=4, routed)           0.648     8.815    dma_iommu_inst/iommu_inst/match_pt_index_q[3]_i_15_n_0
    SLICE_X41Y1          LUT4 (Prop_lut4_I0_O)        0.124     8.939 f  dma_iommu_inst/iommu_inst/match_pt_hit_q_i_6/O
                         net (fo=3, routed)           0.548     9.487    dma_iommu_inst/iommu_inst/match_pt_hit_q_i_6_n_0
    SLICE_X43Y1          LUT2 (Prop_lut2_I0_O)        0.120     9.607 f  dma_iommu_inst/iommu_inst/match_pt_index_q[2]_i_3/O
                         net (fo=3, routed)           0.331     9.938    dma_iommu_inst/iommu_inst/match_pt_index_q[2]_i_3_n_0
    SLICE_X44Y1          LUT6 (Prop_lut6_I4_O)        0.327    10.265 r  dma_iommu_inst/iommu_inst/match_pt_index_q[2]_i_1/O
                         net (fo=1, routed)           0.000    10.265    dma_iommu_inst/iommu_inst/match_pt_index_q[2]_i_1_n_0
    SLICE_X44Y1          FDCE                                         r  dma_iommu_inst/iommu_inst/match_pt_index_q_reg[2]/D
  -------------------------------------------------------------------    -------------------

                         (clock sys_clk rise edge)    6.667     6.667 r  
    M18                                               0.000     6.667 r  clk_i (IN)
                         net (fo=0)                   0.000     6.667    clk_i
    M18                  IBUF (Prop_ibuf_I_O)         0.805     7.472 r  clk_i_IBUF_inst/O
                         net (fo=1, routed)           1.868     9.340    clk_i_IBUF
    BUFGCTRL_X0Y0        BUFG (Prop_bufg_I_O)         0.091     9.431 r  clk_i_IBUF_BUFG_inst/O
                         net (fo=6332, routed)        1.449    10.880    dma_iommu_inst/iommu_inst/clk_i_IBUF_BUFG
    SLICE_X44Y1          FDCE                                         r  dma_iommu_inst/iommu_inst/match_pt_index_q_reg[2]/C
                         clock pessimism              0.322    11.202    
                         clock uncertainty           -0.135    11.067    
    SLICE_X44Y1          FDCE (Setup_fdce_C_D)        0.031    11.098    dma_iommu_inst/iommu_inst/match_pt_index_q_reg[2]
  -------------------------------------------------------------------
                         required time                         11.098    
                         arrival time                         -10.265    
  -------------------------------------------------------------------
                         slack                                  0.833    

Slack (MET) :             0.833ns  (required time - arrival time)
  Source:                 dma_iommu_inst/iommu_inst/req_vaddr_q_reg[14]/C
                            (rising edge-triggered cell FDCE clocked by sys_clk  {rise@0.000ns fall@3.333ns period=6.667ns})
  Destination:            dma_iommu_inst/iommu_inst/match_pt_index_q_reg[2]/D
                            (rising edge-triggered cell FDCE clocked by sys_clk  {rise@0.000ns fall@3.333ns period=6.667ns})
  Path Group:             sys_clk
  Path Type:              Setup (Max at Slow Process Corner)
  Requirement:            6.667ns  (sys_clk rise@6.667ns - sys_clk rise@0.000ns)
  Data Path Delay:        5.698ns  (logic 1.523ns (26.729%)  route 4.175ns (73.271%))
  Logic Levels:           7  (LUT2=3 LUT4=2 LUT6=2)
  Clock Path Skew:        -0.032ns (DCD - SCD + CPR)
    Destination Clock Delay (DCD):    4.213ns = ( 10.880 - 6.667 ) 
    Source Clock Delay      (SCD):    4.567ns
    Clock Pessimism Removal (CPR):    0.322ns
  Clock Uncertainty:      0.135ns  ((TSJ^2 + TIJ^2)^1/2 + DJ) / 2 + PE + UU
    Total System Jitter     (TSJ):    0.071ns
    Total Input Jitter      (TIJ):    0.000ns
    Discrete Jitter          (DJ):    0.000ns
    Phase Error              (PE):    0.000ns
    User Uncertainty         (UU):    0.100ns

    Location             Delay type                Incr(ns)  Path(ns)    Netlist Resource(s)
  -------------------------------------------------------------------    -------------------
                         (clock sys_clk rise edge)    0.000     0.000 r  
    M18                                               0.000     0.000 r  clk_i (IN)
                         net (fo=0)                   0.000     0.000    clk_i
    M18                  IBUF (Prop_ibuf_I_O)         0.938     0.938 r  clk_i_IBUF_inst/O
                         net (fo=1, routed)           1.972     2.910    clk_i_IBUF
    BUFGCTRL_X0Y0        BUFG (Prop_bufg_I_O)         0.096     3.006 r  clk_i_IBUF_BUFG_inst/O
                         net (fo=6332, routed)        1.561     4.567    dma_iommu_inst/iommu_inst/clk_i_IBUF_BUFG
    SLICE_X41Y14         FDCE                                         r  dma_iommu_inst/iommu_inst/req_vaddr_q_reg[14]/C
  -------------------------------------------------------------------    -------------------
    SLICE_X41Y14         FDCE (Prop_fdce_C_Q)         0.456     5.023 f  dma_iommu_inst/iommu_inst/req_vaddr_q_reg[14]/Q
                         net (fo=25, routed)          1.293     6.316    dma_iommu_inst/iommu_inst/p_0_in[2]
    SLICE_X40Y1          LUT6 (Prop_lut6_I0_O)        0.124     6.440 f  dma_iommu_inst/iommu_inst/match_pt_index_q[1]_i_18/O
                         net (fo=1, routed)           0.433     6.873    dma_iommu_inst/iommu_inst/match_pt_index_q[1]_i_18_n_0
    SLICE_X40Y1          LUT4 (Prop_lut4_I0_O)        0.124     6.997 f  dma_iommu_inst/iommu_inst/match_pt_index_q[1]_i_13/O
                         net (fo=2, routed)           0.507     7.504    dma_iommu_inst/iommu_inst/match_pt_index_q[1]_i_13_n_0
    SLICE_X41Y1          LUT2 (Prop_lut2_I1_O)        0.124     7.628 f  dma_iommu_inst/iommu_inst/match_pt_index_q[1]_i_6/O
                         net (fo=2, routed)           0.415     8.043    dma_iommu_inst/iommu_inst/match_pt_index_q[1]_i_6_n_0
    SLICE_X41Y0          LUT2 (Prop_lut2_I1_O)        0.124     8.167 f  dma_iommu_inst/iommu_inst/match_pt_index_q[3]_i_15/O
                         net (fo=4, routed)           0.648     8.815    dma_iommu_inst/iommu_inst/match_pt_index_q[3]_i_15_n_0
    SLICE_X41Y1          LUT4 (Prop_lut4_I0_O)        0.124     8.939 f  dma_iommu_inst/iommu_inst/match_pt_hit_q_i_6/O
                         net (fo=3, routed)           0.548     9.487    dma_iommu_inst/iommu_inst/match_pt_hit_q_i_6_n_0
    SLICE_X43Y1          LUT2 (Prop_lut2_I0_O)        0.120     9.607 f  dma_iommu_inst/iommu_inst/match_pt_index_q[2]_i_3/O
                         net (fo=3, routed)           0.331     9.938    dma_iommu_inst/iommu_inst/match_pt_index_q[2]_i_3_n_0
    SLICE_X44Y1          LUT6 (Prop_lut6_I4_O)        0.327    10.265 r  dma_iommu_inst/iommu_inst/match_pt_index_q[2]_i_1/O
                         net (fo=1, routed)           0.000    10.265    dma_iommu_inst/iommu_inst/match_pt_index_q[2]_i_1_n_0
    SLICE_X44Y1          FDCE                                         r  dma_iommu_inst/iommu_inst/match_pt_index_q_reg[2]/D
  -------------------------------------------------------------------    -------------------

                         (clock sys_clk rise edge)    6.667     6.667 r  
    M18                                               0.000     6.667 r  clk_i (IN)
                         net (fo=0)                   0.000     6.667    clk_i
    M18                  IBUF (Prop_ibuf_I_O)         0.805     7.472 r  clk_i_IBUF_inst/O
                         net (fo=1, routed)           1.868     9.340    clk_i_IBUF
    BUFGCTRL_X0Y0        BUFG (Prop_bufg_I_O)         0.091     9.431 r  clk_i_IBUF_BUFG_inst/O
                         net (fo=6332, routed)        1.449    10.880    dma_iommu_inst/iommu_inst/clk_i_IBUF_BUFG
    SLICE_X44Y1          FDCE                                         r  dma_iommu_inst/iommu_inst/match_pt_index_q_reg[2]/C
                         clock pessimism              0.322    11.202    
                         clock uncertainty           -0.135    11.067    
    SLICE_X44Y1          FDCE (Setup_fdce_C_D)        0.031    11.098    dma_iommu_inst/iommu_inst/match_pt_index_q_reg[2]
  -------------------------------------------------------------------
                         required time                         11.098    
                         arrival time                         -10.265    
  -------------------------------------------------------------------
                         slack                                  0.833    

Slack (MET) :             0.833ns  (required time - arrival time)
  Source:                 dma_iommu_inst/iommu_inst/req_vaddr_q_reg[14]/C
                            (rising edge-triggered cell FDCE clocked by sys_clk  {rise@0.000ns fall@3.333ns period=6.667ns})
  Destination:            dma_iommu_inst/iommu_inst/match_pt_index_q_reg[2]/D
                            (rising edge-triggered cell FDCE clocked by sys_clk  {rise@0.000ns fall@3.333ns period=6.667ns})
  Path Group:             sys_clk
  Path Type:              Setup (Max at Slow Process Corner)
  Requirement:            6.667ns  (sys_clk rise@6.667ns - sys_clk rise@0.000ns)
  Data Path Delay:        5.698ns  (logic 1.523ns (26.729%)  route 4.175ns (73.271%))
  Logic Levels:           7  (LUT2=3 LUT4=2 LUT6=2)
  Clock Path Skew:        -0.032ns (DCD - SCD + CPR)
    Destination Clock Delay (DCD):    4.213ns = ( 10.880 - 6.667 ) 
    Source Clock Delay      (SCD):    4.567ns
    Clock Pessimism Removal (CPR):    0.322ns
  Clock Uncertainty:      0.135ns  ((TSJ^2 + TIJ^2)^1/2 + DJ) / 2 + PE + UU
    Total System Jitter     (TSJ):    0.071ns
    Total Input Jitter      (TIJ):    0.000ns
    Discrete Jitter          (DJ):    0.000ns
    Phase Error              (PE):    0.000ns
    User Uncertainty         (UU):    0.100ns

    Location             Delay type                Incr(ns)  Path(ns)    Netlist Resource(s)
  -------------------------------------------------------------------    -------------------
                         (clock sys_clk rise edge)    0.000     0.000 r  
    M18                                               0.000     0.000 r  clk_i (IN)
                         net (fo=0)                   0.000     0.000    clk_i
    M18                  IBUF (Prop_ibuf_I_O)         0.938     0.938 r  clk_i_IBUF_inst/O
                         net (fo=1, routed)           1.972     2.910    clk_i_IBUF
    BUFGCTRL_X0Y0        BUFG (Prop_bufg_I_O)         0.096     3.006 r  clk_i_IBUF_BUFG_inst/O
                         net (fo=6332, routed)        1.561     4.567    dma_iommu_inst/iommu_inst/clk_i_IBUF_BUFG
    SLICE_X41Y14         FDCE                                         r  dma_iommu_inst/iommu_inst/req_vaddr_q_reg[14]/C
  -------------------------------------------------------------------    -------------------
    SLICE_X41Y14         FDCE (Prop_fdce_C_Q)         0.456     5.023 r  dma_iommu_inst/iommu_inst/req_vaddr_q_reg[14]/Q
                         net (fo=25, routed)          1.293     6.316    dma_iommu_inst/iommu_inst/p_0_in[2]
    SLICE_X40Y1          LUT6 (Prop_lut6_I0_O)        0.124     6.440 r  dma_iommu_inst/iommu_inst/match_pt_index_q[1]_i_18/O
                         net (fo=1, routed)           0.433     6.873    dma_iommu_inst/iommu_inst/match_pt_index_q[1]_i_18_n_0
    SLICE_X40Y1          LUT4 (Prop_lut4_I0_O)        0.124     6.997 r  dma_iommu_inst/iommu_inst/match_pt_index_q[1]_i_13/O
                         net (fo=2, routed)           0.507     7.504    dma_iommu_inst/iommu_inst/match_pt_index_q[1]_i_13_n_0
    SLICE_X41Y1          LUT2 (Prop_lut2_I1_O)        0.124     7.628 r  dma_iommu_inst/iommu_inst/match_pt_index_q[1]_i_6/O
                         net (fo=2, routed)           0.415     8.043    dma_iommu_inst/iommu_inst/match_pt_index_q[1]_i_6_n_0
    SLICE_X41Y0          LUT2 (Prop_lut2_I1_O)        0.124     8.167 r  dma_iommu_inst/iommu_inst/match_pt_index_q[3]_i_15/O
                         net (fo=4, routed)           0.648     8.815    dma_iommu_inst/iommu_inst/match_pt_index_q[3]_i_15_n_0
    SLICE_X41Y1          LUT4 (Prop_lut4_I0_O)        0.124     8.939 r  dma_iommu_inst/iommu_inst/match_pt_hit_q_i_6/O
                         net (fo=3, routed)           0.548     9.487    dma_iommu_inst/iommu_inst/match_pt_hit_q_i_6_n_0
    SLICE_X43Y1          LUT2 (Prop_lut2_I0_O)        0.120     9.607 r  dma_iommu_inst/iommu_inst/match_pt_index_q[2]_i_3/O
                         net (fo=3, routed)           0.331     9.938    dma_iommu_inst/iommu_inst/match_pt_index_q[2]_i_3_n_0
    SLICE_X44Y1          LUT6 (Prop_lut6_I4_O)        0.327    10.265 f  dma_iommu_inst/iommu_inst/match_pt_index_q[2]_i_1/O
                         net (fo=1, routed)           0.000    10.265    dma_iommu_inst/iommu_inst/match_pt_index_q[2]_i_1_n_0
    SLICE_X44Y1          FDCE                                         f  dma_iommu_inst/iommu_inst/match_pt_index_q_reg[2]/D
  -------------------------------------------------------------------    -------------------

                         (clock sys_clk rise edge)    6.667     6.667 r  
    M18                                               0.000     6.667 r  clk_i (IN)
                         net (fo=0)                   0.000     6.667    clk_i
    M18                  IBUF (Prop_ibuf_I_O)         0.805     7.472 r  clk_i_IBUF_inst/O
                         net (fo=1, routed)           1.868     9.340    clk_i_IBUF
    BUFGCTRL_X0Y0        BUFG (Prop_bufg_I_O)         0.091     9.431 r  clk_i_IBUF_BUFG_inst/O
                         net (fo=6332, routed)        1.449    10.880    dma_iommu_inst/iommu_inst/clk_i_IBUF_BUFG
    SLICE_X44Y1          FDCE                                         r  dma_iommu_inst/iommu_inst/match_pt_index_q_reg[2]/C
                         clock pessimism              0.322    11.202    
                         clock uncertainty           -0.135    11.067    
    SLICE_X44Y1          FDCE (Setup_fdce_C_D)        0.031    11.098    dma_iommu_inst/iommu_inst/match_pt_index_q_reg[2]
  -------------------------------------------------------------------
                         required time                         11.098    
                         arrival time                         -10.265    
  -------------------------------------------------------------------
                         slack                                  0.833    

Slack (MET) :             0.833ns  (required time - arrival time)
  Source:                 dma_iommu_inst/iommu_inst/req_vaddr_q_reg[14]/C
                            (rising edge-triggered cell FDCE clocked by sys_clk  {rise@0.000ns fall@3.333ns period=6.667ns})
  Destination:            dma_iommu_inst/iommu_inst/match_pt_index_q_reg[2]/D
                            (rising edge-triggered cell FDCE clocked by sys_clk  {rise@0.000ns fall@3.333ns period=6.667ns})
  Path Group:             sys_clk
  Path Type:              Setup (Max at Slow Process Corner)
  Requirement:            6.667ns  (sys_clk rise@6.667ns - sys_clk rise@0.000ns)
  Data Path Delay:        5.698ns  (logic 1.523ns (26.729%)  route 4.175ns (73.271%))
  Logic Levels:           7  (LUT2=3 LUT4=2 LUT6=2)
  Clock Path Skew:        -0.032ns (DCD - SCD + CPR)
    Destination Clock Delay (DCD):    4.213ns = ( 10.880 - 6.667 ) 
    Source Clock Delay      (SCD):    4.567ns
    Clock Pessimism Removal (CPR):    0.322ns
  Clock Uncertainty:      0.135ns  ((TSJ^2 + TIJ^2)^1/2 + DJ) / 2 + PE + UU
    Total System Jitter     (TSJ):    0.071ns
    Total Input Jitter      (TIJ):    0.000ns
    Discrete Jitter          (DJ):    0.000ns
    Phase Error              (PE):    0.000ns
    User Uncertainty         (UU):    0.100ns

    Location             Delay type                Incr(ns)  Path(ns)    Netlist Resource(s)
  -------------------------------------------------------------------    -------------------
                         (clock sys_clk rise edge)    0.000     0.000 r  
    M18                                               0.000     0.000 r  clk_i (IN)
                         net (fo=0)                   0.000     0.000    clk_i
    M18                  IBUF (Prop_ibuf_I_O)         0.938     0.938 r  clk_i_IBUF_inst/O
                         net (fo=1, routed)           1.972     2.910    clk_i_IBUF
    BUFGCTRL_X0Y0        BUFG (Prop_bufg_I_O)         0.096     3.006 r  clk_i_IBUF_BUFG_inst/O
                         net (fo=6332, routed)        1.561     4.567    dma_iommu_inst/iommu_inst/clk_i_IBUF_BUFG
    SLICE_X41Y14         FDCE                                         r  dma_iommu_inst/iommu_inst/req_vaddr_q_reg[14]/C
  -------------------------------------------------------------------    -------------------
    SLICE_X41Y14         FDCE (Prop_fdce_C_Q)         0.456     5.023 f  dma_iommu_inst/iommu_inst/req_vaddr_q_reg[14]/Q
                         net (fo=25, routed)          1.293     6.316    dma_iommu_inst/iommu_inst/p_0_in[2]
    SLICE_X40Y1          LUT6 (Prop_lut6_I0_O)        0.124     6.440 r  dma_iommu_inst/iommu_inst/match_pt_index_q[1]_i_18/O
                         net (fo=1, routed)           0.433     6.873    dma_iommu_inst/iommu_inst/match_pt_index_q[1]_i_18_n_0
    SLICE_X40Y1          LUT4 (Prop_lut4_I0_O)        0.124     6.997 r  dma_iommu_inst/iommu_inst/match_pt_index_q[1]_i_13/O
                         net (fo=2, routed)           0.507     7.504    dma_iommu_inst/iommu_inst/match_pt_index_q[1]_i_13_n_0
    SLICE_X41Y1          LUT2 (Prop_lut2_I1_O)        0.124     7.628 r  dma_iommu_inst/iommu_inst/match_pt_index_q[1]_i_6/O
                         net (fo=2, routed)           0.415     8.043    dma_iommu_inst/iommu_inst/match_pt_index_q[1]_i_6_n_0
    SLICE_X41Y0          LUT2 (Prop_lut2_I1_O)        0.124     8.167 r  dma_iommu_inst/iommu_inst/match_pt_index_q[3]_i_15/O
                         net (fo=4, routed)           0.648     8.815    dma_iommu_inst/iommu_inst/match_pt_index_q[3]_i_15_n_0
    SLICE_X41Y1          LUT4 (Prop_lut4_I0_O)        0.124     8.939 r  dma_iommu_inst/iommu_inst/match_pt_hit_q_i_6/O
                         net (fo=3, routed)           0.548     9.487    dma_iommu_inst/iommu_inst/match_pt_hit_q_i_6_n_0
    SLICE_X43Y1          LUT2 (Prop_lut2_I0_O)        0.120     9.607 r  dma_iommu_inst/iommu_inst/match_pt_index_q[2]_i_3/O
                         net (fo=3, routed)           0.331     9.938    dma_iommu_inst/iommu_inst/match_pt_index_q[2]_i_3_n_0
    SLICE_X44Y1          LUT6 (Prop_lut6_I4_O)        0.327    10.265 f  dma_iommu_inst/iommu_inst/match_pt_index_q[2]_i_1/O
                         net (fo=1, routed)           0.000    10.265    dma_iommu_inst/iommu_inst/match_pt_index_q[2]_i_1_n_0
    SLICE_X44Y1          FDCE                                         f  dma_iommu_inst/iommu_inst/match_pt_index_q_reg[2]/D
  -------------------------------------------------------------------    -------------------

                         (clock sys_clk rise edge)    6.667     6.667 r  
    M18                                               0.000     6.667 r  clk_i (IN)
                         net (fo=0)                   0.000     6.667    clk_i
    M18                  IBUF (Prop_ibuf_I_O)         0.805     7.472 r  clk_i_IBUF_inst/O
                         net (fo=1, routed)           1.868     9.340    clk_i_IBUF
    BUFGCTRL_X0Y0        BUFG (Prop_bufg_I_O)         0.091     9.431 r  clk_i_IBUF_BUFG_inst/O
                         net (fo=6332, routed)        1.449    10.880    dma_iommu_inst/iommu_inst/clk_i_IBUF_BUFG
    SLICE_X44Y1          FDCE                                         r  dma_iommu_inst/iommu_inst/match_pt_index_q_reg[2]/C
                         clock pessimism              0.322    11.202    
                         clock uncertainty           -0.135    11.067    
    SLICE_X44Y1          FDCE (Setup_fdce_C_D)        0.031    11.098    dma_iommu_inst/iommu_inst/match_pt_index_q_reg[2]
  -------------------------------------------------------------------
                         required time                         11.098    
                         arrival time                         -10.265    
  -------------------------------------------------------------------
                         slack                                  0.833    

Slack (MET) :             0.842ns  (required time - arrival time)
  Source:                 dma_iommu_inst/iommu_inst/req_vaddr_q_reg[14]/C
                            (rising edge-triggered cell FDCE clocked by sys_clk  {rise@0.000ns fall@3.333ns period=6.667ns})
  Destination:            dma_iommu_inst/iommu_inst/match_pt_index_q_reg[1]/D
                            (rising edge-triggered cell FDCE clocked by sys_clk  {rise@0.000ns fall@3.333ns period=6.667ns})
  Path Group:             sys_clk
  Path Type:              Setup (Max at Slow Process Corner)
  Requirement:            6.667ns  (sys_clk rise@6.667ns - sys_clk rise@0.000ns)
  Data Path Delay:        5.689ns  (logic 1.523ns (26.773%)  route 4.166ns (73.227%))
  Logic Levels:           7  (LUT2=3 LUT4=2 LUT6=2)
  Clock Path Skew:        -0.032ns (DCD - SCD + CPR)
    Destination Clock Delay (DCD):    4.213ns = ( 10.880 - 6.667 ) 
    Source Clock Delay      (SCD):    4.567ns
    Clock Pessimism Removal (CPR):    0.322ns
  Clock Uncertainty:      0.135ns  ((TSJ^2 + TIJ^2)^1/2 + DJ) / 2 + PE + UU
    Total System Jitter     (TSJ):    0.071ns
    Total Input Jitter      (TIJ):    0.000ns
    Discrete Jitter          (DJ):    0.000ns
    Phase Error              (PE):    0.000ns
    User Uncertainty         (UU):    0.100ns

    Location             Delay type                Incr(ns)  Path(ns)    Netlist Resource(s)
  -------------------------------------------------------------------    -------------------
                         (clock sys_clk rise edge)    0.000     0.000 r  
    M18                                               0.000     0.000 r  clk_i (IN)
                         net (fo=0)                   0.000     0.000    clk_i
    M18                  IBUF (Prop_ibuf_I_O)         0.938     0.938 r  clk_i_IBUF_inst/O
                         net (fo=1, routed)           1.972     2.910    clk_i_IBUF
    BUFGCTRL_X0Y0        BUFG (Prop_bufg_I_O)         0.096     3.006 r  clk_i_IBUF_BUFG_inst/O
                         net (fo=6332, routed)        1.561     4.567    dma_iommu_inst/iommu_inst/clk_i_IBUF_BUFG
    SLICE_X41Y14         FDCE                                         r  dma_iommu_inst/iommu_inst/req_vaddr_q_reg[14]/C
  -------------------------------------------------------------------    -------------------
    SLICE_X41Y14         FDCE (Prop_fdce_C_Q)         0.456     5.023 r  dma_iommu_inst/iommu_inst/req_vaddr_q_reg[14]/Q
                         net (fo=25, routed)          1.293     6.316    dma_iommu_inst/iommu_inst/p_0_in[2]
    SLICE_X40Y1          LUT6 (Prop_lut6_I0_O)        0.124     6.440 f  dma_iommu_inst/iommu_inst/match_pt_index_q[1]_i_18/O
                         net (fo=1, routed)           0.433     6.873    dma_iommu_inst/iommu_inst/match_pt_index_q[1]_i_18_n_0
    SLICE_X40Y1          LUT4 (Prop_lut4_I0_O)        0.124     6.997 f  dma_iommu_inst/iommu_inst/match_pt_index_q[1]_i_13/O
                         net (fo=2, routed)           0.507     7.504    dma_iommu_inst/iommu_inst/match_pt_index_q[1]_i_13_n_0
    SLICE_X41Y1          LUT2 (Prop_lut2_I1_O)        0.124     7.628 f  dma_iommu_inst/iommu_inst/match_pt_index_q[1]_i_6/O
                         net (fo=2, routed)           0.415     8.043    dma_iommu_inst/iommu_inst/match_pt_index_q[1]_i_6_n_0
    SLICE_X41Y0          LUT2 (Prop_lut2_I1_O)        0.124     8.167 f  dma_iommu_inst/iommu_inst/match_pt_index_q[3]_i_15/O
                         net (fo=4, routed)           0.648     8.815    dma_iommu_inst/iommu_inst/match_pt_index_q[3]_i_15_n_0
    SLICE_X41Y1          LUT4 (Prop_lut4_I0_O)        0.124     8.939 f  dma_iommu_inst/iommu_inst/match_pt_hit_q_i_6/O
                         net (fo=3, routed)           0.548     9.487    dma_iommu_inst/iommu_inst/match_pt_hit_q_i_6_n_0
    SLICE_X43Y1          LUT2 (Prop_lut2_I0_O)        0.120     9.607 f  dma_iommu_inst/iommu_inst/match_pt_index_q[2]_i_3/O
                         net (fo=3, routed)           0.321     9.928    dma_iommu_inst/iommu_inst/match_pt_index_q[2]_i_3_n_0
    SLICE_X45Y1          LUT6 (Prop_lut6_I3_O)        0.327    10.255 r  dma_iommu_inst/iommu_inst/match_pt_index_q[1]_i_1/O
                         net (fo=1, routed)           0.000    10.255    dma_iommu_inst/iommu_inst/match_pt_index_q[1]_i_1_n_0
    SLICE_X45Y1          FDCE                                         r  dma_iommu_inst/iommu_inst/match_pt_index_q_reg[1]/D
  -------------------------------------------------------------------    -------------------

                         (clock sys_clk rise edge)    6.667     6.667 r  
    M18                                               0.000     6.667 r  clk_i (IN)
                         net (fo=0)                   0.000     6.667    clk_i
    M18                  IBUF (Prop_ibuf_I_O)         0.805     7.472 r  clk_i_IBUF_inst/O
                         net (fo=1, routed)           1.868     9.340    clk_i_IBUF
    BUFGCTRL_X0Y0        BUFG (Prop_bufg_I_O)         0.091     9.431 r  clk_i_IBUF_BUFG_inst/O
                         net (fo=6332, routed)        1.449    10.880    dma_iommu_inst/iommu_inst/clk_i_IBUF_BUFG
    SLICE_X45Y1          FDCE                                         r  dma_iommu_inst/iommu_inst/match_pt_index_q_reg[1]/C
                         clock pessimism              0.322    11.202    
                         clock uncertainty           -0.135    11.067    
    SLICE_X45Y1          FDCE (Setup_fdce_C_D)        0.031    11.098    dma_iommu_inst/iommu_inst/match_pt_index_q_reg[1]
  -------------------------------------------------------------------
                         required time                         11.098    
                         arrival time                         -10.255    
  -------------------------------------------------------------------
                         slack                                  0.842    

Slack (MET) :             0.842ns  (required time - arrival time)
  Source:                 dma_iommu_inst/iommu_inst/req_vaddr_q_reg[14]/C
                            (rising edge-triggered cell FDCE clocked by sys_clk  {rise@0.000ns fall@3.333ns period=6.667ns})
  Destination:            dma_iommu_inst/iommu_inst/match_pt_index_q_reg[1]/D
                            (rising edge-triggered cell FDCE clocked by sys_clk  {rise@0.000ns fall@3.333ns period=6.667ns})
  Path Group:             sys_clk
  Path Type:              Setup (Max at Slow Process Corner)
  Requirement:            6.667ns  (sys_clk rise@6.667ns - sys_clk rise@0.000ns)
  Data Path Delay:        5.689ns  (logic 1.523ns (26.773%)  route 4.166ns (73.227%))
  Logic Levels:           7  (LUT2=3 LUT4=2 LUT6=2)
  Clock Path Skew:        -0.032ns (DCD - SCD + CPR)
    Destination Clock Delay (DCD):    4.213ns = ( 10.880 - 6.667 ) 
    Source Clock Delay      (SCD):    4.567ns
    Clock Pessimism Removal (CPR):    0.322ns
  Clock Uncertainty:      0.135ns  ((TSJ^2 + TIJ^2)^1/2 + DJ) / 2 + PE + UU
    Total System Jitter     (TSJ):    0.071ns
    Total Input Jitter      (TIJ):    0.000ns
    Discrete Jitter          (DJ):    0.000ns
    Phase Error              (PE):    0.000ns
    User Uncertainty         (UU):    0.100ns

    Location             Delay type                Incr(ns)  Path(ns)    Netlist Resource(s)
  -------------------------------------------------------------------    -------------------
                         (clock sys_clk rise edge)    0.000     0.000 r  
    M18                                               0.000     0.000 r  clk_i (IN)
                         net (fo=0)                   0.000     0.000    clk_i
    M18                  IBUF (Prop_ibuf_I_O)         0.938     0.938 r  clk_i_IBUF_inst/O
                         net (fo=1, routed)           1.972     2.910    clk_i_IBUF
    BUFGCTRL_X0Y0        BUFG (Prop_bufg_I_O)         0.096     3.006 r  clk_i_IBUF_BUFG_inst/O
                         net (fo=6332, routed)        1.561     4.567    dma_iommu_inst/iommu_inst/clk_i_IBUF_BUFG
    SLICE_X41Y14         FDCE                                         r  dma_iommu_inst/iommu_inst/req_vaddr_q_reg[14]/C
  -------------------------------------------------------------------    -------------------
    SLICE_X41Y14         FDCE (Prop_fdce_C_Q)         0.456     5.023 f  dma_iommu_inst/iommu_inst/req_vaddr_q_reg[14]/Q
                         net (fo=25, routed)          1.293     6.316    dma_iommu_inst/iommu_inst/p_0_in[2]
    SLICE_X40Y1          LUT6 (Prop_lut6_I0_O)        0.124     6.440 f  dma_iommu_inst/iommu_inst/match_pt_index_q[1]_i_18/O
                         net (fo=1, routed)           0.433     6.873    dma_iommu_inst/iommu_inst/match_pt_index_q[1]_i_18_n_0
    SLICE_X40Y1          LUT4 (Prop_lut4_I0_O)        0.124     6.997 f  dma_iommu_inst/iommu_inst/match_pt_index_q[1]_i_13/O
                         net (fo=2, routed)           0.507     7.504    dma_iommu_inst/iommu_inst/match_pt_index_q[1]_i_13_n_0
    SLICE_X41Y1          LUT2 (Prop_lut2_I1_O)        0.124     7.628 f  dma_iommu_inst/iommu_inst/match_pt_index_q[1]_i_6/O
                         net (fo=2, routed)           0.415     8.043    dma_iommu_inst/iommu_inst/match_pt_index_q[1]_i_6_n_0
    SLICE_X41Y0          LUT2 (Prop_lut2_I1_O)        0.124     8.167 f  dma_iommu_inst/iommu_inst/match_pt_index_q[3]_i_15/O
                         net (fo=4, routed)           0.648     8.815    dma_iommu_inst/iommu_inst/match_pt_index_q[3]_i_15_n_0
    SLICE_X41Y1          LUT4 (Prop_lut4_I0_O)        0.124     8.939 f  dma_iommu_inst/iommu_inst/match_pt_hit_q_i_6/O
                         net (fo=3, routed)           0.548     9.487    dma_iommu_inst/iommu_inst/match_pt_hit_q_i_6_n_0
    SLICE_X43Y1          LUT2 (Prop_lut2_I0_O)        0.120     9.607 f  dma_iommu_inst/iommu_inst/match_pt_index_q[2]_i_3/O
                         net (fo=3, routed)           0.321     9.928    dma_iommu_inst/iommu_inst/match_pt_index_q[2]_i_3_n_0
    SLICE_X45Y1          LUT6 (Prop_lut6_I3_O)        0.327    10.255 r  dma_iommu_inst/iommu_inst/match_pt_index_q[1]_i_1/O
                         net (fo=1, routed)           0.000    10.255    dma_iommu_inst/iommu_inst/match_pt_index_q[1]_i_1_n_0
    SLICE_X45Y1          FDCE                                         r  dma_iommu_inst/iommu_inst/match_pt_index_q_reg[1]/D
  -------------------------------------------------------------------    -------------------

                         (clock sys_clk rise edge)    6.667     6.667 r  
    M18                                               0.000     6.667 r  clk_i (IN)
                         net (fo=0)                   0.000     6.667    clk_i
    M18                  IBUF (Prop_ibuf_I_O)         0.805     7.472 r  clk_i_IBUF_inst/O
                         net (fo=1, routed)           1.868     9.340    clk_i_IBUF
    BUFGCTRL_X0Y0        BUFG (Prop_bufg_I_O)         0.091     9.431 r  clk_i_IBUF_BUFG_inst/O
                         net (fo=6332, routed)        1.449    10.880    dma_iommu_inst/iommu_inst/clk_i_IBUF_BUFG
    SLICE_X45Y1          FDCE                                         r  dma_iommu_inst/iommu_inst/match_pt_index_q_reg[1]/C
                         clock pessimism              0.322    11.202    
                         clock uncertainty           -0.135    11.067    
    SLICE_X45Y1          FDCE (Setup_fdce_C_D)        0.031    11.098    dma_iommu_inst/iommu_inst/match_pt_index_q_reg[1]
  -------------------------------------------------------------------
                         required time                         11.098    
                         arrival time                         -10.255    
  -------------------------------------------------------------------
                         slack                                  0.842    

Slack (MET) :             0.842ns  (required time - arrival time)
  Source:                 dma_iommu_inst/iommu_inst/req_vaddr_q_reg[14]/C
                            (rising edge-triggered cell FDCE clocked by sys_clk  {rise@0.000ns fall@3.333ns period=6.667ns})
  Destination:            dma_iommu_inst/iommu_inst/match_pt_index_q_reg[1]/D
                            (rising edge-triggered cell FDCE clocked by sys_clk  {rise@0.000ns fall@3.333ns period=6.667ns})
  Path Group:             sys_clk
  Path Type:              Setup (Max at Slow Process Corner)
  Requirement:            6.667ns  (sys_clk rise@6.667ns - sys_clk rise@0.000ns)
  Data Path Delay:        5.689ns  (logic 1.523ns (26.773%)  route 4.166ns (73.227%))
  Logic Levels:           7  (LUT2=3 LUT4=2 LUT6=2)
  Clock Path Skew:        -0.032ns (DCD - SCD + CPR)
    Destination Clock Delay (DCD):    4.213ns = ( 10.880 - 6.667 ) 
    Source Clock Delay      (SCD):    4.567ns
    Clock Pessimism Removal (CPR):    0.322ns
  Clock Uncertainty:      0.135ns  ((TSJ^2 + TIJ^2)^1/2 + DJ) / 2 + PE + UU
    Total System Jitter     (TSJ):    0.071ns
    Total Input Jitter      (TIJ):    0.000ns
    Discrete Jitter          (DJ):    0.000ns
    Phase Error              (PE):    0.000ns
    User Uncertainty         (UU):    0.100ns

    Location             Delay type                Incr(ns)  Path(ns)    Netlist Resource(s)
  -------------------------------------------------------------------    -------------------
                         (clock sys_clk rise edge)    0.000     0.000 r  
    M18                                               0.000     0.000 r  clk_i (IN)
                         net (fo=0)                   0.000     0.000    clk_i
    M18                  IBUF (Prop_ibuf_I_O)         0.938     0.938 r  clk_i_IBUF_inst/O
                         net (fo=1, routed)           1.972     2.910    clk_i_IBUF
    BUFGCTRL_X0Y0        BUFG (Prop_bufg_I_O)         0.096     3.006 r  clk_i_IBUF_BUFG_inst/O
                         net (fo=6332, routed)        1.561     4.567    dma_iommu_inst/iommu_inst/clk_i_IBUF_BUFG
    SLICE_X41Y14         FDCE                                         r  dma_iommu_inst/iommu_inst/req_vaddr_q_reg[14]/C
  -------------------------------------------------------------------    -------------------
    SLICE_X41Y14         FDCE (Prop_fdce_C_Q)         0.456     5.023 r  dma_iommu_inst/iommu_inst/req_vaddr_q_reg[14]/Q
                         net (fo=25, routed)          1.293     6.316    dma_iommu_inst/iommu_inst/p_0_in[2]
    SLICE_X40Y1          LUT6 (Prop_lut6_I0_O)        0.124     6.440 r  dma_iommu_inst/iommu_inst/match_pt_index_q[1]_i_18/O
                         net (fo=1, routed)           0.433     6.873    dma_iommu_inst/iommu_inst/match_pt_index_q[1]_i_18_n_0
    SLICE_X40Y1          LUT4 (Prop_lut4_I0_O)        0.124     6.997 r  dma_iommu_inst/iommu_inst/match_pt_index_q[1]_i_13/O
                         net (fo=2, routed)           0.507     7.504    dma_iommu_inst/iommu_inst/match_pt_index_q[1]_i_13_n_0
    SLICE_X41Y1          LUT2 (Prop_lut2_I1_O)        0.124     7.628 r  dma_iommu_inst/iommu_inst/match_pt_index_q[1]_i_6/O
                         net (fo=2, routed)           0.415     8.043    dma_iommu_inst/iommu_inst/match_pt_index_q[1]_i_6_n_0
    SLICE_X41Y0          LUT2 (Prop_lut2_I1_O)        0.124     8.167 r  dma_iommu_inst/iommu_inst/match_pt_index_q[3]_i_15/O
                         net (fo=4, routed)           0.648     8.815    dma_iommu_inst/iommu_inst/match_pt_index_q[3]_i_15_n_0
    SLICE_X41Y1          LUT4 (Prop_lut4_I0_O)        0.124     8.939 r  dma_iommu_inst/iommu_inst/match_pt_hit_q_i_6/O
                         net (fo=3, routed)           0.548     9.487    dma_iommu_inst/iommu_inst/match_pt_hit_q_i_6_n_0
    SLICE_X43Y1          LUT2 (Prop_lut2_I0_O)        0.120     9.607 r  dma_iommu_inst/iommu_inst/match_pt_index_q[2]_i_3/O
                         net (fo=3, routed)           0.321     9.928    dma_iommu_inst/iommu_inst/match_pt_index_q[2]_i_3_n_0
    SLICE_X45Y1          LUT6 (Prop_lut6_I3_O)        0.327    10.255 f  dma_iommu_inst/iommu_inst/match_pt_index_q[1]_i_1/O
                         net (fo=1, routed)           0.000    10.255    dma_iommu_inst/iommu_inst/match_pt_index_q[1]_i_1_n_0
    SLICE_X45Y1          FDCE                                         f  dma_iommu_inst/iommu_inst/match_pt_index_q_reg[1]/D
  -------------------------------------------------------------------    -------------------

                         (clock sys_clk rise edge)    6.667     6.667 r  
    M18                                               0.000     6.667 r  clk_i (IN)
                         net (fo=0)                   0.000     6.667    clk_i
    M18                  IBUF (Prop_ibuf_I_O)         0.805     7.472 r  clk_i_IBUF_inst/O
                         net (fo=1, routed)           1.868     9.340    clk_i_IBUF
    BUFGCTRL_X0Y0        BUFG (Prop_bufg_I_O)         0.091     9.431 r  clk_i_IBUF_BUFG_inst/O
                         net (fo=6332, routed)        1.449    10.880    dma_iommu_inst/iommu_inst/clk_i_IBUF_BUFG
    SLICE_X45Y1          FDCE                                         r  dma_iommu_inst/iommu_inst/match_pt_index_q_reg[1]/C
                         clock pessimism              0.322    11.202    
                         clock uncertainty           -0.135    11.067    
    SLICE_X45Y1          FDCE (Setup_fdce_C_D)        0.031    11.098    dma_iommu_inst/iommu_inst/match_pt_index_q_reg[1]
  -------------------------------------------------------------------
                         required time                         11.098    
                         arrival time                         -10.255    
  -------------------------------------------------------------------
                         slack                                  0.842    

Slack (MET) :             0.842ns  (required time - arrival time)
  Source:                 dma_iommu_inst/iommu_inst/req_vaddr_q_reg[14]/C
                            (rising edge-triggered cell FDCE clocked by sys_clk  {rise@0.000ns fall@3.333ns period=6.667ns})
  Destination:            dma_iommu_inst/iommu_inst/match_pt_index_q_reg[1]/D
                            (rising edge-triggered cell FDCE clocked by sys_clk  {rise@0.000ns fall@3.333ns period=6.667ns})
  Path Group:             sys_clk
  Path Type:              Setup (Max at Slow Process Corner)
  Requirement:            6.667ns  (sys_clk rise@6.667ns - sys_clk rise@0.000ns)
  Data Path Delay:        5.689ns  (logic 1.523ns (26.773%)  route 4.166ns (73.227%))
  Logic Levels:           7  (LUT2=3 LUT4=2 LUT6=2)
  Clock Path Skew:        -0.032ns (DCD - SCD + CPR)
    Destination Clock Delay (DCD):    4.213ns = ( 10.880 - 6.667 ) 
    Source Clock Delay      (SCD):    4.567ns
    Clock Pessimism Removal (CPR):    0.322ns
  Clock Uncertainty:      0.135ns  ((TSJ^2 + TIJ^2)^1/2 + DJ) / 2 + PE + UU
    Total System Jitter     (TSJ):    0.071ns
    Total Input Jitter      (TIJ):    0.000ns
    Discrete Jitter          (DJ):    0.000ns
    Phase Error              (PE):    0.000ns
    User Uncertainty         (UU):    0.100ns

    Location             Delay type                Incr(ns)  Path(ns)    Netlist Resource(s)
  -------------------------------------------------------------------    -------------------
                         (clock sys_clk rise edge)    0.000     0.000 r  
    M18                                               0.000     0.000 r  clk_i (IN)
                         net (fo=0)                   0.000     0.000    clk_i
    M18                  IBUF (Prop_ibuf_I_O)         0.938     0.938 r  clk_i_IBUF_inst/O
                         net (fo=1, routed)           1.972     2.910    clk_i_IBUF
    BUFGCTRL_X0Y0        BUFG (Prop_bufg_I_O)         0.096     3.006 r  clk_i_IBUF_BUFG_inst/O
                         net (fo=6332, routed)        1.561     4.567    dma_iommu_inst/iommu_inst/clk_i_IBUF_BUFG
    SLICE_X41Y14         FDCE                                         r  dma_iommu_inst/iommu_inst/req_vaddr_q_reg[14]/C
  -------------------------------------------------------------------    -------------------
    SLICE_X41Y14         FDCE (Prop_fdce_C_Q)         0.456     5.023 f  dma_iommu_inst/iommu_inst/req_vaddr_q_reg[14]/Q
                         net (fo=25, routed)          1.293     6.316    dma_iommu_inst/iommu_inst/p_0_in[2]
    SLICE_X40Y1          LUT6 (Prop_lut6_I0_O)        0.124     6.440 r  dma_iommu_inst/iommu_inst/match_pt_index_q[1]_i_18/O
                         net (fo=1, routed)           0.433     6.873    dma_iommu_inst/iommu_inst/match_pt_index_q[1]_i_18_n_0
    SLICE_X40Y1          LUT4 (Prop_lut4_I0_O)        0.124     6.997 r  dma_iommu_inst/iommu_inst/match_pt_index_q[1]_i_13/O
                         net (fo=2, routed)           0.507     7.504    dma_iommu_inst/iommu_inst/match_pt_index_q[1]_i_13_n_0
    SLICE_X41Y1          LUT2 (Prop_lut2_I1_O)        0.124     7.628 r  dma_iommu_inst/iommu_inst/match_pt_index_q[1]_i_6/O
                         net (fo=2, routed)           0.415     8.043    dma_iommu_inst/iommu_inst/match_pt_index_q[1]_i_6_n_0
    SLICE_X41Y0          LUT2 (Prop_lut2_I1_O)        0.124     8.167 r  dma_iommu_inst/iommu_inst/match_pt_index_q[3]_i_15/O
                         net (fo=4, routed)           0.648     8.815    dma_iommu_inst/iommu_inst/match_pt_index_q[3]_i_15_n_0
    SLICE_X41Y1          LUT4 (Prop_lut4_I0_O)        0.124     8.939 r  dma_iommu_inst/iommu_inst/match_pt_hit_q_i_6/O
                         net (fo=3, routed)           0.548     9.487    dma_iommu_inst/iommu_inst/match_pt_hit_q_i_6_n_0
    SLICE_X43Y1          LUT2 (Prop_lut2_I0_O)        0.120     9.607 r  dma_iommu_inst/iommu_inst/match_pt_index_q[2]_i_3/O
                         net (fo=3, routed)           0.321     9.928    dma_iommu_inst/iommu_inst/match_pt_index_q[2]_i_3_n_0
    SLICE_X45Y1          LUT6 (Prop_lut6_I3_O)        0.327    10.255 f  dma_iommu_inst/iommu_inst/match_pt_index_q[1]_i_1/O
                         net (fo=1, routed)           0.000    10.255    dma_iommu_inst/iommu_inst/match_pt_index_q[1]_i_1_n_0
    SLICE_X45Y1          FDCE                                         f  dma_iommu_inst/iommu_inst/match_pt_index_q_reg[1]/D
  -------------------------------------------------------------------    -------------------

                         (clock sys_clk rise edge)    6.667     6.667 r  
    M18                                               0.000     6.667 r  clk_i (IN)
                         net (fo=0)                   0.000     6.667    clk_i
    M18                  IBUF (Prop_ibuf_I_O)         0.805     7.472 r  clk_i_IBUF_inst/O
                         net (fo=1, routed)           1.868     9.340    clk_i_IBUF
    BUFGCTRL_X0Y0        BUFG (Prop_bufg_I_O)         0.091     9.431 r  clk_i_IBUF_BUFG_inst/O
                         net (fo=6332, routed)        1.449    10.880    dma_iommu_inst/iommu_inst/clk_i_IBUF_BUFG
    SLICE_X45Y1          FDCE                                         r  dma_iommu_inst/iommu_inst/match_pt_index_q_reg[1]/C
                         clock pessimism              0.322    11.202    
                         clock uncertainty           -0.135    11.067    
    SLICE_X45Y1          FDCE (Setup_fdce_C_D)        0.031    11.098    dma_iommu_inst/iommu_inst/match_pt_index_q_reg[1]
  -------------------------------------------------------------------
                         required time                         11.098    
                         arrival time                         -10.255    
  -------------------------------------------------------------------
                         slack                                  0.842    

Slack (MET) :             0.929ns  (required time - arrival time)
  Source:                 dma_iommu_inst/iommu_inst/req_vaddr_q_reg[14]/C
                            (rising edge-triggered cell FDCE clocked by sys_clk  {rise@0.000ns fall@3.333ns period=6.667ns})
  Destination:            dma_iommu_inst/iommu_inst/match_pt_index_q_reg[0]/D
                            (rising edge-triggered cell FDCE clocked by sys_clk  {rise@0.000ns fall@3.333ns period=6.667ns})
  Path Group:             sys_clk
  Path Type:              Setup (Max at Slow Process Corner)
  Requirement:            6.667ns  (sys_clk rise@6.667ns - sys_clk rise@0.000ns)
  Data Path Delay:        5.603ns  (logic 1.324ns (23.631%)  route 4.279ns (76.369%))
  Logic Levels:           7  (LUT2=2 LUT4=3 LUT6=2)
  Clock Path Skew:        -0.032ns (DCD - SCD + CPR)
    Destination Clock Delay (DCD):    4.213ns = ( 10.880 - 6.667 ) 
    Source Clock Delay      (SCD):    4.567ns
    Clock Pessimism Removal (CPR):    0.322ns
  Clock Uncertainty:      0.135ns  ((TSJ^2 + TIJ^2)^1/2 + DJ) / 2 + PE + UU
    Total System Jitter     (TSJ):    0.071ns
    Total Input Jitter      (TIJ):    0.000ns
    Discrete Jitter          (DJ):    0.000ns
    Phase Error              (PE):    0.000ns
    User Uncertainty         (UU):    0.100ns

    Location             Delay type                Incr(ns)  Path(ns)    Netlist Resource(s)
  -------------------------------------------------------------------    -------------------
                         (clock sys_clk rise edge)    0.000     0.000 r  
    M18                                               0.000     0.000 r  clk_i (IN)
                         net (fo=0)                   0.000     0.000    clk_i
    M18                  IBUF (Prop_ibuf_I_O)         0.938     0.938 r  clk_i_IBUF_inst/O
                         net (fo=1, routed)           1.972     2.910    clk_i_IBUF
    BUFGCTRL_X0Y0        BUFG (Prop_bufg_I_O)         0.096     3.006 r  clk_i_IBUF_BUFG_inst/O
                         net (fo=6332, routed)        1.561     4.567    dma_iommu_inst/iommu_inst/clk_i_IBUF_BUFG
    SLICE_X41Y14         FDCE                                         r  dma_iommu_inst/iommu_inst/req_vaddr_q_reg[14]/C
  -------------------------------------------------------------------    -------------------
    SLICE_X41Y14         FDCE (Prop_fdce_C_Q)         0.456     5.023 r  dma_iommu_inst/iommu_inst/req_vaddr_q_reg[14]/Q
                         net (fo=25, routed)          1.293     6.316    dma_iommu_inst/iommu_inst/p_0_in[2]
    SLICE_X40Y1          LUT6 (Prop_lut6_I0_O)        0.124     6.440 f  dma_iommu_inst/iommu_inst/match_pt_index_q[1]_i_18/O
                         net (fo=1, routed)           0.433     6.873    dma_iommu_inst/iommu_inst/match_pt_index_q[1]_i_18_n_0
    SLICE_X40Y1          LUT4 (Prop_lut4_I0_O)        0.124     6.997 f  dma_iommu_inst/iommu_inst/match_pt_index_q[1]_i_13/O
                         net (fo=2, routed)           0.507     7.504    dma_iommu_inst/iommu_inst/match_pt_index_q[1]_i_13_n_0
    SLICE_X41Y1          LUT2 (Prop_lut2_I1_O)        0.124     7.628 f  dma_iommu_inst/iommu_inst/match_pt_index_q[1]_i_6/O
                         net (fo=2, routed)           0.415     8.043    dma_iommu_inst/iommu_inst/match_pt_index_q[1]_i_6_n_0
    SLICE_X41Y0          LUT2 (Prop_lut2_I1_O)        0.124     8.167 f  dma_iommu_inst/iommu_inst/match_pt_index_q[3]_i_15/O
                         net (fo=4, routed)           0.648     8.815    dma_iommu_inst/iommu_inst/match_pt_index_q[3]_i_15_n_0
    SLICE_X41Y1          LUT4 (Prop_lut4_I0_O)        0.124     8.939 f  dma_iommu_inst/iommu_inst/match_pt_hit_q_i_6/O
                         net (fo=3, routed)           0.548     9.487    dma_iommu_inst/iommu_inst/match_pt_hit_q_i_6_n_0
    SLICE_X43Y1          LUT4 (Prop_lut4_I2_O)        0.124     9.611 f  dma_iommu_inst/iommu_inst/match_pt_hit_q_i_3/O
                         net (fo=2, routed)           0.434    10.046    dma_iommu_inst/iommu_inst/match_pt_hit_q_i_3_n_0
    SLICE_X44Y1          LUT6 (Prop_lut6_I2_O)        0.124    10.170 r  dma_iommu_inst/iommu_inst/match_pt_index_q[0]_i_1/O
                         net (fo=1, routed)           0.000    10.170    dma_iommu_inst/iommu_inst/match_pt_index_q[0]_i_1_n_0
    SLICE_X44Y1          FDCE                                         r  dma_iommu_inst/iommu_inst/match_pt_index_q_reg[0]/D
  -------------------------------------------------------------------    -------------------

                         (clock sys_clk rise edge)    6.667     6.667 r  
    M18                                               0.000     6.667 r  clk_i (IN)
                         net (fo=0)                   0.000     6.667    clk_i
    M18                  IBUF (Prop_ibuf_I_O)         0.805     7.472 r  clk_i_IBUF_inst/O
                         net (fo=1, routed)           1.868     9.340    clk_i_IBUF
    BUFGCTRL_X0Y0        BUFG (Prop_bufg_I_O)         0.091     9.431 r  clk_i_IBUF_BUFG_inst/O
                         net (fo=6332, routed)        1.449    10.880    dma_iommu_inst/iommu_inst/clk_i_IBUF_BUFG
    SLICE_X44Y1          FDCE                                         r  dma_iommu_inst/iommu_inst/match_pt_index_q_reg[0]/C
                         clock pessimism              0.322    11.202    
                         clock uncertainty           -0.135    11.067    
    SLICE_X44Y1          FDCE (Setup_fdce_C_D)        0.032    11.099    dma_iommu_inst/iommu_inst/match_pt_index_q_reg[0]
  -------------------------------------------------------------------
                         required time                         11.099    
                         arrival time                         -10.170    
  -------------------------------------------------------------------
                         slack                                  0.929    

Slack (MET) :             0.962ns  (required time - arrival time)
  Source:                 dma_iommu_inst/iommu_inst/req_vaddr_q_reg[13]/C
                            (rising edge-triggered cell FDCE clocked by sys_clk  {rise@0.000ns fall@3.333ns period=6.667ns})
  Destination:            dma_iommu_inst/iommu_inst/match_pt_index_q_reg[2]/D
                            (rising edge-triggered cell FDCE clocked by sys_clk  {rise@0.000ns fall@3.333ns period=6.667ns})
  Path Group:             sys_clk
  Path Type:              Setup (Max at Slow Process Corner)
  Requirement:            6.667ns  (sys_clk rise@6.667ns - sys_clk rise@0.000ns)
  Data Path Delay:        5.569ns  (logic 1.523ns (27.349%)  route 4.046ns (72.651%))
  Logic Levels:           7  (LUT2=3 LUT4=2 LUT6=2)
  Clock Path Skew:        -0.032ns (DCD - SCD + CPR)
    Destination Clock Delay (DCD):    4.213ns = ( 10.880 - 6.667 ) 
    Source Clock Delay      (SCD):    4.567ns
    Clock Pessimism Removal (CPR):    0.322ns
  Clock Uncertainty:      0.135ns  ((TSJ^2 + TIJ^2)^1/2 + DJ) / 2 + PE + UU
    Total System Jitter     (TSJ):    0.071ns
    Total Input Jitter      (TIJ):    0.000ns
    Discrete Jitter          (DJ):    0.000ns
    Phase Error              (PE):    0.000ns
    User Uncertainty         (UU):    0.100ns

    Location             Delay type                Incr(ns)  Path(ns)    Netlist Resource(s)
  -------------------------------------------------------------------    -------------------
                         (clock sys_clk rise edge)    0.000     0.000 r  
    M18                                               0.000     0.000 r  clk_i (IN)
                         net (fo=0)                   0.000     0.000    clk_i
    M18                  IBUF (Prop_ibuf_I_O)         0.938     0.938 r  clk_i_IBUF_inst/O
                         net (fo=1, routed)           1.972     2.910    clk_i_IBUF
    BUFGCTRL_X0Y0        BUFG (Prop_bufg_I_O)         0.096     3.006 r  clk_i_IBUF_BUFG_inst/O
                         net (fo=6332, routed)        1.561     4.567    dma_iommu_inst/iommu_inst/clk_i_IBUF_BUFG
    SLICE_X41Y14         FDCE                                         r  dma_iommu_inst/iommu_inst/req_vaddr_q_reg[13]/C
  -------------------------------------------------------------------    -------------------
    SLICE_X41Y14         FDCE (Prop_fdce_C_Q)         0.456     5.023 r  dma_iommu_inst/iommu_inst/req_vaddr_q_reg[13]/Q
                         net (fo=25, routed)          1.164     6.187    dma_iommu_inst/iommu_inst/p_0_in[1]
    SLICE_X40Y1          LUT6 (Prop_lut6_I2_O)        0.124     6.311 f  dma_iommu_inst/iommu_inst/match_pt_index_q[1]_i_18/O
                         net (fo=1, routed)           0.433     6.744    dma_iommu_inst/iommu_inst/match_pt_index_q[1]_i_18_n_0
    SLICE_X40Y1          LUT4 (Prop_lut4_I0_O)        0.124     6.868 f  dma_iommu_inst/iommu_inst/match_pt_index_q[1]_i_13/O
                         net (fo=2, routed)           0.507     7.375    dma_iommu_inst/iommu_inst/match_pt_index_q[1]_i_13_n_0
    SLICE_X41Y1          LUT2 (Prop_lut2_I1_O)        0.124     7.499 f  dma_iommu_inst/iommu_inst/match_pt_index_q[1]_i_6/O
                         net (fo=2, routed)           0.415     7.914    dma_iommu_inst/iommu_inst/match_pt_index_q[1]_i_6_n_0
    SLICE_X41Y0          LUT2 (Prop_lut2_I1_O)        0.124     8.038 f  dma_iommu_inst/iommu_inst/match_pt_index_q[3]_i_15/O
                         net (fo=4, routed)           0.648     8.686    dma_iommu_inst/iommu_inst/match_pt_index_q[3]_i_15_n_0
    SLICE_X41Y1          LUT4 (Prop_lut4_I0_O)        0.124     8.810 f  dma_iommu_inst/iommu_inst/match_pt_hit_q_i_6/O
                         net (fo=3, routed)           0.548     9.358    dma_iommu_inst/iommu_inst/match_pt_hit_q_i_6_n_0
    SLICE_X43Y1          LUT2 (Prop_lut2_I0_O)        0.120     9.478 f  dma_iommu_inst/iommu_inst/match_pt_index_q[2]_i_3/O
                         net (fo=3, routed)           0.331     9.809    dma_iommu_inst/iommu_inst/match_pt_index_q[2]_i_3_n_0
    SLICE_X44Y1          LUT6 (Prop_lut6_I4_O)        0.327    10.136 r  dma_iommu_inst/iommu_inst/match_pt_index_q[2]_i_1/O
                         net (fo=1, routed)           0.000    10.136    dma_iommu_inst/iommu_inst/match_pt_index_q[2]_i_1_n_0
    SLICE_X44Y1          FDCE                                         r  dma_iommu_inst/iommu_inst/match_pt_index_q_reg[2]/D
  -------------------------------------------------------------------    -------------------

                         (clock sys_clk rise edge)    6.667     6.667 r  
    M18                                               0.000     6.667 r  clk_i (IN)
                         net (fo=0)                   0.000     6.667    clk_i
    M18                  IBUF (Prop_ibuf_I_O)         0.805     7.472 r  clk_i_IBUF_inst/O
                         net (fo=1, routed)           1.868     9.340    clk_i_IBUF
    BUFGCTRL_X0Y0        BUFG (Prop_bufg_I_O)         0.091     9.431 r  clk_i_IBUF_BUFG_inst/O
                         net (fo=6332, routed)        1.449    10.880    dma_iommu_inst/iommu_inst/clk_i_IBUF_BUFG
    SLICE_X44Y1          FDCE                                         r  dma_iommu_inst/iommu_inst/match_pt_index_q_reg[2]/C
                         clock pessimism              0.322    11.202    
                         clock uncertainty           -0.135    11.067    
    SLICE_X44Y1          FDCE (Setup_fdce_C_D)        0.031    11.098    dma_iommu_inst/iommu_inst/match_pt_index_q_reg[2]
  -------------------------------------------------------------------
                         required time                         11.098    
                         arrival time                         -10.136    
  -------------------------------------------------------------------
                         slack                                  0.962    

Slack (MET) :             0.971ns  (required time - arrival time)
  Source:                 dma_iommu_inst/iommu_inst/req_vaddr_q_reg[13]/C
                            (rising edge-triggered cell FDCE clocked by sys_clk  {rise@0.000ns fall@3.333ns period=6.667ns})
  Destination:            dma_iommu_inst/iommu_inst/match_pt_index_q_reg[1]/D
                            (rising edge-triggered cell FDCE clocked by sys_clk  {rise@0.000ns fall@3.333ns period=6.667ns})
  Path Group:             sys_clk
  Path Type:              Setup (Max at Slow Process Corner)
  Requirement:            6.667ns  (sys_clk rise@6.667ns - sys_clk rise@0.000ns)
  Data Path Delay:        5.559ns  (logic 1.523ns (27.395%)  route 4.036ns (72.605%))
  Logic Levels:           7  (LUT2=3 LUT4=2 LUT6=2)
  Clock Path Skew:        -0.032ns (DCD - SCD + CPR)
    Destination Clock Delay (DCD):    4.213ns = ( 10.880 - 6.667 ) 
    Source Clock Delay      (SCD):    4.567ns
    Clock Pessimism Removal (CPR):    0.322ns
  Clock Uncertainty:      0.135ns  ((TSJ^2 + TIJ^2)^1/2 + DJ) / 2 + PE + UU
    Total System Jitter     (TSJ):    0.071ns
    Total Input Jitter      (TIJ):    0.000ns
    Discrete Jitter          (DJ):    0.000ns
    Phase Error              (PE):    0.000ns
    User Uncertainty         (UU):    0.100ns

    Location             Delay type                Incr(ns)  Path(ns)    Netlist Resource(s)
  -------------------------------------------------------------------    -------------------
                         (clock sys_clk rise edge)    0.000     0.000 r  
    M18                                               0.000     0.000 r  clk_i (IN)
                         net (fo=0)                   0.000     0.000    clk_i
    M18                  IBUF (Prop_ibuf_I_O)         0.938     0.938 r  clk_i_IBUF_inst/O
                         net (fo=1, routed)           1.972     2.910    clk_i_IBUF
    BUFGCTRL_X0Y0        BUFG (Prop_bufg_I_O)         0.096     3.006 r  clk_i_IBUF_BUFG_inst/O
                         net (fo=6332, routed)        1.561     4.567    dma_iommu_inst/iommu_inst/clk_i_IBUF_BUFG
    SLICE_X41Y14         FDCE                                         r  dma_iommu_inst/iommu_inst/req_vaddr_q_reg[13]/C
  -------------------------------------------------------------------    -------------------
    SLICE_X41Y14         FDCE (Prop_fdce_C_Q)         0.456     5.023 r  dma_iommu_inst/iommu_inst/req_vaddr_q_reg[13]/Q
                         net (fo=25, routed)          1.164     6.187    dma_iommu_inst/iommu_inst/p_0_in[1]
    SLICE_X40Y1          LUT6 (Prop_lut6_I2_O)        0.124     6.311 f  dma_iommu_inst/iommu_inst/match_pt_index_q[1]_i_18/O
                         net (fo=1, routed)           0.433     6.744    dma_iommu_inst/iommu_inst/match_pt_index_q[1]_i_18_n_0
    SLICE_X40Y1          LUT4 (Prop_lut4_I0_O)        0.124     6.868 f  dma_iommu_inst/iommu_inst/match_pt_index_q[1]_i_13/O
                         net (fo=2, routed)           0.507     7.375    dma_iommu_inst/iommu_inst/match_pt_index_q[1]_i_13_n_0
    SLICE_X41Y1          LUT2 (Prop_lut2_I1_O)        0.124     7.499 f  dma_iommu_inst/iommu_inst/match_pt_index_q[1]_i_6/O
                         net (fo=2, routed)           0.415     7.914    dma_iommu_inst/iommu_inst/match_pt_index_q[1]_i_6_n_0
    SLICE_X41Y0          LUT2 (Prop_lut2_I1_O)        0.124     8.038 f  dma_iommu_inst/iommu_inst/match_pt_index_q[3]_i_15/O
                         net (fo=4, routed)           0.648     8.686    dma_iommu_inst/iommu_inst/match_pt_index_q[3]_i_15_n_0
    SLICE_X41Y1          LUT4 (Prop_lut4_I0_O)        0.124     8.810 f  dma_iommu_inst/iommu_inst/match_pt_hit_q_i_6/O
                         net (fo=3, routed)           0.548     9.358    dma_iommu_inst/iommu_inst/match_pt_hit_q_i_6_n_0
    SLICE_X43Y1          LUT2 (Prop_lut2_I0_O)        0.120     9.478 f  dma_iommu_inst/iommu_inst/match_pt_index_q[2]_i_3/O
                         net (fo=3, routed)           0.321     9.799    dma_iommu_inst/iommu_inst/match_pt_index_q[2]_i_3_n_0
    SLICE_X45Y1          LUT6 (Prop_lut6_I3_O)        0.327    10.126 r  dma_iommu_inst/iommu_inst/match_pt_index_q[1]_i_1/O
                         net (fo=1, routed)           0.000    10.126    dma_iommu_inst/iommu_inst/match_pt_index_q[1]_i_1_n_0
    SLICE_X45Y1          FDCE                                         r  dma_iommu_inst/iommu_inst/match_pt_index_q_reg[1]/D
  -------------------------------------------------------------------    -------------------

                         (clock sys_clk rise edge)    6.667     6.667 r  
    M18                                               0.000     6.667 r  clk_i (IN)
                         net (fo=0)                   0.000     6.667    clk_i
    M18                  IBUF (Prop_ibuf_I_O)         0.805     7.472 r  clk_i_IBUF_inst/O
                         net (fo=1, routed)           1.868     9.340    clk_i_IBUF
    BUFGCTRL_X0Y0        BUFG (Prop_bufg_I_O)         0.091     9.431 r  clk_i_IBUF_BUFG_inst/O
                         net (fo=6332, routed)        1.449    10.880    dma_iommu_inst/iommu_inst/clk_i_IBUF_BUFG
    SLICE_X45Y1          FDCE                                         r  dma_iommu_inst/iommu_inst/match_pt_index_q_reg[1]/C
                         clock pessimism              0.322    11.202    
                         clock uncertainty           -0.135    11.067    
    SLICE_X45Y1          FDCE (Setup_fdce_C_D)        0.031    11.098    dma_iommu_inst/iommu_inst/match_pt_index_q_reg[1]
  -------------------------------------------------------------------
                         required time                         11.098    
                         arrival time                         -10.126    
  -------------------------------------------------------------------
                         slack                                  0.971    

Slack (MET) :             1.066ns  (required time - arrival time)
  Source:                 dma_iommu_inst/iommu_inst/req_vaddr_q_reg[14]/C
                            (rising edge-triggered cell FDCE clocked by sys_clk  {rise@0.000ns fall@3.333ns period=6.667ns})
  Destination:            dma_iommu_inst/iommu_inst/match_pt_hit_q_reg/D
                            (rising edge-triggered cell FDCE clocked by sys_clk  {rise@0.000ns fall@3.333ns period=6.667ns})
  Path Group:             sys_clk
  Path Type:              Setup (Max at Slow Process Corner)
  Requirement:            6.667ns  (sys_clk rise@6.667ns - sys_clk rise@0.000ns)
  Data Path Delay:        5.476ns  (logic 1.324ns (24.178%)  route 4.152ns (75.822%))
  Logic Levels:           7  (LUT2=2 LUT3=1 LUT4=3 LUT6=1)
  Clock Path Skew:        -0.019ns (DCD - SCD + CPR)
    Destination Clock Delay (DCD):    4.212ns = ( 10.879 - 6.667 ) 
    Source Clock Delay      (SCD):    4.567ns
    Clock Pessimism Removal (CPR):    0.336ns
  Clock Uncertainty:      0.135ns  ((TSJ^2 + TIJ^2)^1/2 + DJ) / 2 + PE + UU
    Total System Jitter     (TSJ):    0.071ns
    Total Input Jitter      (TIJ):    0.000ns
    Discrete Jitter          (DJ):    0.000ns
    Phase Error              (PE):    0.000ns
    User Uncertainty         (UU):    0.100ns

    Location             Delay type                Incr(ns)  Path(ns)    Netlist Resource(s)
  -------------------------------------------------------------------    -------------------
                         (clock sys_clk rise edge)    0.000     0.000 r  
    M18                                               0.000     0.000 r  clk_i (IN)
                         net (fo=0)                   0.000     0.000    clk_i
    M18                  IBUF (Prop_ibuf_I_O)         0.938     0.938 r  clk_i_IBUF_inst/O
                         net (fo=1, routed)           1.972     2.910    clk_i_IBUF
    BUFGCTRL_X0Y0        BUFG (Prop_bufg_I_O)         0.096     3.006 r  clk_i_IBUF_BUFG_inst/O
                         net (fo=6332, routed)        1.561     4.567    dma_iommu_inst/iommu_inst/clk_i_IBUF_BUFG
    SLICE_X41Y14         FDCE                                         r  dma_iommu_inst/iommu_inst/req_vaddr_q_reg[14]/C
  -------------------------------------------------------------------    -------------------
    SLICE_X41Y14         FDCE (Prop_fdce_C_Q)         0.456     5.023 r  dma_iommu_inst/iommu_inst/req_vaddr_q_reg[14]/Q
                         net (fo=25, routed)          1.293     6.316    dma_iommu_inst/iommu_inst/p_0_in[2]
    SLICE_X40Y1          LUT6 (Prop_lut6_I0_O)        0.124     6.440 r  dma_iommu_inst/iommu_inst/match_pt_index_q[1]_i_18/O
                         net (fo=1, routed)           0.433     6.873    dma_iommu_inst/iommu_inst/match_pt_index_q[1]_i_18_n_0
    SLICE_X40Y1          LUT4 (Prop_lut4_I0_O)        0.124     6.997 r  dma_iommu_inst/iommu_inst/match_pt_index_q[1]_i_13/O
                         net (fo=2, routed)           0.507     7.504    dma_iommu_inst/iommu_inst/match_pt_index_q[1]_i_13_n_0
    SLICE_X41Y1          LUT2 (Prop_lut2_I1_O)        0.124     7.628 r  dma_iommu_inst/iommu_inst/match_pt_index_q[1]_i_6/O
                         net (fo=2, routed)           0.415     8.043    dma_iommu_inst/iommu_inst/match_pt_index_q[1]_i_6_n_0
    SLICE_X41Y0          LUT2 (Prop_lut2_I1_O)        0.124     8.167 r  dma_iommu_inst/iommu_inst/match_pt_index_q[3]_i_15/O
                         net (fo=4, routed)           0.648     8.815    dma_iommu_inst/iommu_inst/match_pt_index_q[3]_i_15_n_0
    SLICE_X41Y1          LUT4 (Prop_lut4_I0_O)        0.124     8.939 r  dma_iommu_inst/iommu_inst/match_pt_hit_q_i_6/O
                         net (fo=3, routed)           0.548     9.487    dma_iommu_inst/iommu_inst/match_pt_hit_q_i_6_n_0
    SLICE_X43Y1          LUT4 (Prop_lut4_I2_O)        0.124     9.611 r  dma_iommu_inst/iommu_inst/match_pt_hit_q_i_3/O
                         net (fo=2, routed)           0.308     9.919    dma_iommu_inst/iommu_inst/match_pt_hit_q_i_3_n_0
    SLICE_X43Y0          LUT3 (Prop_lut3_I1_O)        0.124    10.043 r  dma_iommu_inst/iommu_inst/match_pt_hit_q_i_1/O
                         net (fo=1, routed)           0.000    10.043    dma_iommu_inst/iommu_inst/pt_hit
    SLICE_X43Y0          FDCE                                         r  dma_iommu_inst/iommu_inst/match_pt_hit_q_reg/D
  -------------------------------------------------------------------    -------------------

                         (clock sys_clk rise edge)    6.667     6.667 r  
    M18                                               0.000     6.667 r  clk_i (IN)
                         net (fo=0)                   0.000     6.667    clk_i
    M18                  IBUF (Prop_ibuf_I_O)         0.805     7.472 r  clk_i_IBUF_inst/O
                         net (fo=1, routed)           1.868     9.340    clk_i_IBUF
    BUFGCTRL_X0Y0        BUFG (Prop_bufg_I_O)         0.091     9.431 r  clk_i_IBUF_BUFG_inst/O
                         net (fo=6332, routed)        1.448    10.879    dma_iommu_inst/iommu_inst/clk_i_IBUF_BUFG
    SLICE_X43Y0          FDCE                                         r  dma_iommu_inst/iommu_inst/match_pt_hit_q_reg/C
                         clock pessimism              0.336    11.215    
                         clock uncertainty           -0.135    11.080    
    SLICE_X43Y0          FDCE (Setup_fdce_C_D)        0.029    11.109    dma_iommu_inst/iommu_inst/match_pt_hit_q_reg
  -------------------------------------------------------------------
                         required time                         11.109    
                         arrival time                         -10.043    
  -------------------------------------------------------------------
                         slack                                  1.066    

Slack (MET) :             1.066ns  (required time - arrival time)
  Source:                 dma_iommu_inst/iommu_inst/req_vaddr_q_reg[14]/C
                            (rising edge-triggered cell FDCE clocked by sys_clk  {rise@0.000ns fall@3.333ns period=6.667ns})
  Destination:            dma_iommu_inst/iommu_inst/match_pt_hit_q_reg/D
                            (rising edge-triggered cell FDCE clocked by sys_clk  {rise@0.000ns fall@3.333ns period=6.667ns})
  Path Group:             sys_clk
  Path Type:              Setup (Max at Slow Process Corner)
  Requirement:            6.667ns  (sys_clk rise@6.667ns - sys_clk rise@0.000ns)
  Data Path Delay:        5.476ns  (logic 1.324ns (24.178%)  route 4.152ns (75.822%))
  Logic Levels:           7  (LUT2=2 LUT3=1 LUT4=3 LUT6=1)
  Clock Path Skew:        -0.019ns (DCD - SCD + CPR)
    Destination Clock Delay (DCD):    4.212ns = ( 10.879 - 6.667 ) 
    Source Clock Delay      (SCD):    4.567ns
    Clock Pessimism Removal (CPR):    0.336ns
  Clock Uncertainty:      0.135ns  ((TSJ^2 + TIJ^2)^1/2 + DJ) / 2 + PE + UU
    Total System Jitter     (TSJ):    0.071ns
    Total Input Jitter      (TIJ):    0.000ns
    Discrete Jitter          (DJ):    0.000ns
    Phase Error              (PE):    0.000ns
    User Uncertainty         (UU):    0.100ns

    Location             Delay type                Incr(ns)  Path(ns)    Netlist Resource(s)
  -------------------------------------------------------------------    -------------------
                         (clock sys_clk rise edge)    0.000     0.000 r  
    M18                                               0.000     0.000 r  clk_i (IN)
                         net (fo=0)                   0.000     0.000    clk_i
    M18                  IBUF (Prop_ibuf_I_O)         0.938     0.938 r  clk_i_IBUF_inst/O
                         net (fo=1, routed)           1.972     2.910    clk_i_IBUF
    BUFGCTRL_X0Y0        BUFG (Prop_bufg_I_O)         0.096     3.006 r  clk_i_IBUF_BUFG_inst/O
                         net (fo=6332, routed)        1.561     4.567    dma_iommu_inst/iommu_inst/clk_i_IBUF_BUFG
    SLICE_X41Y14         FDCE                                         r  dma_iommu_inst/iommu_inst/req_vaddr_q_reg[14]/C
  -------------------------------------------------------------------    -------------------
    SLICE_X41Y14         FDCE (Prop_fdce_C_Q)         0.456     5.023 f  dma_iommu_inst/iommu_inst/req_vaddr_q_reg[14]/Q
                         net (fo=25, routed)          1.293     6.316    dma_iommu_inst/iommu_inst/p_0_in[2]
    SLICE_X40Y1          LUT6 (Prop_lut6_I0_O)        0.124     6.440 r  dma_iommu_inst/iommu_inst/match_pt_index_q[1]_i_18/O
                         net (fo=1, routed)           0.433     6.873    dma_iommu_inst/iommu_inst/match_pt_index_q[1]_i_18_n_0
    SLICE_X40Y1          LUT4 (Prop_lut4_I0_O)        0.124     6.997 r  dma_iommu_inst/iommu_inst/match_pt_index_q[1]_i_13/O
                         net (fo=2, routed)           0.507     7.504    dma_iommu_inst/iommu_inst/match_pt_index_q[1]_i_13_n_0
    SLICE_X41Y1          LUT2 (Prop_lut2_I1_O)        0.124     7.628 r  dma_iommu_inst/iommu_inst/match_pt_index_q[1]_i_6/O
                         net (fo=2, routed)           0.415     8.043    dma_iommu_inst/iommu_inst/match_pt_index_q[1]_i_6_n_0
    SLICE_X41Y0          LUT2 (Prop_lut2_I1_O)        0.124     8.167 r  dma_iommu_inst/iommu_inst/match_pt_index_q[3]_i_15/O
                         net (fo=4, routed)           0.648     8.815    dma_iommu_inst/iommu_inst/match_pt_index_q[3]_i_15_n_0
    SLICE_X41Y1          LUT4 (Prop_lut4_I0_O)        0.124     8.939 r  dma_iommu_inst/iommu_inst/match_pt_hit_q_i_6/O
                         net (fo=3, routed)           0.548     9.487    dma_iommu_inst/iommu_inst/match_pt_hit_q_i_6_n_0
    SLICE_X43Y1          LUT4 (Prop_lut4_I2_O)        0.124     9.611 r  dma_iommu_inst/iommu_inst/match_pt_hit_q_i_3/O
                         net (fo=2, routed)           0.308     9.919    dma_iommu_inst/iommu_inst/match_pt_hit_q_i_3_n_0
    SLICE_X43Y0          LUT3 (Prop_lut3_I1_O)        0.124    10.043 r  dma_iommu_inst/iommu_inst/match_pt_hit_q_i_1/O
                         net (fo=1, routed)           0.000    10.043    dma_iommu_inst/iommu_inst/pt_hit
    SLICE_X43Y0          FDCE                                         r  dma_iommu_inst/iommu_inst/match_pt_hit_q_reg/D
  -------------------------------------------------------------------    -------------------

                         (clock sys_clk rise edge)    6.667     6.667 r  
    M18                                               0.000     6.667 r  clk_i (IN)
                         net (fo=0)                   0.000     6.667    clk_i
    M18                  IBUF (Prop_ibuf_I_O)         0.805     7.472 r  clk_i_IBUF_inst/O
                         net (fo=1, routed)           1.868     9.340    clk_i_IBUF
    BUFGCTRL_X0Y0        BUFG (Prop_bufg_I_O)         0.091     9.431 r  clk_i_IBUF_BUFG_inst/O
                         net (fo=6332, routed)        1.448    10.879    dma_iommu_inst/iommu_inst/clk_i_IBUF_BUFG
    SLICE_X43Y0          FDCE                                         r  dma_iommu_inst/iommu_inst/match_pt_hit_q_reg/C
                         clock pessimism              0.336    11.215    
                         clock uncertainty           -0.135    11.080    
    SLICE_X43Y0          FDCE (Setup_fdce_C_D)        0.029    11.109    dma_iommu_inst/iommu_inst/match_pt_hit_q_reg
  -------------------------------------------------------------------
                         required time                         11.109    
                         arrival time                         -10.043    
  -------------------------------------------------------------------
                         slack                                  1.066    

Slack (MET) :             1.066ns  (required time - arrival time)
  Source:                 dma_iommu_inst/iommu_inst/req_vaddr_q_reg[14]/C
                            (rising edge-triggered cell FDCE clocked by sys_clk  {rise@0.000ns fall@3.333ns period=6.667ns})
  Destination:            dma_iommu_inst/iommu_inst/match_pt_hit_q_reg/D
                            (rising edge-triggered cell FDCE clocked by sys_clk  {rise@0.000ns fall@3.333ns period=6.667ns})
  Path Group:             sys_clk
  Path Type:              Setup (Max at Slow Process Corner)
  Requirement:            6.667ns  (sys_clk rise@6.667ns - sys_clk rise@0.000ns)
  Data Path Delay:        5.476ns  (logic 1.324ns (24.178%)  route 4.152ns (75.822%))
  Logic Levels:           7  (LUT2=2 LUT3=1 LUT4=3 LUT6=1)
  Clock Path Skew:        -0.019ns (DCD - SCD + CPR)
    Destination Clock Delay (DCD):    4.212ns = ( 10.879 - 6.667 ) 
    Source Clock Delay      (SCD):    4.567ns
    Clock Pessimism Removal (CPR):    0.336ns
  Clock Uncertainty:      0.135ns  ((TSJ^2 + TIJ^2)^1/2 + DJ) / 2 + PE + UU
    Total System Jitter     (TSJ):    0.071ns
    Total Input Jitter      (TIJ):    0.000ns
    Discrete Jitter          (DJ):    0.000ns
    Phase Error              (PE):    0.000ns
    User Uncertainty         (UU):    0.100ns

    Location             Delay type                Incr(ns)  Path(ns)    Netlist Resource(s)
  -------------------------------------------------------------------    -------------------
                         (clock sys_clk rise edge)    0.000     0.000 r  
    M18                                               0.000     0.000 r  clk_i (IN)
                         net (fo=0)                   0.000     0.000    clk_i
    M18                  IBUF (Prop_ibuf_I_O)         0.938     0.938 r  clk_i_IBUF_inst/O
                         net (fo=1, routed)           1.972     2.910    clk_i_IBUF
    BUFGCTRL_X0Y0        BUFG (Prop_bufg_I_O)         0.096     3.006 r  clk_i_IBUF_BUFG_inst/O
                         net (fo=6332, routed)        1.561     4.567    dma_iommu_inst/iommu_inst/clk_i_IBUF_BUFG
    SLICE_X41Y14         FDCE                                         r  dma_iommu_inst/iommu_inst/req_vaddr_q_reg[14]/C
  -------------------------------------------------------------------    -------------------
    SLICE_X41Y14         FDCE (Prop_fdce_C_Q)         0.456     5.023 r  dma_iommu_inst/iommu_inst/req_vaddr_q_reg[14]/Q
                         net (fo=25, routed)          1.293     6.316    dma_iommu_inst/iommu_inst/p_0_in[2]
    SLICE_X40Y1          LUT6 (Prop_lut6_I0_O)        0.124     6.440 f  dma_iommu_inst/iommu_inst/match_pt_index_q[1]_i_18/O
                         net (fo=1, routed)           0.433     6.873    dma_iommu_inst/iommu_inst/match_pt_index_q[1]_i_18_n_0
    SLICE_X40Y1          LUT4 (Prop_lut4_I0_O)        0.124     6.997 f  dma_iommu_inst/iommu_inst/match_pt_index_q[1]_i_13/O
                         net (fo=2, routed)           0.507     7.504    dma_iommu_inst/iommu_inst/match_pt_index_q[1]_i_13_n_0
    SLICE_X41Y1          LUT2 (Prop_lut2_I1_O)        0.124     7.628 f  dma_iommu_inst/iommu_inst/match_pt_index_q[1]_i_6/O
                         net (fo=2, routed)           0.415     8.043    dma_iommu_inst/iommu_inst/match_pt_index_q[1]_i_6_n_0
    SLICE_X41Y0          LUT2 (Prop_lut2_I1_O)        0.124     8.167 f  dma_iommu_inst/iommu_inst/match_pt_index_q[3]_i_15/O
                         net (fo=4, routed)           0.648     8.815    dma_iommu_inst/iommu_inst/match_pt_index_q[3]_i_15_n_0
    SLICE_X41Y1          LUT4 (Prop_lut4_I0_O)        0.124     8.939 f  dma_iommu_inst/iommu_inst/match_pt_hit_q_i_6/O
                         net (fo=3, routed)           0.548     9.487    dma_iommu_inst/iommu_inst/match_pt_hit_q_i_6_n_0
    SLICE_X43Y1          LUT4 (Prop_lut4_I2_O)        0.124     9.611 f  dma_iommu_inst/iommu_inst/match_pt_hit_q_i_3/O
                         net (fo=2, routed)           0.308     9.919    dma_iommu_inst/iommu_inst/match_pt_hit_q_i_3_n_0
    SLICE_X43Y0          LUT3 (Prop_lut3_I1_O)        0.124    10.043 f  dma_iommu_inst/iommu_inst/match_pt_hit_q_i_1/O
                         net (fo=1, routed)           0.000    10.043    dma_iommu_inst/iommu_inst/pt_hit
    SLICE_X43Y0          FDCE                                         f  dma_iommu_inst/iommu_inst/match_pt_hit_q_reg/D
  -------------------------------------------------------------------    -------------------

                         (clock sys_clk rise edge)    6.667     6.667 r  
    M18                                               0.000     6.667 r  clk_i (IN)
                         net (fo=0)                   0.000     6.667    clk_i
    M18                  IBUF (Prop_ibuf_I_O)         0.805     7.472 r  clk_i_IBUF_inst/O
                         net (fo=1, routed)           1.868     9.340    clk_i_IBUF
    BUFGCTRL_X0Y0        BUFG (Prop_bufg_I_O)         0.091     9.431 r  clk_i_IBUF_BUFG_inst/O
                         net (fo=6332, routed)        1.448    10.879    dma_iommu_inst/iommu_inst/clk_i_IBUF_BUFG
    SLICE_X43Y0          FDCE                                         r  dma_iommu_inst/iommu_inst/match_pt_hit_q_reg/C
                         clock pessimism              0.336    11.215    
                         clock uncertainty           -0.135    11.080    
    SLICE_X43Y0          FDCE (Setup_fdce_C_D)        0.029    11.109    dma_iommu_inst/iommu_inst/match_pt_hit_q_reg
  -------------------------------------------------------------------
                         required time                         11.109    
                         arrival time                         -10.043    
  -------------------------------------------------------------------
                         slack                                  1.066    

Slack (MET) :             1.066ns  (required time - arrival time)
  Source:                 dma_iommu_inst/iommu_inst/req_vaddr_q_reg[14]/C
                            (rising edge-triggered cell FDCE clocked by sys_clk  {rise@0.000ns fall@3.333ns period=6.667ns})
  Destination:            dma_iommu_inst/iommu_inst/match_pt_hit_q_reg/D
                            (rising edge-triggered cell FDCE clocked by sys_clk  {rise@0.000ns fall@3.333ns period=6.667ns})
  Path Group:             sys_clk
  Path Type:              Setup (Max at Slow Process Corner)
  Requirement:            6.667ns  (sys_clk rise@6.667ns - sys_clk rise@0.000ns)
  Data Path Delay:        5.476ns  (logic 1.324ns (24.178%)  route 4.152ns (75.822%))
  Logic Levels:           7  (LUT2=2 LUT3=1 LUT4=3 LUT6=1)
  Clock Path Skew:        -0.019ns (DCD - SCD + CPR)
    Destination Clock Delay (DCD):    4.212ns = ( 10.879 - 6.667 ) 
    Source Clock Delay      (SCD):    4.567ns
    Clock Pessimism Removal (CPR):    0.336ns
  Clock Uncertainty:      0.135ns  ((TSJ^2 + TIJ^2)^1/2 + DJ) / 2 + PE + UU
    Total System Jitter     (TSJ):    0.071ns
    Total Input Jitter      (TIJ):    0.000ns
    Discrete Jitter          (DJ):    0.000ns
    Phase Error              (PE):    0.000ns
    User Uncertainty         (UU):    0.100ns

    Location             Delay type                Incr(ns)  Path(ns)    Netlist Resource(s)
  -------------------------------------------------------------------    -------------------
                         (clock sys_clk rise edge)    0.000     0.000 r  
    M18                                               0.000     0.000 r  clk_i (IN)
                         net (fo=0)                   0.000     0.000    clk_i
    M18                  IBUF (Prop_ibuf_I_O)         0.938     0.938 r  clk_i_IBUF_inst/O
                         net (fo=1, routed)           1.972     2.910    clk_i_IBUF
    BUFGCTRL_X0Y0        BUFG (Prop_bufg_I_O)         0.096     3.006 r  clk_i_IBUF_BUFG_inst/O
                         net (fo=6332, routed)        1.561     4.567    dma_iommu_inst/iommu_inst/clk_i_IBUF_BUFG
    SLICE_X41Y14         FDCE                                         r  dma_iommu_inst/iommu_inst/req_vaddr_q_reg[14]/C
  -------------------------------------------------------------------    -------------------
    SLICE_X41Y14         FDCE (Prop_fdce_C_Q)         0.456     5.023 f  dma_iommu_inst/iommu_inst/req_vaddr_q_reg[14]/Q
                         net (fo=25, routed)          1.293     6.316    dma_iommu_inst/iommu_inst/p_0_in[2]
    SLICE_X40Y1          LUT6 (Prop_lut6_I0_O)        0.124     6.440 f  dma_iommu_inst/iommu_inst/match_pt_index_q[1]_i_18/O
                         net (fo=1, routed)           0.433     6.873    dma_iommu_inst/iommu_inst/match_pt_index_q[1]_i_18_n_0
    SLICE_X40Y1          LUT4 (Prop_lut4_I0_O)        0.124     6.997 f  dma_iommu_inst/iommu_inst/match_pt_index_q[1]_i_13/O
                         net (fo=2, routed)           0.507     7.504    dma_iommu_inst/iommu_inst/match_pt_index_q[1]_i_13_n_0
    SLICE_X41Y1          LUT2 (Prop_lut2_I1_O)        0.124     7.628 f  dma_iommu_inst/iommu_inst/match_pt_index_q[1]_i_6/O
                         net (fo=2, routed)           0.415     8.043    dma_iommu_inst/iommu_inst/match_pt_index_q[1]_i_6_n_0
    SLICE_X41Y0          LUT2 (Prop_lut2_I1_O)        0.124     8.167 f  dma_iommu_inst/iommu_inst/match_pt_index_q[3]_i_15/O
                         net (fo=4, routed)           0.648     8.815    dma_iommu_inst/iommu_inst/match_pt_index_q[3]_i_15_n_0
    SLICE_X41Y1          LUT4 (Prop_lut4_I0_O)        0.124     8.939 f  dma_iommu_inst/iommu_inst/match_pt_hit_q_i_6/O
                         net (fo=3, routed)           0.548     9.487    dma_iommu_inst/iommu_inst/match_pt_hit_q_i_6_n_0
    SLICE_X43Y1          LUT4 (Prop_lut4_I2_O)        0.124     9.611 f  dma_iommu_inst/iommu_inst/match_pt_hit_q_i_3/O
                         net (fo=2, routed)           0.308     9.919    dma_iommu_inst/iommu_inst/match_pt_hit_q_i_3_n_0
    SLICE_X43Y0          LUT3 (Prop_lut3_I1_O)        0.124    10.043 f  dma_iommu_inst/iommu_inst/match_pt_hit_q_i_1/O
                         net (fo=1, routed)           0.000    10.043    dma_iommu_inst/iommu_inst/pt_hit
    SLICE_X43Y0          FDCE                                         f  dma_iommu_inst/iommu_inst/match_pt_hit_q_reg/D
  -------------------------------------------------------------------    -------------------

                         (clock sys_clk rise edge)    6.667     6.667 r  
    M18                                               0.000     6.667 r  clk_i (IN)
                         net (fo=0)                   0.000     6.667    clk_i
    M18                  IBUF (Prop_ibuf_I_O)         0.805     7.472 r  clk_i_IBUF_inst/O
                         net (fo=1, routed)           1.868     9.340    clk_i_IBUF
    BUFGCTRL_X0Y0        BUFG (Prop_bufg_I_O)         0.091     9.431 r  clk_i_IBUF_BUFG_inst/O
                         net (fo=6332, routed)        1.448    10.879    dma_iommu_inst/iommu_inst/clk_i_IBUF_BUFG
    SLICE_X43Y0          FDCE                                         r  dma_iommu_inst/iommu_inst/match_pt_hit_q_reg/C
                         clock pessimism              0.336    11.215    
                         clock uncertainty           -0.135    11.080    
    SLICE_X43Y0          FDCE (Setup_fdce_C_D)        0.029    11.109    dma_iommu_inst/iommu_inst/match_pt_hit_q_reg
  -------------------------------------------------------------------
                         required time                         11.109    
                         arrival time                         -10.043    
  -------------------------------------------------------------------
                         slack                                  1.066    

Slack (MET) :             1.152ns  (required time - arrival time)
  Source:                 dma_iommu_inst/iommu_inst/req_len_q_reg[15]/C
                            (rising edge-triggered cell FDCE clocked by sys_clk  {rise@0.000ns fall@3.333ns period=6.667ns})
  Destination:            dma_iommu_inst/iommu_inst/match_range_ok_q_reg/D
                            (rising edge-triggered cell FDCE clocked by sys_clk  {rise@0.000ns fall@3.333ns period=6.667ns})
  Path Group:             sys_clk
  Path Type:              Setup (Max at Slow Process Corner)
  Requirement:            6.667ns  (sys_clk rise@6.667ns - sys_clk rise@0.000ns)
  Data Path Delay:        5.430ns  (logic 2.551ns (46.979%)  route 2.879ns (53.021%))
  Logic Levels:           11  (CARRY4=5 LUT3=1 LUT4=2 LUT5=2 LUT6=1)
  Clock Path Skew:        -0.027ns (DCD - SCD + CPR)
    Destination Clock Delay (DCD):    4.208ns = ( 10.875 - 6.667 ) 
    Source Clock Delay      (SCD):    4.571ns
    Clock Pessimism Removal (CPR):    0.336ns
  Clock Uncertainty:      0.135ns  ((TSJ^2 + TIJ^2)^1/2 + DJ) / 2 + PE + UU
    Total System Jitter     (TSJ):    0.071ns
    Total Input Jitter      (TIJ):    0.000ns
    Discrete Jitter          (DJ):    0.000ns
    Phase Error              (PE):    0.000ns
    User Uncertainty         (UU):    0.100ns

    Location             Delay type                Incr(ns)  Path(ns)    Netlist Resource(s)
  -------------------------------------------------------------------    -------------------
                         (clock sys_clk rise edge)    0.000     0.000 r  
    M18                                               0.000     0.000 r  clk_i (IN)
                         net (fo=0)                   0.000     0.000    clk_i
    M18                  IBUF (Prop_ibuf_I_O)         0.938     0.938 r  clk_i_IBUF_inst/O
                         net (fo=1, routed)           1.972     2.910    clk_i_IBUF
    BUFGCTRL_X0Y0        BUFG (Prop_bufg_I_O)         0.096     3.006 r  clk_i_IBUF_BUFG_inst/O
                         net (fo=6332, routed)        1.565     4.571    dma_iommu_inst/iommu_inst/clk_i_IBUF_BUFG
    SLICE_X46Y10         FDCE                                         r  dma_iommu_inst/iommu_inst/req_len_q_reg[15]/C
  -------------------------------------------------------------------    -------------------
    SLICE_X46Y10         FDCE (Prop_fdce_C_Q)         0.518     5.089 r  dma_iommu_inst/iommu_inst/req_len_q_reg[15]/Q
                         net (fo=3, routed)           0.856     5.945    dma_iommu_inst/iommu_inst/req_len_q[15]
    SLICE_X46Y10         LUT4 (Prop_lut4_I0_O)        0.124     6.069 r  dma_iommu_inst/iommu_inst/match_range_ok_q_i_18/O
                         net (fo=1, routed)           0.162     6.231    dma_iommu_inst/iommu_inst/match_range_ok_q_i_18_n_0
    SLICE_X46Y10         LUT5 (Prop_lut5_I4_O)        0.124     6.355 r  dma_iommu_inst/iommu_inst/match_range_ok_q_i_7/O
                         net (fo=1, routed)           0.312     6.667    dma_iommu_inst/iommu_inst/match_range_ok_q_i_7_n_0
    SLICE_X46Y9          LUT6 (Prop_lut6_I5_O)        0.124     6.791 r  dma_iommu_inst/iommu_inst/match_range_ok_q_i_2/O
                         net (fo=4, routed)           0.428     7.219    dma_iommu_inst/iommu_inst/match_range_ok_q276_in
    SLICE_X47Y9          LUT4 (Prop_lut4_I1_O)        0.124     7.343 r  dma_iommu_inst/iommu_inst/match_range_ok_q_i_43/O
                         net (fo=1, routed)           0.000     7.343    dma_iommu_inst/iommu_inst/match_range_ok_q_i_43_n_0
    SLICE_X47Y9          CARRY4 (Prop_carry4_S[1]_CO[3])
                                                      0.550     7.893 r  dma_iommu_inst/iommu_inst/match_range_ok_q_reg_i_29/CO[3]
                         net (fo=1, routed)           0.000     7.893    dma_iommu_inst/iommu_inst/match_range_ok_q_reg_i_29_n_0
    SLICE_X47Y10         CARRY4 (Prop_carry4_CI_CO[3])
                                                      0.114     8.007 r  dma_iommu_inst/iommu_inst/match_range_ok_q_reg_i_20/CO[3]
                         net (fo=1, routed)           0.000     8.007    dma_iommu_inst/iommu_inst/match_range_ok_q_reg_i_20_n_0
    SLICE_X47Y11         CARRY4 (Prop_carry4_CI_CO[3])
                                                      0.114     8.121 r  dma_iommu_inst/iommu_inst/match_range_ok_q_reg_i_9/CO[3]
                         net (fo=1, routed)           0.000     8.121    dma_iommu_inst/iommu_inst/match_range_ok_q_reg_i_9_n_0
    SLICE_X47Y12         CARRY4 (Prop_carry4_CI_CO[3])
                                                      0.114     8.235 r  dma_iommu_inst/iommu_inst/match_range_ok_q_reg_i_5/CO[3]
                         net (fo=1, routed)           0.000     8.235    dma_iommu_inst/iommu_inst/match_range_ok_q_reg_i_5_n_0
    SLICE_X47Y13         CARRY4 (Prop_carry4_CI_O[0])
                                                      0.222     8.457 f  dma_iommu_inst/iommu_inst/match_range_ok_q_reg_i_8/O[0]
                         net (fo=1, routed)           0.514     8.972    dma_iommu_inst/iommu_inst/match_range_ok_q_reg_i_8_n_7
    SLICE_X46Y12         LUT3 (Prop_lut3_I0_O)        0.299     9.271 f  dma_iommu_inst/iommu_inst/match_range_ok_q_i_4/O
                         net (fo=1, routed)           0.606     9.877    dma_iommu_inst/iommu_inst/match_range_ok_q_i_4_n_0
    SLICE_X46Y12         LUT5 (Prop_lut5_I2_O)        0.124    10.001 r  dma_iommu_inst/iommu_inst/match_range_ok_q_i_1/O
                         net (fo=1, routed)           0.000    10.001    dma_iommu_inst/iommu_inst/range_ok
    SLICE_X46Y12         FDCE                                         r  dma_iommu_inst/iommu_inst/match_range_ok_q_reg/D
  -------------------------------------------------------------------    -------------------

                         (clock sys_clk rise edge)    6.667     6.667 r  
    M18                                               0.000     6.667 r  clk_i (IN)
                         net (fo=0)                   0.000     6.667    clk_i
    M18                  IBUF (Prop_ibuf_I_O)         0.805     7.472 r  clk_i_IBUF_inst/O
                         net (fo=1, routed)           1.868     9.340    clk_i_IBUF
    BUFGCTRL_X0Y0        BUFG (Prop_bufg_I_O)         0.091     9.431 r  clk_i_IBUF_BUFG_inst/O
                         net (fo=6332, routed)        1.444    10.875    dma_iommu_inst/iommu_inst/clk_i_IBUF_BUFG
    SLICE_X46Y12         FDCE                                         r  dma_iommu_inst/iommu_inst/match_range_ok_q_reg/C
                         clock pessimism              0.336    11.211    
                         clock uncertainty           -0.135    11.076    
    SLICE_X46Y12         FDCE (Setup_fdce_C_D)        0.077    11.153    dma_iommu_inst/iommu_inst/match_range_ok_q_reg
  -------------------------------------------------------------------
                         required time                         11.153    
                         arrival time                         -10.001    
  -------------------------------------------------------------------
                         slack                                  1.152    




