Copyright 1986-2022 Xilinx, Inc. All Rights Reserved. Copyright 2022-2025 Advanced Micro Devices, Inc. All Rights Reserved.
--------------------------------------------------------------------------------------------------------------------------------------------------
| Tool Version : Vivado v.2025.1 (win64) Build 6140274 Thu May 22 00:12:29 MDT 2025
| Date         : Tue Jul 14 16:59:43 2026
| Host         : LAPTOP-QB9V6NGP running 64-bit major release  (build 9200)
| Command      : report_timing_summary -delay_type min_max -max_paths 20 -file C:/rtl/rtl/Project_Vivado/reports/axi_gui_project/timing_route.rpt
| Design       : dma_mmu_axi_impl_top
| Device       : 7a35t-cpg236
| Speed File   : -1  PRODUCTION 1.23 2018-06-13
| Design State : Routed
--------------------------------------------------------------------------------------------------------------------------------------------------

Timing Summary Report

------------------------------------------------------------------------------------------------
| Timer Settings
| --------------
------------------------------------------------------------------------------------------------

  Enable Multi Corner Analysis               :  Yes
  Enable Pessimism Removal                   :  Yes
  Pessimism Removal Resolution               :  Nearest Common Node
  Enable Input Delay Default Clock           :  No
  Enable Preset / Clear Arcs                 :  No
  Disable Flight Delays                      :  No
  Ignore I/O Paths                           :  No
  Timing Early Launch at Borrowing Latches   :  No
  Borrow Time for Max Delay Exceptions       :  Yes
  Merge Timing Exceptions                    :  Yes
  Inter-SLR Compensation                     :  Conservative

  Corner  Analyze    Analyze    
  Name    Max Paths  Min Paths  
  ------  ---------  ---------  
  Slow    Yes        Yes        
  Fast    Yes        Yes        


------------------------------------------------------------------------------------------------
| Report Methodology
| ------------------
------------------------------------------------------------------------------------------------

Rule       Severity  Description                    Violations  
---------  --------  -----------------------------  ----------  
TIMING-18  Warning   Missing input or output delay  32          

Note: This report is based on the most recent report_methodology run and may not be up-to-date. Run report_methodology on the current design for the latest report.



check_timing report

Table of Contents
-----------------
1. checking no_clock (0)
2. checking constant_clock (0)
3. checking pulse_width_clock (0)
4. checking unconstrained_internal_endpoints (0)
5. checking no_input_delay (1)
6. checking no_output_delay (32)
7. checking multiple_clock (0)
8. checking generated_clocks (0)
9. checking loops (0)
10. checking partial_input_delay (0)
11. checking partial_output_delay (0)
12. checking latch_loops (0)

1. checking no_clock (0)
------------------------
 There are 0 register/latch pins with no clock.


2. checking constant_clock (0)
------------------------------
 There are 0 register/latch pins with constant_clock.


3. checking pulse_width_clock (0)
---------------------------------
 There are 0 register/latch pins which need pulse_width check


4. checking unconstrained_internal_endpoints (0)
------------------------------------------------
 There are 0 pins that are not constrained for maximum delay.

 There are 0 pins that are not constrained for maximum delay due to constant clock.


5. checking no_input_delay (1)
------------------------------
 There are 0 input ports with no input delay specified.

 There is 1 input port with no input delay but user has a false path constraint. (MEDIUM)


6. checking no_output_delay (32)
--------------------------------
 There are 32 ports with no output delay specified. (HIGH)

 There are 0 ports with no output delay but user has a false path constraint

 There are 0 ports with no output delay but with a timing clock defined on it or propagating through it


7. checking multiple_clock (0)
------------------------------
 There are 0 register/latch pins with multiple clocks.


8. checking generated_clocks (0)
--------------------------------
 There are 0 generated clocks that are not connected to a clock source.


9. checking loops (0)
---------------------
 There are 0 combinational loops in the design.


10. checking partial_input_delay (0)
------------------------------------
 There are 0 input ports with partial input delay specified.


11. checking partial_output_delay (0)
-------------------------------------
 There are 0 ports with partial output delay specified.


12. checking latch_loops (0)
----------------------------
 There are 0 combinational latch loops in the design through latch input



------------------------------------------------------------------------------------------------
| Design Timing Summary
| ---------------------
------------------------------------------------------------------------------------------------

    WNS(ns)      TNS(ns)  TNS Failing Endpoints  TNS Total Endpoints      WHS(ns)      THS(ns)  THS Failing Endpoints  THS Total Endpoints     WPWS(ns)     TPWS(ns)  TPWS Failing Endpoints  TPWS Total Endpoints  
    -------      -------  ---------------------  -------------------      -------      -------  ---------------------  -------------------     --------     --------  ----------------------  --------------------  
      0.055        0.000                      0                 4617        0.015        0.000                      0                 4617        2.750        0.000                       0                  2051  


All user specified timing constraints are met.


------------------------------------------------------------------------------------------------
| Clock Summary
| -------------
------------------------------------------------------------------------------------------------

Clock    Waveform(ns)         Period(ns)      Frequency(MHz)
-----    ------------         ----------      --------------
axi_clk  {0.000 4.000}        8.000           125.000         


------------------------------------------------------------------------------------------------
| Intra Clock Table
| -----------------
------------------------------------------------------------------------------------------------

Clock             WNS(ns)      TNS(ns)  TNS Failing Endpoints  TNS Total Endpoints      WHS(ns)      THS(ns)  THS Failing Endpoints  THS Total Endpoints     WPWS(ns)     TPWS(ns)  TPWS Failing Endpoints  TPWS Total Endpoints  
-----             -------      -------  ---------------------  -------------------      -------      -------  ---------------------  -------------------     --------     --------  ----------------------  --------------------  
axi_clk             0.055        0.000                      0                 4617        0.015        0.000                      0                 4617        2.750        0.000                       0                  2051  


------------------------------------------------------------------------------------------------
| Inter Clock Table
| -----------------
------------------------------------------------------------------------------------------------

From Clock    To Clock          WNS(ns)      TNS(ns)  TNS Failing Endpoints  TNS Total Endpoints      WHS(ns)      THS(ns)  THS Failing Endpoints  THS Total Endpoints  
----------    --------          -------      -------  ---------------------  -------------------      -------      -------  ---------------------  -------------------  


------------------------------------------------------------------------------------------------
| Other Path Groups Table
| -----------------------
------------------------------------------------------------------------------------------------

Path Group    From Clock    To Clock          WNS(ns)      TNS(ns)  TNS Failing Endpoints  TNS Total Endpoints      WHS(ns)      THS(ns)  THS Failing Endpoints  THS Total Endpoints  
----------    ----------    --------          -------      -------  ---------------------  -------------------      -------      -------  ---------------------  -------------------  


------------------------------------------------------------------------------------------------
| Timing Details
| --------------
------------------------------------------------------------------------------------------------


---------------------------------------------------------------------------------------------------
From Clock:  axi_clk
  To Clock:  axi_clk

Setup :            0  Failing Endpoints,  Worst Slack        0.055ns,  Total Violation        0.000ns
Hold  :            0  Failing Endpoints,  Worst Slack        0.015ns,  Total Violation        0.000ns
PW    :            0  Failing Endpoints,  Worst Slack        2.750ns,  Total Violation        0.000ns
---------------------------------------------------------------------------------------------------


Max Delay Paths
--------------------------------------------------------------------------------------
Slack (MET) :             0.055ns  (required time - arrival time)
  Source:                 core_inst/dma_wr_inst/op_word_count_reg_reg[1]/C
                            (rising edge-triggered cell FDRE clocked by axi_clk  {rise@0.000ns fall@4.000ns period=8.000ns})
  Destination:            core_inst/dma_wr_inst/output_last_cycle_reg_reg/D
                            (rising edge-triggered cell FDRE clocked by axi_clk  {rise@0.000ns fall@4.000ns period=8.000ns})
  Path Group:             axi_clk
  Path Type:              Setup (Max at Slow Process Corner)
  Requirement:            8.000ns  (axi_clk rise@8.000ns - axi_clk rise@0.000ns)
  Data Path Delay:        7.875ns  (logic 2.847ns (36.154%)  route 5.028ns (63.846%))
  Logic Levels:           10  (CARRY4=5 LUT4=1 LUT6=4)
  Clock Path Skew:        0.034ns (DCD - SCD + CPR)
    Destination Clock Delay (DCD):    4.256ns = ( 12.256 - 8.000 ) 
    Source Clock Delay      (SCD):    4.543ns
    Clock Pessimism Removal (CPR):    0.320ns
  Clock Uncertainty:      0.135ns  ((TSJ^2 + TIJ^2)^1/2 + DJ) / 2 + PE + UU
    Total System Jitter     (TSJ):    0.071ns
    Total Input Jitter      (TIJ):    0.000ns
    Discrete Jitter          (DJ):    0.000ns
    Phase Error              (PE):    0.000ns
    User Uncertainty         (UU):    0.100ns

    Location             Delay type                Incr(ns)  Path(ns)    Netlist Resource(s)
  -------------------------------------------------------------------    -------------------
                         (clock axi_clk rise edge)    0.000     0.000 r  
    M18                                               0.000     0.000 r  aclk (IN)
                         net (fo=0)                   0.000     0.000    aclk
    M18                  IBUF (Prop_ibuf_I_O)         0.938     0.938 r  aclk_IBUF_inst/O
                         net (fo=1, routed)           1.972     2.910    aclk_IBUF
    BUFGCTRL_X0Y0        BUFG (Prop_bufg_I_O)         0.096     3.006 r  aclk_IBUF_BUFG_inst/O
                         net (fo=2050, routed)        1.537     4.543    core_inst/dma_wr_inst/aclk
    SLICE_X13Y74         FDRE                                         r  core_inst/dma_wr_inst/op_word_count_reg_reg[1]/C
  -------------------------------------------------------------------    -------------------
    SLICE_X13Y74         FDRE (Prop_fdre_C_Q)         0.456     4.999 r  core_inst/dma_wr_inst/op_word_count_reg_reg[1]/Q
                         net (fo=9, routed)           0.916     5.914    core_inst/dma_wr_inst/op_word_count_reg__0[1]
    SLICE_X12Y74         LUT4 (Prop_lut4_I3_O)        0.124     6.038 r  core_inst/dma_wr_inst/m_axi_awlen_reg[7]_i_39/O
                         net (fo=1, routed)           0.000     6.038    core_inst/dma_wr_inst/m_axi_awlen_reg[7]_i_39_n_0
    SLICE_X12Y74         CARRY4 (Prop_carry4_S[0]_CO[3])
                                                      0.513     6.551 r  core_inst/dma_wr_inst/m_axi_awlen_reg_reg[7]_i_21/CO[3]
                         net (fo=1, routed)           0.009     6.560    core_inst/dma_wr_inst/m_axi_awlen_reg_reg[7]_i_21_n_0
    SLICE_X12Y75         CARRY4 (Prop_carry4_CI_CO[3])
                                                      0.117     6.677 r  core_inst/dma_wr_inst/m_axi_awlen_reg_reg[7]_i_14/CO[3]
                         net (fo=15, routed)          0.922     7.600    core_inst/dma_wr_inst/tr_word_count_next12_in
    SLICE_X8Y76          LUT6 (Prop_lut6_I4_O)        0.124     7.724 r  core_inst/dma_wr_inst/m_axi_awlen_reg[7]_i_11/O
                         net (fo=42, routed)          0.981     8.705    core_inst/dma_wr_inst/m_axi_awlen_reg[7]_i_11_n_0
    SLICE_X7Y72          LUT6 (Prop_lut6_I3_O)        0.124     8.829 r  core_inst/dma_wr_inst/m_axi_awlen_reg[2]_i_6/O
                         net (fo=3, routed)           0.696     9.525    core_inst/dma_wr_inst/tr_word_count_next[1]
    SLICE_X8Y72          CARRY4 (Prop_carry4_DI[0]_CO[3])
                                                      0.621    10.146 r  core_inst/dma_wr_inst/m_axi_awlen_reg_reg[2]_i_1/CO[3]
                         net (fo=1, routed)           0.000    10.146    core_inst/dma_wr_inst/m_axi_awlen_reg_reg[2]_i_1_n_0
    SLICE_X8Y73          CARRY4 (Prop_carry4_CI_CO[3])
                                                      0.117    10.263 r  core_inst/dma_wr_inst/m_axi_awlen_reg_reg[6]_i_1/CO[3]
                         net (fo=1, routed)           0.000    10.263    core_inst/dma_wr_inst/m_axi_awlen_reg_reg[6]_i_1_n_0
    SLICE_X8Y74          CARRY4 (Prop_carry4_CI_O[0])
                                                      0.232    10.495 f  core_inst/dma_wr_inst/m_axi_awlen_reg_reg[7]_i_1/O[0]
                         net (fo=4, routed)           1.204    11.699    core_inst/dma_wr_inst/m_axi_awlen_reg1[9]
    SLICE_X4Y73          LUT6 (Prop_lut6_I0_O)        0.295    11.994 r  core_inst/dma_wr_inst/output_last_cycle_reg_i_2__1/O
                         net (fo=1, routed)           0.299    12.293    core_inst/dma_wr_inst/output_last_cycle_reg_i_2__1_n_0
    SLICE_X4Y72          LUT6 (Prop_lut6_I0_O)        0.124    12.417 r  core_inst/dma_wr_inst/output_last_cycle_reg_i_1__1/O
                         net (fo=1, routed)           0.000    12.417    core_inst/dma_wr_inst/output_last_cycle_reg_i_1__1_n_0
    SLICE_X4Y72          FDRE                                         r  core_inst/dma_wr_inst/output_last_cycle_reg_reg/D
  -------------------------------------------------------------------    -------------------

                         (clock axi_clk rise edge)    8.000     8.000 r  
    M18                                               0.000     8.000 r  aclk (IN)
                         net (fo=0)                   0.000     8.000    aclk
    M18                  IBUF (Prop_ibuf_I_O)         0.805     8.805 r  aclk_IBUF_inst/O
                         net (fo=1, routed)           1.868    10.673    aclk_IBUF
    BUFGCTRL_X0Y0        BUFG (Prop_bufg_I_O)         0.091    10.764 r  aclk_IBUF_BUFG_inst/O
                         net (fo=2050, routed)        1.493    12.256    core_inst/dma_wr_inst/aclk
    SLICE_X4Y72          FDRE                                         r  core_inst/dma_wr_inst/output_last_cycle_reg_reg/C
                         clock pessimism              0.320    12.577    
                         clock uncertainty           -0.135    12.441    
    SLICE_X4Y72          FDRE (Setup_fdre_C_D)        0.031    12.472    core_inst/dma_wr_inst/output_last_cycle_reg_reg
  -------------------------------------------------------------------
                         required time                         12.472    
                         arrival time                         -12.417    
  -------------------------------------------------------------------
                         slack                                  0.055    

Slack (MET) :             0.093ns  (required time - arrival time)
  Source:                 core_inst/dma_wr_inst/op_word_count_reg_reg[1]/C
                            (rising edge-triggered cell FDRE clocked by axi_clk  {rise@0.000ns fall@4.000ns period=8.000ns})
  Destination:            core_inst/dma_wr_inst/output_cycle_count_reg_reg[11]/S
                            (rising edge-triggered cell FDSE clocked by axi_clk  {rise@0.000ns fall@4.000ns period=8.000ns})
  Path Group:             axi_clk
  Path Type:              Setup (Max at Slow Process Corner)
  Requirement:            8.000ns  (axi_clk rise@8.000ns - axi_clk rise@0.000ns)
  Data Path Delay:        7.376ns  (logic 2.934ns (39.778%)  route 4.442ns (60.222%))
  Logic Levels:           10  (CARRY4=6 LUT4=2 LUT6=2)
  Clock Path Skew:        0.033ns (DCD - SCD + CPR)
    Destination Clock Delay (DCD):    4.255ns = ( 12.255 - 8.000 ) 
    Source Clock Delay      (SCD):    4.543ns
    Clock Pessimism Removal (CPR):    0.320ns
  Clock Uncertainty:      0.135ns  ((TSJ^2 + TIJ^2)^1/2 + DJ) / 2 + PE + UU
    Total System Jitter     (TSJ):    0.071ns
    Total Input Jitter      (TIJ):    0.000ns
    Discrete Jitter          (DJ):    0.000ns
    Phase Error              (PE):    0.000ns
    User Uncertainty         (UU):    0.100ns

    Location             Delay type                Incr(ns)  Path(ns)    Netlist Resource(s)
  -------------------------------------------------------------------    -------------------
                         (clock axi_clk rise edge)    0.000     0.000 r  
    M18                                               0.000     0.000 r  aclk (IN)
                         net (fo=0)                   0.000     0.000    aclk
    M18                  IBUF (Prop_ibuf_I_O)         0.938     0.938 r  aclk_IBUF_inst/O
                         net (fo=1, routed)           1.972     2.910    aclk_IBUF
    BUFGCTRL_X0Y0        BUFG (Prop_bufg_I_O)         0.096     3.006 r  aclk_IBUF_BUFG_inst/O
                         net (fo=2050, routed)        1.537     4.543    core_inst/dma_wr_inst/aclk
    SLICE_X13Y74         FDRE                                         r  core_inst/dma_wr_inst/op_word_count_reg_reg[1]/C
  -------------------------------------------------------------------    -------------------
    SLICE_X13Y74         FDRE (Prop_fdre_C_Q)         0.456     4.999 r  core_inst/dma_wr_inst/op_word_count_reg_reg[1]/Q
                         net (fo=9, routed)           0.916     5.914    core_inst/dma_wr_inst/op_word_count_reg__0[1]
    SLICE_X12Y74         LUT4 (Prop_lut4_I3_O)        0.124     6.038 r  core_inst/dma_wr_inst/m_axi_awlen_reg[7]_i_39/O
                         net (fo=1, routed)           0.000     6.038    core_inst/dma_wr_inst/m_axi_awlen_reg[7]_i_39_n_0
    SLICE_X12Y74         CARRY4 (Prop_carry4_S[0]_CO[3])
                                                      0.513     6.551 r  core_inst/dma_wr_inst/m_axi_awlen_reg_reg[7]_i_21/CO[3]
                         net (fo=1, routed)           0.009     6.560    core_inst/dma_wr_inst/m_axi_awlen_reg_reg[7]_i_21_n_0
    SLICE_X12Y75         CARRY4 (Prop_carry4_CI_CO[3])
                                                      0.117     6.677 r  core_inst/dma_wr_inst/m_axi_awlen_reg_reg[7]_i_14/CO[3]
                         net (fo=15, routed)          0.922     7.600    core_inst/dma_wr_inst/tr_word_count_next12_in
    SLICE_X8Y76          LUT6 (Prop_lut6_I4_O)        0.124     7.724 r  core_inst/dma_wr_inst/m_axi_awlen_reg[7]_i_11/O
                         net (fo=42, routed)          0.981     8.705    core_inst/dma_wr_inst/m_axi_awlen_reg[7]_i_11_n_0
    SLICE_X7Y72          LUT6 (Prop_lut6_I3_O)        0.124     8.829 r  core_inst/dma_wr_inst/m_axi_awlen_reg[2]_i_6/O
                         net (fo=3, routed)           0.696     9.525    core_inst/dma_wr_inst/tr_word_count_next[1]
    SLICE_X8Y72          CARRY4 (Prop_carry4_DI[0]_CO[3])
                                                      0.621    10.146 r  core_inst/dma_wr_inst/m_axi_awlen_reg_reg[2]_i_1/CO[3]
                         net (fo=1, routed)           0.000    10.146    core_inst/dma_wr_inst/m_axi_awlen_reg_reg[2]_i_1_n_0
    SLICE_X8Y73          CARRY4 (Prop_carry4_CI_CO[3])
                                                      0.117    10.263 r  core_inst/dma_wr_inst/m_axi_awlen_reg_reg[6]_i_1/CO[3]
                         net (fo=1, routed)           0.000    10.263    core_inst/dma_wr_inst/m_axi_awlen_reg_reg[6]_i_1_n_0
    SLICE_X8Y74          CARRY4 (Prop_carry4_CI_CO[3])
                                                      0.117    10.380 r  core_inst/dma_wr_inst/m_axi_awlen_reg_reg[7]_i_1/CO[3]
                         net (fo=1, routed)           0.009    10.389    core_inst/dma_wr_inst/m_axi_awlen_reg_reg[7]_i_1_n_0
    SLICE_X8Y75          CARRY4 (Prop_carry4_CI_CO[0])
                                                      0.254    10.643 f  core_inst/dma_wr_inst/input_cycle_count_reg_reg[14]_i_2/CO[0]
                         net (fo=6, routed)           0.569    11.212    core_inst/dma_wr_inst/input_cycle_count_reg_reg[14]_i_2_n_3
    SLICE_X6Y75          LUT4 (Prop_lut4_I3_O)        0.367    11.579 r  core_inst/dma_wr_inst/output_cycle_count_reg[14]_i_1__1/O
                         net (fo=4, routed)           0.339    11.918    core_inst/dma_wr_inst/output_cycle_count_reg[14]_i_1__1_n_0
    SLICE_X7Y76          FDSE                                         r  core_inst/dma_wr_inst/output_cycle_count_reg_reg[11]/S
  -------------------------------------------------------------------    -------------------

                         (clock axi_clk rise edge)    8.000     8.000 r  
    M18                                               0.000     8.000 r  aclk (IN)
                         net (fo=0)                   0.000     8.000    aclk
    M18                  IBUF (Prop_ibuf_I_O)         0.805     8.805 r  aclk_IBUF_inst/O
                         net (fo=1, routed)           1.868    10.673    aclk_IBUF
    BUFGCTRL_X0Y0        BUFG (Prop_bufg_I_O)         0.091    10.764 r  aclk_IBUF_BUFG_inst/O
                         net (fo=2050, routed)        1.492    12.255    core_inst/dma_wr_inst/aclk
    SLICE_X7Y76          FDSE                                         r  core_inst/dma_wr_inst/output_cycle_count_reg_reg[11]/C
                         clock pessimism              0.320    12.576    
                         clock uncertainty           -0.135    12.440    
    SLICE_X7Y76          FDSE (Setup_fdse_C_S)       -0.429    12.011    core_inst/dma_wr_inst/output_cycle_count_reg_reg[11]
  -------------------------------------------------------------------
                         required time                         12.011    
                         arrival time                         -11.918    
  -------------------------------------------------------------------
                         slack                                  0.093    

Slack (MET) :             0.093ns  (required time - arrival time)
  Source:                 core_inst/dma_wr_inst/op_word_count_reg_reg[1]/C
                            (rising edge-triggered cell FDRE clocked by axi_clk  {rise@0.000ns fall@4.000ns period=8.000ns})
  Destination:            core_inst/dma_wr_inst/output_cycle_count_reg_reg[12]/S
                            (rising edge-triggered cell FDSE clocked by axi_clk  {rise@0.000ns fall@4.000ns period=8.000ns})
  Path Group:             axi_clk
  Path Type:              Setup (Max at Slow Process Corner)
  Requirement:            8.000ns  (axi_clk rise@8.000ns - axi_clk rise@0.000ns)
  Data Path Delay:        7.376ns  (logic 2.934ns (39.778%)  route 4.442ns (60.222%))
  Logic Levels:           10  (CARRY4=6 LUT4=2 LUT6=2)
  Clock Path Skew:        0.033ns (DCD - SCD + CPR)
    Destination Clock Delay (DCD):    4.255ns = ( 12.255 - 8.000 ) 
    Source Clock Delay      (SCD):    4.543ns
    Clock Pessimism Removal (CPR):    0.320ns
  Clock Uncertainty:      0.135ns  ((TSJ^2 + TIJ^2)^1/2 + DJ) / 2 + PE + UU
    Total System Jitter     (TSJ):    0.071ns
    Total Input Jitter      (TIJ):    0.000ns
    Discrete Jitter          (DJ):    0.000ns
    Phase Error              (PE):    0.000ns
    User Uncertainty         (UU):    0.100ns

    Location             Delay type                Incr(ns)  Path(ns)    Netlist Resource(s)
  -------------------------------------------------------------------    -------------------
                         (clock axi_clk rise edge)    0.000     0.000 r  
    M18                                               0.000     0.000 r  aclk (IN)
                         net (fo=0)                   0.000     0.000    aclk
    M18                  IBUF (Prop_ibuf_I_O)         0.938     0.938 r  aclk_IBUF_inst/O
                         net (fo=1, routed)           1.972     2.910    aclk_IBUF
    BUFGCTRL_X0Y0        BUFG (Prop_bufg_I_O)         0.096     3.006 r  aclk_IBUF_BUFG_inst/O
                         net (fo=2050, routed)        1.537     4.543    core_inst/dma_wr_inst/aclk
    SLICE_X13Y74         FDRE                                         r  core_inst/dma_wr_inst/op_word_count_reg_reg[1]/C
  -------------------------------------------------------------------    -------------------
    SLICE_X13Y74         FDRE (Prop_fdre_C_Q)         0.456     4.999 r  core_inst/dma_wr_inst/op_word_count_reg_reg[1]/Q
                         net (fo=9, routed)           0.916     5.914    core_inst/dma_wr_inst/op_word_count_reg__0[1]
    SLICE_X12Y74         LUT4 (Prop_lut4_I3_O)        0.124     6.038 r  core_inst/dma_wr_inst/m_axi_awlen_reg[7]_i_39/O
                         net (fo=1, routed)           0.000     6.038    core_inst/dma_wr_inst/m_axi_awlen_reg[7]_i_39_n_0
    SLICE_X12Y74         CARRY4 (Prop_carry4_S[0]_CO[3])
                                                      0.513     6.551 r  core_inst/dma_wr_inst/m_axi_awlen_reg_reg[7]_i_21/CO[3]
                         net (fo=1, routed)           0.009     6.560    core_inst/dma_wr_inst/m_axi_awlen_reg_reg[7]_i_21_n_0
    SLICE_X12Y75         CARRY4 (Prop_carry4_CI_CO[3])
                                                      0.117     6.677 r  core_inst/dma_wr_inst/m_axi_awlen_reg_reg[7]_i_14/CO[3]
                         net (fo=15, routed)          0.922     7.600    core_inst/dma_wr_inst/tr_word_count_next12_in
    SLICE_X8Y76          LUT6 (Prop_lut6_I4_O)        0.124     7.724 r  core_inst/dma_wr_inst/m_axi_awlen_reg[7]_i_11/O
                         net (fo=42, routed)          0.981     8.705    core_inst/dma_wr_inst/m_axi_awlen_reg[7]_i_11_n_0
    SLICE_X7Y72          LUT6 (Prop_lut6_I3_O)        0.124     8.829 r  core_inst/dma_wr_inst/m_axi_awlen_reg[2]_i_6/O
                         net (fo=3, routed)           0.696     9.525    core_inst/dma_wr_inst/tr_word_count_next[1]
    SLICE_X8Y72          CARRY4 (Prop_carry4_DI[0]_CO[3])
                                                      0.621    10.146 r  core_inst/dma_wr_inst/m_axi_awlen_reg_reg[2]_i_1/CO[3]
                         net (fo=1, routed)           0.000    10.146    core_inst/dma_wr_inst/m_axi_awlen_reg_reg[2]_i_1_n_0
    SLICE_X8Y73          CARRY4 (Prop_carry4_CI_CO[3])
                                                      0.117    10.263 r  core_inst/dma_wr_inst/m_axi_awlen_reg_reg[6]_i_1/CO[3]
                         net (fo=1, routed)           0.000    10.263    core_inst/dma_wr_inst/m_axi_awlen_reg_reg[6]_i_1_n_0
    SLICE_X8Y74          CARRY4 (Prop_carry4_CI_CO[3])
                                                      0.117    10.380 r  core_inst/dma_wr_inst/m_axi_awlen_reg_reg[7]_i_1/CO[3]
                         net (fo=1, routed)           0.009    10.389    core_inst/dma_wr_inst/m_axi_awlen_reg_reg[7]_i_1_n_0
    SLICE_X8Y75          CARRY4 (Prop_carry4_CI_CO[0])
                                                      0.254    10.643 f  core_inst/dma_wr_inst/input_cycle_count_reg_reg[14]_i_2/CO[0]
                         net (fo=6, routed)           0.569    11.212    core_inst/dma_wr_inst/input_cycle_count_reg_reg[14]_i_2_n_3
    SLICE_X6Y75          LUT4 (Prop_lut4_I3_O)        0.367    11.579 r  core_inst/dma_wr_inst/output_cycle_count_reg[14]_i_1__1/O
                         net (fo=4, routed)           0.339    11.918    core_inst/dma_wr_inst/output_cycle_count_reg[14]_i_1__1_n_0
    SLICE_X7Y76          FDSE                                         r  core_inst/dma_wr_inst/output_cycle_count_reg_reg[12]/S
  -------------------------------------------------------------------    -------------------

                         (clock axi_clk rise edge)    8.000     8.000 r  
    M18                                               0.000     8.000 r  aclk (IN)
                         net (fo=0)                   0.000     8.000    aclk
    M18                  IBUF (Prop_ibuf_I_O)         0.805     8.805 r  aclk_IBUF_inst/O
                         net (fo=1, routed)           1.868    10.673    aclk_IBUF
    BUFGCTRL_X0Y0        BUFG (Prop_bufg_I_O)         0.091    10.764 r  aclk_IBUF_BUFG_inst/O
                         net (fo=2050, routed)        1.492    12.255    core_inst/dma_wr_inst/aclk
    SLICE_X7Y76          FDSE                                         r  core_inst/dma_wr_inst/output_cycle_count_reg_reg[12]/C
                         clock pessimism              0.320    12.576    
                         clock uncertainty           -0.135    12.440    
    SLICE_X7Y76          FDSE (Setup_fdse_C_S)       -0.429    12.011    core_inst/dma_wr_inst/output_cycle_count_reg_reg[12]
  -------------------------------------------------------------------
                         required time                         12.011    
                         arrival time                         -11.918    
  -------------------------------------------------------------------
                         slack                                  0.093    

Slack (MET) :             0.093ns  (required time - arrival time)
  Source:                 core_inst/dma_wr_inst/op_word_count_reg_reg[1]/C
                            (rising edge-triggered cell FDRE clocked by axi_clk  {rise@0.000ns fall@4.000ns period=8.000ns})
  Destination:            core_inst/dma_wr_inst/output_cycle_count_reg_reg[13]/S
                            (rising edge-triggered cell FDSE clocked by axi_clk  {rise@0.000ns fall@4.000ns period=8.000ns})
  Path Group:             axi_clk
  Path Type:              Setup (Max at Slow Process Corner)
  Requirement:            8.000ns  (axi_clk rise@8.000ns - axi_clk rise@0.000ns)
  Data Path Delay:        7.376ns  (logic 2.934ns (39.778%)  route 4.442ns (60.222%))
  Logic Levels:           10  (CARRY4=6 LUT4=2 LUT6=2)
  Clock Path Skew:        0.033ns (DCD - SCD + CPR)
    Destination Clock Delay (DCD):    4.255ns = ( 12.255 - 8.000 ) 
    Source Clock Delay      (SCD):    4.543ns
    Clock Pessimism Removal (CPR):    0.320ns
  Clock Uncertainty:      0.135ns  ((TSJ^2 + TIJ^2)^1/2 + DJ) / 2 + PE + UU
    Total System Jitter     (TSJ):    0.071ns
    Total Input Jitter      (TIJ):    0.000ns
    Discrete Jitter          (DJ):    0.000ns
    Phase Error              (PE):    0.000ns
    User Uncertainty         (UU):    0.100ns

    Location             Delay type                Incr(ns)  Path(ns)    Netlist Resource(s)
  -------------------------------------------------------------------    -------------------
                         (clock axi_clk rise edge)    0.000     0.000 r  
    M18                                               0.000     0.000 r  aclk (IN)
                         net (fo=0)                   0.000     0.000    aclk
    M18                  IBUF (Prop_ibuf_I_O)         0.938     0.938 r  aclk_IBUF_inst/O
                         net (fo=1, routed)           1.972     2.910    aclk_IBUF
    BUFGCTRL_X0Y0        BUFG (Prop_bufg_I_O)         0.096     3.006 r  aclk_IBUF_BUFG_inst/O
                         net (fo=2050, routed)        1.537     4.543    core_inst/dma_wr_inst/aclk
    SLICE_X13Y74         FDRE                                         r  core_inst/dma_wr_inst/op_word_count_reg_reg[1]/C
  -------------------------------------------------------------------    -------------------
    SLICE_X13Y74         FDRE (Prop_fdre_C_Q)         0.456     4.999 r  core_inst/dma_wr_inst/op_word_count_reg_reg[1]/Q
                         net (fo=9, routed)           0.916     5.914    core_inst/dma_wr_inst/op_word_count_reg__0[1]
    SLICE_X12Y74         LUT4 (Prop_lut4_I3_O)        0.124     6.038 r  core_inst/dma_wr_inst/m_axi_awlen_reg[7]_i_39/O
                         net (fo=1, routed)           0.000     6.038    core_inst/dma_wr_inst/m_axi_awlen_reg[7]_i_39_n_0
    SLICE_X12Y74         CARRY4 (Prop_carry4_S[0]_CO[3])
                                                      0.513     6.551 r  core_inst/dma_wr_inst/m_axi_awlen_reg_reg[7]_i_21/CO[3]
                         net (fo=1, routed)           0.009     6.560    core_inst/dma_wr_inst/m_axi_awlen_reg_reg[7]_i_21_n_0
    SLICE_X12Y75         CARRY4 (Prop_carry4_CI_CO[3])
                                                      0.117     6.677 r  core_inst/dma_wr_inst/m_axi_awlen_reg_reg[7]_i_14/CO[3]
                         net (fo=15, routed)          0.922     7.600    core_inst/dma_wr_inst/tr_word_count_next12_in
    SLICE_X8Y76          LUT6 (Prop_lut6_I4_O)        0.124     7.724 r  core_inst/dma_wr_inst/m_axi_awlen_reg[7]_i_11/O
                         net (fo=42, routed)          0.981     8.705    core_inst/dma_wr_inst/m_axi_awlen_reg[7]_i_11_n_0
    SLICE_X7Y72          LUT6 (Prop_lut6_I3_O)        0.124     8.829 r  core_inst/dma_wr_inst/m_axi_awlen_reg[2]_i_6/O
                         net (fo=3, routed)           0.696     9.525    core_inst/dma_wr_inst/tr_word_count_next[1]
    SLICE_X8Y72          CARRY4 (Prop_carry4_DI[0]_CO[3])
                                                      0.621    10.146 r  core_inst/dma_wr_inst/m_axi_awlen_reg_reg[2]_i_1/CO[3]
                         net (fo=1, routed)           0.000    10.146    core_inst/dma_wr_inst/m_axi_awlen_reg_reg[2]_i_1_n_0
    SLICE_X8Y73          CARRY4 (Prop_carry4_CI_CO[3])
                                                      0.117    10.263 r  core_inst/dma_wr_inst/m_axi_awlen_reg_reg[6]_i_1/CO[3]
                         net (fo=1, routed)           0.000    10.263    core_inst/dma_wr_inst/m_axi_awlen_reg_reg[6]_i_1_n_0
    SLICE_X8Y74          CARRY4 (Prop_carry4_CI_CO[3])
                                                      0.117    10.380 r  core_inst/dma_wr_inst/m_axi_awlen_reg_reg[7]_i_1/CO[3]
                         net (fo=1, routed)           0.009    10.389    core_inst/dma_wr_inst/m_axi_awlen_reg_reg[7]_i_1_n_0
    SLICE_X8Y75          CARRY4 (Prop_carry4_CI_CO[0])
                                                      0.254    10.643 f  core_inst/dma_wr_inst/input_cycle_count_reg_reg[14]_i_2/CO[0]
                         net (fo=6, routed)           0.569    11.212    core_inst/dma_wr_inst/input_cycle_count_reg_reg[14]_i_2_n_3
    SLICE_X6Y75          LUT4 (Prop_lut4_I3_O)        0.367    11.579 r  core_inst/dma_wr_inst/output_cycle_count_reg[14]_i_1__1/O
                         net (fo=4, routed)           0.339    11.918    core_inst/dma_wr_inst/output_cycle_count_reg[14]_i_1__1_n_0
    SLICE_X7Y76          FDSE                                         r  core_inst/dma_wr_inst/output_cycle_count_reg_reg[13]/S
  -------------------------------------------------------------------    -------------------

                         (clock axi_clk rise edge)    8.000     8.000 r  
    M18                                               0.000     8.000 r  aclk (IN)
                         net (fo=0)                   0.000     8.000    aclk
    M18                  IBUF (Prop_ibuf_I_O)         0.805     8.805 r  aclk_IBUF_inst/O
                         net (fo=1, routed)           1.868    10.673    aclk_IBUF
    BUFGCTRL_X0Y0        BUFG (Prop_bufg_I_O)         0.091    10.764 r  aclk_IBUF_BUFG_inst/O
                         net (fo=2050, routed)        1.492    12.255    core_inst/dma_wr_inst/aclk
    SLICE_X7Y76          FDSE                                         r  core_inst/dma_wr_inst/output_cycle_count_reg_reg[13]/C
                         clock pessimism              0.320    12.576    
                         clock uncertainty           -0.135    12.440    
    SLICE_X7Y76          FDSE (Setup_fdse_C_S)       -0.429    12.011    core_inst/dma_wr_inst/output_cycle_count_reg_reg[13]
  -------------------------------------------------------------------
                         required time                         12.011    
                         arrival time                         -11.918    
  -------------------------------------------------------------------
                         slack                                  0.093    

Slack (MET) :             0.093ns  (required time - arrival time)
  Source:                 core_inst/dma_wr_inst/op_word_count_reg_reg[1]/C
                            (rising edge-triggered cell FDRE clocked by axi_clk  {rise@0.000ns fall@4.000ns period=8.000ns})
  Destination:            core_inst/dma_wr_inst/output_cycle_count_reg_reg[14]/S
                            (rising edge-triggered cell FDSE clocked by axi_clk  {rise@0.000ns fall@4.000ns period=8.000ns})
  Path Group:             axi_clk
  Path Type:              Setup (Max at Slow Process Corner)
  Requirement:            8.000ns  (axi_clk rise@8.000ns - axi_clk rise@0.000ns)
  Data Path Delay:        7.376ns  (logic 2.934ns (39.778%)  route 4.442ns (60.222%))
  Logic Levels:           10  (CARRY4=6 LUT4=2 LUT6=2)
  Clock Path Skew:        0.033ns (DCD - SCD + CPR)
    Destination Clock Delay (DCD):    4.255ns = ( 12.255 - 8.000 ) 
    Source Clock Delay      (SCD):    4.543ns
    Clock Pessimism Removal (CPR):    0.320ns
  Clock Uncertainty:      0.135ns  ((TSJ^2 + TIJ^2)^1/2 + DJ) / 2 + PE + UU
    Total System Jitter     (TSJ):    0.071ns
    Total Input Jitter      (TIJ):    0.000ns
    Discrete Jitter          (DJ):    0.000ns
    Phase Error              (PE):    0.000ns
    User Uncertainty         (UU):    0.100ns

    Location             Delay type                Incr(ns)  Path(ns)    Netlist Resource(s)
  -------------------------------------------------------------------    -------------------
                         (clock axi_clk rise edge)    0.000     0.000 r  
    M18                                               0.000     0.000 r  aclk (IN)
                         net (fo=0)                   0.000     0.000    aclk
    M18                  IBUF (Prop_ibuf_I_O)         0.938     0.938 r  aclk_IBUF_inst/O
                         net (fo=1, routed)           1.972     2.910    aclk_IBUF
    BUFGCTRL_X0Y0        BUFG (Prop_bufg_I_O)         0.096     3.006 r  aclk_IBUF_BUFG_inst/O
                         net (fo=2050, routed)        1.537     4.543    core_inst/dma_wr_inst/aclk
    SLICE_X13Y74         FDRE                                         r  core_inst/dma_wr_inst/op_word_count_reg_reg[1]/C
  -------------------------------------------------------------------    -------------------
    SLICE_X13Y74         FDRE (Prop_fdre_C_Q)         0.456     4.999 r  core_inst/dma_wr_inst/op_word_count_reg_reg[1]/Q
                         net (fo=9, routed)           0.916     5.914    core_inst/dma_wr_inst/op_word_count_reg__0[1]
    SLICE_X12Y74         LUT4 (Prop_lut4_I3_O)        0.124     6.038 r  core_inst/dma_wr_inst/m_axi_awlen_reg[7]_i_39/O
                         net (fo=1, routed)           0.000     6.038    core_inst/dma_wr_inst/m_axi_awlen_reg[7]_i_39_n_0
    SLICE_X12Y74         CARRY4 (Prop_carry4_S[0]_CO[3])
                                                      0.513     6.551 r  core_inst/dma_wr_inst/m_axi_awlen_reg_reg[7]_i_21/CO[3]
                         net (fo=1, routed)           0.009     6.560    core_inst/dma_wr_inst/m_axi_awlen_reg_reg[7]_i_21_n_0
    SLICE_X12Y75         CARRY4 (Prop_carry4_CI_CO[3])
                                                      0.117     6.677 r  core_inst/dma_wr_inst/m_axi_awlen_reg_reg[7]_i_14/CO[3]
                         net (fo=15, routed)          0.922     7.600    core_inst/dma_wr_inst/tr_word_count_next12_in
    SLICE_X8Y76          LUT6 (Prop_lut6_I4_O)        0.124     7.724 r  core_inst/dma_wr_inst/m_axi_awlen_reg[7]_i_11/O
                         net (fo=42, routed)          0.981     8.705    core_inst/dma_wr_inst/m_axi_awlen_reg[7]_i_11_n_0
    SLICE_X7Y72          LUT6 (Prop_lut6_I3_O)        0.124     8.829 r  core_inst/dma_wr_inst/m_axi_awlen_reg[2]_i_6/O
                         net (fo=3, routed)           0.696     9.525    core_inst/dma_wr_inst/tr_word_count_next[1]
    SLICE_X8Y72          CARRY4 (Prop_carry4_DI[0]_CO[3])
                                                      0.621    10.146 r  core_inst/dma_wr_inst/m_axi_awlen_reg_reg[2]_i_1/CO[3]
                         net (fo=1, routed)           0.000    10.146    core_inst/dma_wr_inst/m_axi_awlen_reg_reg[2]_i_1_n_0
    SLICE_X8Y73          CARRY4 (Prop_carry4_CI_CO[3])
                                                      0.117    10.263 r  core_inst/dma_wr_inst/m_axi_awlen_reg_reg[6]_i_1/CO[3]
                         net (fo=1, routed)           0.000    10.263    core_inst/dma_wr_inst/m_axi_awlen_reg_reg[6]_i_1_n_0
    SLICE_X8Y74          CARRY4 (Prop_carry4_CI_CO[3])
                                                      0.117    10.380 r  core_inst/dma_wr_inst/m_axi_awlen_reg_reg[7]_i_1/CO[3]
                         net (fo=1, routed)           0.009    10.389    core_inst/dma_wr_inst/m_axi_awlen_reg_reg[7]_i_1_n_0
    SLICE_X8Y75          CARRY4 (Prop_carry4_CI_CO[0])
                                                      0.254    10.643 f  core_inst/dma_wr_inst/input_cycle_count_reg_reg[14]_i_2/CO[0]
                         net (fo=6, routed)           0.569    11.212    core_inst/dma_wr_inst/input_cycle_count_reg_reg[14]_i_2_n_3
    SLICE_X6Y75          LUT4 (Prop_lut4_I3_O)        0.367    11.579 r  core_inst/dma_wr_inst/output_cycle_count_reg[14]_i_1__1/O
                         net (fo=4, routed)           0.339    11.918    core_inst/dma_wr_inst/output_cycle_count_reg[14]_i_1__1_n_0
    SLICE_X7Y76          FDSE                                         r  core_inst/dma_wr_inst/output_cycle_count_reg_reg[14]/S
  -------------------------------------------------------------------    -------------------

                         (clock axi_clk rise edge)    8.000     8.000 r  
    M18                                               0.000     8.000 r  aclk (IN)
                         net (fo=0)                   0.000     8.000    aclk
    M18                  IBUF (Prop_ibuf_I_O)         0.805     8.805 r  aclk_IBUF_inst/O
                         net (fo=1, routed)           1.868    10.673    aclk_IBUF
    BUFGCTRL_X0Y0        BUFG (Prop_bufg_I_O)         0.091    10.764 r  aclk_IBUF_BUFG_inst/O
                         net (fo=2050, routed)        1.492    12.255    core_inst/dma_wr_inst/aclk
    SLICE_X7Y76          FDSE                                         r  core_inst/dma_wr_inst/output_cycle_count_reg_reg[14]/C
                         clock pessimism              0.320    12.576    
                         clock uncertainty           -0.135    12.440    
    SLICE_X7Y76          FDSE (Setup_fdse_C_S)       -0.429    12.011    core_inst/dma_wr_inst/output_cycle_count_reg_reg[14]
  -------------------------------------------------------------------
                         required time                         12.011    
                         arrival time                         -11.918    
  -------------------------------------------------------------------
                         slack                                  0.093    

Slack (MET) :             0.097ns  (required time - arrival time)
  Source:                 core_inst/iommu_inst/pt_valid_q_reg[4]/C
                            (rising edge-triggered cell FDCE clocked by axi_clk  {rise@0.000ns fall@4.000ns period=8.000ns})
  Destination:            core_inst/iommu_inst/tlb_ppn_q_reg[1][2]/D
                            (rising edge-triggered cell FDCE clocked by axi_clk  {rise@0.000ns fall@4.000ns period=8.000ns})
  Path Group:             axi_clk
  Path Type:              Setup (Max at Slow Process Corner)
  Requirement:            8.000ns  (axi_clk rise@8.000ns - axi_clk rise@0.000ns)
  Data Path Delay:        7.661ns  (logic 1.520ns (19.840%)  route 6.141ns (80.160%))
  Logic Levels:           7  (LUT5=2 LUT6=5)
  Clock Path Skew:        -0.043ns (DCD - SCD + CPR)
    Destination Clock Delay (DCD):    4.195ns = ( 12.195 - 8.000 ) 
    Source Clock Delay      (SCD):    4.559ns
    Clock Pessimism Removal (CPR):    0.320ns
  Clock Uncertainty:      0.135ns  ((TSJ^2 + TIJ^2)^1/2 + DJ) / 2 + PE + UU
    Total System Jitter     (TSJ):    0.071ns
    Total Input Jitter      (TIJ):    0.000ns
    Discrete Jitter          (DJ):    0.000ns
    Phase Error              (PE):    0.000ns
    User Uncertainty         (UU):    0.100ns

    Location             Delay type                Incr(ns)  Path(ns)    Netlist Resource(s)
  -------------------------------------------------------------------    -------------------
                         (clock axi_clk rise edge)    0.000     0.000 r  
    M18                                               0.000     0.000 r  aclk (IN)
                         net (fo=0)                   0.000     0.000    aclk
    M18                  IBUF (Prop_ibuf_I_O)         0.938     0.938 r  aclk_IBUF_inst/O
                         net (fo=1, routed)           1.972     2.910    aclk_IBUF
    BUFGCTRL_X0Y0        BUFG (Prop_bufg_I_O)         0.096     3.006 r  aclk_IBUF_BUFG_inst/O
                         net (fo=2050, routed)        1.553     4.559    core_inst/iommu_inst/aclk
    SLICE_X32Y93         FDCE                                         r  core_inst/iommu_inst/pt_valid_q_reg[4]/C
  -------------------------------------------------------------------    -------------------
    SLICE_X32Y93         FDCE (Prop_fdce_C_Q)         0.456     5.015 r  core_inst/iommu_inst/pt_valid_q_reg[4]/Q
                         net (fo=1, routed)           0.800     5.815    core_inst/iommu_inst/tlb_replacement/pt_valid_q_reg[4]_4
    SLICE_X33Y94         LUT5 (Prop_lut5_I2_O)        0.124     5.939 f  core_inst/iommu_inst/tlb_replacement/tlb_valid_q[2]_i_24/O
                         net (fo=2, routed)           0.748     6.687    core_inst/iommu_inst/tlb_replacement/pt_vpn_q_reg[4][2]
    SLICE_X31Y94         LUT5 (Prop_lut5_I2_O)        0.118     6.805 r  core_inst/iommu_inst/tlb_replacement/tlb_valid_q[2]_i_16/O
                         net (fo=4, routed)           1.022     7.827    core_inst/iommu_inst/tlb_replacement_n_20
    SLICE_X32Y94         LUT6 (Prop_lut6_I0_O)        0.326     8.153 f  core_inst/iommu_inst/tlb_vpn_q[0][3]_i_25/O
                         net (fo=1, routed)           0.433     8.586    core_inst/iommu_inst/tlb_vpn_q[0][3]_i_25_n_0
    SLICE_X32Y94         LUT6 (Prop_lut6_I2_O)        0.124     8.710 f  core_inst/iommu_inst/tlb_vpn_q[0][3]_i_18/O
                         net (fo=9, routed)           0.659     9.370    core_inst/iommu_inst/tlb_vpn_q[0][3]_i_18_n_0
    SLICE_X35Y95         LUT6 (Prop_lut6_I5_O)        0.124     9.494 r  core_inst/iommu_inst/tlb_vpn_q[0][3]_i_10/O
                         net (fo=40, routed)          0.865    10.359    core_inst/iommu_inst/tlb_vpn_q[0][3]_i_10_n_0
    SLICE_X35Y93         LUT6 (Prop_lut6_I4_O)        0.124    10.483 f  core_inst/iommu_inst/tlb_ppn_q[3][2]_i_3/O
                         net (fo=1, routed)           0.780    11.263    core_inst/iommu_inst/tlb_ppn_q[3][2]_i_3_n_0
    SLICE_X34Y92         LUT6 (Prop_lut6_I1_O)        0.124    11.387 r  core_inst/iommu_inst/tlb_ppn_q[3][2]_i_1/O
                         net (fo=5, routed)           0.833    12.220    core_inst/iommu_inst/pt_ppn_q[2]
    SLICE_X34Y89         FDCE                                         r  core_inst/iommu_inst/tlb_ppn_q_reg[1][2]/D
  -------------------------------------------------------------------    -------------------

                         (clock axi_clk rise edge)    8.000     8.000 r  
    M18                                               0.000     8.000 r  aclk (IN)
                         net (fo=0)                   0.000     8.000    aclk
    M18                  IBUF (Prop_ibuf_I_O)         0.805     8.805 r  aclk_IBUF_inst/O
                         net (fo=1, routed)           1.868    10.673    aclk_IBUF
    BUFGCTRL_X0Y0        BUFG (Prop_bufg_I_O)         0.091    10.764 r  aclk_IBUF_BUFG_inst/O
                         net (fo=2050, routed)        1.432    12.195    core_inst/iommu_inst/aclk
    SLICE_X34Y89         FDCE                                         r  core_inst/iommu_inst/tlb_ppn_q_reg[1][2]/C
                         clock pessimism              0.320    12.516    
                         clock uncertainty           -0.135    12.380    
    SLICE_X34Y89         FDCE (Setup_fdce_C_D)       -0.063    12.317    core_inst/iommu_inst/tlb_ppn_q_reg[1][2]
  -------------------------------------------------------------------
                         required time                         12.317    
                         arrival time                         -12.220    
  -------------------------------------------------------------------
                         slack                                  0.097    

Slack (MET) :             0.106ns  (required time - arrival time)
  Source:                 core_inst/iommu_inst/req_len_q_reg[12]/C
                            (rising edge-triggered cell FDCE clocked by axi_clk  {rise@0.000ns fall@4.000ns period=8.000ns})
  Destination:            core_inst/iommu_inst/tlb_vpn_q_reg[0][0]/CE
                            (rising edge-triggered cell FDCE clocked by axi_clk  {rise@0.000ns fall@4.000ns period=8.000ns})
  Path Group:             axi_clk
  Path Type:              Setup (Max at Slow Process Corner)
  Requirement:            8.000ns  (axi_clk rise@8.000ns - axi_clk rise@0.000ns)
  Data Path Delay:        7.531ns  (logic 2.643ns (35.097%)  route 4.888ns (64.903%))
  Logic Levels:           12  (CARRY4=4 LUT2=2 LUT4=2 LUT5=2 LUT6=2)
  Clock Path Skew:        -0.023ns (DCD - SCD + CPR)
    Destination Clock Delay (DCD):    4.196ns = ( 12.196 - 8.000 ) 
    Source Clock Delay      (SCD):    4.555ns
    Clock Pessimism Removal (CPR):    0.335ns
  Clock Uncertainty:      0.135ns  ((TSJ^2 + TIJ^2)^1/2 + DJ) / 2 + PE + UU
    Total System Jitter     (TSJ):    0.071ns
    Total Input Jitter      (TIJ):    0.000ns
    Discrete Jitter          (DJ):    0.000ns
    Phase Error              (PE):    0.000ns
    User Uncertainty         (UU):    0.100ns

    Location             Delay type                Incr(ns)  Path(ns)    Netlist Resource(s)
  -------------------------------------------------------------------    -------------------
                         (clock axi_clk rise edge)    0.000     0.000 r  
    M18                                               0.000     0.000 r  aclk (IN)
                         net (fo=0)                   0.000     0.000    aclk
    M18                  IBUF (Prop_ibuf_I_O)         0.938     0.938 r  aclk_IBUF_inst/O
                         net (fo=1, routed)           1.972     2.910    aclk_IBUF
    BUFGCTRL_X0Y0        BUFG (Prop_bufg_I_O)         0.096     3.006 r  aclk_IBUF_BUFG_inst/O
                         net (fo=2050, routed)        1.549     4.555    core_inst/iommu_inst/aclk
    SLICE_X33Y87         FDCE                                         r  core_inst/iommu_inst/req_len_q_reg[12]/C
  -------------------------------------------------------------------    -------------------
    SLICE_X33Y87         FDCE (Prop_fdce_C_Q)         0.456     5.011 f  core_inst/iommu_inst/req_len_q_reg[12]/Q
                         net (fo=4, routed)           0.887     5.897    core_inst/iommu_inst/tlb_replacement/resp_paddr_o_reg[15]_i_5_0[12]
    SLICE_X34Y87         LUT4 (Prop_lut4_I0_O)        0.124     6.021 f  core_inst/iommu_inst/tlb_replacement/resp_paddr_o[15]_i_11/O
                         net (fo=1, routed)           0.548     6.569    core_inst/iommu_inst/tlb_replacement/resp_paddr_o[15]_i_11_n_0
    SLICE_X35Y86         LUT6 (Prop_lut6_I0_O)        0.124     6.693 r  core_inst/iommu_inst/tlb_replacement/resp_paddr_o[15]_i_4/O
                         net (fo=4, routed)           0.423     7.116    core_inst/iommu_inst/tlb_replacement/resp_paddr_o[15]_i_4_n_0
    SLICE_X33Y86         LUT4 (Prop_lut4_I1_O)        0.124     7.240 r  core_inst/iommu_inst/tlb_replacement/resp_paddr_o[15]_i_47/O
                         net (fo=1, routed)           0.000     7.240    core_inst/iommu_inst/tlb_replacement/resp_paddr_o[15]_i_47_n_0
    SLICE_X33Y86         CARRY4 (Prop_carry4_S[1]_CO[3])
                                                      0.550     7.790 r  core_inst/iommu_inst/tlb_replacement/resp_paddr_o_reg[15]_i_33/CO[3]
                         net (fo=1, routed)           0.000     7.790    core_inst/iommu_inst/tlb_replacement/resp_paddr_o_reg[15]_i_33_n_0
    SLICE_X33Y87         CARRY4 (Prop_carry4_CI_CO[3])
                                                      0.114     7.904 r  core_inst/iommu_inst/tlb_replacement/resp_paddr_o_reg[15]_i_24/CO[3]
                         net (fo=1, routed)           0.000     7.904    core_inst/iommu_inst/tlb_replacement/resp_paddr_o_reg[15]_i_24_n_0
    SLICE_X33Y88         CARRY4 (Prop_carry4_CI_CO[3])
                                                      0.114     8.018 r  core_inst/iommu_inst/tlb_replacement/resp_paddr_o_reg[15]_i_14/CO[3]
                         net (fo=1, routed)           0.000     8.018    core_inst/iommu_inst/tlb_replacement/resp_paddr_o_reg[15]_i_14_n_0
    SLICE_X33Y89         CARRY4 (Prop_carry4_CI_O[2])
                                                      0.239     8.257 r  core_inst/iommu_inst/tlb_replacement/resp_paddr_o_reg[15]_i_6/O[2]
                         net (fo=1, routed)           0.501     8.759    core_inst/iommu_inst/tlb_replacement/p_0_in16_in[2]
    SLICE_X32Y89         LUT6 (Prop_lut6_I5_O)        0.302     9.061 f  core_inst/iommu_inst/tlb_replacement/resp_paddr_o[15]_i_7/O
                         net (fo=1, routed)           0.158     9.219    core_inst/iommu_inst/tlb_replacement/resp_paddr_o[15]_i_7_n_0
    SLICE_X32Y89         LUT5 (Prop_lut5_I4_O)        0.124     9.343 r  core_inst/iommu_inst/tlb_replacement/resp_paddr_o[15]_i_2/O
                         net (fo=7, routed)           0.556     9.898    core_inst/iommu_inst/tlb_replacement/req_vaddr_q_reg[15]_3
    SLICE_X35Y89         LUT2 (Prop_lut2_I0_O)        0.124    10.022 r  core_inst/iommu_inst/tlb_replacement/plru_tree_q[2]_i_4/O
                         net (fo=7, routed)           0.397    10.419    core_inst/iommu_inst/tlb_replacement/state_q_reg
    SLICE_X34Y89         LUT5 (Prop_lut5_I3_O)        0.124    10.543 f  core_inst/iommu_inst/tlb_replacement/tlb_valid_q[0]_i_2/O
                         net (fo=4, routed)           0.617    11.160    core_inst/iommu_inst/tlb_replacement/tlb_valid_q[0]_i_2_n_0
    SLICE_X34Y90         LUT2 (Prop_lut2_I1_O)        0.124    11.284 r  core_inst/iommu_inst/tlb_replacement/tlb_vpn_q[0][3]_i_1/O
                         net (fo=10, routed)          0.801    12.085    core_inst/iommu_inst/tlb_ppn_q
    SLICE_X32Y90         FDCE                                         r  core_inst/iommu_inst/tlb_vpn_q_reg[0][0]/CE
  -------------------------------------------------------------------    -------------------

                         (clock axi_clk rise edge)    8.000     8.000 r  
    M18                                               0.000     8.000 r  aclk (IN)
                         net (fo=0)                   0.000     8.000    aclk
    M18                  IBUF (Prop_ibuf_I_O)         0.805     8.805 r  aclk_IBUF_inst/O
                         net (fo=1, routed)           1.868    10.673    aclk_IBUF
    BUFGCTRL_X0Y0        BUFG (Prop_bufg_I_O)         0.091    10.764 r  aclk_IBUF_BUFG_inst/O
                         net (fo=2050, routed)        1.433    12.196    core_inst/iommu_inst/aclk
    SLICE_X32Y90         FDCE                                         r  core_inst/iommu_inst/tlb_vpn_q_reg[0][0]/C
                         clock pessimism              0.335    12.532    
                         clock uncertainty           -0.135    12.396    
    SLICE_X32Y90         FDCE (Setup_fdce_C_CE)      -0.205    12.191    core_inst/iommu_inst/tlb_vpn_q_reg[0][0]
  -------------------------------------------------------------------
                         required time                         12.191    
                         arrival time                         -12.085    
  -------------------------------------------------------------------
                         slack                                  0.106    

Slack (MET) :             0.106ns  (required time - arrival time)
  Source:                 core_inst/iommu_inst/req_len_q_reg[12]/C
                            (rising edge-triggered cell FDCE clocked by axi_clk  {rise@0.000ns fall@4.000ns period=8.000ns})
  Destination:            core_inst/iommu_inst/tlb_vpn_q_reg[0][1]/CE
                            (rising edge-triggered cell FDCE clocked by axi_clk  {rise@0.000ns fall@4.000ns period=8.000ns})
  Path Group:             axi_clk
  Path Type:              Setup (Max at Slow Process Corner)
  Requirement:            8.000ns  (axi_clk rise@8.000ns - axi_clk rise@0.000ns)
  Data Path Delay:        7.531ns  (logic 2.643ns (35.097%)  route 4.888ns (64.903%))
  Logic Levels:           12  (CARRY4=4 LUT2=2 LUT4=2 LUT5=2 LUT6=2)
  Clock Path Skew:        -0.023ns (DCD - SCD + CPR)
    Destination Clock Delay (DCD):    4.196ns = ( 12.196 - 8.000 ) 
    Source Clock Delay      (SCD):    4.555ns
    Clock Pessimism Removal (CPR):    0.335ns
  Clock Uncertainty:      0.135ns  ((TSJ^2 + TIJ^2)^1/2 + DJ) / 2 + PE + UU
    Total System Jitter     (TSJ):    0.071ns
    Total Input Jitter      (TIJ):    0.000ns
    Discrete Jitter          (DJ):    0.000ns
    Phase Error              (PE):    0.000ns
    User Uncertainty         (UU):    0.100ns

    Location             Delay type                Incr(ns)  Path(ns)    Netlist Resource(s)
  -------------------------------------------------------------------    -------------------
                         (clock axi_clk rise edge)    0.000     0.000 r  
    M18                                               0.000     0.000 r  aclk (IN)
                         net (fo=0)                   0.000     0.000    aclk
    M18                  IBUF (Prop_ibuf_I_O)         0.938     0.938 r  aclk_IBUF_inst/O
                         net (fo=1, routed)           1.972     2.910    aclk_IBUF
    BUFGCTRL_X0Y0        BUFG (Prop_bufg_I_O)         0.096     3.006 r  aclk_IBUF_BUFG_inst/O
                         net (fo=2050, routed)        1.549     4.555    core_inst/iommu_inst/aclk
    SLICE_X33Y87         FDCE                                         r  core_inst/iommu_inst/req_len_q_reg[12]/C
  -------------------------------------------------------------------    -------------------
    SLICE_X33Y87         FDCE (Prop_fdce_C_Q)         0.456     5.011 f  core_inst/iommu_inst/req_len_q_reg[12]/Q
                         net (fo=4, routed)           0.887     5.897    core_inst/iommu_inst/tlb_replacement/resp_paddr_o_reg[15]_i_5_0[12]
    SLICE_X34Y87         LUT4 (Prop_lut4_I0_O)        0.124     6.021 f  core_inst/iommu_inst/tlb_replacement/resp_paddr_o[15]_i_11/O
                         net (fo=1, routed)           0.548     6.569    core_inst/iommu_inst/tlb_replacement/resp_paddr_o[15]_i_11_n_0
    SLICE_X35Y86         LUT6 (Prop_lut6_I0_O)        0.124     6.693 r  core_inst/iommu_inst/tlb_replacement/resp_paddr_o[15]_i_4/O
                         net (fo=4, routed)           0.423     7.116    core_inst/iommu_inst/tlb_replacement/resp_paddr_o[15]_i_4_n_0
    SLICE_X33Y86         LUT4 (Prop_lut4_I1_O)        0.124     7.240 r  core_inst/iommu_inst/tlb_replacement/resp_paddr_o[15]_i_47/O
                         net (fo=1, routed)           0.000     7.240    core_inst/iommu_inst/tlb_replacement/resp_paddr_o[15]_i_47_n_0
    SLICE_X33Y86         CARRY4 (Prop_carry4_S[1]_CO[3])
                                                      0.550     7.790 r  core_inst/iommu_inst/tlb_replacement/resp_paddr_o_reg[15]_i_33/CO[3]
                         net (fo=1, routed)           0.000     7.790    core_inst/iommu_inst/tlb_replacement/resp_paddr_o_reg[15]_i_33_n_0
    SLICE_X33Y87         CARRY4 (Prop_carry4_CI_CO[3])
                                                      0.114     7.904 r  core_inst/iommu_inst/tlb_replacement/resp_paddr_o_reg[15]_i_24/CO[3]
                         net (fo=1, routed)           0.000     7.904    core_inst/iommu_inst/tlb_replacement/resp_paddr_o_reg[15]_i_24_n_0
    SLICE_X33Y88         CARRY4 (Prop_carry4_CI_CO[3])
                                                      0.114     8.018 r  core_inst/iommu_inst/tlb_replacement/resp_paddr_o_reg[15]_i_14/CO[3]
                         net (fo=1, routed)           0.000     8.018    core_inst/iommu_inst/tlb_replacement/resp_paddr_o_reg[15]_i_14_n_0
    SLICE_X33Y89         CARRY4 (Prop_carry4_CI_O[2])
                                                      0.239     8.257 r  core_inst/iommu_inst/tlb_replacement/resp_paddr_o_reg[15]_i_6/O[2]
                         net (fo=1, routed)           0.501     8.759    core_inst/iommu_inst/tlb_replacement/p_0_in16_in[2]
    SLICE_X32Y89         LUT6 (Prop_lut6_I5_O)        0.302     9.061 f  core_inst/iommu_inst/tlb_replacement/resp_paddr_o[15]_i_7/O
                         net (fo=1, routed)           0.158     9.219    core_inst/iommu_inst/tlb_replacement/resp_paddr_o[15]_i_7_n_0
    SLICE_X32Y89         LUT5 (Prop_lut5_I4_O)        0.124     9.343 r  core_inst/iommu_inst/tlb_replacement/resp_paddr_o[15]_i_2/O
                         net (fo=7, routed)           0.556     9.898    core_inst/iommu_inst/tlb_replacement/req_vaddr_q_reg[15]_3
    SLICE_X35Y89         LUT2 (Prop_lut2_I0_O)        0.124    10.022 r  core_inst/iommu_inst/tlb_replacement/plru_tree_q[2]_i_4/O
                         net (fo=7, routed)           0.397    10.419    core_inst/iommu_inst/tlb_replacement/state_q_reg
    SLICE_X34Y89         LUT5 (Prop_lut5_I3_O)        0.124    10.543 f  core_inst/iommu_inst/tlb_replacement/tlb_valid_q[0]_i_2/O
                         net (fo=4, routed)           0.617    11.160    core_inst/iommu_inst/tlb_replacement/tlb_valid_q[0]_i_2_n_0
    SLICE_X34Y90         LUT2 (Prop_lut2_I1_O)        0.124    11.284 r  core_inst/iommu_inst/tlb_replacement/tlb_vpn_q[0][3]_i_1/O
                         net (fo=10, routed)          0.801    12.085    core_inst/iommu_inst/tlb_ppn_q
    SLICE_X32Y90         FDCE                                         r  core_inst/iommu_inst/tlb_vpn_q_reg[0][1]/CE
  -------------------------------------------------------------------    -------------------

                         (clock axi_clk rise edge)    8.000     8.000 r  
    M18                                               0.000     8.000 r  aclk (IN)
                         net (fo=0)                   0.000     8.000    aclk
    M18                  IBUF (Prop_ibuf_I_O)         0.805     8.805 r  aclk_IBUF_inst/O
                         net (fo=1, routed)           1.868    10.673    aclk_IBUF
    BUFGCTRL_X0Y0        BUFG (Prop_bufg_I_O)         0.091    10.764 r  aclk_IBUF_BUFG_inst/O
                         net (fo=2050, routed)        1.433    12.196    core_inst/iommu_inst/aclk
    SLICE_X32Y90         FDCE                                         r  core_inst/iommu_inst/tlb_vpn_q_reg[0][1]/C
                         clock pessimism              0.335    12.532    
                         clock uncertainty           -0.135    12.396    
    SLICE_X32Y90         FDCE (Setup_fdce_C_CE)      -0.205    12.191    core_inst/iommu_inst/tlb_vpn_q_reg[0][1]
  -------------------------------------------------------------------
                         required time                         12.191    
                         arrival time                         -12.085    
  -------------------------------------------------------------------
                         slack                                  0.106    

Slack (MET) :             0.106ns  (required time - arrival time)
  Source:                 core_inst/iommu_inst/req_len_q_reg[12]/C
                            (rising edge-triggered cell FDCE clocked by axi_clk  {rise@0.000ns fall@4.000ns period=8.000ns})
  Destination:            core_inst/iommu_inst/tlb_vpn_q_reg[0][2]/CE
                            (rising edge-triggered cell FDCE clocked by axi_clk  {rise@0.000ns fall@4.000ns period=8.000ns})
  Path Group:             axi_clk
  Path Type:              Setup (Max at Slow Process Corner)
  Requirement:            8.000ns  (axi_clk rise@8.000ns - axi_clk rise@0.000ns)
  Data Path Delay:        7.531ns  (logic 2.643ns (35.097%)  route 4.888ns (64.903%))
  Logic Levels:           12  (CARRY4=4 LUT2=2 LUT4=2 LUT5=2 LUT6=2)
  Clock Path Skew:        -0.023ns (DCD - SCD + CPR)
    Destination Clock Delay (DCD):    4.196ns = ( 12.196 - 8.000 ) 
    Source Clock Delay      (SCD):    4.555ns
    Clock Pessimism Removal (CPR):    0.335ns
  Clock Uncertainty:      0.135ns  ((TSJ^2 + TIJ^2)^1/2 + DJ) / 2 + PE + UU
    Total System Jitter     (TSJ):    0.071ns
    Total Input Jitter      (TIJ):    0.000ns
    Discrete Jitter          (DJ):    0.000ns
    Phase Error              (PE):    0.000ns
    User Uncertainty         (UU):    0.100ns

    Location             Delay type                Incr(ns)  Path(ns)    Netlist Resource(s)
  -------------------------------------------------------------------    -------------------
                         (clock axi_clk rise edge)    0.000     0.000 r  
    M18                                               0.000     0.000 r  aclk (IN)
                         net (fo=0)                   0.000     0.000    aclk
    M18                  IBUF (Prop_ibuf_I_O)         0.938     0.938 r  aclk_IBUF_inst/O
                         net (fo=1, routed)           1.972     2.910    aclk_IBUF
    BUFGCTRL_X0Y0        BUFG (Prop_bufg_I_O)         0.096     3.006 r  aclk_IBUF_BUFG_inst/O
                         net (fo=2050, routed)        1.549     4.555    core_inst/iommu_inst/aclk
    SLICE_X33Y87         FDCE                                         r  core_inst/iommu_inst/req_len_q_reg[12]/C
  -------------------------------------------------------------------    -------------------
    SLICE_X33Y87         FDCE (Prop_fdce_C_Q)         0.456     5.011 f  core_inst/iommu_inst/req_len_q_reg[12]/Q
                         net (fo=4, routed)           0.887     5.897    core_inst/iommu_inst/tlb_replacement/resp_paddr_o_reg[15]_i_5_0[12]
    SLICE_X34Y87         LUT4 (Prop_lut4_I0_O)        0.124     6.021 f  core_inst/iommu_inst/tlb_replacement/resp_paddr_o[15]_i_11/O
                         net (fo=1, routed)           0.548     6.569    core_inst/iommu_inst/tlb_replacement/resp_paddr_o[15]_i_11_n_0
    SLICE_X35Y86         LUT6 (Prop_lut6_I0_O)        0.124     6.693 r  core_inst/iommu_inst/tlb_replacement/resp_paddr_o[15]_i_4/O
                         net (fo=4, routed)           0.423     7.116    core_inst/iommu_inst/tlb_replacement/resp_paddr_o[15]_i_4_n_0
    SLICE_X33Y86         LUT4 (Prop_lut4_I1_O)        0.124     7.240 r  core_inst/iommu_inst/tlb_replacement/resp_paddr_o[15]_i_47/O
                         net (fo=1, routed)           0.000     7.240    core_inst/iommu_inst/tlb_replacement/resp_paddr_o[15]_i_47_n_0
    SLICE_X33Y86         CARRY4 (Prop_carry4_S[1]_CO[3])
                                                      0.550     7.790 r  core_inst/iommu_inst/tlb_replacement/resp_paddr_o_reg[15]_i_33/CO[3]
                         net (fo=1, routed)           0.000     7.790    core_inst/iommu_inst/tlb_replacement/resp_paddr_o_reg[15]_i_33_n_0
    SLICE_X33Y87         CARRY4 (Prop_carry4_CI_CO[3])
                                                      0.114     7.904 r  core_inst/iommu_inst/tlb_replacement/resp_paddr_o_reg[15]_i_24/CO[3]
                         net (fo=1, routed)           0.000     7.904    core_inst/iommu_inst/tlb_replacement/resp_paddr_o_reg[15]_i_24_n_0
    SLICE_X33Y88         CARRY4 (Prop_carry4_CI_CO[3])
                                                      0.114     8.018 r  core_inst/iommu_inst/tlb_replacement/resp_paddr_o_reg[15]_i_14/CO[3]
                         net (fo=1, routed)           0.000     8.018    core_inst/iommu_inst/tlb_replacement/resp_paddr_o_reg[15]_i_14_n_0
    SLICE_X33Y89         CARRY4 (Prop_carry4_CI_O[2])
                                                      0.239     8.257 r  core_inst/iommu_inst/tlb_replacement/resp_paddr_o_reg[15]_i_6/O[2]
                         net (fo=1, routed)           0.501     8.759    core_inst/iommu_inst/tlb_replacement/p_0_in16_in[2]
    SLICE_X32Y89         LUT6 (Prop_lut6_I5_O)        0.302     9.061 f  core_inst/iommu_inst/tlb_replacement/resp_paddr_o[15]_i_7/O
                         net (fo=1, routed)           0.158     9.219    core_inst/iommu_inst/tlb_replacement/resp_paddr_o[15]_i_7_n_0
    SLICE_X32Y89         LUT5 (Prop_lut5_I4_O)        0.124     9.343 r  core_inst/iommu_inst/tlb_replacement/resp_paddr_o[15]_i_2/O
                         net (fo=7, routed)           0.556     9.898    core_inst/iommu_inst/tlb_replacement/req_vaddr_q_reg[15]_3
    SLICE_X35Y89         LUT2 (Prop_lut2_I0_O)        0.124    10.022 r  core_inst/iommu_inst/tlb_replacement/plru_tree_q[2]_i_4/O
                         net (fo=7, routed)           0.397    10.419    core_inst/iommu_inst/tlb_replacement/state_q_reg
    SLICE_X34Y89         LUT5 (Prop_lut5_I3_O)        0.124    10.543 f  core_inst/iommu_inst/tlb_replacement/tlb_valid_q[0]_i_2/O
                         net (fo=4, routed)           0.617    11.160    core_inst/iommu_inst/tlb_replacement/tlb_valid_q[0]_i_2_n_0
    SLICE_X34Y90         LUT2 (Prop_lut2_I1_O)        0.124    11.284 r  core_inst/iommu_inst/tlb_replacement/tlb_vpn_q[0][3]_i_1/O
                         net (fo=10, routed)          0.801    12.085    core_inst/iommu_inst/tlb_ppn_q
    SLICE_X32Y90         FDCE                                         r  core_inst/iommu_inst/tlb_vpn_q_reg[0][2]/CE
  -------------------------------------------------------------------    -------------------

                         (clock axi_clk rise edge)    8.000     8.000 r  
    M18                                               0.000     8.000 r  aclk (IN)
                         net (fo=0)                   0.000     8.000    aclk
    M18                  IBUF (Prop_ibuf_I_O)         0.805     8.805 r  aclk_IBUF_inst/O
                         net (fo=1, routed)           1.868    10.673    aclk_IBUF
    BUFGCTRL_X0Y0        BUFG (Prop_bufg_I_O)         0.091    10.764 r  aclk_IBUF_BUFG_inst/O
                         net (fo=2050, routed)        1.433    12.196    core_inst/iommu_inst/aclk
    SLICE_X32Y90         FDCE                                         r  core_inst/iommu_inst/tlb_vpn_q_reg[0][2]/C
                         clock pessimism              0.335    12.532    
                         clock uncertainty           -0.135    12.396    
    SLICE_X32Y90         FDCE (Setup_fdce_C_CE)      -0.205    12.191    core_inst/iommu_inst/tlb_vpn_q_reg[0][2]
  -------------------------------------------------------------------
                         required time                         12.191    
                         arrival time                         -12.085    
  -------------------------------------------------------------------
                         slack                                  0.106    

Slack (MET) :             0.106ns  (required time - arrival time)
  Source:                 core_inst/iommu_inst/req_len_q_reg[12]/C
                            (rising edge-triggered cell FDCE clocked by axi_clk  {rise@0.000ns fall@4.000ns period=8.000ns})
  Destination:            core_inst/iommu_inst/tlb_vpn_q_reg[0][3]/CE
                            (rising edge-triggered cell FDCE clocked by axi_clk  {rise@0.000ns fall@4.000ns period=8.000ns})
  Path Group:             axi_clk
  Path Type:              Setup (Max at Slow Process Corner)
  Requirement:            8.000ns  (axi_clk rise@8.000ns - axi_clk rise@0.000ns)
  Data Path Delay:        7.531ns  (logic 2.643ns (35.097%)  route 4.888ns (64.903%))
  Logic Levels:           12  (CARRY4=4 LUT2=2 LUT4=2 LUT5=2 LUT6=2)
  Clock Path Skew:        -0.023ns (DCD - SCD + CPR)
    Destination Clock Delay (DCD):    4.196ns = ( 12.196 - 8.000 ) 
    Source Clock Delay      (SCD):    4.555ns
    Clock Pessimism Removal (CPR):    0.335ns
  Clock Uncertainty:      0.135ns  ((TSJ^2 + TIJ^2)^1/2 + DJ) / 2 + PE + UU
    Total System Jitter     (TSJ):    0.071ns
    Total Input Jitter      (TIJ):    0.000ns
    Discrete Jitter          (DJ):    0.000ns
    Phase Error              (PE):    0.000ns
    User Uncertainty         (UU):    0.100ns

    Location             Delay type                Incr(ns)  Path(ns)    Netlist Resource(s)
  -------------------------------------------------------------------    -------------------
                         (clock axi_clk rise edge)    0.000     0.000 r  
    M18                                               0.000     0.000 r  aclk (IN)
                         net (fo=0)                   0.000     0.000    aclk
    M18                  IBUF (Prop_ibuf_I_O)         0.938     0.938 r  aclk_IBUF_inst/O
                         net (fo=1, routed)           1.972     2.910    aclk_IBUF
    BUFGCTRL_X0Y0        BUFG (Prop_bufg_I_O)         0.096     3.006 r  aclk_IBUF_BUFG_inst/O
                         net (fo=2050, routed)        1.549     4.555    core_inst/iommu_inst/aclk
    SLICE_X33Y87         FDCE                                         r  core_inst/iommu_inst/req_len_q_reg[12]/C
  -------------------------------------------------------------------    -------------------
    SLICE_X33Y87         FDCE (Prop_fdce_C_Q)         0.456     5.011 f  core_inst/iommu_inst/req_len_q_reg[12]/Q
                         net (fo=4, routed)           0.887     5.897    core_inst/iommu_inst/tlb_replacement/resp_paddr_o_reg[15]_i_5_0[12]
    SLICE_X34Y87         LUT4 (Prop_lut4_I0_O)        0.124     6.021 f  core_inst/iommu_inst/tlb_replacement/resp_paddr_o[15]_i_11/O
                         net (fo=1, routed)           0.548     6.569    core_inst/iommu_inst/tlb_replacement/resp_paddr_o[15]_i_11_n_0
    SLICE_X35Y86         LUT6 (Prop_lut6_I0_O)        0.124     6.693 r  core_inst/iommu_inst/tlb_replacement/resp_paddr_o[15]_i_4/O
                         net (fo=4, routed)           0.423     7.116    core_inst/iommu_inst/tlb_replacement/resp_paddr_o[15]_i_4_n_0
    SLICE_X33Y86         LUT4 (Prop_lut4_I1_O)        0.124     7.240 r  core_inst/iommu_inst/tlb_replacement/resp_paddr_o[15]_i_47/O
                         net (fo=1, routed)           0.000     7.240    core_inst/iommu_inst/tlb_replacement/resp_paddr_o[15]_i_47_n_0
    SLICE_X33Y86         CARRY4 (Prop_carry4_S[1]_CO[3])
                                                      0.550     7.790 r  core_inst/iommu_inst/tlb_replacement/resp_paddr_o_reg[15]_i_33/CO[3]
                         net (fo=1, routed)           0.000     7.790    core_inst/iommu_inst/tlb_replacement/resp_paddr_o_reg[15]_i_33_n_0
    SLICE_X33Y87         CARRY4 (Prop_carry4_CI_CO[3])
                                                      0.114     7.904 r  core_inst/iommu_inst/tlb_replacement/resp_paddr_o_reg[15]_i_24/CO[3]
                         net (fo=1, routed)           0.000     7.904    core_inst/iommu_inst/tlb_replacement/resp_paddr_o_reg[15]_i_24_n_0
    SLICE_X33Y88         CARRY4 (Prop_carry4_CI_CO[3])
                                                      0.114     8.018 r  core_inst/iommu_inst/tlb_replacement/resp_paddr_o_reg[15]_i_14/CO[3]
                         net (fo=1, routed)           0.000     8.018    core_inst/iommu_inst/tlb_replacement/resp_paddr_o_reg[15]_i_14_n_0
    SLICE_X33Y89         CARRY4 (Prop_carry4_CI_O[2])
                                                      0.239     8.257 r  core_inst/iommu_inst/tlb_replacement/resp_paddr_o_reg[15]_i_6/O[2]
                         net (fo=1, routed)           0.501     8.759    core_inst/iommu_inst/tlb_replacement/p_0_in16_in[2]
    SLICE_X32Y89         LUT6 (Prop_lut6_I5_O)        0.302     9.061 f  core_inst/iommu_inst/tlb_replacement/resp_paddr_o[15]_i_7/O
                         net (fo=1, routed)           0.158     9.219    core_inst/iommu_inst/tlb_replacement/resp_paddr_o[15]_i_7_n_0
    SLICE_X32Y89         LUT5 (Prop_lut5_I4_O)        0.124     9.343 r  core_inst/iommu_inst/tlb_replacement/resp_paddr_o[15]_i_2/O
                         net (fo=7, routed)           0.556     9.898    core_inst/iommu_inst/tlb_replacement/req_vaddr_q_reg[15]_3
    SLICE_X35Y89         LUT2 (Prop_lut2_I0_O)        0.124    10.022 r  core_inst/iommu_inst/tlb_replacement/plru_tree_q[2]_i_4/O
                         net (fo=7, routed)           0.397    10.419    core_inst/iommu_inst/tlb_replacement/state_q_reg
    SLICE_X34Y89         LUT5 (Prop_lut5_I3_O)        0.124    10.543 f  core_inst/iommu_inst/tlb_replacement/tlb_valid_q[0]_i_2/O
                         net (fo=4, routed)           0.617    11.160    core_inst/iommu_inst/tlb_replacement/tlb_valid_q[0]_i_2_n_0
    SLICE_X34Y90         LUT2 (Prop_lut2_I1_O)        0.124    11.284 r  core_inst/iommu_inst/tlb_replacement/tlb_vpn_q[0][3]_i_1/O
                         net (fo=10, routed)          0.801    12.085    core_inst/iommu_inst/tlb_ppn_q
    SLICE_X32Y90         FDCE                                         r  core_inst/iommu_inst/tlb_vpn_q_reg[0][3]/CE
  -------------------------------------------------------------------    -------------------

                         (clock axi_clk rise edge)    8.000     8.000 r  
    M18                                               0.000     8.000 r  aclk (IN)
                         net (fo=0)                   0.000     8.000    aclk
    M18                  IBUF (Prop_ibuf_I_O)         0.805     8.805 r  aclk_IBUF_inst/O
                         net (fo=1, routed)           1.868    10.673    aclk_IBUF
    BUFGCTRL_X0Y0        BUFG (Prop_bufg_I_O)         0.091    10.764 r  aclk_IBUF_BUFG_inst/O
                         net (fo=2050, routed)        1.433    12.196    core_inst/iommu_inst/aclk
    SLICE_X32Y90         FDCE                                         r  core_inst/iommu_inst/tlb_vpn_q_reg[0][3]/C
                         clock pessimism              0.335    12.532    
                         clock uncertainty           -0.135    12.396    
    SLICE_X32Y90         FDCE (Setup_fdce_C_CE)      -0.205    12.191    core_inst/iommu_inst/tlb_vpn_q_reg[0][3]
  -------------------------------------------------------------------
                         required time                         12.191    
                         arrival time                         -12.085    
  -------------------------------------------------------------------
                         slack                                  0.106    

Slack (MET) :             0.119ns  (required time - arrival time)
  Source:                 core_inst/iommu_inst/pt_valid_q_reg[4]/C
                            (rising edge-triggered cell FDCE clocked by axi_clk  {rise@0.000ns fall@4.000ns period=8.000ns})
  Destination:            core_inst/iommu_inst/tlb_read_q_reg[2]/D
                            (rising edge-triggered cell FDCE clocked by axi_clk  {rise@0.000ns fall@4.000ns period=8.000ns})
  Path Group:             axi_clk
  Path Type:              Setup (Max at Slow Process Corner)
  Requirement:            8.000ns  (axi_clk rise@8.000ns - axi_clk rise@0.000ns)
  Data Path Delay:        7.646ns  (logic 1.520ns (19.880%)  route 6.126ns (80.120%))
  Logic Levels:           7  (LUT5=2 LUT6=5)
  Clock Path Skew:        -0.042ns (DCD - SCD + CPR)
    Destination Clock Delay (DCD):    4.196ns = ( 12.196 - 8.000 ) 
    Source Clock Delay      (SCD):    4.559ns
    Clock Pessimism Removal (CPR):    0.320ns
  Clock Uncertainty:      0.135ns  ((TSJ^2 + TIJ^2)^1/2 + DJ) / 2 + PE + UU
    Total System Jitter     (TSJ):    0.071ns
    Total Input Jitter      (TIJ):    0.000ns
    Discrete Jitter          (DJ):    0.000ns
    Phase Error              (PE):    0.000ns
    User Uncertainty         (UU):    0.100ns

    Location             Delay type                Incr(ns)  Path(ns)    Netlist Resource(s)
  -------------------------------------------------------------------    -------------------
                         (clock axi_clk rise edge)    0.000     0.000 r  
    M18                                               0.000     0.000 r  aclk (IN)
                         net (fo=0)                   0.000     0.000    aclk
    M18                  IBUF (Prop_ibuf_I_O)         0.938     0.938 r  aclk_IBUF_inst/O
                         net (fo=1, routed)           1.972     2.910    aclk_IBUF
    BUFGCTRL_X0Y0        BUFG (Prop_bufg_I_O)         0.096     3.006 r  aclk_IBUF_BUFG_inst/O
                         net (fo=2050, routed)        1.553     4.559    core_inst/iommu_inst/aclk
    SLICE_X32Y93         FDCE                                         r  core_inst/iommu_inst/pt_valid_q_reg[4]/C
  -------------------------------------------------------------------    -------------------
    SLICE_X32Y93         FDCE (Prop_fdce_C_Q)         0.456     5.015 r  core_inst/iommu_inst/pt_valid_q_reg[4]/Q
                         net (fo=1, routed)           0.800     5.815    core_inst/iommu_inst/tlb_replacement/pt_valid_q_reg[4]_4
    SLICE_X33Y94         LUT5 (Prop_lut5_I2_O)        0.124     5.939 f  core_inst/iommu_inst/tlb_replacement/tlb_valid_q[2]_i_24/O
                         net (fo=2, routed)           0.748     6.687    core_inst/iommu_inst/tlb_replacement/pt_vpn_q_reg[4][2]
    SLICE_X31Y94         LUT5 (Prop_lut5_I2_O)        0.118     6.805 r  core_inst/iommu_inst/tlb_replacement/tlb_valid_q[2]_i_16/O
                         net (fo=4, routed)           1.022     7.827    core_inst/iommu_inst/tlb_replacement_n_20
    SLICE_X32Y94         LUT6 (Prop_lut6_I0_O)        0.326     8.153 f  core_inst/iommu_inst/tlb_vpn_q[0][3]_i_25/O
                         net (fo=1, routed)           0.433     8.586    core_inst/iommu_inst/tlb_vpn_q[0][3]_i_25_n_0
    SLICE_X32Y94         LUT6 (Prop_lut6_I2_O)        0.124     8.710 f  core_inst/iommu_inst/tlb_vpn_q[0][3]_i_18/O
                         net (fo=9, routed)           0.659     9.370    core_inst/iommu_inst/tlb_vpn_q[0][3]_i_18_n_0
    SLICE_X35Y95         LUT6 (Prop_lut6_I5_O)        0.124     9.494 r  core_inst/iommu_inst/tlb_vpn_q[0][3]_i_10/O
                         net (fo=40, routed)          0.776    10.270    core_inst/iommu_inst/tlb_vpn_q[0][3]_i_10_n_0
    SLICE_X32Y96         LUT6 (Prop_lut6_I4_O)        0.124    10.394 f  core_inst/iommu_inst/tlb_read_q[3]_i_4/O
                         net (fo=2, routed)           0.779    11.173    core_inst/iommu_inst/tlb_read_q[3]_i_4_n_0
    SLICE_X36Y92         LUT6 (Prop_lut6_I1_O)        0.124    11.297 r  core_inst/iommu_inst/tlb_read_q[3]_i_2/O
                         net (fo=5, routed)           0.908    12.204    core_inst/iommu_inst/pt_read_q
    SLICE_X34Y91         FDCE                                         r  core_inst/iommu_inst/tlb_read_q_reg[2]/D
  -------------------------------------------------------------------    -------------------

                         (clock axi_clk rise edge)    8.000     8.000 r  
    M18                                               0.000     8.000 r  aclk (IN)
                         net (fo=0)                   0.000     8.000    aclk
    M18                  IBUF (Prop_ibuf_I_O)         0.805     8.805 r  aclk_IBUF_inst/O
                         net (fo=1, routed)           1.868    10.673    aclk_IBUF
    BUFGCTRL_X0Y0        BUFG (Prop_bufg_I_O)         0.091    10.764 r  aclk_IBUF_BUFG_inst/O
                         net (fo=2050, routed)        1.433    12.196    core_inst/iommu_inst/aclk
    SLICE_X34Y91         FDCE                                         r  core_inst/iommu_inst/tlb_read_q_reg[2]/C
                         clock pessimism              0.320    12.517    
                         clock uncertainty           -0.135    12.381    
    SLICE_X34Y91         FDCE (Setup_fdce_C_D)       -0.058    12.323    core_inst/iommu_inst/tlb_read_q_reg[2]
  -------------------------------------------------------------------
                         required time                         12.323    
                         arrival time                         -12.204    
  -------------------------------------------------------------------
                         slack                                  0.119    

Slack (MET) :             0.156ns  (required time - arrival time)
  Source:                 core_inst/iommu_inst/pt_valid_q_reg[4]/C
                            (rising edge-triggered cell FDCE clocked by axi_clk  {rise@0.000ns fall@4.000ns period=8.000ns})
  Destination:            core_inst/iommu_inst/tlb_ppn_q_reg[2][1]/D
                            (rising edge-triggered cell FDCE clocked by axi_clk  {rise@0.000ns fall@4.000ns period=8.000ns})
  Path Group:             axi_clk
  Path Type:              Setup (Max at Slow Process Corner)
  Requirement:            8.000ns  (axi_clk rise@8.000ns - axi_clk rise@0.000ns)
  Data Path Delay:        7.596ns  (logic 1.520ns (20.011%)  route 6.076ns (79.989%))
  Logic Levels:           7  (LUT5=2 LUT6=5)
  Clock Path Skew:        -0.042ns (DCD - SCD + CPR)
    Destination Clock Delay (DCD):    4.196ns = ( 12.196 - 8.000 ) 
    Source Clock Delay      (SCD):    4.559ns
    Clock Pessimism Removal (CPR):    0.320ns
  Clock Uncertainty:      0.135ns  ((TSJ^2 + TIJ^2)^1/2 + DJ) / 2 + PE + UU
    Total System Jitter     (TSJ):    0.071ns
    Total Input Jitter      (TIJ):    0.000ns
    Discrete Jitter          (DJ):    0.000ns
    Phase Error              (PE):    0.000ns
    User Uncertainty         (UU):    0.100ns

    Location             Delay type                Incr(ns)  Path(ns)    Netlist Resource(s)
  -------------------------------------------------------------------    -------------------
                         (clock axi_clk rise edge)    0.000     0.000 r  
    M18                                               0.000     0.000 r  aclk (IN)
                         net (fo=0)                   0.000     0.000    aclk
    M18                  IBUF (Prop_ibuf_I_O)         0.938     0.938 r  aclk_IBUF_inst/O
                         net (fo=1, routed)           1.972     2.910    aclk_IBUF
    BUFGCTRL_X0Y0        BUFG (Prop_bufg_I_O)         0.096     3.006 r  aclk_IBUF_BUFG_inst/O
                         net (fo=2050, routed)        1.553     4.559    core_inst/iommu_inst/aclk
    SLICE_X32Y93         FDCE                                         r  core_inst/iommu_inst/pt_valid_q_reg[4]/C
  -------------------------------------------------------------------    -------------------
    SLICE_X32Y93         FDCE (Prop_fdce_C_Q)         0.456     5.015 r  core_inst/iommu_inst/pt_valid_q_reg[4]/Q
                         net (fo=1, routed)           0.800     5.815    core_inst/iommu_inst/tlb_replacement/pt_valid_q_reg[4]_4
    SLICE_X33Y94         LUT5 (Prop_lut5_I2_O)        0.124     5.939 f  core_inst/iommu_inst/tlb_replacement/tlb_valid_q[2]_i_24/O
                         net (fo=2, routed)           0.748     6.687    core_inst/iommu_inst/tlb_replacement/pt_vpn_q_reg[4][2]
    SLICE_X31Y94         LUT5 (Prop_lut5_I2_O)        0.118     6.805 r  core_inst/iommu_inst/tlb_replacement/tlb_valid_q[2]_i_16/O
                         net (fo=4, routed)           1.022     7.827    core_inst/iommu_inst/tlb_replacement_n_20
    SLICE_X32Y94         LUT6 (Prop_lut6_I0_O)        0.326     8.153 f  core_inst/iommu_inst/tlb_vpn_q[0][3]_i_25/O
                         net (fo=1, routed)           0.433     8.586    core_inst/iommu_inst/tlb_vpn_q[0][3]_i_25_n_0
    SLICE_X32Y94         LUT6 (Prop_lut6_I2_O)        0.124     8.710 f  core_inst/iommu_inst/tlb_vpn_q[0][3]_i_18/O
                         net (fo=9, routed)           0.659     9.370    core_inst/iommu_inst/tlb_vpn_q[0][3]_i_18_n_0
    SLICE_X35Y95         LUT6 (Prop_lut6_I5_O)        0.124     9.494 r  core_inst/iommu_inst/tlb_vpn_q[0][3]_i_10/O
                         net (fo=40, routed)          1.037    10.531    core_inst/iommu_inst/tlb_vpn_q[0][3]_i_10_n_0
    SLICE_X35Y92         LUT6 (Prop_lut6_I4_O)        0.124    10.655 f  core_inst/iommu_inst/tlb_ppn_q[3][1]_i_2/O
                         net (fo=1, routed)           0.520    11.175    core_inst/iommu_inst/tlb_ppn_q[3][1]_i_2_n_0
    SLICE_X34Y92         LUT6 (Prop_lut6_I0_O)        0.124    11.299 r  core_inst/iommu_inst/tlb_ppn_q[3][1]_i_1/O
                         net (fo=5, routed)           0.855    12.154    core_inst/iommu_inst/pt_ppn_q[1]
    SLICE_X34Y91         FDCE                                         r  core_inst/iommu_inst/tlb_ppn_q_reg[2][1]/D
  -------------------------------------------------------------------    -------------------

                         (clock axi_clk rise edge)    8.000     8.000 r  
    M18                                               0.000     8.000 r  aclk (IN)
                         net (fo=0)                   0.000     8.000    aclk
    M18                  IBUF (Prop_ibuf_I_O)         0.805     8.805 r  aclk_IBUF_inst/O
                         net (fo=1, routed)           1.868    10.673    aclk_IBUF
    BUFGCTRL_X0Y0        BUFG (Prop_bufg_I_O)         0.091    10.764 r  aclk_IBUF_BUFG_inst/O
                         net (fo=2050, routed)        1.433    12.196    core_inst/iommu_inst/aclk
    SLICE_X34Y91         FDCE                                         r  core_inst/iommu_inst/tlb_ppn_q_reg[2][1]/C
                         clock pessimism              0.320    12.517    
                         clock uncertainty           -0.135    12.381    
    SLICE_X34Y91         FDCE (Setup_fdce_C_D)       -0.071    12.310    core_inst/iommu_inst/tlb_ppn_q_reg[2][1]
  -------------------------------------------------------------------
                         required time                         12.310    
                         arrival time                         -12.154    
  -------------------------------------------------------------------
                         slack                                  0.156    

Slack (MET) :             0.210ns  (required time - arrival time)
  Source:                 core_inst/cdma_inst/read_addr_reg_reg[1]/C
                            (rising edge-triggered cell FDRE clocked by axi_clk  {rise@0.000ns fall@4.000ns period=8.000ns})
  Destination:            core_inst/cdma_inst/s_axis_desc_ready_reg_reg/D
                            (rising edge-triggered cell FDRE clocked by axi_clk  {rise@0.000ns fall@4.000ns period=8.000ns})
  Path Group:             axi_clk
  Path Type:              Setup (Max at Slow Process Corner)
  Requirement:            8.000ns  (axi_clk rise@8.000ns - axi_clk rise@0.000ns)
  Data Path Delay:        7.641ns  (logic 3.448ns (45.126%)  route 4.193ns (54.874%))
  Logic Levels:           13  (CARRY4=6 LUT2=1 LUT4=2 LUT5=1 LUT6=3)
  Clock Path Skew:        -0.046ns (DCD - SCD + CPR)
    Destination Clock Delay (DCD):    4.181ns = ( 12.181 - 8.000 ) 
    Source Clock Delay      (SCD):    4.548ns
    Clock Pessimism Removal (CPR):    0.320ns
  Clock Uncertainty:      0.135ns  ((TSJ^2 + TIJ^2)^1/2 + DJ) / 2 + PE + UU
    Total System Jitter     (TSJ):    0.071ns
    Total Input Jitter      (TIJ):    0.000ns
    Discrete Jitter          (DJ):    0.000ns
    Phase Error              (PE):    0.000ns
    User Uncertainty         (UU):    0.100ns

    Location             Delay type                Incr(ns)  Path(ns)    Netlist Resource(s)
  -------------------------------------------------------------------    -------------------
                         (clock axi_clk rise edge)    0.000     0.000 r  
    M18                                               0.000     0.000 r  aclk (IN)
                         net (fo=0)                   0.000     0.000    aclk
    M18                  IBUF (Prop_ibuf_I_O)         0.938     0.938 r  aclk_IBUF_inst/O
                         net (fo=1, routed)           1.972     2.910    aclk_IBUF
    BUFGCTRL_X0Y0        BUFG (Prop_bufg_I_O)         0.096     3.006 r  aclk_IBUF_BUFG_inst/O
                         net (fo=2050, routed)        1.542     4.548    core_inst/cdma_inst/aclk
    SLICE_X31Y68         FDRE                                         r  core_inst/cdma_inst/read_addr_reg_reg[1]/C
  -------------------------------------------------------------------    -------------------
    SLICE_X31Y68         FDRE (Prop_fdre_C_Q)         0.456     5.004 r  core_inst/cdma_inst/read_addr_reg_reg[1]/Q
                         net (fo=20, routed)          0.877     5.880    core_inst/cdma_inst/read_addr_reg[1]
    SLICE_X30Y69         LUT4 (Prop_lut4_I1_O)        0.124     6.004 r  core_inst/cdma_inst/m_axi_arlen_reg[7]_i_40/O
                         net (fo=1, routed)           0.000     6.004    core_inst/cdma_inst/m_axi_arlen_reg[7]_i_40_n_0
    SLICE_X30Y69         CARRY4 (Prop_carry4_S[1]_CO[3])
                                                      0.533     6.537 r  core_inst/cdma_inst/m_axi_arlen_reg_reg[7]_i_21/CO[3]
                         net (fo=1, routed)           0.000     6.537    core_inst/cdma_inst/m_axi_arlen_reg_reg[7]_i_21_n_0
    SLICE_X30Y70         CARRY4 (Prop_carry4_CI_CO[3])
                                                      0.117     6.654 f  core_inst/cdma_inst/m_axi_arlen_reg_reg[7]_i_10/CO[3]
                         net (fo=13, routed)          0.996     7.650    core_inst/cdma_inst/tr_word_count_next12_in
    SLICE_X28Y69         LUT2 (Prop_lut2_I0_O)        0.117     7.767 r  core_inst/cdma_inst/m_axi_arlen_reg[4]_i_7/O
                         net (fo=13, routed)          0.642     8.409    core_inst/cdma_inst/m_axi_arlen_reg[4]_i_7_n_0
    SLICE_X29Y70         LUT6 (Prop_lut6_I3_O)        0.332     8.741 r  core_inst/cdma_inst/axi_word_count_reg[3]_i_5/O
                         net (fo=1, routed)           0.000     8.741    core_inst/cdma_inst/axi_word_count_reg[3]_i_5_n_0
    SLICE_X29Y70         CARRY4 (Prop_carry4_S[1]_CO[3])
                                                      0.550     9.291 r  core_inst/cdma_inst/axi_word_count_reg_reg[3]_i_2/CO[3]
                         net (fo=1, routed)           0.000     9.291    core_inst/cdma_inst/axi_word_count_reg_reg[3]_i_2_n_0
    SLICE_X29Y71         CARRY4 (Prop_carry4_CI_CO[3])
                                                      0.114     9.405 r  core_inst/cdma_inst/axi_word_count_reg_reg[7]_i_2/CO[3]
                         net (fo=1, routed)           0.000     9.405    core_inst/cdma_inst/axi_word_count_reg_reg[7]_i_2_n_0
    SLICE_X29Y72         CARRY4 (Prop_carry4_CI_CO[3])
                                                      0.114     9.519 r  core_inst/cdma_inst/axi_word_count_reg_reg[11]_i_2/CO[3]
                         net (fo=1, routed)           0.000     9.519    core_inst/cdma_inst/axi_word_count_reg_reg[11]_i_2_n_0
    SLICE_X29Y73         CARRY4 (Prop_carry4_CI_O[3])
                                                      0.313     9.832 f  core_inst/cdma_inst/axi_word_count_reg_reg[12]_i_3/O[3]
                         net (fo=2, routed)           0.839    10.670    core_inst/cdma_inst/in12[15]
    SLICE_X29Y74         LUT4 (Prop_lut4_I2_O)        0.306    10.976 f  core_inst/cdma_inst/FSM_onehot_read_state_reg[2]_i_5/O
                         net (fo=1, routed)           0.307    11.283    core_inst/cdma_inst/FSM_onehot_read_state_reg[2]_i_5_n_0
    SLICE_X30Y74         LUT5 (Prop_lut5_I4_O)        0.124    11.407 f  core_inst/cdma_inst/FSM_onehot_read_state_reg[2]_i_4/O
                         net (fo=1, routed)           0.161    11.568    core_inst/cdma_inst/FSM_onehot_read_state_reg[2]_i_4_n_0
    SLICE_X30Y74         LUT6 (Prop_lut6_I5_O)        0.124    11.692 f  core_inst/cdma_inst/FSM_onehot_read_state_reg[2]_i_2/O
                         net (fo=4, routed)           0.372    12.064    core_inst/cdma_inst/FSM_onehot_read_state_reg[2]_i_2_n_0
    SLICE_X32Y75         LUT6 (Prop_lut6_I0_O)        0.124    12.188 r  core_inst/cdma_inst/s_axis_desc_ready_reg_i_1/O
                         net (fo=1, routed)           0.000    12.188    core_inst/cdma_inst/s_axis_desc_ready_next
    SLICE_X32Y75         FDRE                                         r  core_inst/cdma_inst/s_axis_desc_ready_reg_reg/D
  -------------------------------------------------------------------    -------------------

                         (clock axi_clk rise edge)    8.000     8.000 r  
    M18                                               0.000     8.000 r  aclk (IN)
                         net (fo=0)                   0.000     8.000    aclk
    M18                  IBUF (Prop_ibuf_I_O)         0.805     8.805 r  aclk_IBUF_inst/O
                         net (fo=1, routed)           1.868    10.673    aclk_IBUF
    BUFGCTRL_X0Y0        BUFG (Prop_bufg_I_O)         0.091    10.764 r  aclk_IBUF_BUFG_inst/O
                         net (fo=2050, routed)        1.418    12.181    core_inst/cdma_inst/aclk
    SLICE_X32Y75         FDRE                                         r  core_inst/cdma_inst/s_axis_desc_ready_reg_reg/C
                         clock pessimism              0.320    12.502    
                         clock uncertainty           -0.135    12.366    
    SLICE_X32Y75         FDRE (Setup_fdre_C_D)        0.032    12.398    core_inst/cdma_inst/s_axis_desc_ready_reg_reg
  -------------------------------------------------------------------
                         required time                         12.398    
                         arrival time                         -12.188    
  -------------------------------------------------------------------
                         slack                                  0.210    

Slack (MET) :             0.212ns  (required time - arrival time)
  Source:                 core_inst/cdma_inst/read_addr_reg_reg[1]/C
                            (rising edge-triggered cell FDRE clocked by axi_clk  {rise@0.000ns fall@4.000ns period=8.000ns})
  Destination:            core_inst/cdma_inst/FSM_onehot_read_state_reg_reg[0]/D
                            (rising edge-triggered cell FDSE clocked by axi_clk  {rise@0.000ns fall@4.000ns period=8.000ns})
  Path Group:             axi_clk
  Path Type:              Setup (Max at Slow Process Corner)
  Requirement:            8.000ns  (axi_clk rise@8.000ns - axi_clk rise@0.000ns)
  Data Path Delay:        7.638ns  (logic 3.448ns (45.143%)  route 4.190ns (54.857%))
  Logic Levels:           13  (CARRY4=6 LUT2=1 LUT4=2 LUT5=2 LUT6=2)
  Clock Path Skew:        -0.046ns (DCD - SCD + CPR)
    Destination Clock Delay (DCD):    4.181ns = ( 12.181 - 8.000 ) 
    Source Clock Delay      (SCD):    4.548ns
    Clock Pessimism Removal (CPR):    0.320ns
  Clock Uncertainty:      0.135ns  ((TSJ^2 + TIJ^2)^1/2 + DJ) / 2 + PE + UU
    Total System Jitter     (TSJ):    0.071ns
    Total Input Jitter      (TIJ):    0.000ns
    Discrete Jitter          (DJ):    0.000ns
    Phase Error              (PE):    0.000ns
    User Uncertainty         (UU):    0.100ns

    Location             Delay type                Incr(ns)  Path(ns)    Netlist Resource(s)
  -------------------------------------------------------------------    -------------------
                         (clock axi_clk rise edge)    0.000     0.000 r  
    M18                                               0.000     0.000 r  aclk (IN)
                         net (fo=0)                   0.000     0.000    aclk
    M18                  IBUF (Prop_ibuf_I_O)         0.938     0.938 r  aclk_IBUF_inst/O
                         net (fo=1, routed)           1.972     2.910    aclk_IBUF
    BUFGCTRL_X0Y0        BUFG (Prop_bufg_I_O)         0.096     3.006 r  aclk_IBUF_BUFG_inst/O
                         net (fo=2050, routed)        1.542     4.548    core_inst/cdma_inst/aclk
    SLICE_X31Y68         FDRE                                         r  core_inst/cdma_inst/read_addr_reg_reg[1]/C
  -------------------------------------------------------------------    -------------------
    SLICE_X31Y68         FDRE (Prop_fdre_C_Q)         0.456     5.004 r  core_inst/cdma_inst/read_addr_reg_reg[1]/Q
                         net (fo=20, routed)          0.877     5.880    core_inst/cdma_inst/read_addr_reg[1]
    SLICE_X30Y69         LUT4 (Prop_lut4_I1_O)        0.124     6.004 r  core_inst/cdma_inst/m_axi_arlen_reg[7]_i_40/O
                         net (fo=1, routed)           0.000     6.004    core_inst/cdma_inst/m_axi_arlen_reg[7]_i_40_n_0
    SLICE_X30Y69         CARRY4 (Prop_carry4_S[1]_CO[3])
                                                      0.533     6.537 r  core_inst/cdma_inst/m_axi_arlen_reg_reg[7]_i_21/CO[3]
                         net (fo=1, routed)           0.000     6.537    core_inst/cdma_inst/m_axi_arlen_reg_reg[7]_i_21_n_0
    SLICE_X30Y70         CARRY4 (Prop_carry4_CI_CO[3])
                                                      0.117     6.654 f  core_inst/cdma_inst/m_axi_arlen_reg_reg[7]_i_10/CO[3]
                         net (fo=13, routed)          0.996     7.650    core_inst/cdma_inst/tr_word_count_next12_in
    SLICE_X28Y69         LUT2 (Prop_lut2_I0_O)        0.117     7.767 r  core_inst/cdma_inst/m_axi_arlen_reg[4]_i_7/O
                         net (fo=13, routed)          0.642     8.409    core_inst/cdma_inst/m_axi_arlen_reg[4]_i_7_n_0
    SLICE_X29Y70         LUT6 (Prop_lut6_I3_O)        0.332     8.741 r  core_inst/cdma_inst/axi_word_count_reg[3]_i_5/O
                         net (fo=1, routed)           0.000     8.741    core_inst/cdma_inst/axi_word_count_reg[3]_i_5_n_0
    SLICE_X29Y70         CARRY4 (Prop_carry4_S[1]_CO[3])
                                                      0.550     9.291 r  core_inst/cdma_inst/axi_word_count_reg_reg[3]_i_2/CO[3]
                         net (fo=1, routed)           0.000     9.291    core_inst/cdma_inst/axi_word_count_reg_reg[3]_i_2_n_0
    SLICE_X29Y71         CARRY4 (Prop_carry4_CI_CO[3])
                                                      0.114     9.405 r  core_inst/cdma_inst/axi_word_count_reg_reg[7]_i_2/CO[3]
                         net (fo=1, routed)           0.000     9.405    core_inst/cdma_inst/axi_word_count_reg_reg[7]_i_2_n_0
    SLICE_X29Y72         CARRY4 (Prop_carry4_CI_CO[3])
                                                      0.114     9.519 r  core_inst/cdma_inst/axi_word_count_reg_reg[11]_i_2/CO[3]
                         net (fo=1, routed)           0.000     9.519    core_inst/cdma_inst/axi_word_count_reg_reg[11]_i_2_n_0
    SLICE_X29Y73         CARRY4 (Prop_carry4_CI_O[3])
                                                      0.313     9.832 f  core_inst/cdma_inst/axi_word_count_reg_reg[12]_i_3/O[3]
                         net (fo=2, routed)           0.839    10.670    core_inst/cdma_inst/in12[15]
    SLICE_X29Y74         LUT4 (Prop_lut4_I2_O)        0.306    10.976 f  core_inst/cdma_inst/FSM_onehot_read_state_reg[2]_i_5/O
                         net (fo=1, routed)           0.307    11.283    core_inst/cdma_inst/FSM_onehot_read_state_reg[2]_i_5_n_0
    SLICE_X30Y74         LUT5 (Prop_lut5_I4_O)        0.124    11.407 f  core_inst/cdma_inst/FSM_onehot_read_state_reg[2]_i_4/O
                         net (fo=1, routed)           0.161    11.568    core_inst/cdma_inst/FSM_onehot_read_state_reg[2]_i_4_n_0
    SLICE_X30Y74         LUT6 (Prop_lut6_I5_O)        0.124    11.692 f  core_inst/cdma_inst/FSM_onehot_read_state_reg[2]_i_2/O
                         net (fo=4, routed)           0.369    12.061    core_inst/cdma_inst/FSM_onehot_read_state_reg[2]_i_2_n_0
    SLICE_X32Y75         LUT5 (Prop_lut5_I0_O)        0.124    12.185 r  core_inst/cdma_inst/FSM_onehot_read_state_reg[0]_i_1/O
                         net (fo=1, routed)           0.000    12.185    core_inst/cdma_inst/FSM_onehot_read_state_reg[0]_i_1_n_0
    SLICE_X32Y75         FDSE                                         r  core_inst/cdma_inst/FSM_onehot_read_state_reg_reg[0]/D
  -------------------------------------------------------------------    -------------------

                         (clock axi_clk rise edge)    8.000     8.000 r  
    M18                                               0.000     8.000 r  aclk (IN)
                         net (fo=0)                   0.000     8.000    aclk
    M18                  IBUF (Prop_ibuf_I_O)         0.805     8.805 r  aclk_IBUF_inst/O
                         net (fo=1, routed)           1.868    10.673    aclk_IBUF
    BUFGCTRL_X0Y0        BUFG (Prop_bufg_I_O)         0.091    10.764 r  aclk_IBUF_BUFG_inst/O
                         net (fo=2050, routed)        1.418    12.181    core_inst/cdma_inst/aclk
    SLICE_X32Y75         FDSE                                         r  core_inst/cdma_inst/FSM_onehot_read_state_reg_reg[0]/C
                         clock pessimism              0.320    12.502    
                         clock uncertainty           -0.135    12.366    
    SLICE_X32Y75         FDSE (Setup_fdse_C_D)        0.031    12.397    core_inst/cdma_inst/FSM_onehot_read_state_reg_reg[0]
  -------------------------------------------------------------------
                         required time                         12.397    
                         arrival time                         -12.185    
  -------------------------------------------------------------------
                         slack                                  0.212    

Slack (MET) :             0.212ns  (required time - arrival time)
  Source:                 core_inst/cdma_inst/read_addr_reg_reg[1]/C
                            (rising edge-triggered cell FDRE clocked by axi_clk  {rise@0.000ns fall@4.000ns period=8.000ns})
  Destination:            core_inst/cdma_inst/FSM_onehot_read_state_reg_reg[1]/D
                            (rising edge-triggered cell FDRE clocked by axi_clk  {rise@0.000ns fall@4.000ns period=8.000ns})
  Path Group:             axi_clk
  Path Type:              Setup (Max at Slow Process Corner)
  Requirement:            8.000ns  (axi_clk rise@8.000ns - axi_clk rise@0.000ns)
  Data Path Delay:        7.638ns  (logic 3.448ns (45.144%)  route 4.190ns (54.856%))
  Logic Levels:           13  (CARRY4=6 LUT2=1 LUT4=2 LUT5=1 LUT6=3)
  Clock Path Skew:        -0.046ns (DCD - SCD + CPR)
    Destination Clock Delay (DCD):    4.181ns = ( 12.181 - 8.000 ) 
    Source Clock Delay      (SCD):    4.548ns
    Clock Pessimism Removal (CPR):    0.320ns
  Clock Uncertainty:      0.135ns  ((TSJ^2 + TIJ^2)^1/2 + DJ) / 2 + PE + UU
    Total System Jitter     (TSJ):    0.071ns
    Total Input Jitter      (TIJ):    0.000ns
    Discrete Jitter          (DJ):    0.000ns
    Phase Error              (PE):    0.000ns
    User Uncertainty         (UU):    0.100ns

    Location             Delay type                Incr(ns)  Path(ns)    Netlist Resource(s)
  -------------------------------------------------------------------    -------------------
                         (clock axi_clk rise edge)    0.000     0.000 r  
    M18                                               0.000     0.000 r  aclk (IN)
                         net (fo=0)                   0.000     0.000    aclk
    M18                  IBUF (Prop_ibuf_I_O)         0.938     0.938 r  aclk_IBUF_inst/O
                         net (fo=1, routed)           1.972     2.910    aclk_IBUF
    BUFGCTRL_X0Y0        BUFG (Prop_bufg_I_O)         0.096     3.006 r  aclk_IBUF_BUFG_inst/O
                         net (fo=2050, routed)        1.542     4.548    core_inst/cdma_inst/aclk
    SLICE_X31Y68         FDRE                                         r  core_inst/cdma_inst/read_addr_reg_reg[1]/C
  -------------------------------------------------------------------    -------------------
    SLICE_X31Y68         FDRE (Prop_fdre_C_Q)         0.456     5.004 r  core_inst/cdma_inst/read_addr_reg_reg[1]/Q
                         net (fo=20, routed)          0.877     5.880    core_inst/cdma_inst/read_addr_reg[1]
    SLICE_X30Y69         LUT4 (Prop_lut4_I1_O)        0.124     6.004 r  core_inst/cdma_inst/m_axi_arlen_reg[7]_i_40/O
                         net (fo=1, routed)           0.000     6.004    core_inst/cdma_inst/m_axi_arlen_reg[7]_i_40_n_0
    SLICE_X30Y69         CARRY4 (Prop_carry4_S[1]_CO[3])
                                                      0.533     6.537 r  core_inst/cdma_inst/m_axi_arlen_reg_reg[7]_i_21/CO[3]
                         net (fo=1, routed)           0.000     6.537    core_inst/cdma_inst/m_axi_arlen_reg_reg[7]_i_21_n_0
    SLICE_X30Y70         CARRY4 (Prop_carry4_CI_CO[3])
                                                      0.117     6.654 f  core_inst/cdma_inst/m_axi_arlen_reg_reg[7]_i_10/CO[3]
                         net (fo=13, routed)          0.996     7.650    core_inst/cdma_inst/tr_word_count_next12_in
    SLICE_X28Y69         LUT2 (Prop_lut2_I0_O)        0.117     7.767 r  core_inst/cdma_inst/m_axi_arlen_reg[4]_i_7/O
                         net (fo=13, routed)          0.642     8.409    core_inst/cdma_inst/m_axi_arlen_reg[4]_i_7_n_0
    SLICE_X29Y70         LUT6 (Prop_lut6_I3_O)        0.332     8.741 r  core_inst/cdma_inst/axi_word_count_reg[3]_i_5/O
                         net (fo=1, routed)           0.000     8.741    core_inst/cdma_inst/axi_word_count_reg[3]_i_5_n_0
    SLICE_X29Y70         CARRY4 (Prop_carry4_S[1]_CO[3])
                                                      0.550     9.291 r  core_inst/cdma_inst/axi_word_count_reg_reg[3]_i_2/CO[3]
                         net (fo=1, routed)           0.000     9.291    core_inst/cdma_inst/axi_word_count_reg_reg[3]_i_2_n_0
    SLICE_X29Y71         CARRY4 (Prop_carry4_CI_CO[3])
                                                      0.114     9.405 r  core_inst/cdma_inst/axi_word_count_reg_reg[7]_i_2/CO[3]
                         net (fo=1, routed)           0.000     9.405    core_inst/cdma_inst/axi_word_count_reg_reg[7]_i_2_n_0
    SLICE_X29Y72         CARRY4 (Prop_carry4_CI_CO[3])
                                                      0.114     9.519 r  core_inst/cdma_inst/axi_word_count_reg_reg[11]_i_2/CO[3]
                         net (fo=1, routed)           0.000     9.519    core_inst/cdma_inst/axi_word_count_reg_reg[11]_i_2_n_0
    SLICE_X29Y73         CARRY4 (Prop_carry4_CI_O[3])
                                                      0.313     9.832 f  core_inst/cdma_inst/axi_word_count_reg_reg[12]_i_3/O[3]
                         net (fo=2, routed)           0.839    10.670    core_inst/cdma_inst/in12[15]
    SLICE_X29Y74         LUT4 (Prop_lut4_I2_O)        0.306    10.976 f  core_inst/cdma_inst/FSM_onehot_read_state_reg[2]_i_5/O
                         net (fo=1, routed)           0.307    11.283    core_inst/cdma_inst/FSM_onehot_read_state_reg[2]_i_5_n_0
    SLICE_X30Y74         LUT5 (Prop_lut5_I4_O)        0.124    11.407 f  core_inst/cdma_inst/FSM_onehot_read_state_reg[2]_i_4/O
                         net (fo=1, routed)           0.161    11.568    core_inst/cdma_inst/FSM_onehot_read_state_reg[2]_i_4_n_0
    SLICE_X30Y74         LUT6 (Prop_lut6_I5_O)        0.124    11.692 f  core_inst/cdma_inst/FSM_onehot_read_state_reg[2]_i_2/O
                         net (fo=4, routed)           0.369    12.061    core_inst/cdma_inst/FSM_onehot_read_state_reg[2]_i_2_n_0
    SLICE_X32Y75         LUT6 (Prop_lut6_I3_O)        0.124    12.185 r  core_inst/cdma_inst/FSM_onehot_read_state_reg[1]_i_1/O
                         net (fo=1, routed)           0.000    12.185    core_inst/cdma_inst/FSM_onehot_read_state_reg[1]_i_1_n_0
    SLICE_X32Y75         FDRE                                         r  core_inst/cdma_inst/FSM_onehot_read_state_reg_reg[1]/D
  -------------------------------------------------------------------    -------------------

                         (clock axi_clk rise edge)    8.000     8.000 r  
    M18                                               0.000     8.000 r  aclk (IN)
                         net (fo=0)                   0.000     8.000    aclk
    M18                  IBUF (Prop_ibuf_I_O)         0.805     8.805 r  aclk_IBUF_inst/O
                         net (fo=1, routed)           1.868    10.673    aclk_IBUF
    BUFGCTRL_X0Y0        BUFG (Prop_bufg_I_O)         0.091    10.764 r  aclk_IBUF_BUFG_inst/O
                         net (fo=2050, routed)        1.418    12.181    core_inst/cdma_inst/aclk
    SLICE_X32Y75         FDRE                                         r  core_inst/cdma_inst/FSM_onehot_read_state_reg_reg[1]/C
                         clock pessimism              0.320    12.502    
                         clock uncertainty           -0.135    12.366    
    SLICE_X32Y75         FDRE (Setup_fdre_C_D)        0.031    12.397    core_inst/cdma_inst/FSM_onehot_read_state_reg_reg[1]
  -------------------------------------------------------------------
                         required time                         12.397    
                         arrival time                         -12.185    
  -------------------------------------------------------------------
                         slack                                  0.212    

Slack (MET) :             0.214ns  (required time - arrival time)
  Source:                 core_inst/dma_rd_inst/addr_reg_reg[1]/C
                            (rising edge-triggered cell FDRE clocked by axi_clk  {rise@0.000ns fall@4.000ns period=8.000ns})
  Destination:            core_inst/dma_rd_inst/s_axis_read_desc_ready_reg_reg/D
                            (rising edge-triggered cell FDRE clocked by axi_clk  {rise@0.000ns fall@4.000ns period=8.000ns})
  Path Group:             axi_clk
  Path Type:              Setup (Max at Slow Process Corner)
  Requirement:            8.000ns  (axi_clk rise@8.000ns - axi_clk rise@0.000ns)
  Data Path Delay:        7.633ns  (logic 3.129ns (40.991%)  route 4.504ns (59.009%))
  Logic Levels:           12  (CARRY4=5 LUT4=2 LUT5=1 LUT6=4)
  Clock Path Skew:        -0.048ns (DCD - SCD + CPR)
    Destination Clock Delay (DCD):    4.180ns = ( 12.180 - 8.000 ) 
    Source Clock Delay      (SCD):    4.549ns
    Clock Pessimism Removal (CPR):    0.320ns
  Clock Uncertainty:      0.135ns  ((TSJ^2 + TIJ^2)^1/2 + DJ) / 2 + PE + UU
    Total System Jitter     (TSJ):    0.071ns
    Total Input Jitter      (TIJ):    0.000ns
    Discrete Jitter          (DJ):    0.000ns
    Phase Error              (PE):    0.000ns
    User Uncertainty         (UU):    0.100ns

    Location             Delay type                Incr(ns)  Path(ns)    Netlist Resource(s)
  -------------------------------------------------------------------    -------------------
                         (clock axi_clk rise edge)    0.000     0.000 r  
    M18                                               0.000     0.000 r  aclk (IN)
                         net (fo=0)                   0.000     0.000    aclk
    M18                  IBUF (Prop_ibuf_I_O)         0.938     0.938 r  aclk_IBUF_inst/O
                         net (fo=1, routed)           1.972     2.910    aclk_IBUF
    BUFGCTRL_X0Y0        BUFG (Prop_bufg_I_O)         0.096     3.006 r  aclk_IBUF_BUFG_inst/O
                         net (fo=2050, routed)        1.543     4.549    core_inst/dma_rd_inst/aclk
    SLICE_X35Y67         FDRE                                         r  core_inst/dma_rd_inst/addr_reg_reg[1]/C
  -------------------------------------------------------------------    -------------------
    SLICE_X35Y67         FDRE (Prop_fdre_C_Q)         0.456     5.005 r  core_inst/dma_rd_inst/addr_reg_reg[1]/Q
                         net (fo=19, routed)          0.915     5.920    core_inst/dma_rd_inst/addr_reg[1]
    SLICE_X34Y67         LUT4 (Prop_lut4_I1_O)        0.124     6.044 r  core_inst/dma_rd_inst/m_axi_arlen_reg[7]_i_36__0/O
                         net (fo=1, routed)           0.000     6.044    core_inst/dma_rd_inst/m_axi_arlen_reg[7]_i_36__0_n_0
    SLICE_X34Y67         CARRY4 (Prop_carry4_S[1]_CO[3])
                                                      0.533     6.577 r  core_inst/dma_rd_inst/m_axi_arlen_reg_reg[7]_i_19/CO[3]
                         net (fo=1, routed)           0.000     6.577    core_inst/dma_rd_inst/m_axi_arlen_reg_reg[7]_i_19_n_0
    SLICE_X34Y68         CARRY4 (Prop_carry4_CI_CO[3])
                                                      0.117     6.694 r  core_inst/dma_rd_inst/m_axi_arlen_reg_reg[7]_i_12/CO[3]
                         net (fo=12, routed)          1.274     7.967    core_inst/dma_rd_inst/tr_word_count_next12_in
    SLICE_X29Y69         LUT6 (Prop_lut6_I4_O)        0.124     8.091 r  core_inst/dma_rd_inst/m_axi_arlen_reg[7]_i_3__0/O
                         net (fo=23, routed)          0.858     8.949    core_inst/dma_rd_inst/m_axi_arlen_reg[7]_i_3__0_n_0
    SLICE_X34Y70         LUT6 (Prop_lut6_I0_O)        0.124     9.073 r  core_inst/dma_rd_inst/op_word_count_reg[7]_i_5__0/O
                         net (fo=1, routed)           0.000     9.073    core_inst/dma_rd_inst/op_word_count_reg[7]_i_5__0_n_0
    SLICE_X34Y70         CARRY4 (Prop_carry4_S[1]_CO[3])
                                                      0.533     9.606 r  core_inst/dma_rd_inst/op_word_count_reg_reg[7]_i_2__0/CO[3]
                         net (fo=1, routed)           0.000     9.606    core_inst/dma_rd_inst/op_word_count_reg_reg[7]_i_2__0_n_0
    SLICE_X34Y71         CARRY4 (Prop_carry4_CI_CO[3])
                                                      0.117     9.723 r  core_inst/dma_rd_inst/op_word_count_reg_reg[11]_i_2__0/CO[3]
                         net (fo=1, routed)           0.000     9.723    core_inst/dma_rd_inst/op_word_count_reg_reg[11]_i_2__0_n_0
    SLICE_X34Y72         CARRY4 (Prop_carry4_CI_O[1])
                                                      0.323    10.046 f  core_inst/dma_rd_inst/op_word_count_reg_reg[15]_i_2__0/O[1]
                         net (fo=2, routed)           0.681    10.727    core_inst/dma_rd_inst/axi_state_next10_out[13]
    SLICE_X34Y73         LUT4 (Prop_lut4_I0_O)        0.306    11.033 f  core_inst/dma_rd_inst/axi_state_reg[0]_i_5/O
                         net (fo=1, routed)           0.282    11.315    core_inst/dma_rd_inst/axi_state_reg[0]_i_5_n_0
    SLICE_X34Y73         LUT5 (Prop_lut5_I4_O)        0.124    11.439 f  core_inst/dma_rd_inst/axi_state_reg[0]_i_4/O
                         net (fo=1, routed)           0.162    11.601    core_inst/dma_rd_inst/axi_state_reg[0]_i_4_n_0
    SLICE_X34Y73         LUT6 (Prop_lut6_I5_O)        0.124    11.725 f  core_inst/dma_rd_inst/axi_state_reg[0]_i_2/O
                         net (fo=2, routed)           0.333    12.058    core_inst/dma_rd_inst/axi_state_reg[0]_i_2_n_0
    SLICE_X35Y75         LUT6 (Prop_lut6_I0_O)        0.124    12.182 r  core_inst/dma_rd_inst/s_axis_read_desc_ready_reg_i_1/O
                         net (fo=1, routed)           0.000    12.182    core_inst/dma_rd_inst/s_axis_read_desc_ready_reg_i_1_n_0
    SLICE_X35Y75         FDRE                                         r  core_inst/dma_rd_inst/s_axis_read_desc_ready_reg_reg/D
  -------------------------------------------------------------------    -------------------

                         (clock axi_clk rise edge)    8.000     8.000 r  
    M18                                               0.000     8.000 r  aclk (IN)
                         net (fo=0)                   0.000     8.000    aclk
    M18                  IBUF (Prop_ibuf_I_O)         0.805     8.805 r  aclk_IBUF_inst/O
                         net (fo=1, routed)           1.868    10.673    aclk_IBUF
    BUFGCTRL_X0Y0        BUFG (Prop_bufg_I_O)         0.091    10.764 r  aclk_IBUF_BUFG_inst/O
                         net (fo=2050, routed)        1.417    12.180    core_inst/dma_rd_inst/aclk
    SLICE_X35Y75         FDRE                                         r  core_inst/dma_rd_inst/s_axis_read_desc_ready_reg_reg/C
                         clock pessimism              0.320    12.501    
                         clock uncertainty           -0.135    12.365    
    SLICE_X35Y75         FDRE (Setup_fdre_C_D)        0.031    12.396    core_inst/dma_rd_inst/s_axis_read_desc_ready_reg_reg
  -------------------------------------------------------------------
                         required time                         12.396    
                         arrival time                         -12.182    
  -------------------------------------------------------------------
                         slack                                  0.214    

Slack (MET) :             0.219ns  (required time - arrival time)
  Source:                 core_inst/iommu_inst/pt_valid_q_reg[4]/C
                            (rising edge-triggered cell FDCE clocked by axi_clk  {rise@0.000ns fall@4.000ns period=8.000ns})
  Destination:            core_inst/iommu_inst/tlb_vpn_q_reg[2][2]/D
                            (rising edge-triggered cell FDCE clocked by axi_clk  {rise@0.000ns fall@4.000ns period=8.000ns})
  Path Group:             axi_clk
  Path Type:              Setup (Max at Slow Process Corner)
  Requirement:            8.000ns  (axi_clk rise@8.000ns - axi_clk rise@0.000ns)
  Data Path Delay:        7.536ns  (logic 1.520ns (20.169%)  route 6.016ns (79.831%))
  Logic Levels:           7  (LUT5=2 LUT6=5)
  Clock Path Skew:        -0.028ns (DCD - SCD + CPR)
    Destination Clock Delay (DCD):    4.195ns = ( 12.195 - 8.000 ) 
    Source Clock Delay      (SCD):    4.559ns
    Clock Pessimism Removal (CPR):    0.335ns
  Clock Uncertainty:      0.135ns  ((TSJ^2 + TIJ^2)^1/2 + DJ) / 2 + PE + UU
    Total System Jitter     (TSJ):    0.071ns
    Total Input Jitter      (TIJ):    0.000ns
    Discrete Jitter          (DJ):    0.000ns
    Phase Error              (PE):    0.000ns
    User Uncertainty         (UU):    0.100ns

    Location             Delay type                Incr(ns)  Path(ns)    Netlist Resource(s)
  -------------------------------------------------------------------    -------------------
                         (clock axi_clk rise edge)    0.000     0.000 r  
    M18                                               0.000     0.000 r  aclk (IN)
                         net (fo=0)                   0.000     0.000    aclk
    M18                  IBUF (Prop_ibuf_I_O)         0.938     0.938 r  aclk_IBUF_inst/O
                         net (fo=1, routed)           1.972     2.910    aclk_IBUF
    BUFGCTRL_X0Y0        BUFG (Prop_bufg_I_O)         0.096     3.006 r  aclk_IBUF_BUFG_inst/O
                         net (fo=2050, routed)        1.553     4.559    core_inst/iommu_inst/aclk
    SLICE_X32Y93         FDCE                                         r  core_inst/iommu_inst/pt_valid_q_reg[4]/C
  -------------------------------------------------------------------    -------------------
    SLICE_X32Y93         FDCE (Prop_fdce_C_Q)         0.456     5.015 r  core_inst/iommu_inst/pt_valid_q_reg[4]/Q
                         net (fo=1, routed)           0.800     5.815    core_inst/iommu_inst/tlb_replacement/pt_valid_q_reg[4]_4
    SLICE_X33Y94         LUT5 (Prop_lut5_I2_O)        0.124     5.939 f  core_inst/iommu_inst/tlb_replacement/tlb_valid_q[2]_i_24/O
                         net (fo=2, routed)           0.748     6.687    core_inst/iommu_inst/tlb_replacement/pt_vpn_q_reg[4][2]
    SLICE_X31Y94         LUT5 (Prop_lut5_I2_O)        0.118     6.805 r  core_inst/iommu_inst/tlb_replacement/tlb_valid_q[2]_i_16/O
                         net (fo=4, routed)           1.022     7.827    core_inst/iommu_inst/tlb_replacement_n_20
    SLICE_X32Y94         LUT6 (Prop_lut6_I0_O)        0.326     8.153 f  core_inst/iommu_inst/tlb_vpn_q[0][3]_i_25/O
                         net (fo=1, routed)           0.433     8.586    core_inst/iommu_inst/tlb_vpn_q[0][3]_i_25_n_0
    SLICE_X32Y94         LUT6 (Prop_lut6_I2_O)        0.124     8.710 f  core_inst/iommu_inst/tlb_vpn_q[0][3]_i_18/O
                         net (fo=9, routed)           0.659     9.370    core_inst/iommu_inst/tlb_vpn_q[0][3]_i_18_n_0
    SLICE_X35Y95         LUT6 (Prop_lut6_I5_O)        0.124     9.494 r  core_inst/iommu_inst/tlb_vpn_q[0][3]_i_10/O
                         net (fo=40, routed)          0.731    10.224    core_inst/iommu_inst/tlb_vpn_q[0][3]_i_10_n_0
    SLICE_X36Y95         LUT6 (Prop_lut6_I4_O)        0.124    10.348 r  core_inst/iommu_inst/tlb_vpn_q[0][2]_i_3/O
                         net (fo=1, routed)           0.934    11.283    core_inst/iommu_inst/tlb_vpn_q[0][2]_i_3_n_0
    SLICE_X33Y93         LUT6 (Prop_lut6_I1_O)        0.124    11.407 r  core_inst/iommu_inst/tlb_vpn_q[0][2]_i_1/O
                         net (fo=4, routed)           0.688    12.095    core_inst/iommu_inst/pt_vpn_q[2]
    SLICE_X33Y88         FDCE                                         r  core_inst/iommu_inst/tlb_vpn_q_reg[2][2]/D
  -------------------------------------------------------------------    -------------------

                         (clock axi_clk rise edge)    8.000     8.000 r  
    M18                                               0.000     8.000 r  aclk (IN)
                         net (fo=0)                   0.000     8.000    aclk
    M18                  IBUF (Prop_ibuf_I_O)         0.805     8.805 r  aclk_IBUF_inst/O
                         net (fo=1, routed)           1.868    10.673    aclk_IBUF
    BUFGCTRL_X0Y0        BUFG (Prop_bufg_I_O)         0.091    10.764 r  aclk_IBUF_BUFG_inst/O
                         net (fo=2050, routed)        1.432    12.195    core_inst/iommu_inst/aclk
    SLICE_X33Y88         FDCE                                         r  core_inst/iommu_inst/tlb_vpn_q_reg[2][2]/C
                         clock pessimism              0.335    12.531    
                         clock uncertainty           -0.135    12.395    
    SLICE_X33Y88         FDCE (Setup_fdce_C_D)       -0.081    12.314    core_inst/iommu_inst/tlb_vpn_q_reg[2][2]
  -------------------------------------------------------------------
                         required time                         12.314    
                         arrival time                         -12.095    
  -------------------------------------------------------------------
                         slack                                  0.219    

Slack (MET) :             0.222ns  (required time - arrival time)
  Source:                 core_inst/iommu_inst/pt_valid_q_reg[4]/C
                            (rising edge-triggered cell FDCE clocked by axi_clk  {rise@0.000ns fall@4.000ns period=8.000ns})
  Destination:            core_inst/iommu_inst/tlb_vpn_q_reg[3][0]/D
                            (rising edge-triggered cell FDCE clocked by axi_clk  {rise@0.000ns fall@4.000ns period=8.000ns})
  Path Group:             axi_clk
  Path Type:              Setup (Max at Slow Process Corner)
  Requirement:            8.000ns  (axi_clk rise@8.000ns - axi_clk rise@0.000ns)
  Data Path Delay:        7.555ns  (logic 1.520ns (20.119%)  route 6.035ns (79.881%))
  Logic Levels:           7  (LUT5=2 LUT6=5)
  Clock Path Skew:        -0.027ns (DCD - SCD + CPR)
    Destination Clock Delay (DCD):    4.196ns = ( 12.196 - 8.000 ) 
    Source Clock Delay      (SCD):    4.559ns
    Clock Pessimism Removal (CPR):    0.335ns
  Clock Uncertainty:      0.135ns  ((TSJ^2 + TIJ^2)^1/2 + DJ) / 2 + PE + UU
    Total System Jitter     (TSJ):    0.071ns
    Total Input Jitter      (TIJ):    0.000ns
    Discrete Jitter          (DJ):    0.000ns
    Phase Error              (PE):    0.000ns
    User Uncertainty         (UU):    0.100ns

    Location             Delay type                Incr(ns)  Path(ns)    Netlist Resource(s)
  -------------------------------------------------------------------    -------------------
                         (clock axi_clk rise edge)    0.000     0.000 r  
    M18                                               0.000     0.000 r  aclk (IN)
                         net (fo=0)                   0.000     0.000    aclk
    M18                  IBUF (Prop_ibuf_I_O)         0.938     0.938 r  aclk_IBUF_inst/O
                         net (fo=1, routed)           1.972     2.910    aclk_IBUF
    BUFGCTRL_X0Y0        BUFG (Prop_bufg_I_O)         0.096     3.006 r  aclk_IBUF_BUFG_inst/O
                         net (fo=2050, routed)        1.553     4.559    core_inst/iommu_inst/aclk
    SLICE_X32Y93         FDCE                                         r  core_inst/iommu_inst/pt_valid_q_reg[4]/C
  -------------------------------------------------------------------    -------------------
    SLICE_X32Y93         FDCE (Prop_fdce_C_Q)         0.456     5.015 r  core_inst/iommu_inst/pt_valid_q_reg[4]/Q
                         net (fo=1, routed)           0.800     5.815    core_inst/iommu_inst/tlb_replacement/pt_valid_q_reg[4]_4
    SLICE_X33Y94         LUT5 (Prop_lut5_I2_O)        0.124     5.939 f  core_inst/iommu_inst/tlb_replacement/tlb_valid_q[2]_i_24/O
                         net (fo=2, routed)           0.748     6.687    core_inst/iommu_inst/tlb_replacement/pt_vpn_q_reg[4][2]
    SLICE_X31Y94         LUT5 (Prop_lut5_I2_O)        0.118     6.805 r  core_inst/iommu_inst/tlb_replacement/tlb_valid_q[2]_i_16/O
                         net (fo=4, routed)           1.022     7.827    core_inst/iommu_inst/tlb_replacement_n_20
    SLICE_X32Y94         LUT6 (Prop_lut6_I0_O)        0.326     8.153 f  core_inst/iommu_inst/tlb_vpn_q[0][3]_i_25/O
                         net (fo=1, routed)           0.433     8.586    core_inst/iommu_inst/tlb_vpn_q[0][3]_i_25_n_0
    SLICE_X32Y94         LUT6 (Prop_lut6_I2_O)        0.124     8.710 f  core_inst/iommu_inst/tlb_vpn_q[0][3]_i_18/O
                         net (fo=9, routed)           0.659     9.370    core_inst/iommu_inst/tlb_vpn_q[0][3]_i_18_n_0
    SLICE_X35Y95         LUT6 (Prop_lut6_I5_O)        0.124     9.494 r  core_inst/iommu_inst/tlb_vpn_q[0][3]_i_10/O
                         net (fo=40, routed)          0.929    10.422    core_inst/iommu_inst/tlb_vpn_q[0][3]_i_10_n_0
    SLICE_X31Y96         LUT6 (Prop_lut6_I4_O)        0.124    10.546 r  core_inst/iommu_inst/tlb_vpn_q[0][0]_i_2/O
                         net (fo=1, routed)           0.926    11.473    core_inst/iommu_inst/tlb_vpn_q[0][0]_i_2_n_0
    SLICE_X34Y89         LUT6 (Prop_lut6_I0_O)        0.124    11.597 r  core_inst/iommu_inst/tlb_vpn_q[0][0]_i_1/O
                         net (fo=4, routed)           0.517    12.114    core_inst/iommu_inst/pt_vpn_q[0]
    SLICE_X33Y89         FDCE                                         r  core_inst/iommu_inst/tlb_vpn_q_reg[3][0]/D
  -------------------------------------------------------------------    -------------------

                         (clock axi_clk rise edge)    8.000     8.000 r  
    M18                                               0.000     8.000 r  aclk (IN)
                         net (fo=0)                   0.000     8.000    aclk
    M18                  IBUF (Prop_ibuf_I_O)         0.805     8.805 r  aclk_IBUF_inst/O
                         net (fo=1, routed)           1.868    10.673    aclk_IBUF
    BUFGCTRL_X0Y0        BUFG (Prop_bufg_I_O)         0.091    10.764 r  aclk_IBUF_BUFG_inst/O
                         net (fo=2050, routed)        1.433    12.196    core_inst/iommu_inst/aclk
    SLICE_X33Y89         FDCE                                         r  core_inst/iommu_inst/tlb_vpn_q_reg[3][0]/C
                         clock pessimism              0.335    12.532    
                         clock uncertainty           -0.135    12.396    
    SLICE_X33Y89         FDCE (Setup_fdce_C_D)       -0.061    12.335    core_inst/iommu_inst/tlb_vpn_q_reg[3][0]
  -------------------------------------------------------------------
                         required time                         12.335    
                         arrival time                         -12.114    
  -------------------------------------------------------------------
                         slack                                  0.222    

Slack (MET) :             0.234ns  (required time - arrival time)
  Source:                 core_inst/dma_rd_inst/addr_reg_reg[1]/C
                            (rising edge-triggered cell FDRE clocked by axi_clk  {rise@0.000ns fall@4.000ns period=8.000ns})
  Destination:            core_inst/dma_rd_inst/axi_state_reg_reg[0]/D
                            (rising edge-triggered cell FDRE clocked by axi_clk  {rise@0.000ns fall@4.000ns period=8.000ns})
  Path Group:             axi_clk
  Path Type:              Setup (Max at Slow Process Corner)
  Requirement:            8.000ns  (axi_clk rise@8.000ns - axi_clk rise@0.000ns)
  Data Path Delay:        7.615ns  (logic 3.129ns (41.091%)  route 4.486ns (58.909%))
  Logic Levels:           12  (CARRY4=5 LUT4=3 LUT5=1 LUT6=3)
  Clock Path Skew:        -0.045ns (DCD - SCD + CPR)
    Destination Clock Delay (DCD):    4.183ns = ( 12.183 - 8.000 ) 
    Source Clock Delay      (SCD):    4.549ns
    Clock Pessimism Removal (CPR):    0.320ns
  Clock Uncertainty:      0.135ns  ((TSJ^2 + TIJ^2)^1/2 + DJ) / 2 + PE + UU
    Total System Jitter     (TSJ):    0.071ns
    Total Input Jitter      (TIJ):    0.000ns
    Discrete Jitter          (DJ):    0.000ns
    Phase Error              (PE):    0.000ns
    User Uncertainty         (UU):    0.100ns

    Location             Delay type                Incr(ns)  Path(ns)    Netlist Resource(s)
  -------------------------------------------------------------------    -------------------
                         (clock axi_clk rise edge)    0.000     0.000 r  
    M18                                               0.000     0.000 r  aclk (IN)
                         net (fo=0)                   0.000     0.000    aclk
    M18                  IBUF (Prop_ibuf_I_O)         0.938     0.938 r  aclk_IBUF_inst/O
                         net (fo=1, routed)           1.972     2.910    aclk_IBUF
    BUFGCTRL_X0Y0        BUFG (Prop_bufg_I_O)         0.096     3.006 r  aclk_IBUF_BUFG_inst/O
                         net (fo=2050, routed)        1.543     4.549    core_inst/dma_rd_inst/aclk
    SLICE_X35Y67         FDRE                                         r  core_inst/dma_rd_inst/addr_reg_reg[1]/C
  -------------------------------------------------------------------    -------------------
    SLICE_X35Y67         FDRE (Prop_fdre_C_Q)         0.456     5.005 r  core_inst/dma_rd_inst/addr_reg_reg[1]/Q
                         net (fo=19, routed)          0.915     5.920    core_inst/dma_rd_inst/addr_reg[1]
    SLICE_X34Y67         LUT4 (Prop_lut4_I1_O)        0.124     6.044 r  core_inst/dma_rd_inst/m_axi_arlen_reg[7]_i_36__0/O
                         net (fo=1, routed)           0.000     6.044    core_inst/dma_rd_inst/m_axi_arlen_reg[7]_i_36__0_n_0
    SLICE_X34Y67         CARRY4 (Prop_carry4_S[1]_CO[3])
                                                      0.533     6.577 r  core_inst/dma_rd_inst/m_axi_arlen_reg_reg[7]_i_19/CO[3]
                         net (fo=1, routed)           0.000     6.577    core_inst/dma_rd_inst/m_axi_arlen_reg_reg[7]_i_19_n_0
    SLICE_X34Y68         CARRY4 (Prop_carry4_CI_CO[3])
                                                      0.117     6.694 r  core_inst/dma_rd_inst/m_axi_arlen_reg_reg[7]_i_12/CO[3]
                         net (fo=12, routed)          1.274     7.967    core_inst/dma_rd_inst/tr_word_count_next12_in
    SLICE_X29Y69         LUT6 (Prop_lut6_I4_O)        0.124     8.091 r  core_inst/dma_rd_inst/m_axi_arlen_reg[7]_i_3__0/O
                         net (fo=23, routed)          0.858     8.949    core_inst/dma_rd_inst/m_axi_arlen_reg[7]_i_3__0_n_0
    SLICE_X34Y70         LUT6 (Prop_lut6_I0_O)        0.124     9.073 r  core_inst/dma_rd_inst/op_word_count_reg[7]_i_5__0/O
                         net (fo=1, routed)           0.000     9.073    core_inst/dma_rd_inst/op_word_count_reg[7]_i_5__0_n_0
    SLICE_X34Y70         CARRY4 (Prop_carry4_S[1]_CO[3])
                                                      0.533     9.606 r  core_inst/dma_rd_inst/op_word_count_reg_reg[7]_i_2__0/CO[3]
                         net (fo=1, routed)           0.000     9.606    core_inst/dma_rd_inst/op_word_count_reg_reg[7]_i_2__0_n_0
    SLICE_X34Y71         CARRY4 (Prop_carry4_CI_CO[3])
                                                      0.117     9.723 r  core_inst/dma_rd_inst/op_word_count_reg_reg[11]_i_2__0/CO[3]
                         net (fo=1, routed)           0.000     9.723    core_inst/dma_rd_inst/op_word_count_reg_reg[11]_i_2__0_n_0
    SLICE_X34Y72         CARRY4 (Prop_carry4_CI_O[1])
                                                      0.323    10.046 r  core_inst/dma_rd_inst/op_word_count_reg_reg[15]_i_2__0/O[1]
                         net (fo=2, routed)           0.681    10.727    core_inst/dma_rd_inst/axi_state_next10_out[13]
    SLICE_X34Y73         LUT4 (Prop_lut4_I0_O)        0.306    11.033 r  core_inst/dma_rd_inst/axi_state_reg[0]_i_5/O
                         net (fo=1, routed)           0.282    11.315    core_inst/dma_rd_inst/axi_state_reg[0]_i_5_n_0
    SLICE_X34Y73         LUT5 (Prop_lut5_I4_O)        0.124    11.439 r  core_inst/dma_rd_inst/axi_state_reg[0]_i_4/O
                         net (fo=1, routed)           0.162    11.601    core_inst/dma_rd_inst/axi_state_reg[0]_i_4_n_0
    SLICE_X34Y73         LUT6 (Prop_lut6_I5_O)        0.124    11.725 r  core_inst/dma_rd_inst/axi_state_reg[0]_i_2/O
                         net (fo=2, routed)           0.314    12.039    core_inst/dma_rd_inst/axi_state_reg[0]_i_2_n_0
    SLICE_X33Y73         LUT4 (Prop_lut4_I3_O)        0.124    12.163 r  core_inst/dma_rd_inst/axi_state_reg[0]_i_1__0/O
                         net (fo=1, routed)           0.000    12.163    core_inst/dma_rd_inst/s_axis_read_desc_ready_next
    SLICE_X33Y73         FDRE                                         r  core_inst/dma_rd_inst/axi_state_reg_reg[0]/D
  -------------------------------------------------------------------    -------------------

                         (clock axi_clk rise edge)    8.000     8.000 r  
    M18                                               0.000     8.000 r  aclk (IN)
                         net (fo=0)                   0.000     8.000    aclk
    M18                  IBUF (Prop_ibuf_I_O)         0.805     8.805 r  aclk_IBUF_inst/O
                         net (fo=1, routed)           1.868    10.673    aclk_IBUF
    BUFGCTRL_X0Y0        BUFG (Prop_bufg_I_O)         0.091    10.764 r  aclk_IBUF_BUFG_inst/O
                         net (fo=2050, routed)        1.420    12.183    core_inst/dma_rd_inst/aclk
    SLICE_X33Y73         FDRE                                         r  core_inst/dma_rd_inst/axi_state_reg_reg[0]/C
                         clock pessimism              0.320    12.504    
                         clock uncertainty           -0.135    12.368    
    SLICE_X33Y73         FDRE (Setup_fdre_C_D)        0.029    12.397    core_inst/dma_rd_inst/axi_state_reg_reg[0]
  -------------------------------------------------------------------
                         required time                         12.397    
                         arrival time                         -12.163    
  -------------------------------------------------------------------
                         slack                                  0.234    

Slack (MET) :             0.235ns  (required time - arrival time)
  Source:                 core_inst/iommu_inst/pt_valid_q_reg[4]/C
                            (rising edge-triggered cell FDCE clocked by axi_clk  {rise@0.000ns fall@4.000ns period=8.000ns})
  Destination:            core_inst/iommu_inst/resp_fault_o_reg[1]/D
                            (rising edge-triggered cell FDCE clocked by axi_clk  {rise@0.000ns fall@4.000ns period=8.000ns})
  Path Group:             axi_clk
  Path Type:              Setup (Max at Slow Process Corner)
  Requirement:            8.000ns  (axi_clk rise@8.000ns - axi_clk rise@0.000ns)
  Data Path Delay:        7.634ns  (logic 1.644ns (21.536%)  route 5.990ns (78.464%))
  Logic Levels:           8  (LUT5=2 LUT6=6)
  Clock Path Skew:        -0.025ns (DCD - SCD + CPR)
    Destination Clock Delay (DCD):    4.198ns = ( 12.198 - 8.000 ) 
    Source Clock Delay      (SCD):    4.559ns
    Clock Pessimism Removal (CPR):    0.335ns
  Clock Uncertainty:      0.135ns  ((TSJ^2 + TIJ^2)^1/2 + DJ) / 2 + PE + UU
    Total System Jitter     (TSJ):    0.071ns
    Total Input Jitter      (TIJ):    0.000ns
    Discrete Jitter          (DJ):    0.000ns
    Phase Error              (PE):    0.000ns
    User Uncertainty         (UU):    0.100ns

    Location             Delay type                Incr(ns)  Path(ns)    Netlist Resource(s)
  -------------------------------------------------------------------    -------------------
                         (clock axi_clk rise edge)    0.000     0.000 r  
    M18                                               0.000     0.000 r  aclk (IN)
                         net (fo=0)                   0.000     0.000    aclk
    M18                  IBUF (Prop_ibuf_I_O)         0.938     0.938 r  aclk_IBUF_inst/O
                         net (fo=1, routed)           1.972     2.910    aclk_IBUF
    BUFGCTRL_X0Y0        BUFG (Prop_bufg_I_O)         0.096     3.006 r  aclk_IBUF_BUFG_inst/O
                         net (fo=2050, routed)        1.553     4.559    core_inst/iommu_inst/aclk
    SLICE_X32Y93         FDCE                                         r  core_inst/iommu_inst/pt_valid_q_reg[4]/C
  -------------------------------------------------------------------    -------------------
    SLICE_X32Y93         FDCE (Prop_fdce_C_Q)         0.456     5.015 f  core_inst/iommu_inst/pt_valid_q_reg[4]/Q
                         net (fo=1, routed)           0.800     5.815    core_inst/iommu_inst/tlb_replacement/pt_valid_q_reg[4]_4
    SLICE_X33Y94         LUT5 (Prop_lut5_I2_O)        0.124     5.939 r  core_inst/iommu_inst/tlb_replacement/tlb_valid_q[2]_i_24/O
                         net (fo=2, routed)           0.748     6.687    core_inst/iommu_inst/tlb_replacement/pt_vpn_q_reg[4][2]
    SLICE_X31Y94         LUT5 (Prop_lut5_I2_O)        0.118     6.805 f  core_inst/iommu_inst/tlb_replacement/tlb_valid_q[2]_i_16/O
                         net (fo=4, routed)           1.022     7.827    core_inst/iommu_inst/tlb_replacement_n_20
    SLICE_X32Y94         LUT6 (Prop_lut6_I0_O)        0.326     8.153 r  core_inst/iommu_inst/tlb_vpn_q[0][3]_i_25/O
                         net (fo=1, routed)           0.433     8.586    core_inst/iommu_inst/tlb_vpn_q[0][3]_i_25_n_0
    SLICE_X32Y94         LUT6 (Prop_lut6_I2_O)        0.124     8.710 r  core_inst/iommu_inst/tlb_vpn_q[0][3]_i_18/O
                         net (fo=9, routed)           0.807     9.517    core_inst/iommu_inst/tlb_vpn_q[0][3]_i_18_n_0
    SLICE_X34Y95         LUT6 (Prop_lut6_I4_O)        0.124     9.641 r  core_inst/iommu_inst/resp_fault_o[1]_i_7/O
                         net (fo=1, routed)           0.962    10.603    core_inst/iommu_inst/resp_fault_o[1]_i_7_n_0
    SLICE_X31Y94         LUT6 (Prop_lut6_I1_O)        0.124    10.727 r  core_inst/iommu_inst/resp_fault_o[1]_i_4/O
                         net (fo=1, routed)           0.773    11.500    core_inst/iommu_inst/resp_fault_o[1]_i_4_n_0
    SLICE_X32Y94         LUT6 (Prop_lut6_I0_O)        0.124    11.624 r  core_inst/iommu_inst/resp_fault_o[1]_i_2/O
                         net (fo=1, routed)           0.444    12.068    core_inst/iommu_inst/resp_fault_o[1]_i_2_n_0
    SLICE_X32Y94         LUT6 (Prop_lut6_I2_O)        0.124    12.192 r  core_inst/iommu_inst/resp_fault_o[1]_i_1/O
                         net (fo=1, routed)           0.000    12.192    core_inst/iommu_inst/resp_fault_o[1]_i_1_n_0
    SLICE_X32Y94         FDCE                                         r  core_inst/iommu_inst/resp_fault_o_reg[1]/D
  -------------------------------------------------------------------    -------------------

                         (clock axi_clk rise edge)    8.000     8.000 r  
    M18                                               0.000     8.000 r  aclk (IN)
                         net (fo=0)                   0.000     8.000    aclk
    M18                  IBUF (Prop_ibuf_I_O)         0.805     8.805 r  aclk_IBUF_inst/O
                         net (fo=1, routed)           1.868    10.673    aclk_IBUF
    BUFGCTRL_X0Y0        BUFG (Prop_bufg_I_O)         0.091    10.764 r  aclk_IBUF_BUFG_inst/O
                         net (fo=2050, routed)        1.435    12.198    core_inst/iommu_inst/aclk
    SLICE_X32Y94         FDCE                                         r  core_inst/iommu_inst/resp_fault_o_reg[1]/C
                         clock pessimism              0.335    12.534    
                         clock uncertainty           -0.135    12.398    
    SLICE_X32Y94         FDCE (Setup_fdce_C_D)        0.029    12.427    core_inst/iommu_inst/resp_fault_o_reg[1]
  -------------------------------------------------------------------
                         required time                         12.427    
                         arrival time                         -12.192    
  -------------------------------------------------------------------
                         slack                                  0.235    





Min Delay Paths
--------------------------------------------------------------------------------------
Slack (MET) :             0.015ns  (arrival time - required time)
  Source:                 core_inst/crossbar_inst/axi_crossbar_rd_inst/s_ifaces[0].reg_inst/s_axi_rdata_reg_reg[5]/C
                            (rising edge-triggered cell FDRE clocked by axi_clk  {rise@0.000ns fall@4.000ns period=8.000ns})
  Destination:            core_inst/cdma_inst/out_fifo_wdata_reg_0_31_0_5/RAMC_D1/I
                            (rising edge-triggered cell RAMD32 clocked by axi_clk  {rise@0.000ns fall@4.000ns period=8.000ns})
  Path Group:             axi_clk
  Path Type:              Hold (Min at Fast Process Corner)
  Requirement:            0.000ns  (axi_clk rise@0.000ns - axi_clk rise@0.000ns)
  Data Path Delay:        0.242ns  (logic 0.141ns (58.263%)  route 0.101ns (41.737%))
  Logic Levels:           0  
  Clock Path Skew:        0.013ns (DCD - SCD - CPR)
    Destination Clock Delay (DCD):    1.928ns
    Source Clock Delay      (SCD):    1.414ns
    Clock Pessimism Removal (CPR):    0.501ns
  Clock Uncertainty:      0.100ns  ((TSJ^2 + TIJ^2)^1/2 + DJ) / 2 + PE + UU
    Total System Jitter     (TSJ):    0.000ns
    Total Input Jitter      (TIJ):    0.000ns
    Discrete Jitter          (DJ):    0.000ns
    Phase Error              (PE):    0.000ns
    User Uncertainty         (UU):    0.100ns

    Location             Delay type                Incr(ns)  Path(ns)    Netlist Resource(s)
  -------------------------------------------------------------------    -------------------
                         (clock axi_clk rise edge)    0.000     0.000 r  
    M18                                               0.000     0.000 r  aclk (IN)
                         net (fo=0)                   0.000     0.000    aclk
    M18                  IBUF (Prop_ibuf_I_O)         0.167     0.167 r  aclk_IBUF_inst/O
                         net (fo=1, routed)           0.634     0.801    aclk_IBUF
    BUFGCTRL_X0Y0        BUFG (Prop_bufg_I_O)         0.026     0.827 r  aclk_IBUF_BUFG_inst/O
                         net (fo=2050, routed)        0.587     1.414    core_inst/crossbar_inst/axi_crossbar_rd_inst/s_ifaces[0].reg_inst/aclk
    SLICE_X1Y82          FDRE                                         r  core_inst/crossbar_inst/axi_crossbar_rd_inst/s_ifaces[0].reg_inst/s_axi_rdata_reg_reg[5]/C
  -------------------------------------------------------------------    -------------------
    SLICE_X1Y82          FDRE (Prop_fdre_C_Q)         0.141     1.555 r  core_inst/crossbar_inst/axi_crossbar_rd_inst/s_ifaces[0].reg_inst/s_axi_rdata_reg_reg[5]/Q
                         net (fo=1, routed)           0.101     1.656    core_inst/cdma_inst/out_fifo_wdata_reg_0_31_0_5/DIC1
    SLICE_X2Y81          RAMD32                                       r  core_inst/cdma_inst/out_fifo_wdata_reg_0_31_0_5/RAMC_D1/I
  -------------------------------------------------------------------    -------------------

                         (clock axi_clk rise edge)    0.000     0.000 r  
    M18                                               0.000     0.000 r  aclk (IN)
                         net (fo=0)                   0.000     0.000    aclk
    M18                  IBUF (Prop_ibuf_I_O)         0.356     0.356 r  aclk_IBUF_inst/O
                         net (fo=1, routed)           0.689     1.044    aclk_IBUF
    BUFGCTRL_X0Y0        BUFG (Prop_bufg_I_O)         0.029     1.073 r  aclk_IBUF_BUFG_inst/O
                         net (fo=2050, routed)        0.854     1.928    core_inst/cdma_inst/out_fifo_wdata_reg_0_31_0_5/WCLK
    SLICE_X2Y81          RAMD32                                       r  core_inst/cdma_inst/out_fifo_wdata_reg_0_31_0_5/RAMC_D1/CLK
                         clock pessimism             -0.501     1.427    
                         clock uncertainty            0.100     1.527    
    SLICE_X2Y81          RAMD32 (Hold_ramd32_CLK_I)
                                                      0.114     1.641    core_inst/cdma_inst/out_fifo_wdata_reg_0_31_0_5/RAMC_D1
  -------------------------------------------------------------------
                         required time                         -1.641    
                         arrival time                           1.656    
  -------------------------------------------------------------------
                         slack                                  0.015    

Slack (MET) :             0.017ns  (arrival time - required time)
  Source:                 core_inst/crossbar_inst/axi_crossbar_rd_inst/s_ifaces[1].reg_inst/s_axi_rdata_reg_reg[22]/C
                            (rising edge-triggered cell FDRE clocked by axi_clk  {rise@0.000ns fall@4.000ns period=8.000ns})
  Destination:            core_inst/dma_rd_inst/out_fifo_tdata_reg_0_31_18_23/RAMC/I
                            (rising edge-triggered cell RAMD32 clocked by axi_clk  {rise@0.000ns fall@4.000ns period=8.000ns})
  Path Group:             axi_clk
  Path Type:              Hold (Min at Fast Process Corner)
  Requirement:            0.000ns  (axi_clk rise@0.000ns - axi_clk rise@0.000ns)
  Data Path Delay:        0.277ns  (logic 0.164ns (59.205%)  route 0.113ns (40.795%))
  Logic Levels:           0  
  Clock Path Skew:        0.016ns (DCD - SCD - CPR)
    Destination Clock Delay (DCD):    1.905ns
    Source Clock Delay      (SCD):    1.389ns
    Clock Pessimism Removal (CPR):    0.500ns
  Clock Uncertainty:      0.100ns  ((TSJ^2 + TIJ^2)^1/2 + DJ) / 2 + PE + UU
    Total System Jitter     (TSJ):    0.000ns
    Total Input Jitter      (TIJ):    0.000ns
    Discrete Jitter          (DJ):    0.000ns
    Phase Error              (PE):    0.000ns
    User Uncertainty         (UU):    0.100ns

    Location             Delay type                Incr(ns)  Path(ns)    Netlist Resource(s)
  -------------------------------------------------------------------    -------------------
                         (clock axi_clk rise edge)    0.000     0.000 r  
    M18                                               0.000     0.000 r  aclk (IN)
                         net (fo=0)                   0.000     0.000    aclk
    M18                  IBUF (Prop_ibuf_I_O)         0.167     0.167 r  aclk_IBUF_inst/O
                         net (fo=1, routed)           0.634     0.801    aclk_IBUF
    BUFGCTRL_X0Y0        BUFG (Prop_bufg_I_O)         0.026     0.827 r  aclk_IBUF_BUFG_inst/O
                         net (fo=2050, routed)        0.562     1.389    core_inst/crossbar_inst/axi_crossbar_rd_inst/s_ifaces[1].reg_inst/aclk
    SLICE_X10Y89         FDRE                                         r  core_inst/crossbar_inst/axi_crossbar_rd_inst/s_ifaces[1].reg_inst/s_axi_rdata_reg_reg[22]/C
  -------------------------------------------------------------------    -------------------
    SLICE_X10Y89         FDRE (Prop_fdre_C_Q)         0.164     1.553 r  core_inst/crossbar_inst/axi_crossbar_rd_inst/s_ifaces[1].reg_inst/s_axi_rdata_reg_reg[22]/Q
                         net (fo=1, routed)           0.113     1.666    core_inst/dma_rd_inst/out_fifo_tdata_reg_0_31_18_23/DIC0
    SLICE_X10Y88         RAMD32                                       r  core_inst/dma_rd_inst/out_fifo_tdata_reg_0_31_18_23/RAMC/I
  -------------------------------------------------------------------    -------------------

                         (clock axi_clk rise edge)    0.000     0.000 r  
    M18                                               0.000     0.000 r  aclk (IN)
                         net (fo=0)                   0.000     0.000    aclk
    M18                  IBUF (Prop_ibuf_I_O)         0.356     0.356 r  aclk_IBUF_inst/O
                         net (fo=1, routed)           0.689     1.044    aclk_IBUF
    BUFGCTRL_X0Y0        BUFG (Prop_bufg_I_O)         0.029     1.073 r  aclk_IBUF_BUFG_inst/O
                         net (fo=2050, routed)        0.831     1.905    core_inst/dma_rd_inst/out_fifo_tdata_reg_0_31_18_23/WCLK
    SLICE_X10Y88         RAMD32                                       r  core_inst/dma_rd_inst/out_fifo_tdata_reg_0_31_18_23/RAMC/CLK
                         clock pessimism             -0.500     1.405    
                         clock uncertainty            0.100     1.505    
    SLICE_X10Y88         RAMD32 (Hold_ramd32_CLK_I)
                                                      0.144     1.649    core_inst/dma_rd_inst/out_fifo_tdata_reg_0_31_18_23/RAMC
  -------------------------------------------------------------------
                         required time                         -1.649    
                         arrival time                           1.666    
  -------------------------------------------------------------------
                         slack                                  0.017    

Slack (MET) :             0.023ns  (arrival time - required time)
  Source:                 core_inst/crossbar_inst/axi_crossbar_rd_inst/s_ifaces[0].reg_inst/s_axi_rdata_reg_reg[8]/C
                            (rising edge-triggered cell FDRE clocked by axi_clk  {rise@0.000ns fall@4.000ns period=8.000ns})
  Destination:            core_inst/cdma_inst/out_fifo_wdata_reg_0_31_6_11/RAMB/I
                            (rising edge-triggered cell RAMD32 clocked by axi_clk  {rise@0.000ns fall@4.000ns period=8.000ns})
  Path Group:             axi_clk
  Path Type:              Hold (Min at Fast Process Corner)
  Requirement:            0.000ns  (axi_clk rise@0.000ns - axi_clk rise@0.000ns)
  Data Path Delay:        0.302ns  (logic 0.141ns (46.672%)  route 0.161ns (53.328%))
  Logic Levels:           0  
  Clock Path Skew:        0.033ns (DCD - SCD - CPR)
    Destination Clock Delay (DCD):    1.926ns
    Source Clock Delay      (SCD):    1.413ns
    Clock Pessimism Removal (CPR):    0.480ns
  Clock Uncertainty:      0.100ns  ((TSJ^2 + TIJ^2)^1/2 + DJ) / 2 + PE + UU
    Total System Jitter     (TSJ):    0.000ns
    Total Input Jitter      (TIJ):    0.000ns
    Discrete Jitter          (DJ):    0.000ns
    Phase Error              (PE):    0.000ns
    User Uncertainty         (UU):    0.100ns

    Location             Delay type                Incr(ns)  Path(ns)    Netlist Resource(s)
  -------------------------------------------------------------------    -------------------
                         (clock axi_clk rise edge)    0.000     0.000 r  
    M18                                               0.000     0.000 r  aclk (IN)
                         net (fo=0)                   0.000     0.000    aclk
    M18                  IBUF (Prop_ibuf_I_O)         0.167     0.167 r  aclk_IBUF_inst/O
                         net (fo=1, routed)           0.634     0.801    aclk_IBUF
    BUFGCTRL_X0Y0        BUFG (Prop_bufg_I_O)         0.026     0.827 r  aclk_IBUF_BUFG_inst/O
                         net (fo=2050, routed)        0.586     1.413    core_inst/crossbar_inst/axi_crossbar_rd_inst/s_ifaces[0].reg_inst/aclk
    SLICE_X1Y81          FDRE                                         r  core_inst/crossbar_inst/axi_crossbar_rd_inst/s_ifaces[0].reg_inst/s_axi_rdata_reg_reg[8]/C
  -------------------------------------------------------------------    -------------------
    SLICE_X1Y81          FDRE (Prop_fdre_C_Q)         0.141     1.554 r  core_inst/crossbar_inst/axi_crossbar_rd_inst/s_ifaces[0].reg_inst/s_axi_rdata_reg_reg[8]/Q
                         net (fo=1, routed)           0.161     1.715    core_inst/cdma_inst/out_fifo_wdata_reg_0_31_6_11/DIB0
    SLICE_X6Y81          RAMD32                                       r  core_inst/cdma_inst/out_fifo_wdata_reg_0_31_6_11/RAMB/I
  -------------------------------------------------------------------    -------------------

                         (clock axi_clk rise edge)    0.000     0.000 r  
    M18                                               0.000     0.000 r  aclk (IN)
                         net (fo=0)                   0.000     0.000    aclk
    M18                  IBUF (Prop_ibuf_I_O)         0.356     0.356 r  aclk_IBUF_inst/O
                         net (fo=1, routed)           0.689     1.044    aclk_IBUF
    BUFGCTRL_X0Y0        BUFG (Prop_bufg_I_O)         0.029     1.073 r  aclk_IBUF_BUFG_inst/O
                         net (fo=2050, routed)        0.853     1.926    core_inst/cdma_inst/out_fifo_wdata_reg_0_31_6_11/WCLK
    SLICE_X6Y81          RAMD32                                       r  core_inst/cdma_inst/out_fifo_wdata_reg_0_31_6_11/RAMB/CLK
                         clock pessimism             -0.480     1.446    
                         clock uncertainty            0.100     1.546    
    SLICE_X6Y81          RAMD32 (Hold_ramd32_CLK_I)
                                                      0.146     1.692    core_inst/cdma_inst/out_fifo_wdata_reg_0_31_6_11/RAMB
  -------------------------------------------------------------------
                         required time                         -1.692    
                         arrival time                           1.715    
  -------------------------------------------------------------------
                         slack                                  0.023    

Slack (MET) :             0.024ns  (arrival time - required time)
  Source:                 core_inst/crossbar_inst/axi_crossbar_rd_inst/s_ifaces[1].reg_inst/s_axi_rdata_reg_reg[30]/C
                            (rising edge-triggered cell FDRE clocked by axi_clk  {rise@0.000ns fall@4.000ns period=8.000ns})
  Destination:            core_inst/dma_rd_inst/out_fifo_tdata_reg_0_31_30_31/DP/I
                            (rising edge-triggered cell RAMD32 clocked by axi_clk  {rise@0.000ns fall@4.000ns period=8.000ns})
  Path Group:             axi_clk
  Path Type:              Hold (Min at Fast Process Corner)
  Requirement:            0.000ns  (axi_clk rise@0.000ns - axi_clk rise@0.000ns)
  Data Path Delay:        0.251ns  (logic 0.141ns (56.174%)  route 0.110ns (43.826%))
  Logic Levels:           0  
  Clock Path Skew:        0.013ns (DCD - SCD - CPR)
    Destination Clock Delay (DCD):    1.930ns
    Source Clock Delay      (SCD):    1.414ns
    Clock Pessimism Removal (CPR):    0.503ns
  Clock Uncertainty:      0.100ns  ((TSJ^2 + TIJ^2)^1/2 + DJ) / 2 + PE + UU
    Total System Jitter     (TSJ):    0.000ns
    Total Input Jitter      (TIJ):    0.000ns
    Discrete Jitter          (DJ):    0.000ns
    Phase Error              (PE):    0.000ns
    User Uncertainty         (UU):    0.100ns

    Location             Delay type                Incr(ns)  Path(ns)    Netlist Resource(s)
  -------------------------------------------------------------------    -------------------
                         (clock axi_clk rise edge)    0.000     0.000 r  
    M18                                               0.000     0.000 r  aclk (IN)
                         net (fo=0)                   0.000     0.000    aclk
    M18                  IBUF (Prop_ibuf_I_O)         0.167     0.167 r  aclk_IBUF_inst/O
                         net (fo=1, routed)           0.634     0.801    aclk_IBUF
    BUFGCTRL_X0Y0        BUFG (Prop_bufg_I_O)         0.026     0.827 r  aclk_IBUF_BUFG_inst/O
                         net (fo=2050, routed)        0.587     1.414    core_inst/crossbar_inst/axi_crossbar_rd_inst/s_ifaces[1].reg_inst/aclk
    SLICE_X7Y86          FDRE                                         r  core_inst/crossbar_inst/axi_crossbar_rd_inst/s_ifaces[1].reg_inst/s_axi_rdata_reg_reg[30]/C
  -------------------------------------------------------------------    -------------------
    SLICE_X7Y86          FDRE (Prop_fdre_C_Q)         0.141     1.555 r  core_inst/crossbar_inst/axi_crossbar_rd_inst/s_ifaces[1].reg_inst/s_axi_rdata_reg_reg[30]/Q
                         net (fo=2, routed)           0.110     1.665    core_inst/dma_rd_inst/out_fifo_tdata_reg_0_31_30_31/D
    SLICE_X6Y86          RAMD32                                       r  core_inst/dma_rd_inst/out_fifo_tdata_reg_0_31_30_31/DP/I
  -------------------------------------------------------------------    -------------------

                         (clock axi_clk rise edge)    0.000     0.000 r  
    M18                                               0.000     0.000 r  aclk (IN)
                         net (fo=0)                   0.000     0.000    aclk
    M18                  IBUF (Prop_ibuf_I_O)         0.356     0.356 r  aclk_IBUF_inst/O
                         net (fo=1, routed)           0.689     1.044    aclk_IBUF
    BUFGCTRL_X0Y0        BUFG (Prop_bufg_I_O)         0.029     1.073 r  aclk_IBUF_BUFG_inst/O
                         net (fo=2050, routed)        0.856     1.930    core_inst/dma_rd_inst/out_fifo_tdata_reg_0_31_30_31/WCLK
    SLICE_X6Y86          RAMD32                                       r  core_inst/dma_rd_inst/out_fifo_tdata_reg_0_31_30_31/DP/CLK
                         clock pessimism             -0.503     1.427    
                         clock uncertainty            0.100     1.527    
    SLICE_X6Y86          RAMD32 (Hold_ramd32_CLK_I)
                                                      0.114     1.641    core_inst/dma_rd_inst/out_fifo_tdata_reg_0_31_30_31/DP
  -------------------------------------------------------------------
                         required time                         -1.641    
                         arrival time                           1.665    
  -------------------------------------------------------------------
                         slack                                  0.024    

Slack (MET) :             0.026ns  (arrival time - required time)
  Source:                 core_inst/regs_inst/config_reg_q_reg[10]/C
                            (rising edge-triggered cell FDCE clocked by axi_clk  {rise@0.000ns fall@4.000ns period=8.000ns})
  Destination:            core_inst/scheduler_inst/burst_words_q_reg[2]/D
                            (rising edge-triggered cell FDCE clocked by axi_clk  {rise@0.000ns fall@4.000ns period=8.000ns})
  Path Group:             axi_clk
  Path Type:              Hold (Min at Fast Process Corner)
  Requirement:            0.000ns  (axi_clk rise@0.000ns - axi_clk rise@0.000ns)
  Data Path Delay:        0.454ns  (logic 0.141ns (31.061%)  route 0.313ns (68.939%))
  Logic Levels:           0  
  Clock Path Skew:        0.258ns (DCD - SCD - CPR)
    Destination Clock Delay (DCD):    1.896ns
    Source Clock Delay      (SCD):    1.387ns
    Clock Pessimism Removal (CPR):    0.251ns
  Clock Uncertainty:      0.100ns  ((TSJ^2 + TIJ^2)^1/2 + DJ) / 2 + PE + UU
    Total System Jitter     (TSJ):    0.000ns
    Total Input Jitter      (TIJ):    0.000ns
    Discrete Jitter          (DJ):    0.000ns
    Phase Error              (PE):    0.000ns
    User Uncertainty         (UU):    0.100ns

    Location             Delay type                Incr(ns)  Path(ns)    Netlist Resource(s)
  -------------------------------------------------------------------    -------------------
                         (clock axi_clk rise edge)    0.000     0.000 r  
    M18                                               0.000     0.000 r  aclk (IN)
                         net (fo=0)                   0.000     0.000    aclk
    M18                  IBUF (Prop_ibuf_I_O)         0.167     0.167 r  aclk_IBUF_inst/O
                         net (fo=1, routed)           0.634     0.801    aclk_IBUF
    BUFGCTRL_X0Y0        BUFG (Prop_bufg_I_O)         0.026     0.827 r  aclk_IBUF_BUFG_inst/O
                         net (fo=2050, routed)        0.560     1.387    core_inst/regs_inst/aclk
    SLICE_X15Y85         FDCE                                         r  core_inst/regs_inst/config_reg_q_reg[10]/C
  -------------------------------------------------------------------    -------------------
    SLICE_X15Y85         FDCE (Prop_fdce_C_Q)         0.141     1.528 r  core_inst/regs_inst/config_reg_q_reg[10]/Q
                         net (fo=2, routed)           0.313     1.841    core_inst/scheduler_inst/burst_words_q_reg[7]_0[6]
    SLICE_X37Y83         FDCE                                         r  core_inst/scheduler_inst/burst_words_q_reg[2]/D
  -------------------------------------------------------------------    -------------------

                         (clock axi_clk rise edge)    0.000     0.000 r  
    M18                                               0.000     0.000 r  aclk (IN)
                         net (fo=0)                   0.000     0.000    aclk
    M18                  IBUF (Prop_ibuf_I_O)         0.356     0.356 r  aclk_IBUF_inst/O
                         net (fo=1, routed)           0.689     1.044    aclk_IBUF
    BUFGCTRL_X0Y0        BUFG (Prop_bufg_I_O)         0.029     1.073 r  aclk_IBUF_BUFG_inst/O
                         net (fo=2050, routed)        0.822     1.896    core_inst/scheduler_inst/aclk
    SLICE_X37Y83         FDCE                                         r  core_inst/scheduler_inst/burst_words_q_reg[2]/C
                         clock pessimism             -0.251     1.645    
                         clock uncertainty            0.100     1.745    
    SLICE_X37Y83         FDCE (Hold_fdce_C_D)         0.070     1.815    core_inst/scheduler_inst/burst_words_q_reg[2]
  -------------------------------------------------------------------
                         required time                         -1.815    
                         arrival time                           1.841    
  -------------------------------------------------------------------
                         slack                                  0.026    

Slack (MET) :             0.031ns  (arrival time - required time)
  Source:                 core_inst/regs_inst/wdata_q_reg[3]/C
                            (rising edge-triggered cell FDCE clocked by axi_clk  {rise@0.000ns fall@4.000ns period=8.000ns})
  Destination:            core_inst/regs_inst/pt_vpn_reg_q_reg[3]/D
                            (rising edge-triggered cell FDCE clocked by axi_clk  {rise@0.000ns fall@4.000ns period=8.000ns})
  Path Group:             axi_clk
  Path Type:              Hold (Min at Fast Process Corner)
  Requirement:            0.000ns  (axi_clk rise@0.000ns - axi_clk rise@0.000ns)
  Data Path Delay:        0.463ns  (logic 0.164ns (35.384%)  route 0.299ns (64.616%))
  Logic Levels:           0  
  Clock Path Skew:        0.263ns (DCD - SCD - CPR)
    Destination Clock Delay (DCD):    1.901ns
    Source Clock Delay      (SCD):    1.387ns
    Clock Pessimism Removal (CPR):    0.251ns
  Clock Uncertainty:      0.100ns  ((TSJ^2 + TIJ^2)^1/2 + DJ) / 2 + PE + UU
    Total System Jitter     (TSJ):    0.000ns
    Total Input Jitter      (TIJ):    0.000ns
    Discrete Jitter          (DJ):    0.000ns
    Phase Error              (PE):    0.000ns
    User Uncertainty         (UU):    0.100ns

    Location             Delay type                Incr(ns)  Path(ns)    Netlist Resource(s)
  -------------------------------------------------------------------    -------------------
                         (clock axi_clk rise edge)    0.000     0.000 r  
    M18                                               0.000     0.000 r  aclk (IN)
                         net (fo=0)                   0.000     0.000    aclk
    M18                  IBUF (Prop_ibuf_I_O)         0.167     0.167 r  aclk_IBUF_inst/O
                         net (fo=1, routed)           0.634     0.801    aclk_IBUF
    BUFGCTRL_X0Y0        BUFG (Prop_bufg_I_O)         0.026     0.827 r  aclk_IBUF_BUFG_inst/O
                         net (fo=2050, routed)        0.560     1.387    core_inst/regs_inst/aclk
    SLICE_X12Y84         FDCE                                         r  core_inst/regs_inst/wdata_q_reg[3]/C
  -------------------------------------------------------------------    -------------------
    SLICE_X12Y84         FDCE (Prop_fdce_C_Q)         0.164     1.551 r  core_inst/regs_inst/wdata_q_reg[3]/Q
                         net (fo=8, routed)           0.299     1.850    core_inst/regs_inst/wdata_q_reg_n_0_[3]
    SLICE_X36Y88         FDCE                                         r  core_inst/regs_inst/pt_vpn_reg_q_reg[3]/D
  -------------------------------------------------------------------    -------------------

                         (clock axi_clk rise edge)    0.000     0.000 r  
    M18                                               0.000     0.000 r  aclk (IN)
                         net (fo=0)                   0.000     0.000    aclk
    M18                  IBUF (Prop_ibuf_I_O)         0.356     0.356 r  aclk_IBUF_inst/O
                         net (fo=1, routed)           0.689     1.044    aclk_IBUF
    BUFGCTRL_X0Y0        BUFG (Prop_bufg_I_O)         0.029     1.073 r  aclk_IBUF_BUFG_inst/O
                         net (fo=2050, routed)        0.827     1.901    core_inst/regs_inst/aclk
    SLICE_X36Y88         FDCE                                         r  core_inst/regs_inst/pt_vpn_reg_q_reg[3]/C
                         clock pessimism             -0.251     1.650    
                         clock uncertainty            0.100     1.750    
    SLICE_X36Y88         FDCE (Hold_fdce_C_D)         0.070     1.820    core_inst/regs_inst/pt_vpn_reg_q_reg[3]
  -------------------------------------------------------------------
                         required time                         -1.820    
                         arrival time                           1.850    
  -------------------------------------------------------------------
                         slack                                  0.031    

Slack (MET) :             0.031ns  (arrival time - required time)
  Source:                 core_inst/crossbar_inst/axi_crossbar_rd_inst/s_ifaces[0].reg_inst/s_axi_rdata_reg_reg[18]/C
                            (rising edge-triggered cell FDRE clocked by axi_clk  {rise@0.000ns fall@4.000ns period=8.000ns})
  Destination:            core_inst/cdma_inst/out_fifo_wdata_reg_0_31_18_23/RAMA/I
                            (rising edge-triggered cell RAMD32 clocked by axi_clk  {rise@0.000ns fall@4.000ns period=8.000ns})
  Path Group:             axi_clk
  Path Type:              Hold (Min at Fast Process Corner)
  Requirement:            0.000ns  (axi_clk rise@0.000ns - axi_clk rise@0.000ns)
  Data Path Delay:        0.294ns  (logic 0.141ns (47.936%)  route 0.153ns (52.064%))
  Logic Levels:           0  
  Clock Path Skew:        0.016ns (DCD - SCD - CPR)
    Destination Clock Delay (DCD):    1.933ns
    Source Clock Delay      (SCD):    1.416ns
    Clock Pessimism Removal (CPR):    0.501ns
  Clock Uncertainty:      0.100ns  ((TSJ^2 + TIJ^2)^1/2 + DJ) / 2 + PE + UU
    Total System Jitter     (TSJ):    0.000ns
    Total Input Jitter      (TIJ):    0.000ns
    Discrete Jitter          (DJ):    0.000ns
    Phase Error              (PE):    0.000ns
    User Uncertainty         (UU):    0.100ns

    Location             Delay type                Incr(ns)  Path(ns)    Netlist Resource(s)
  -------------------------------------------------------------------    -------------------
                         (clock axi_clk rise edge)    0.000     0.000 r  
    M18                                               0.000     0.000 r  aclk (IN)
                         net (fo=0)                   0.000     0.000    aclk
    M18                  IBUF (Prop_ibuf_I_O)         0.167     0.167 r  aclk_IBUF_inst/O
                         net (fo=1, routed)           0.634     0.801    aclk_IBUF
    BUFGCTRL_X0Y0        BUFG (Prop_bufg_I_O)         0.026     0.827 r  aclk_IBUF_BUFG_inst/O
                         net (fo=2050, routed)        0.589     1.416    core_inst/crossbar_inst/axi_crossbar_rd_inst/s_ifaces[0].reg_inst/aclk
    SLICE_X5Y88          FDRE                                         r  core_inst/crossbar_inst/axi_crossbar_rd_inst/s_ifaces[0].reg_inst/s_axi_rdata_reg_reg[18]/C
  -------------------------------------------------------------------    -------------------
    SLICE_X5Y88          FDRE (Prop_fdre_C_Q)         0.141     1.557 r  core_inst/crossbar_inst/axi_crossbar_rd_inst/s_ifaces[0].reg_inst/s_axi_rdata_reg_reg[18]/Q
                         net (fo=1, routed)           0.153     1.710    core_inst/cdma_inst/out_fifo_wdata_reg_0_31_18_23/DIA0
    SLICE_X6Y88          RAMD32                                       r  core_inst/cdma_inst/out_fifo_wdata_reg_0_31_18_23/RAMA/I
  -------------------------------------------------------------------    -------------------

                         (clock axi_clk rise edge)    0.000     0.000 r  
    M18                                               0.000     0.000 r  aclk (IN)
                         net (fo=0)                   0.000     0.000    aclk
    M18                  IBUF (Prop_ibuf_I_O)         0.356     0.356 r  aclk_IBUF_inst/O
                         net (fo=1, routed)           0.689     1.044    aclk_IBUF
    BUFGCTRL_X0Y0        BUFG (Prop_bufg_I_O)         0.029     1.073 r  aclk_IBUF_BUFG_inst/O
                         net (fo=2050, routed)        0.860     1.933    core_inst/cdma_inst/out_fifo_wdata_reg_0_31_18_23/WCLK
    SLICE_X6Y88          RAMD32                                       r  core_inst/cdma_inst/out_fifo_wdata_reg_0_31_18_23/RAMA/CLK
                         clock pessimism             -0.501     1.432    
                         clock uncertainty            0.100     1.532    
    SLICE_X6Y88          RAMD32 (Hold_ramd32_CLK_I)
                                                      0.147     1.679    core_inst/cdma_inst/out_fifo_wdata_reg_0_31_18_23/RAMA
  -------------------------------------------------------------------
                         required time                         -1.679    
                         arrival time                           1.710    
  -------------------------------------------------------------------
                         slack                                  0.031    

Slack (MET) :             0.033ns  (arrival time - required time)
  Source:                 core_inst/crossbar_inst/axi_crossbar_rd_inst/s_ifaces[1].reg_inst/s_axi_rdata_reg_reg[24]/C
                            (rising edge-triggered cell FDRE clocked by axi_clk  {rise@0.000ns fall@4.000ns period=8.000ns})
  Destination:            core_inst/dma_rd_inst/out_fifo_tdata_reg_0_31_24_29/RAMA/I
                            (rising edge-triggered cell RAMD32 clocked by axi_clk  {rise@0.000ns fall@4.000ns period=8.000ns})
  Path Group:             axi_clk
  Path Type:              Hold (Min at Fast Process Corner)
  Requirement:            0.000ns  (axi_clk rise@0.000ns - axi_clk rise@0.000ns)
  Data Path Delay:        0.296ns  (logic 0.141ns (47.613%)  route 0.155ns (52.387%))
  Logic Levels:           0  
  Clock Path Skew:        0.016ns (DCD - SCD - CPR)
    Destination Clock Delay (DCD):    1.933ns
    Source Clock Delay      (SCD):    1.416ns
    Clock Pessimism Removal (CPR):    0.501ns
  Clock Uncertainty:      0.100ns  ((TSJ^2 + TIJ^2)^1/2 + DJ) / 2 + PE + UU
    Total System Jitter     (TSJ):    0.000ns
    Total Input Jitter      (TIJ):    0.000ns
    Discrete Jitter          (DJ):    0.000ns
    Phase Error              (PE):    0.000ns
    User Uncertainty         (UU):    0.100ns

    Location             Delay type                Incr(ns)  Path(ns)    Netlist Resource(s)
  -------------------------------------------------------------------    -------------------
                         (clock axi_clk rise edge)    0.000     0.000 r  
    M18                                               0.000     0.000 r  aclk (IN)
                         net (fo=0)                   0.000     0.000    aclk
    M18                  IBUF (Prop_ibuf_I_O)         0.167     0.167 r  aclk_IBUF_inst/O
                         net (fo=1, routed)           0.634     0.801    aclk_IBUF
    BUFGCTRL_X0Y0        BUFG (Prop_bufg_I_O)         0.026     0.827 r  aclk_IBUF_BUFG_inst/O
                         net (fo=2050, routed)        0.589     1.416    core_inst/crossbar_inst/axi_crossbar_rd_inst/s_ifaces[1].reg_inst/aclk
    SLICE_X5Y89          FDRE                                         r  core_inst/crossbar_inst/axi_crossbar_rd_inst/s_ifaces[1].reg_inst/s_axi_rdata_reg_reg[24]/C
  -------------------------------------------------------------------    -------------------
    SLICE_X5Y89          FDRE (Prop_fdre_C_Q)         0.141     1.557 r  core_inst/crossbar_inst/axi_crossbar_rd_inst/s_ifaces[1].reg_inst/s_axi_rdata_reg_reg[24]/Q
                         net (fo=1, routed)           0.155     1.712    core_inst/dma_rd_inst/out_fifo_tdata_reg_0_31_24_29/DIA0
    SLICE_X6Y89          RAMD32                                       r  core_inst/dma_rd_inst/out_fifo_tdata_reg_0_31_24_29/RAMA/I
  -------------------------------------------------------------------    -------------------

                         (clock axi_clk rise edge)    0.000     0.000 r  
    M18                                               0.000     0.000 r  aclk (IN)
                         net (fo=0)                   0.000     0.000    aclk
    M18                  IBUF (Prop_ibuf_I_O)         0.356     0.356 r  aclk_IBUF_inst/O
                         net (fo=1, routed)           0.689     1.044    aclk_IBUF
    BUFGCTRL_X0Y0        BUFG (Prop_bufg_I_O)         0.029     1.073 r  aclk_IBUF_BUFG_inst/O
                         net (fo=2050, routed)        0.860     1.933    core_inst/dma_rd_inst/out_fifo_tdata_reg_0_31_24_29/WCLK
    SLICE_X6Y89          RAMD32                                       r  core_inst/dma_rd_inst/out_fifo_tdata_reg_0_31_24_29/RAMA/CLK
                         clock pessimism             -0.501     1.432    
                         clock uncertainty            0.100     1.532    
    SLICE_X6Y89          RAMD32 (Hold_ramd32_CLK_I)
                                                      0.147     1.679    core_inst/dma_rd_inst/out_fifo_tdata_reg_0_31_24_29/RAMA
  -------------------------------------------------------------------
                         required time                         -1.679    
                         arrival time                           1.712    
  -------------------------------------------------------------------
                         slack                                  0.033    

Slack (MET) :             0.034ns  (arrival time - required time)
  Source:                 core_inst/crossbar_inst/axi_crossbar_rd_inst/s_ifaces[1].reg_inst/s_axi_rdata_reg_reg[26]/C
                            (rising edge-triggered cell FDRE clocked by axi_clk  {rise@0.000ns fall@4.000ns period=8.000ns})
  Destination:            core_inst/dma_rd_inst/out_fifo_tdata_reg_0_31_24_29/RAMB/I
                            (rising edge-triggered cell RAMD32 clocked by axi_clk  {rise@0.000ns fall@4.000ns period=8.000ns})
  Path Group:             axi_clk
  Path Type:              Hold (Min at Fast Process Corner)
  Requirement:            0.000ns  (axi_clk rise@0.000ns - axi_clk rise@0.000ns)
  Data Path Delay:        0.296ns  (logic 0.141ns (47.641%)  route 0.155ns (52.359%))
  Logic Levels:           0  
  Clock Path Skew:        0.016ns (DCD - SCD - CPR)
    Destination Clock Delay (DCD):    1.933ns
    Source Clock Delay      (SCD):    1.416ns
    Clock Pessimism Removal (CPR):    0.501ns
  Clock Uncertainty:      0.100ns  ((TSJ^2 + TIJ^2)^1/2 + DJ) / 2 + PE + UU
    Total System Jitter     (TSJ):    0.000ns
    Total Input Jitter      (TIJ):    0.000ns
    Discrete Jitter          (DJ):    0.000ns
    Phase Error              (PE):    0.000ns
    User Uncertainty         (UU):    0.100ns

    Location             Delay type                Incr(ns)  Path(ns)    Netlist Resource(s)
  -------------------------------------------------------------------    -------------------
                         (clock axi_clk rise edge)    0.000     0.000 r  
    M18                                               0.000     0.000 r  aclk (IN)
                         net (fo=0)                   0.000     0.000    aclk
    M18                  IBUF (Prop_ibuf_I_O)         0.167     0.167 r  aclk_IBUF_inst/O
                         net (fo=1, routed)           0.634     0.801    aclk_IBUF
    BUFGCTRL_X0Y0        BUFG (Prop_bufg_I_O)         0.026     0.827 r  aclk_IBUF_BUFG_inst/O
                         net (fo=2050, routed)        0.589     1.416    core_inst/crossbar_inst/axi_crossbar_rd_inst/s_ifaces[1].reg_inst/aclk
    SLICE_X4Y89          FDRE                                         r  core_inst/crossbar_inst/axi_crossbar_rd_inst/s_ifaces[1].reg_inst/s_axi_rdata_reg_reg[26]/C
  -------------------------------------------------------------------    -------------------
    SLICE_X4Y89          FDRE (Prop_fdre_C_Q)         0.141     1.557 r  core_inst/crossbar_inst/axi_crossbar_rd_inst/s_ifaces[1].reg_inst/s_axi_rdata_reg_reg[26]/Q
                         net (fo=1, routed)           0.155     1.712    core_inst/dma_rd_inst/out_fifo_tdata_reg_0_31_24_29/DIB0
    SLICE_X6Y89          RAMD32                                       r  core_inst/dma_rd_inst/out_fifo_tdata_reg_0_31_24_29/RAMB/I
  -------------------------------------------------------------------    -------------------

                         (clock axi_clk rise edge)    0.000     0.000 r  
    M18                                               0.000     0.000 r  aclk (IN)
                         net (fo=0)                   0.000     0.000    aclk
    M18                  IBUF (Prop_ibuf_I_O)         0.356     0.356 r  aclk_IBUF_inst/O
                         net (fo=1, routed)           0.689     1.044    aclk_IBUF
    BUFGCTRL_X0Y0        BUFG (Prop_bufg_I_O)         0.029     1.073 r  aclk_IBUF_BUFG_inst/O
                         net (fo=2050, routed)        0.860     1.933    core_inst/dma_rd_inst/out_fifo_tdata_reg_0_31_24_29/WCLK
    SLICE_X6Y89          RAMD32                                       r  core_inst/dma_rd_inst/out_fifo_tdata_reg_0_31_24_29/RAMB/CLK
                         clock pessimism             -0.501     1.432    
                         clock uncertainty            0.100     1.532    
    SLICE_X6Y89          RAMD32 (Hold_ramd32_CLK_I)
                                                      0.146     1.678    core_inst/dma_rd_inst/out_fifo_tdata_reg_0_31_24_29/RAMB
  -------------------------------------------------------------------
                         required time                         -1.678    
                         arrival time                           1.712    
  -------------------------------------------------------------------
                         slack                                  0.034    

Slack (MET) :             0.035ns  (arrival time - required time)
  Source:                 core_inst/crossbar_inst/axi_crossbar_rd_inst/s_ifaces[1].reg_inst/s_axi_rdata_reg_reg[9]/C
                            (rising edge-triggered cell FDRE clocked by axi_clk  {rise@0.000ns fall@4.000ns period=8.000ns})
  Destination:            core_inst/dma_rd_inst/out_fifo_tdata_reg_0_31_6_11/RAMB_D1/I
                            (rising edge-triggered cell RAMD32 clocked by axi_clk  {rise@0.000ns fall@4.000ns period=8.000ns})
  Path Group:             axi_clk
  Path Type:              Hold (Min at Fast Process Corner)
  Requirement:            0.000ns  (axi_clk rise@0.000ns - axi_clk rise@0.000ns)
  Data Path Delay:        0.274ns  (logic 0.164ns (59.853%)  route 0.110ns (40.147%))
  Logic Levels:           0  
  Clock Path Skew:        0.015ns (DCD - SCD - CPR)
    Destination Clock Delay (DCD):    1.896ns
    Source Clock Delay      (SCD):    1.381ns
    Clock Pessimism Removal (CPR):    0.500ns
  Clock Uncertainty:      0.100ns  ((TSJ^2 + TIJ^2)^1/2 + DJ) / 2 + PE + UU
    Total System Jitter     (TSJ):    0.000ns
    Total Input Jitter      (TIJ):    0.000ns
    Discrete Jitter          (DJ):    0.000ns
    Phase Error              (PE):    0.000ns
    User Uncertainty         (UU):    0.100ns

    Location             Delay type                Incr(ns)  Path(ns)    Netlist Resource(s)
  -------------------------------------------------------------------    -------------------
                         (clock axi_clk rise edge)    0.000     0.000 r  
    M18                                               0.000     0.000 r  aclk (IN)
                         net (fo=0)                   0.000     0.000    aclk
    M18                  IBUF (Prop_ibuf_I_O)         0.167     0.167 r  aclk_IBUF_inst/O
                         net (fo=1, routed)           0.634     0.801    aclk_IBUF
    BUFGCTRL_X0Y0        BUFG (Prop_bufg_I_O)         0.026     0.827 r  aclk_IBUF_BUFG_inst/O
                         net (fo=2050, routed)        0.554     1.381    core_inst/crossbar_inst/axi_crossbar_rd_inst/s_ifaces[1].reg_inst/aclk
    SLICE_X10Y78         FDRE                                         r  core_inst/crossbar_inst/axi_crossbar_rd_inst/s_ifaces[1].reg_inst/s_axi_rdata_reg_reg[9]/C
  -------------------------------------------------------------------    -------------------
    SLICE_X10Y78         FDRE (Prop_fdre_C_Q)         0.164     1.545 r  core_inst/crossbar_inst/axi_crossbar_rd_inst/s_ifaces[1].reg_inst/s_axi_rdata_reg_reg[9]/Q
                         net (fo=1, routed)           0.110     1.655    core_inst/dma_rd_inst/out_fifo_tdata_reg_0_31_6_11/DIB1
    SLICE_X10Y79         RAMD32                                       r  core_inst/dma_rd_inst/out_fifo_tdata_reg_0_31_6_11/RAMB_D1/I
  -------------------------------------------------------------------    -------------------

                         (clock axi_clk rise edge)    0.000     0.000 r  
    M18                                               0.000     0.000 r  aclk (IN)
                         net (fo=0)                   0.000     0.000    aclk
    M18                  IBUF (Prop_ibuf_I_O)         0.356     0.356 r  aclk_IBUF_inst/O
                         net (fo=1, routed)           0.689     1.044    aclk_IBUF
    BUFGCTRL_X0Y0        BUFG (Prop_bufg_I_O)         0.029     1.073 r  aclk_IBUF_BUFG_inst/O
                         net (fo=2050, routed)        0.822     1.896    core_inst/dma_rd_inst/out_fifo_tdata_reg_0_31_6_11/WCLK
    SLICE_X10Y79         RAMD32                                       r  core_inst/dma_rd_inst/out_fifo_tdata_reg_0_31_6_11/RAMB_D1/CLK
                         clock pessimism             -0.500     1.396    
                         clock uncertainty            0.100     1.496    
    SLICE_X10Y79         RAMD32 (Hold_ramd32_CLK_I)
                                                      0.124     1.620    core_inst/dma_rd_inst/out_fifo_tdata_reg_0_31_6_11/RAMB_D1
  -------------------------------------------------------------------
                         required time                         -1.620    
                         arrival time                           1.655    
  -------------------------------------------------------------------
                         slack                                  0.035    

Slack (MET) :             0.036ns  (arrival time - required time)
  Source:                 core_inst/crossbar_inst/axi_crossbar_rd_inst/s_ifaces[0].reg_inst/s_axi_rdata_reg_reg[0]/C
                            (rising edge-triggered cell FDRE clocked by axi_clk  {rise@0.000ns fall@4.000ns period=8.000ns})
  Destination:            core_inst/cdma_inst/out_fifo_wdata_reg_0_31_0_5/RAMA/I
                            (rising edge-triggered cell RAMD32 clocked by axi_clk  {rise@0.000ns fall@4.000ns period=8.000ns})
  Path Group:             axi_clk
  Path Type:              Hold (Min at Fast Process Corner)
  Requirement:            0.000ns  (axi_clk rise@0.000ns - axi_clk rise@0.000ns)
  Data Path Delay:        0.318ns  (logic 0.141ns (44.341%)  route 0.177ns (55.659%))
  Logic Levels:           0  
  Clock Path Skew:        0.035ns (DCD - SCD - CPR)
    Destination Clock Delay (DCD):    1.928ns
    Source Clock Delay      (SCD):    1.413ns
    Clock Pessimism Removal (CPR):    0.480ns
  Clock Uncertainty:      0.100ns  ((TSJ^2 + TIJ^2)^1/2 + DJ) / 2 + PE + UU
    Total System Jitter     (TSJ):    0.000ns
    Total Input Jitter      (TIJ):    0.000ns
    Discrete Jitter          (DJ):    0.000ns
    Phase Error              (PE):    0.000ns
    User Uncertainty         (UU):    0.100ns

    Location             Delay type                Incr(ns)  Path(ns)    Netlist Resource(s)
  -------------------------------------------------------------------    -------------------
                         (clock axi_clk rise edge)    0.000     0.000 r  
    M18                                               0.000     0.000 r  aclk (IN)
                         net (fo=0)                   0.000     0.000    aclk
    M18                  IBUF (Prop_ibuf_I_O)         0.167     0.167 r  aclk_IBUF_inst/O
                         net (fo=1, routed)           0.634     0.801    aclk_IBUF
    BUFGCTRL_X0Y0        BUFG (Prop_bufg_I_O)         0.026     0.827 r  aclk_IBUF_BUFG_inst/O
                         net (fo=2050, routed)        0.586     1.413    core_inst/crossbar_inst/axi_crossbar_rd_inst/s_ifaces[0].reg_inst/aclk
    SLICE_X4Y83          FDRE                                         r  core_inst/crossbar_inst/axi_crossbar_rd_inst/s_ifaces[0].reg_inst/s_axi_rdata_reg_reg[0]/C
  -------------------------------------------------------------------    -------------------
    SLICE_X4Y83          FDRE (Prop_fdre_C_Q)         0.141     1.554 r  core_inst/crossbar_inst/axi_crossbar_rd_inst/s_ifaces[0].reg_inst/s_axi_rdata_reg_reg[0]/Q
                         net (fo=1, routed)           0.177     1.731    core_inst/cdma_inst/out_fifo_wdata_reg_0_31_0_5/DIA0
    SLICE_X2Y81          RAMD32                                       r  core_inst/cdma_inst/out_fifo_wdata_reg_0_31_0_5/RAMA/I
  -------------------------------------------------------------------    -------------------

                         (clock axi_clk rise edge)    0.000     0.000 r  
    M18                                               0.000     0.000 r  aclk (IN)
                         net (fo=0)                   0.000     0.000    aclk
    M18                  IBUF (Prop_ibuf_I_O)         0.356     0.356 r  aclk_IBUF_inst/O
                         net (fo=1, routed)           0.689     1.044    aclk_IBUF
    BUFGCTRL_X0Y0        BUFG (Prop_bufg_I_O)         0.029     1.073 r  aclk_IBUF_BUFG_inst/O
                         net (fo=2050, routed)        0.854     1.928    core_inst/cdma_inst/out_fifo_wdata_reg_0_31_0_5/WCLK
    SLICE_X2Y81          RAMD32                                       r  core_inst/cdma_inst/out_fifo_wdata_reg_0_31_0_5/RAMA/CLK
                         clock pessimism             -0.480     1.448    
                         clock uncertainty            0.100     1.548    
    SLICE_X2Y81          RAMD32 (Hold_ramd32_CLK_I)
                                                      0.147     1.695    core_inst/cdma_inst/out_fifo_wdata_reg_0_31_0_5/RAMA
  -------------------------------------------------------------------
                         required time                         -1.695    
                         arrival time                           1.731    
  -------------------------------------------------------------------
                         slack                                  0.036    

Slack (MET) :             0.038ns  (arrival time - required time)
  Source:                 core_inst/crossbar_inst/axi_crossbar_rd_inst/s_ifaces[1].reg_inst/s_axi_rdata_reg_reg[19]/C
                            (rising edge-triggered cell FDRE clocked by axi_clk  {rise@0.000ns fall@4.000ns period=8.000ns})
  Destination:            core_inst/dma_rd_inst/out_fifo_tdata_reg_0_31_18_23/RAMA_D1/I
                            (rising edge-triggered cell RAMD32 clocked by axi_clk  {rise@0.000ns fall@4.000ns period=8.000ns})
  Path Group:             axi_clk
  Path Type:              Hold (Min at Fast Process Corner)
  Requirement:            0.000ns  (axi_clk rise@0.000ns - axi_clk rise@0.000ns)
  Data Path Delay:        0.274ns  (logic 0.164ns (59.853%)  route 0.110ns (40.147%))
  Logic Levels:           0  
  Clock Path Skew:        0.016ns (DCD - SCD - CPR)
    Destination Clock Delay (DCD):    1.905ns
    Source Clock Delay      (SCD):    1.389ns
    Clock Pessimism Removal (CPR):    0.500ns
  Clock Uncertainty:      0.100ns  ((TSJ^2 + TIJ^2)^1/2 + DJ) / 2 + PE + UU
    Total System Jitter     (TSJ):    0.000ns
    Total Input Jitter      (TIJ):    0.000ns
    Discrete Jitter          (DJ):    0.000ns
    Phase Error              (PE):    0.000ns
    User Uncertainty         (UU):    0.100ns

    Location             Delay type                Incr(ns)  Path(ns)    Netlist Resource(s)
  -------------------------------------------------------------------    -------------------
                         (clock axi_clk rise edge)    0.000     0.000 r  
    M18                                               0.000     0.000 r  aclk (IN)
                         net (fo=0)                   0.000     0.000    aclk
    M18                  IBUF (Prop_ibuf_I_O)         0.167     0.167 r  aclk_IBUF_inst/O
                         net (fo=1, routed)           0.634     0.801    aclk_IBUF
    BUFGCTRL_X0Y0        BUFG (Prop_bufg_I_O)         0.026     0.827 r  aclk_IBUF_BUFG_inst/O
                         net (fo=2050, routed)        0.562     1.389    core_inst/crossbar_inst/axi_crossbar_rd_inst/s_ifaces[1].reg_inst/aclk
    SLICE_X10Y89         FDRE                                         r  core_inst/crossbar_inst/axi_crossbar_rd_inst/s_ifaces[1].reg_inst/s_axi_rdata_reg_reg[19]/C
  -------------------------------------------------------------------    -------------------
    SLICE_X10Y89         FDRE (Prop_fdre_C_Q)         0.164     1.553 r  core_inst/crossbar_inst/axi_crossbar_rd_inst/s_ifaces[1].reg_inst/s_axi_rdata_reg_reg[19]/Q
                         net (fo=1, routed)           0.110     1.663    core_inst/dma_rd_inst/out_fifo_tdata_reg_0_31_18_23/DIA1
    SLICE_X10Y88         RAMD32                                       r  core_inst/dma_rd_inst/out_fifo_tdata_reg_0_31_18_23/RAMA_D1/I
  -------------------------------------------------------------------    -------------------

                         (clock axi_clk rise edge)    0.000     0.000 r  
    M18                                               0.000     0.000 r  aclk (IN)
                         net (fo=0)                   0.000     0.000    aclk
    M18                  IBUF (Prop_ibuf_I_O)         0.356     0.356 r  aclk_IBUF_inst/O
                         net (fo=1, routed)           0.689     1.044    aclk_IBUF
    BUFGCTRL_X0Y0        BUFG (Prop_bufg_I_O)         0.029     1.073 r  aclk_IBUF_BUFG_inst/O
                         net (fo=2050, routed)        0.831     1.905    core_inst/dma_rd_inst/out_fifo_tdata_reg_0_31_18_23/WCLK
    SLICE_X10Y88         RAMD32                                       r  core_inst/dma_rd_inst/out_fifo_tdata_reg_0_31_18_23/RAMA_D1/CLK
                         clock pessimism             -0.500     1.405    
                         clock uncertainty            0.100     1.505    
    SLICE_X10Y88         RAMD32 (Hold_ramd32_CLK_I)
                                                      0.120     1.625    core_inst/dma_rd_inst/out_fifo_tdata_reg_0_31_18_23/RAMA_D1
  -------------------------------------------------------------------
                         required time                         -1.625    
                         arrival time                           1.663    
  -------------------------------------------------------------------
                         slack                                  0.038    

Slack (MET) :             0.038ns  (arrival time - required time)
  Source:                 core_inst/dma_wr_inst/out_fifo_wr_ptr_reg_reg[4]/C
                            (rising edge-triggered cell FDRE clocked by axi_clk  {rise@0.000ns fall@4.000ns period=8.000ns})
  Destination:            core_inst/dma_wr_inst/out_fifo_wdata_reg_0_31_18_23/RAMA/WADR4
                            (rising edge-triggered cell RAMD32 clocked by axi_clk  {rise@0.000ns fall@4.000ns period=8.000ns})
  Path Group:             axi_clk
  Path Type:              Hold (Min at Fast Process Corner)
  Requirement:            0.000ns  (axi_clk rise@0.000ns - axi_clk rise@0.000ns)
  Data Path Delay:        0.354ns  (logic 0.141ns (39.796%)  route 0.213ns (60.204%))
  Logic Levels:           0  
  Clock Path Skew:        0.016ns (DCD - SCD - CPR)
    Destination Clock Delay (DCD):    1.931ns
    Source Clock Delay      (SCD):    1.414ns
    Clock Pessimism Removal (CPR):    0.501ns
  Clock Uncertainty:      0.100ns  ((TSJ^2 + TIJ^2)^1/2 + DJ) / 2 + PE + UU
    Total System Jitter     (TSJ):    0.000ns
    Total Input Jitter      (TIJ):    0.000ns
    Discrete Jitter          (DJ):    0.000ns
    Phase Error              (PE):    0.000ns
    User Uncertainty         (UU):    0.100ns

    Location             Delay type                Incr(ns)  Path(ns)    Netlist Resource(s)
  -------------------------------------------------------------------    -------------------
                         (clock axi_clk rise edge)    0.000     0.000 r  
    M18                                               0.000     0.000 r  aclk (IN)
                         net (fo=0)                   0.000     0.000    aclk
    M18                  IBUF (Prop_ibuf_I_O)         0.167     0.167 r  aclk_IBUF_inst/O
                         net (fo=1, routed)           0.634     0.801    aclk_IBUF
    BUFGCTRL_X0Y0        BUFG (Prop_bufg_I_O)         0.026     0.827 r  aclk_IBUF_BUFG_inst/O
                         net (fo=2050, routed)        0.587     1.414    core_inst/dma_wr_inst/aclk
    SLICE_X4Y86          FDRE                                         r  core_inst/dma_wr_inst/out_fifo_wr_ptr_reg_reg[4]/C
  -------------------------------------------------------------------    -------------------
    SLICE_X4Y86          FDRE (Prop_fdre_C_Q)         0.141     1.555 r  core_inst/dma_wr_inst/out_fifo_wr_ptr_reg_reg[4]/Q
                         net (fo=56, routed)          0.213     1.768    core_inst/dma_wr_inst/out_fifo_wdata_reg_0_31_18_23/ADDRD4
    SLICE_X6Y87          RAMD32                                       r  core_inst/dma_wr_inst/out_fifo_wdata_reg_0_31_18_23/RAMA/WADR4
  -------------------------------------------------------------------    -------------------

                         (clock axi_clk rise edge)    0.000     0.000 r  
    M18                                               0.000     0.000 r  aclk (IN)
                         net (fo=0)                   0.000     0.000    aclk
    M18                  IBUF (Prop_ibuf_I_O)         0.356     0.356 r  aclk_IBUF_inst/O
                         net (fo=1, routed)           0.689     1.044    aclk_IBUF
    BUFGCTRL_X0Y0        BUFG (Prop_bufg_I_O)         0.029     1.073 r  aclk_IBUF_BUFG_inst/O
                         net (fo=2050, routed)        0.858     1.931    core_inst/dma_wr_inst/out_fifo_wdata_reg_0_31_18_23/WCLK
    SLICE_X6Y87          RAMD32                                       r  core_inst/dma_wr_inst/out_fifo_wdata_reg_0_31_18_23/RAMA/CLK
                         clock pessimism             -0.501     1.430    
                         clock uncertainty            0.100     1.530    
    SLICE_X6Y87          RAMD32 (Hold_ramd32_CLK_WADR4)
                                                      0.200     1.730    core_inst/dma_wr_inst/out_fifo_wdata_reg_0_31_18_23/RAMA
  -------------------------------------------------------------------
                         required time                         -1.730    
                         arrival time                           1.768    
  -------------------------------------------------------------------
                         slack                                  0.038    

Slack (MET) :             0.038ns  (arrival time - required time)
  Source:                 core_inst/dma_wr_inst/out_fifo_wr_ptr_reg_reg[4]/C
                            (rising edge-triggered cell FDRE clocked by axi_clk  {rise@0.000ns fall@4.000ns period=8.000ns})
  Destination:            core_inst/dma_wr_inst/out_fifo_wdata_reg_0_31_18_23/RAMA_D1/WADR4
                            (rising edge-triggered cell RAMD32 clocked by axi_clk  {rise@0.000ns fall@4.000ns period=8.000ns})
  Path Group:             axi_clk
  Path Type:              Hold (Min at Fast Process Corner)
  Requirement:            0.000ns  (axi_clk rise@0.000ns - axi_clk rise@0.000ns)
  Data Path Delay:        0.354ns  (logic 0.141ns (39.796%)  route 0.213ns (60.204%))
  Logic Levels:           0  
  Clock Path Skew:        0.016ns (DCD - SCD - CPR)
    Destination Clock Delay (DCD):    1.931ns
    Source Clock Delay      (SCD):    1.414ns
    Clock Pessimism Removal (CPR):    0.501ns
  Clock Uncertainty:      0.100ns  ((TSJ^2 + TIJ^2)^1/2 + DJ) / 2 + PE + UU
    Total System Jitter     (TSJ):    0.000ns
    Total Input Jitter      (TIJ):    0.000ns
    Discrete Jitter          (DJ):    0.000ns
    Phase Error              (PE):    0.000ns
    User Uncertainty         (UU):    0.100ns

    Location             Delay type                Incr(ns)  Path(ns)    Netlist Resource(s)
  -------------------------------------------------------------------    -------------------
                         (clock axi_clk rise edge)    0.000     0.000 r  
    M18                                               0.000     0.000 r  aclk (IN)
                         net (fo=0)                   0.000     0.000    aclk
    M18                  IBUF (Prop_ibuf_I_O)         0.167     0.167 r  aclk_IBUF_inst/O
                         net (fo=1, routed)           0.634     0.801    aclk_IBUF
    BUFGCTRL_X0Y0        BUFG (Prop_bufg_I_O)         0.026     0.827 r  aclk_IBUF_BUFG_inst/O
                         net (fo=2050, routed)        0.587     1.414    core_inst/dma_wr_inst/aclk
    SLICE_X4Y86          FDRE                                         r  core_inst/dma_wr_inst/out_fifo_wr_ptr_reg_reg[4]/C
  -------------------------------------------------------------------    -------------------
    SLICE_X4Y86          FDRE (Prop_fdre_C_Q)         0.141     1.555 r  core_inst/dma_wr_inst/out_fifo_wr_ptr_reg_reg[4]/Q
                         net (fo=56, routed)          0.213     1.768    core_inst/dma_wr_inst/out_fifo_wdata_reg_0_31_18_23/ADDRD4
    SLICE_X6Y87          RAMD32                                       r  core_inst/dma_wr_inst/out_fifo_wdata_reg_0_31_18_23/RAMA_D1/WADR4
  -------------------------------------------------------------------    -------------------

                         (clock axi_clk rise edge)    0.000     0.000 r  
    M18                                               0.000     0.000 r  aclk (IN)
                         net (fo=0)                   0.000     0.000    aclk
    M18                  IBUF (Prop_ibuf_I_O)         0.356     0.356 r  aclk_IBUF_inst/O
                         net (fo=1, routed)           0.689     1.044    aclk_IBUF
    BUFGCTRL_X0Y0        BUFG (Prop_bufg_I_O)         0.029     1.073 r  aclk_IBUF_BUFG_inst/O
                         net (fo=2050, routed)        0.858     1.931    core_inst/dma_wr_inst/out_fifo_wdata_reg_0_31_18_23/WCLK
    SLICE_X6Y87          RAMD32                                       r  core_inst/dma_wr_inst/out_fifo_wdata_reg_0_31_18_23/RAMA_D1/CLK
                         clock pessimism             -0.501     1.430    
                         clock uncertainty            0.100     1.530    
    SLICE_X6Y87          RAMD32 (Hold_ramd32_CLK_WADR4)
                                                      0.200     1.730    core_inst/dma_wr_inst/out_fifo_wdata_reg_0_31_18_23/RAMA_D1
  -------------------------------------------------------------------
                         required time                         -1.730    
                         arrival time                           1.768    
  -------------------------------------------------------------------
                         slack                                  0.038    

Slack (MET) :             0.038ns  (arrival time - required time)
  Source:                 core_inst/dma_wr_inst/out_fifo_wr_ptr_reg_reg[4]/C
                            (rising edge-triggered cell FDRE clocked by axi_clk  {rise@0.000ns fall@4.000ns period=8.000ns})
  Destination:            core_inst/dma_wr_inst/out_fifo_wdata_reg_0_31_18_23/RAMB/WADR4
                            (rising edge-triggered cell RAMD32 clocked by axi_clk  {rise@0.000ns fall@4.000ns period=8.000ns})
  Path Group:             axi_clk
  Path Type:              Hold (Min at Fast Process Corner)
  Requirement:            0.000ns  (axi_clk rise@0.000ns - axi_clk rise@0.000ns)
  Data Path Delay:        0.354ns  (logic 0.141ns (39.796%)  route 0.213ns (60.204%))
  Logic Levels:           0  
  Clock Path Skew:        0.016ns (DCD - SCD - CPR)
    Destination Clock Delay (DCD):    1.931ns
    Source Clock Delay      (SCD):    1.414ns
    Clock Pessimism Removal (CPR):    0.501ns
  Clock Uncertainty:      0.100ns  ((TSJ^2 + TIJ^2)^1/2 + DJ) / 2 + PE + UU
    Total System Jitter     (TSJ):    0.000ns
    Total Input Jitter      (TIJ):    0.000ns
    Discrete Jitter          (DJ):    0.000ns
    Phase Error              (PE):    0.000ns
    User Uncertainty         (UU):    0.100ns

    Location             Delay type                Incr(ns)  Path(ns)    Netlist Resource(s)
  -------------------------------------------------------------------    -------------------
                         (clock axi_clk rise edge)    0.000     0.000 r  
    M18                                               0.000     0.000 r  aclk (IN)
                         net (fo=0)                   0.000     0.000    aclk
    M18                  IBUF (Prop_ibuf_I_O)         0.167     0.167 r  aclk_IBUF_inst/O
                         net (fo=1, routed)           0.634     0.801    aclk_IBUF
    BUFGCTRL_X0Y0        BUFG (Prop_bufg_I_O)         0.026     0.827 r  aclk_IBUF_BUFG_inst/O
                         net (fo=2050, routed)        0.587     1.414    core_inst/dma_wr_inst/aclk
    SLICE_X4Y86          FDRE                                         r  core_inst/dma_wr_inst/out_fifo_wr_ptr_reg_reg[4]/C
  -------------------------------------------------------------------    -------------------
    SLICE_X4Y86          FDRE (Prop_fdre_C_Q)         0.141     1.555 r  core_inst/dma_wr_inst/out_fifo_wr_ptr_reg_reg[4]/Q
                         net (fo=56, routed)          0.213     1.768    core_inst/dma_wr_inst/out_fifo_wdata_reg_0_31_18_23/ADDRD4
    SLICE_X6Y87          RAMD32                                       r  core_inst/dma_wr_inst/out_fifo_wdata_reg_0_31_18_23/RAMB/WADR4
  -------------------------------------------------------------------    -------------------

                         (clock axi_clk rise edge)    0.000     0.000 r  
    M18                                               0.000     0.000 r  aclk (IN)
                         net (fo=0)                   0.000     0.000    aclk
    M18                  IBUF (Prop_ibuf_I_O)         0.356     0.356 r  aclk_IBUF_inst/O
                         net (fo=1, routed)           0.689     1.044    aclk_IBUF
    BUFGCTRL_X0Y0        BUFG (Prop_bufg_I_O)         0.029     1.073 r  aclk_IBUF_BUFG_inst/O
                         net (fo=2050, routed)        0.858     1.931    core_inst/dma_wr_inst/out_fifo_wdata_reg_0_31_18_23/WCLK
    SLICE_X6Y87          RAMD32                                       r  core_inst/dma_wr_inst/out_fifo_wdata_reg_0_31_18_23/RAMB/CLK
                         clock pessimism             -0.501     1.430    
                         clock uncertainty            0.100     1.530    
    SLICE_X6Y87          RAMD32 (Hold_ramd32_CLK_WADR4)
                                                      0.200     1.730    core_inst/dma_wr_inst/out_fifo_wdata_reg_0_31_18_23/RAMB
  -------------------------------------------------------------------
                         required time                         -1.730    
                         arrival time                           1.768    
  -------------------------------------------------------------------
                         slack                                  0.038    

Slack (MET) :             0.038ns  (arrival time - required time)
  Source:                 core_inst/dma_wr_inst/out_fifo_wr_ptr_reg_reg[4]/C
                            (rising edge-triggered cell FDRE clocked by axi_clk  {rise@0.000ns fall@4.000ns period=8.000ns})
  Destination:            core_inst/dma_wr_inst/out_fifo_wdata_reg_0_31_18_23/RAMB_D1/WADR4
                            (rising edge-triggered cell RAMD32 clocked by axi_clk  {rise@0.000ns fall@4.000ns period=8.000ns})
  Path Group:             axi_clk
  Path Type:              Hold (Min at Fast Process Corner)
  Requirement:            0.000ns  (axi_clk rise@0.000ns - axi_clk rise@0.000ns)
  Data Path Delay:        0.354ns  (logic 0.141ns (39.796%)  route 0.213ns (60.204%))
  Logic Levels:           0  
  Clock Path Skew:        0.016ns (DCD - SCD - CPR)
    Destination Clock Delay (DCD):    1.931ns
    Source Clock Delay      (SCD):    1.414ns
    Clock Pessimism Removal (CPR):    0.501ns
  Clock Uncertainty:      0.100ns  ((TSJ^2 + TIJ^2)^1/2 + DJ) / 2 + PE + UU
    Total System Jitter     (TSJ):    0.000ns
    Total Input Jitter      (TIJ):    0.000ns
    Discrete Jitter          (DJ):    0.000ns
    Phase Error              (PE):    0.000ns
    User Uncertainty         (UU):    0.100ns

    Location             Delay type                Incr(ns)  Path(ns)    Netlist Resource(s)
  -------------------------------------------------------------------    -------------------
                         (clock axi_clk rise edge)    0.000     0.000 r  
    M18                                               0.000     0.000 r  aclk (IN)
                         net (fo=0)                   0.000     0.000    aclk
    M18                  IBUF (Prop_ibuf_I_O)         0.167     0.167 r  aclk_IBUF_inst/O
                         net (fo=1, routed)           0.634     0.801    aclk_IBUF
    BUFGCTRL_X0Y0        BUFG (Prop_bufg_I_O)         0.026     0.827 r  aclk_IBUF_BUFG_inst/O
                         net (fo=2050, routed)        0.587     1.414    core_inst/dma_wr_inst/aclk
    SLICE_X4Y86          FDRE                                         r  core_inst/dma_wr_inst/out_fifo_wr_ptr_reg_reg[4]/C
  -------------------------------------------------------------------    -------------------
    SLICE_X4Y86          FDRE (Prop_fdre_C_Q)         0.141     1.555 r  core_inst/dma_wr_inst/out_fifo_wr_ptr_reg_reg[4]/Q
                         net (fo=56, routed)          0.213     1.768    core_inst/dma_wr_inst/out_fifo_wdata_reg_0_31_18_23/ADDRD4
    SLICE_X6Y87          RAMD32                                       r  core_inst/dma_wr_inst/out_fifo_wdata_reg_0_31_18_23/RAMB_D1/WADR4
  -------------------------------------------------------------------    -------------------

                         (clock axi_clk rise edge)    0.000     0.000 r  
    M18                                               0.000     0.000 r  aclk (IN)
                         net (fo=0)                   0.000     0.000    aclk
    M18                  IBUF (Prop_ibuf_I_O)         0.356     0.356 r  aclk_IBUF_inst/O
                         net (fo=1, routed)           0.689     1.044    aclk_IBUF
    BUFGCTRL_X0Y0        BUFG (Prop_bufg_I_O)         0.029     1.073 r  aclk_IBUF_BUFG_inst/O
                         net (fo=2050, routed)        0.858     1.931    core_inst/dma_wr_inst/out_fifo_wdata_reg_0_31_18_23/WCLK
    SLICE_X6Y87          RAMD32                                       r  core_inst/dma_wr_inst/out_fifo_wdata_reg_0_31_18_23/RAMB_D1/CLK
                         clock pessimism             -0.501     1.430    
                         clock uncertainty            0.100     1.530    
    SLICE_X6Y87          RAMD32 (Hold_ramd32_CLK_WADR4)
                                                      0.200     1.730    core_inst/dma_wr_inst/out_fifo_wdata_reg_0_31_18_23/RAMB_D1
  -------------------------------------------------------------------
                         required time                         -1.730    
                         arrival time                           1.768    
  -------------------------------------------------------------------
                         slack                                  0.038    

Slack (MET) :             0.038ns  (arrival time - required time)
  Source:                 core_inst/dma_wr_inst/out_fifo_wr_ptr_reg_reg[4]/C
                            (rising edge-triggered cell FDRE clocked by axi_clk  {rise@0.000ns fall@4.000ns period=8.000ns})
  Destination:            core_inst/dma_wr_inst/out_fifo_wdata_reg_0_31_18_23/RAMC/WADR4
                            (rising edge-triggered cell RAMD32 clocked by axi_clk  {rise@0.000ns fall@4.000ns period=8.000ns})
  Path Group:             axi_clk
  Path Type:              Hold (Min at Fast Process Corner)
  Requirement:            0.000ns  (axi_clk rise@0.000ns - axi_clk rise@0.000ns)
  Data Path Delay:        0.354ns  (logic 0.141ns (39.796%)  route 0.213ns (60.204%))
  Logic Levels:           0  
  Clock Path Skew:        0.016ns (DCD - SCD - CPR)
    Destination Clock Delay (DCD):    1.931ns
    Source Clock Delay      (SCD):    1.414ns
    Clock Pessimism Removal (CPR):    0.501ns
  Clock Uncertainty:      0.100ns  ((TSJ^2 + TIJ^2)^1/2 + DJ) / 2 + PE + UU
    Total System Jitter     (TSJ):    0.000ns
    Total Input Jitter      (TIJ):    0.000ns
    Discrete Jitter          (DJ):    0.000ns
    Phase Error              (PE):    0.000ns
    User Uncertainty         (UU):    0.100ns

    Location             Delay type                Incr(ns)  Path(ns)    Netlist Resource(s)
  -------------------------------------------------------------------    -------------------
                         (clock axi_clk rise edge)    0.000     0.000 r  
    M18                                               0.000     0.000 r  aclk (IN)
                         net (fo=0)                   0.000     0.000    aclk
    M18                  IBUF (Prop_ibuf_I_O)         0.167     0.167 r  aclk_IBUF_inst/O
                         net (fo=1, routed)           0.634     0.801    aclk_IBUF
    BUFGCTRL_X0Y0        BUFG (Prop_bufg_I_O)         0.026     0.827 r  aclk_IBUF_BUFG_inst/O
                         net (fo=2050, routed)        0.587     1.414    core_inst/dma_wr_inst/aclk
    SLICE_X4Y86          FDRE                                         r  core_inst/dma_wr_inst/out_fifo_wr_ptr_reg_reg[4]/C
  -------------------------------------------------------------------    -------------------
    SLICE_X4Y86          FDRE (Prop_fdre_C_Q)         0.141     1.555 r  core_inst/dma_wr_inst/out_fifo_wr_ptr_reg_reg[4]/Q
                         net (fo=56, routed)          0.213     1.768    core_inst/dma_wr_inst/out_fifo_wdata_reg_0_31_18_23/ADDRD4
    SLICE_X6Y87          RAMD32                                       r  core_inst/dma_wr_inst/out_fifo_wdata_reg_0_31_18_23/RAMC/WADR4
  -------------------------------------------------------------------    -------------------

                         (clock axi_clk rise edge)    0.000     0.000 r  
    M18                                               0.000     0.000 r  aclk (IN)
                         net (fo=0)                   0.000     0.000    aclk
    M18                  IBUF (Prop_ibuf_I_O)         0.356     0.356 r  aclk_IBUF_inst/O
                         net (fo=1, routed)           0.689     1.044    aclk_IBUF
    BUFGCTRL_X0Y0        BUFG (Prop_bufg_I_O)         0.029     1.073 r  aclk_IBUF_BUFG_inst/O
                         net (fo=2050, routed)        0.858     1.931    core_inst/dma_wr_inst/out_fifo_wdata_reg_0_31_18_23/WCLK
    SLICE_X6Y87          RAMD32                                       r  core_inst/dma_wr_inst/out_fifo_wdata_reg_0_31_18_23/RAMC/CLK
                         clock pessimism             -0.501     1.430    
                         clock uncertainty            0.100     1.530    
    SLICE_X6Y87          RAMD32 (Hold_ramd32_CLK_WADR4)
                                                      0.200     1.730    core_inst/dma_wr_inst/out_fifo_wdata_reg_0_31_18_23/RAMC
  -------------------------------------------------------------------
                         required time                         -1.730    
                         arrival time                           1.768    
  -------------------------------------------------------------------
                         slack                                  0.038    

Slack (MET) :             0.038ns  (arrival time - required time)
  Source:                 core_inst/dma_wr_inst/out_fifo_wr_ptr_reg_reg[4]/C
                            (rising edge-triggered cell FDRE clocked by axi_clk  {rise@0.000ns fall@4.000ns period=8.000ns})
  Destination:            core_inst/dma_wr_inst/out_fifo_wdata_reg_0_31_18_23/RAMC_D1/WADR4
                            (rising edge-triggered cell RAMD32 clocked by axi_clk  {rise@0.000ns fall@4.000ns period=8.000ns})
  Path Group:             axi_clk
  Path Type:              Hold (Min at Fast Process Corner)
  Requirement:            0.000ns  (axi_clk rise@0.000ns - axi_clk rise@0.000ns)
  Data Path Delay:        0.354ns  (logic 0.141ns (39.796%)  route 0.213ns (60.204%))
  Logic Levels:           0  
  Clock Path Skew:        0.016ns (DCD - SCD - CPR)
    Destination Clock Delay (DCD):    1.931ns
    Source Clock Delay      (SCD):    1.414ns
    Clock Pessimism Removal (CPR):    0.501ns
  Clock Uncertainty:      0.100ns  ((TSJ^2 + TIJ^2)^1/2 + DJ) / 2 + PE + UU
    Total System Jitter     (TSJ):    0.000ns
    Total Input Jitter      (TIJ):    0.000ns
    Discrete Jitter          (DJ):    0.000ns
    Phase Error              (PE):    0.000ns
    User Uncertainty         (UU):    0.100ns

    Location             Delay type                Incr(ns)  Path(ns)    Netlist Resource(s)
  -------------------------------------------------------------------    -------------------
                         (clock axi_clk rise edge)    0.000     0.000 r  
    M18                                               0.000     0.000 r  aclk (IN)
                         net (fo=0)                   0.000     0.000    aclk
    M18                  IBUF (Prop_ibuf_I_O)         0.167     0.167 r  aclk_IBUF_inst/O
                         net (fo=1, routed)           0.634     0.801    aclk_IBUF
    BUFGCTRL_X0Y0        BUFG (Prop_bufg_I_O)         0.026     0.827 r  aclk_IBUF_BUFG_inst/O
                         net (fo=2050, routed)        0.587     1.414    core_inst/dma_wr_inst/aclk
    SLICE_X4Y86          FDRE                                         r  core_inst/dma_wr_inst/out_fifo_wr_ptr_reg_reg[4]/C
  -------------------------------------------------------------------    -------------------
    SLICE_X4Y86          FDRE (Prop_fdre_C_Q)         0.141     1.555 r  core_inst/dma_wr_inst/out_fifo_wr_ptr_reg_reg[4]/Q
                         net (fo=56, routed)          0.213     1.768    core_inst/dma_wr_inst/out_fifo_wdata_reg_0_31_18_23/ADDRD4
    SLICE_X6Y87          RAMD32                                       r  core_inst/dma_wr_inst/out_fifo_wdata_reg_0_31_18_23/RAMC_D1/WADR4
  -------------------------------------------------------------------    -------------------

                         (clock axi_clk rise edge)    0.000     0.000 r  
    M18                                               0.000     0.000 r  aclk (IN)
                         net (fo=0)                   0.000     0.000    aclk
    M18                  IBUF (Prop_ibuf_I_O)         0.356     0.356 r  aclk_IBUF_inst/O
                         net (fo=1, routed)           0.689     1.044    aclk_IBUF
    BUFGCTRL_X0Y0        BUFG (Prop_bufg_I_O)         0.029     1.073 r  aclk_IBUF_BUFG_inst/O
                         net (fo=2050, routed)        0.858     1.931    core_inst/dma_wr_inst/out_fifo_wdata_reg_0_31_18_23/WCLK
    SLICE_X6Y87          RAMD32                                       r  core_inst/dma_wr_inst/out_fifo_wdata_reg_0_31_18_23/RAMC_D1/CLK
                         clock pessimism             -0.501     1.430    
                         clock uncertainty            0.100     1.530    
    SLICE_X6Y87          RAMD32 (Hold_ramd32_CLK_WADR4)
                                                      0.200     1.730    core_inst/dma_wr_inst/out_fifo_wdata_reg_0_31_18_23/RAMC_D1
  -------------------------------------------------------------------
                         required time                         -1.730    
                         arrival time                           1.768    
  -------------------------------------------------------------------
                         slack                                  0.038    

Slack (MET) :             0.038ns  (arrival time - required time)
  Source:                 core_inst/dma_wr_inst/out_fifo_wr_ptr_reg_reg[4]/C
                            (rising edge-triggered cell FDRE clocked by axi_clk  {rise@0.000ns fall@4.000ns period=8.000ns})
  Destination:            core_inst/dma_wr_inst/out_fifo_wdata_reg_0_31_18_23/RAMD/ADR4
                            (rising edge-triggered cell RAMS32 clocked by axi_clk  {rise@0.000ns fall@4.000ns period=8.000ns})
  Path Group:             axi_clk
  Path Type:              Hold (Min at Fast Process Corner)
  Requirement:            0.000ns  (axi_clk rise@0.000ns - axi_clk rise@0.000ns)
  Data Path Delay:        0.354ns  (logic 0.141ns (39.796%)  route 0.213ns (60.204%))
  Logic Levels:           0  
  Clock Path Skew:        0.016ns (DCD - SCD - CPR)
    Destination Clock Delay (DCD):    1.931ns
    Source Clock Delay      (SCD):    1.414ns
    Clock Pessimism Removal (CPR):    0.501ns
  Clock Uncertainty:      0.100ns  ((TSJ^2 + TIJ^2)^1/2 + DJ) / 2 + PE + UU
    Total System Jitter     (TSJ):    0.000ns
    Total Input Jitter      (TIJ):    0.000ns
    Discrete Jitter          (DJ):    0.000ns
    Phase Error              (PE):    0.000ns
    User Uncertainty         (UU):    0.100ns

    Location             Delay type                Incr(ns)  Path(ns)    Netlist Resource(s)
  -------------------------------------------------------------------    -------------------
                         (clock axi_clk rise edge)    0.000     0.000 r  
    M18                                               0.000     0.000 r  aclk (IN)
                         net (fo=0)                   0.000     0.000    aclk
    M18                  IBUF (Prop_ibuf_I_O)         0.167     0.167 r  aclk_IBUF_inst/O
                         net (fo=1, routed)           0.634     0.801    aclk_IBUF
    BUFGCTRL_X0Y0        BUFG (Prop_bufg_I_O)         0.026     0.827 r  aclk_IBUF_BUFG_inst/O
                         net (fo=2050, routed)        0.587     1.414    core_inst/dma_wr_inst/aclk
    SLICE_X4Y86          FDRE                                         r  core_inst/dma_wr_inst/out_fifo_wr_ptr_reg_reg[4]/C
  -------------------------------------------------------------------    -------------------
    SLICE_X4Y86          FDRE (Prop_fdre_C_Q)         0.141     1.555 r  core_inst/dma_wr_inst/out_fifo_wr_ptr_reg_reg[4]/Q
                         net (fo=56, routed)          0.213     1.768    core_inst/dma_wr_inst/out_fifo_wdata_reg_0_31_18_23/ADDRD4
    SLICE_X6Y87          RAMS32                                       r  core_inst/dma_wr_inst/out_fifo_wdata_reg_0_31_18_23/RAMD/ADR4
  -------------------------------------------------------------------    -------------------

                         (clock axi_clk rise edge)    0.000     0.000 r  
    M18                                               0.000     0.000 r  aclk (IN)
                         net (fo=0)                   0.000     0.000    aclk
    M18                  IBUF (Prop_ibuf_I_O)         0.356     0.356 r  aclk_IBUF_inst/O
                         net (fo=1, routed)           0.689     1.044    aclk_IBUF
    BUFGCTRL_X0Y0        BUFG (Prop_bufg_I_O)         0.029     1.073 r  aclk_IBUF_BUFG_inst/O
                         net (fo=2050, routed)        0.858     1.931    core_inst/dma_wr_inst/out_fifo_wdata_reg_0_31_18_23/WCLK
    SLICE_X6Y87          RAMS32                                       r  core_inst/dma_wr_inst/out_fifo_wdata_reg_0_31_18_23/RAMD/CLK
                         clock pessimism             -0.501     1.430    
                         clock uncertainty            0.100     1.530    
    SLICE_X6Y87          RAMS32 (Hold_rams32_CLK_ADR4)
                                                      0.200     1.730    core_inst/dma_wr_inst/out_fifo_wdata_reg_0_31_18_23/RAMD
  -------------------------------------------------------------------
                         required time                         -1.730    
                         arrival time                           1.768    
  -------------------------------------------------------------------
                         slack                                  0.038    

Slack (MET) :             0.038ns  (arrival time - required time)
  Source:                 core_inst/dma_wr_inst/out_fifo_wr_ptr_reg_reg[4]/C
                            (rising edge-triggered cell FDRE clocked by axi_clk  {rise@0.000ns fall@4.000ns period=8.000ns})
  Destination:            core_inst/dma_wr_inst/out_fifo_wdata_reg_0_31_18_23/RAMD_D1/ADR4
                            (rising edge-triggered cell RAMS32 clocked by axi_clk  {rise@0.000ns fall@4.000ns period=8.000ns})
  Path Group:             axi_clk
  Path Type:              Hold (Min at Fast Process Corner)
  Requirement:            0.000ns  (axi_clk rise@0.000ns - axi_clk rise@0.000ns)
  Data Path Delay:        0.354ns  (logic 0.141ns (39.796%)  route 0.213ns (60.204%))
  Logic Levels:           0  
  Clock Path Skew:        0.016ns (DCD - SCD - CPR)
    Destination Clock Delay (DCD):    1.931ns
    Source Clock Delay      (SCD):    1.414ns
    Clock Pessimism Removal (CPR):    0.501ns
  Clock Uncertainty:      0.100ns  ((TSJ^2 + TIJ^2)^1/2 + DJ) / 2 + PE + UU
    Total System Jitter     (TSJ):    0.000ns
    Total Input Jitter      (TIJ):    0.000ns
    Discrete Jitter          (DJ):    0.000ns
    Phase Error              (PE):    0.000ns
    User Uncertainty         (UU):    0.100ns

    Location             Delay type                Incr(ns)  Path(ns)    Netlist Resource(s)
  -------------------------------------------------------------------    -------------------
                         (clock axi_clk rise edge)    0.000     0.000 r  
    M18                                               0.000     0.000 r  aclk (IN)
                         net (fo=0)                   0.000     0.000    aclk
    M18                  IBUF (Prop_ibuf_I_O)         0.167     0.167 r  aclk_IBUF_inst/O
                         net (fo=1, routed)           0.634     0.801    aclk_IBUF
    BUFGCTRL_X0Y0        BUFG (Prop_bufg_I_O)         0.026     0.827 r  aclk_IBUF_BUFG_inst/O
                         net (fo=2050, routed)        0.587     1.414    core_inst/dma_wr_inst/aclk
    SLICE_X4Y86          FDRE                                         r  core_inst/dma_wr_inst/out_fifo_wr_ptr_reg_reg[4]/C
  -------------------------------------------------------------------    -------------------
    SLICE_X4Y86          FDRE (Prop_fdre_C_Q)         0.141     1.555 r  core_inst/dma_wr_inst/out_fifo_wr_ptr_reg_reg[4]/Q
                         net (fo=56, routed)          0.213     1.768    core_inst/dma_wr_inst/out_fifo_wdata_reg_0_31_18_23/ADDRD4
    SLICE_X6Y87          RAMS32                                       r  core_inst/dma_wr_inst/out_fifo_wdata_reg_0_31_18_23/RAMD_D1/ADR4
  -------------------------------------------------------------------    -------------------

                         (clock axi_clk rise edge)    0.000     0.000 r  
    M18                                               0.000     0.000 r  aclk (IN)
                         net (fo=0)                   0.000     0.000    aclk
    M18                  IBUF (Prop_ibuf_I_O)         0.356     0.356 r  aclk_IBUF_inst/O
                         net (fo=1, routed)           0.689     1.044    aclk_IBUF
    BUFGCTRL_X0Y0        BUFG (Prop_bufg_I_O)         0.029     1.073 r  aclk_IBUF_BUFG_inst/O
                         net (fo=2050, routed)        0.858     1.931    core_inst/dma_wr_inst/out_fifo_wdata_reg_0_31_18_23/WCLK
    SLICE_X6Y87          RAMS32                                       r  core_inst/dma_wr_inst/out_fifo_wdata_reg_0_31_18_23/RAMD_D1/CLK
                         clock pessimism             -0.501     1.430    
                         clock uncertainty            0.100     1.530    
    SLICE_X6Y87          RAMS32 (Hold_rams32_CLK_ADR4)
                                                      0.200     1.730    core_inst/dma_wr_inst/out_fifo_wdata_reg_0_31_18_23/RAMD_D1
  -------------------------------------------------------------------
                         required time                         -1.730    
                         arrival time                           1.768    
  -------------------------------------------------------------------
                         slack                                  0.038    





Pulse Width Checks
--------------------------------------------------------------------------------------
Clock Name:         axi_clk
Waveform(ns):       { 0.000 4.000 }
Period(ns):         8.000
Sources:            { aclk }

Check Type        Corner  Lib Pin     Reference Pin  Required(ns)  Actual(ns)  Slack(ns)  Location       Pin
Min Period        n/a     BUFG/I      n/a            2.155         8.000       5.845      BUFGCTRL_X0Y0  aclk_IBUF_BUFG_inst/I
Min Period        n/a     FDCE/C      n/a            1.000         8.000       7.000      SLICE_X5Y78    activity_o_reg[0]/C
Min Period        n/a     FDCE/C      n/a            1.000         8.000       7.000      SLICE_X9Y81    activity_o_reg[10]/C
Min Period        n/a     FDCE/C      n/a            1.000         8.000       7.000      SLICE_X5Y78    activity_o_reg[11]/C
Min Period        n/a     FDCE/C      n/a            1.000         8.000       7.000      SLICE_X9Y78    activity_o_reg[12]/C
Min Period        n/a     FDCE/C      n/a            1.000         8.000       7.000      SLICE_X9Y81    activity_o_reg[13]/C
Min Period        n/a     FDCE/C      n/a            1.000         8.000       7.000      SLICE_X9Y78    activity_o_reg[14]/C
Min Period        n/a     FDCE/C      n/a            1.000         8.000       7.000      SLICE_X9Y81    activity_o_reg[15]/C
Min Period        n/a     FDCE/C      n/a            1.000         8.000       7.000      SLICE_X9Y85    activity_o_reg[16]/C
Min Period        n/a     FDCE/C      n/a            1.000         8.000       7.000      SLICE_X9Y85    activity_o_reg[17]/C
Min Period        n/a     FDCE/C      n/a            1.000         8.000       7.000      SLICE_X10Y87   activity_o_reg[18]/C
Min Period        n/a     FDCE/C      n/a            1.000         8.000       7.000      SLICE_X3Y88    activity_o_reg[19]/C
Min Period        n/a     FDCE/C      n/a            1.000         8.000       7.000      SLICE_X5Y78    activity_o_reg[1]/C
Min Period        n/a     FDCE/C      n/a            1.000         8.000       7.000      SLICE_X10Y87   activity_o_reg[20]/C
Min Period        n/a     FDCE/C      n/a            1.000         8.000       7.000      SLICE_X9Y85    activity_o_reg[21]/C
Min Period        n/a     FDCE/C      n/a            1.000         8.000       7.000      SLICE_X10Y87   activity_o_reg[22]/C
Min Period        n/a     FDCE/C      n/a            1.000         8.000       7.000      SLICE_X10Y87   activity_o_reg[23]/C
Min Period        n/a     FDCE/C      n/a            1.000         8.000       7.000      SLICE_X6Y90    activity_o_reg[24]/C
Min Period        n/a     FDCE/C      n/a            1.000         8.000       7.000      SLICE_X6Y90    activity_o_reg[25]/C
Min Period        n/a     FDCE/C      n/a            1.000         8.000       7.000      SLICE_X5Y91    activity_o_reg[26]/C
Low Pulse Width   Slow    RAMD32/CLK  n/a            1.250         4.000       2.750      SLICE_X2Y81    core_inst/cdma_inst/out_fifo_wdata_reg_0_31_0_5/RAMA/CLK
Low Pulse Width   Fast    RAMD32/CLK  n/a            1.250         4.000       2.750      SLICE_X2Y81    core_inst/cdma_inst/out_fifo_wdata_reg_0_31_0_5/RAMA/CLK
Low Pulse Width   Slow    RAMD32/CLK  n/a            1.250         4.000       2.750      SLICE_X2Y81    core_inst/cdma_inst/out_fifo_wdata_reg_0_31_0_5/RAMA_D1/CLK
Low Pulse Width   Fast    RAMD32/CLK  n/a            1.250         4.000       2.750      SLICE_X2Y81    core_inst/cdma_inst/out_fifo_wdata_reg_0_31_0_5/RAMA_D1/CLK
Low Pulse Width   Slow    RAMD32/CLK  n/a            1.250         4.000       2.750      SLICE_X2Y81    core_inst/cdma_inst/out_fifo_wdata_reg_0_31_0_5/RAMB/CLK
Low Pulse Width   Fast    RAMD32/CLK  n/a            1.250         4.000       2.750      SLICE_X2Y81    core_inst/cdma_inst/out_fifo_wdata_reg_0_31_0_5/RAMB/CLK
Low Pulse Width   Slow    RAMD32/CLK  n/a            1.250         4.000       2.750      SLICE_X2Y81    core_inst/cdma_inst/out_fifo_wdata_reg_0_31_0_5/RAMB_D1/CLK
Low Pulse Width   Fast    RAMD32/CLK  n/a            1.250         4.000       2.750      SLICE_X2Y81    core_inst/cdma_inst/out_fifo_wdata_reg_0_31_0_5/RAMB_D1/CLK
Low Pulse Width   Slow    RAMD32/CLK  n/a            1.250         4.000       2.750      SLICE_X2Y81    core_inst/cdma_inst/out_fifo_wdata_reg_0_31_0_5/RAMC/CLK
Low Pulse Width   Fast    RAMD32/CLK  n/a            1.250         4.000       2.750      SLICE_X2Y81    core_inst/cdma_inst/out_fifo_wdata_reg_0_31_0_5/RAMC/CLK
Low Pulse Width   Slow    RAMD32/CLK  n/a            1.250         4.000       2.750      SLICE_X2Y81    core_inst/cdma_inst/out_fifo_wdata_reg_0_31_0_5/RAMC_D1/CLK
Low Pulse Width   Fast    RAMD32/CLK  n/a            1.250         4.000       2.750      SLICE_X2Y81    core_inst/cdma_inst/out_fifo_wdata_reg_0_31_0_5/RAMC_D1/CLK
Low Pulse Width   Slow    RAMS32/CLK  n/a            1.250         4.000       2.750      SLICE_X2Y81    core_inst/cdma_inst/out_fifo_wdata_reg_0_31_0_5/RAMD/CLK
Low Pulse Width   Fast    RAMS32/CLK  n/a            1.250         4.000       2.750      SLICE_X2Y81    core_inst/cdma_inst/out_fifo_wdata_reg_0_31_0_5/RAMD/CLK
Low Pulse Width   Slow    RAMS32/CLK  n/a            1.250         4.000       2.750      SLICE_X2Y81    core_inst/cdma_inst/out_fifo_wdata_reg_0_31_0_5/RAMD_D1/CLK
Low Pulse Width   Fast    RAMS32/CLK  n/a            1.250         4.000       2.750      SLICE_X2Y81    core_inst/cdma_inst/out_fifo_wdata_reg_0_31_0_5/RAMD_D1/CLK
Low Pulse Width   Slow    RAMD32/CLK  n/a            1.250         4.000       2.750      SLICE_X6Y85    core_inst/cdma_inst/out_fifo_wdata_reg_0_31_12_17/RAMA/CLK
Low Pulse Width   Fast    RAMD32/CLK  n/a            1.250         4.000       2.750      SLICE_X6Y85    core_inst/cdma_inst/out_fifo_wdata_reg_0_31_12_17/RAMA/CLK
Low Pulse Width   Slow    RAMD32/CLK  n/a            1.250         4.000       2.750      SLICE_X6Y85    core_inst/cdma_inst/out_fifo_wdata_reg_0_31_12_17/RAMA_D1/CLK
Low Pulse Width   Fast    RAMD32/CLK  n/a            1.250         4.000       2.750      SLICE_X6Y85    core_inst/cdma_inst/out_fifo_wdata_reg_0_31_12_17/RAMA_D1/CLK
High Pulse Width  Slow    RAMD32/CLK  n/a            1.250         4.000       2.750      SLICE_X2Y81    core_inst/cdma_inst/out_fifo_wdata_reg_0_31_0_5/RAMA/CLK
High Pulse Width  Fast    RAMD32/CLK  n/a            1.250         4.000       2.750      SLICE_X2Y81    core_inst/cdma_inst/out_fifo_wdata_reg_0_31_0_5/RAMA/CLK
High Pulse Width  Slow    RAMD32/CLK  n/a            1.250         4.000       2.750      SLICE_X2Y81    core_inst/cdma_inst/out_fifo_wdata_reg_0_31_0_5/RAMA_D1/CLK
High Pulse Width  Fast    RAMD32/CLK  n/a            1.250         4.000       2.750      SLICE_X2Y81    core_inst/cdma_inst/out_fifo_wdata_reg_0_31_0_5/RAMA_D1/CLK
High Pulse Width  Slow    RAMD32/CLK  n/a            1.250         4.000       2.750      SLICE_X2Y81    core_inst/cdma_inst/out_fifo_wdata_reg_0_31_0_5/RAMB/CLK
High Pulse Width  Fast    RAMD32/CLK  n/a            1.250         4.000       2.750      SLICE_X2Y81    core_inst/cdma_inst/out_fifo_wdata_reg_0_31_0_5/RAMB/CLK
High Pulse Width  Slow    RAMD32/CLK  n/a            1.250         4.000       2.750      SLICE_X2Y81    core_inst/cdma_inst/out_fifo_wdata_reg_0_31_0_5/RAMB_D1/CLK
High Pulse Width  Fast    RAMD32/CLK  n/a            1.250         4.000       2.750      SLICE_X2Y81    core_inst/cdma_inst/out_fifo_wdata_reg_0_31_0_5/RAMB_D1/CLK
High Pulse Width  Slow    RAMD32/CLK  n/a            1.250         4.000       2.750      SLICE_X2Y81    core_inst/cdma_inst/out_fifo_wdata_reg_0_31_0_5/RAMC/CLK
High Pulse Width  Fast    RAMD32/CLK  n/a            1.250         4.000       2.750      SLICE_X2Y81    core_inst/cdma_inst/out_fifo_wdata_reg_0_31_0_5/RAMC/CLK
High Pulse Width  Slow    RAMD32/CLK  n/a            1.250         4.000       2.750      SLICE_X2Y81    core_inst/cdma_inst/out_fifo_wdata_reg_0_31_0_5/RAMC_D1/CLK
High Pulse Width  Fast    RAMD32/CLK  n/a            1.250         4.000       2.750      SLICE_X2Y81    core_inst/cdma_inst/out_fifo_wdata_reg_0_31_0_5/RAMC_D1/CLK
High Pulse Width  Slow    RAMS32/CLK  n/a            1.250         4.000       2.750      SLICE_X2Y81    core_inst/cdma_inst/out_fifo_wdata_reg_0_31_0_5/RAMD/CLK
High Pulse Width  Fast    RAMS32/CLK  n/a            1.250         4.000       2.750      SLICE_X2Y81    core_inst/cdma_inst/out_fifo_wdata_reg_0_31_0_5/RAMD/CLK
High Pulse Width  Slow    RAMS32/CLK  n/a            1.250         4.000       2.750      SLICE_X2Y81    core_inst/cdma_inst/out_fifo_wdata_reg_0_31_0_5/RAMD_D1/CLK
High Pulse Width  Fast    RAMS32/CLK  n/a            1.250         4.000       2.750      SLICE_X2Y81    core_inst/cdma_inst/out_fifo_wdata_reg_0_31_0_5/RAMD_D1/CLK
High Pulse Width  Slow    RAMD32/CLK  n/a            1.250         4.000       2.750      SLICE_X6Y85    core_inst/cdma_inst/out_fifo_wdata_reg_0_31_12_17/RAMA/CLK
High Pulse Width  Fast    RAMD32/CLK  n/a            1.250         4.000       2.750      SLICE_X6Y85    core_inst/cdma_inst/out_fifo_wdata_reg_0_31_12_17/RAMA/CLK
High Pulse Width  Slow    RAMD32/CLK  n/a            1.250         4.000       2.750      SLICE_X6Y85    core_inst/cdma_inst/out_fifo_wdata_reg_0_31_12_17/RAMA_D1/CLK
High Pulse Width  Fast    RAMD32/CLK  n/a            1.250         4.000       2.750      SLICE_X6Y85    core_inst/cdma_inst/out_fifo_wdata_reg_0_31_12_17/RAMA_D1/CLK



