
*** Running vivado
    with args -log dma_mmu_picorv32_vc707_ddr3_top.vds -m64 -product Vivado -mode batch -messageDb vivado.pb -notrace -source dma_mmu_picorv32_vc707_ddr3_top.tcl



****** Vivado v2025.1 (64-bit)
  **** SW Build 6140274 on Thu May 22 00:12:29 MDT 2025
  **** IP Build 6138677 on Thu May 22 03:10:11 MDT 2025
  **** SharedData Build 6139179 on Tue May 20 17:58:58 MDT 2025
  **** Start of session at: Tue Aug 18 13:49:51 2026
    ** Copyright 1986-2022 Xilinx, Inc. All Rights Reserved.
    ** Copyright 2022-2025 Advanced Micro Devices, Inc. All Rights Reserved.

source dma_mmu_picorv32_vc707_ddr3_top.tcl -notrace
Command: read_checkpoint -auto_incremental -incremental D:/_codex_dma_mmu/build/vivado/vc707_ddr3/DMA_IOMMU_PicoRV32_VC707_DDR3.srcs/utils_1/imports/synth_1/dma_mmu_picorv32_vc707_ddr3_top.dcp
INFO: [Vivado 12-5825] Read reference checkpoint from D:/_codex_dma_mmu/build/vivado/vc707_ddr3/DMA_IOMMU_PicoRV32_VC707_DDR3.srcs/utils_1/imports/synth_1/dma_mmu_picorv32_vc707_ddr3_top.dcp for incremental synthesis
INFO: [Vivado 12-7989] Please ensure there are no constraint changes
Command: synth_design -top dma_mmu_picorv32_vc707_ddr3_top -part xc7vx485tffg1761-2 -directive PerformanceOptimized -fsm_extraction one_hot -keep_equivalent_registers -resource_sharing off -no_lc -shreg_min_size 5
Starting synth_design
Attempting to get a license for feature 'Synthesis' and/or device 'xc7vx485t'
INFO: [Common 17-349] Got license for feature 'Synthesis' and/or device 'xc7vx485t'
INFO: [Device 21-403] Loading part xc7vx485tffg1761-2
INFO: [Designutils 20-5440] No compile time benefit to using incremental synthesis; A full resynthesis will be run
INFO: [Designutils 20-4379] Flow is switching to default flow due to incremental criteria not met. If you would like to alter this behaviour and have the flow terminate instead, please set the following parameter config_implementation {autoIncr.Synth.RejectBehavior Terminate}
INFO: [Synth 8-7079] Multithreading enabled for synth_design using a maximum of 2 processes.
INFO: [Synth 8-7078] Launching helper process for spawning children vivado processes
INFO: [Synth 8-7075] Helper process launched with PID 38660
---------------------------------------------------------------------------------
Starting RTL Elaboration : Time (s): cpu = 00:00:04 ; elapsed = 00:00:04 . Memory (MB): peak = 1525.336 ; gain = 492.715
---------------------------------------------------------------------------------
WARNING: [Synth 8-11065] parameter 'AXI_WORD_WIDTH' becomes localparam in 'axi_cdma' with formal parameter declaration list [D:/_codex_dma_mmu/src/DMA/axi_cdma.v:123]
WARNING: [Synth 8-11065] parameter 'AXI_WORD_SIZE' becomes localparam in 'axi_cdma' with formal parameter declaration list [D:/_codex_dma_mmu/src/DMA/axi_cdma.v:124]
WARNING: [Synth 8-11065] parameter 'AXI_BURST_SIZE' becomes localparam in 'axi_cdma' with formal parameter declaration list [D:/_codex_dma_mmu/src/DMA/axi_cdma.v:125]
WARNING: [Synth 8-11065] parameter 'AXI_MAX_BURST_SIZE' becomes localparam in 'axi_cdma' with formal parameter declaration list [D:/_codex_dma_mmu/src/DMA/axi_cdma.v:126]
WARNING: [Synth 8-11065] parameter 'OFFSET_WIDTH' becomes localparam in 'axi_cdma' with formal parameter declaration list [D:/_codex_dma_mmu/src/DMA/axi_cdma.v:128]
WARNING: [Synth 8-11065] parameter 'OFFSET_MASK' becomes localparam in 'axi_cdma' with formal parameter declaration list [D:/_codex_dma_mmu/src/DMA/axi_cdma.v:129]
WARNING: [Synth 8-11065] parameter 'ADDR_MASK' becomes localparam in 'axi_cdma' with formal parameter declaration list [D:/_codex_dma_mmu/src/DMA/axi_cdma.v:130]
WARNING: [Synth 8-11065] parameter 'CYCLE_COUNT_WIDTH' becomes localparam in 'axi_cdma' with formal parameter declaration list [D:/_codex_dma_mmu/src/DMA/axi_cdma.v:131]
WARNING: [Synth 8-11065] parameter 'STATUS_FIFO_ADDR_WIDTH' becomes localparam in 'axi_cdma' with formal parameter declaration list [D:/_codex_dma_mmu/src/DMA/axi_cdma.v:133]
WARNING: [Synth 8-11065] parameter 'OUTPUT_FIFO_ADDR_WIDTH' becomes localparam in 'axi_cdma' with formal parameter declaration list [D:/_codex_dma_mmu/src/DMA/axi_cdma.v:134]
WARNING: [Synth 8-11065] parameter 'CL_S_COUNT' becomes localparam in 'axi_crossbar_addr' with formal parameter declaration list [D:/_codex_dma_mmu/src/AXI/axi_crossbar_addr.v:112]
WARNING: [Synth 8-11065] parameter 'CL_M_COUNT' becomes localparam in 'axi_crossbar_addr' with formal parameter declaration list [D:/_codex_dma_mmu/src/AXI/axi_crossbar_addr.v:113]
WARNING: [Synth 8-11065] parameter 'S_INT_THREADS' becomes localparam in 'axi_crossbar_addr' with formal parameter declaration list [D:/_codex_dma_mmu/src/AXI/axi_crossbar_addr.v:115]
WARNING: [Synth 8-11065] parameter 'CL_S_INT_THREADS' becomes localparam in 'axi_crossbar_addr' with formal parameter declaration list [D:/_codex_dma_mmu/src/AXI/axi_crossbar_addr.v:116]
WARNING: [Synth 8-11065] parameter 'CL_S_ACCEPT' becomes localparam in 'axi_crossbar_addr' with formal parameter declaration list [D:/_codex_dma_mmu/src/AXI/axi_crossbar_addr.v:117]
WARNING: [Synth 8-11065] parameter 'M_BASE_ADDR_INT' becomes localparam in 'axi_crossbar_addr' with formal parameter declaration list [D:/_codex_dma_mmu/src/AXI/axi_crossbar_addr.v:144]
WARNING: [Synth 8-11065] parameter 'CL_S_COUNT' becomes localparam in 'axi_crossbar_rd' with formal parameter declaration list [D:/_codex_dma_mmu/src/AXI/axi_crossbar_rd.v:148]
WARNING: [Synth 8-11065] parameter 'CL_M_COUNT' becomes localparam in 'axi_crossbar_rd' with formal parameter declaration list [D:/_codex_dma_mmu/src/AXI/axi_crossbar_rd.v:149]
WARNING: [Synth 8-11065] parameter 'M_COUNT_P1' becomes localparam in 'axi_crossbar_rd' with formal parameter declaration list [D:/_codex_dma_mmu/src/AXI/axi_crossbar_rd.v:150]
WARNING: [Synth 8-11065] parameter 'CL_M_COUNT_P1' becomes localparam in 'axi_crossbar_rd' with formal parameter declaration list [D:/_codex_dma_mmu/src/AXI/axi_crossbar_rd.v:151]
WARNING: [Synth 8-11065] parameter 'CL_S_COUNT' becomes localparam in 'axi_crossbar_wr' with formal parameter declaration list [D:/_codex_dma_mmu/src/AXI/axi_crossbar_wr.v:166]
WARNING: [Synth 8-11065] parameter 'CL_M_COUNT' becomes localparam in 'axi_crossbar_wr' with formal parameter declaration list [D:/_codex_dma_mmu/src/AXI/axi_crossbar_wr.v:167]
WARNING: [Synth 8-11065] parameter 'M_COUNT_P1' becomes localparam in 'axi_crossbar_wr' with formal parameter declaration list [D:/_codex_dma_mmu/src/AXI/axi_crossbar_wr.v:168]
WARNING: [Synth 8-11065] parameter 'CL_M_COUNT_P1' becomes localparam in 'axi_crossbar_wr' with formal parameter declaration list [D:/_codex_dma_mmu/src/AXI/axi_crossbar_wr.v:169]
WARNING: [Synth 8-11065] parameter 'AXI_WORD_WIDTH' becomes localparam in 'axi_dma_rd' with formal parameter declaration list [D:/_codex_dma_mmu/src/DMA/axi_dma_rd.v:140]
WARNING: [Synth 8-11065] parameter 'AXI_WORD_SIZE' becomes localparam in 'axi_dma_rd' with formal parameter declaration list [D:/_codex_dma_mmu/src/DMA/axi_dma_rd.v:141]
WARNING: [Synth 8-11065] parameter 'AXI_BURST_SIZE' becomes localparam in 'axi_dma_rd' with formal parameter declaration list [D:/_codex_dma_mmu/src/DMA/axi_dma_rd.v:142]
WARNING: [Synth 8-11065] parameter 'AXI_MAX_BURST_SIZE' becomes localparam in 'axi_dma_rd' with formal parameter declaration list [D:/_codex_dma_mmu/src/DMA/axi_dma_rd.v:143]
WARNING: [Synth 8-11065] parameter 'AXIS_KEEP_WIDTH_INT' becomes localparam in 'axi_dma_rd' with formal parameter declaration list [D:/_codex_dma_mmu/src/DMA/axi_dma_rd.v:145]
WARNING: [Synth 8-11065] parameter 'AXIS_WORD_WIDTH' becomes localparam in 'axi_dma_rd' with formal parameter declaration list [D:/_codex_dma_mmu/src/DMA/axi_dma_rd.v:146]
WARNING: [Synth 8-11065] parameter 'AXIS_WORD_SIZE' becomes localparam in 'axi_dma_rd' with formal parameter declaration list [D:/_codex_dma_mmu/src/DMA/axi_dma_rd.v:147]
WARNING: [Synth 8-11065] parameter 'OFFSET_WIDTH' becomes localparam in 'axi_dma_rd' with formal parameter declaration list [D:/_codex_dma_mmu/src/DMA/axi_dma_rd.v:149]
WARNING: [Synth 8-11065] parameter 'OFFSET_MASK' becomes localparam in 'axi_dma_rd' with formal parameter declaration list [D:/_codex_dma_mmu/src/DMA/axi_dma_rd.v:150]
WARNING: [Synth 8-11065] parameter 'ADDR_MASK' becomes localparam in 'axi_dma_rd' with formal parameter declaration list [D:/_codex_dma_mmu/src/DMA/axi_dma_rd.v:151]
WARNING: [Synth 8-11065] parameter 'CYCLE_COUNT_WIDTH' becomes localparam in 'axi_dma_rd' with formal parameter declaration list [D:/_codex_dma_mmu/src/DMA/axi_dma_rd.v:152]
WARNING: [Synth 8-11065] parameter 'OUTPUT_FIFO_ADDR_WIDTH' becomes localparam in 'axi_dma_rd' with formal parameter declaration list [D:/_codex_dma_mmu/src/DMA/axi_dma_rd.v:154]
WARNING: [Synth 8-11065] parameter 'AXI_WORD_WIDTH' becomes localparam in 'axi_dma_wr' with formal parameter declaration list [D:/_codex_dma_mmu/src/DMA/axi_dma_wr.v:142]
WARNING: [Synth 8-11065] parameter 'AXI_WORD_SIZE' becomes localparam in 'axi_dma_wr' with formal parameter declaration list [D:/_codex_dma_mmu/src/DMA/axi_dma_wr.v:143]
WARNING: [Synth 8-11065] parameter 'AXI_BURST_SIZE' becomes localparam in 'axi_dma_wr' with formal parameter declaration list [D:/_codex_dma_mmu/src/DMA/axi_dma_wr.v:144]
WARNING: [Synth 8-11065] parameter 'AXI_MAX_BURST_SIZE' becomes localparam in 'axi_dma_wr' with formal parameter declaration list [D:/_codex_dma_mmu/src/DMA/axi_dma_wr.v:145]
WARNING: [Synth 8-11065] parameter 'AXIS_KEEP_WIDTH_INT' becomes localparam in 'axi_dma_wr' with formal parameter declaration list [D:/_codex_dma_mmu/src/DMA/axi_dma_wr.v:147]
WARNING: [Synth 8-11065] parameter 'AXIS_WORD_WIDTH' becomes localparam in 'axi_dma_wr' with formal parameter declaration list [D:/_codex_dma_mmu/src/DMA/axi_dma_wr.v:148]
WARNING: [Synth 8-11065] parameter 'AXIS_WORD_SIZE' becomes localparam in 'axi_dma_wr' with formal parameter declaration list [D:/_codex_dma_mmu/src/DMA/axi_dma_wr.v:149]
WARNING: [Synth 8-11065] parameter 'OFFSET_WIDTH' becomes localparam in 'axi_dma_wr' with formal parameter declaration list [D:/_codex_dma_mmu/src/DMA/axi_dma_wr.v:151]
WARNING: [Synth 8-11065] parameter 'OFFSET_MASK' becomes localparam in 'axi_dma_wr' with formal parameter declaration list [D:/_codex_dma_mmu/src/DMA/axi_dma_wr.v:152]
WARNING: [Synth 8-11065] parameter 'ADDR_MASK' becomes localparam in 'axi_dma_wr' with formal parameter declaration list [D:/_codex_dma_mmu/src/DMA/axi_dma_wr.v:153]
WARNING: [Synth 8-11065] parameter 'CYCLE_COUNT_WIDTH' becomes localparam in 'axi_dma_wr' with formal parameter declaration list [D:/_codex_dma_mmu/src/DMA/axi_dma_wr.v:154]
WARNING: [Synth 8-11065] parameter 'STATUS_FIFO_ADDR_WIDTH' becomes localparam in 'axi_dma_wr' with formal parameter declaration list [D:/_codex_dma_mmu/src/DMA/axi_dma_wr.v:156]
WARNING: [Synth 8-11065] parameter 'OUTPUT_FIFO_ADDR_WIDTH' becomes localparam in 'axi_dma_wr' with formal parameter declaration list [D:/_codex_dma_mmu/src/DMA/axi_dma_wr.v:157]
WARNING: [Synth 8-11065] parameter 'VALID_ADDR_WIDTH' becomes localparam in 'axi_ram' with formal parameter declaration list [D:/_codex_dma_mmu/src/AXI/axi_ram.v:90]
WARNING: [Synth 8-11065] parameter 'WORD_WIDTH' becomes localparam in 'axi_ram' with formal parameter declaration list [D:/_codex_dma_mmu/src/AXI/axi_ram.v:91]
WARNING: [Synth 8-11065] parameter 'WORD_SIZE' becomes localparam in 'axi_ram' with formal parameter declaration list [D:/_codex_dma_mmu/src/AXI/axi_ram.v:92]
WARNING: [Synth 8-11065] parameter 'LEVELS' becomes localparam in 'priority_encoder' with formal parameter declaration list [D:/_codex_dma_mmu/src/AXI/priority_encoder.v:47]
WARNING: [Synth 8-11065] parameter 'W' becomes localparam in 'priority_encoder' with formal parameter declaration list [D:/_codex_dma_mmu/src/AXI/priority_encoder.v:48]
INFO: [Synth 8-6157] synthesizing module 'dma_mmu_picorv32_vc707_ddr3_top' [D:/_codex_dma_mmu/src/SoC/dma_mmu_picorv32_vc707_ddr3_top.sv:11]
	Parameter MEM_INIT_FILE bound to: D:/_codex_dma_mmu/firmware/prebuilt/vc707_unified/soc_uart_image_batch.hex - type: string 
	Parameter BRAM_ADDR_WIDTH bound to: 18 - type: integer 
	Parameter UART_DEFAULT_DIV bound to: 161 - type: integer 
INFO: [Synth 8-6157] synthesizing module 'MMCME2_BASE' [D:/2025.1/Vivado/scripts/rt/data/unisim_comp.v:89541]
	Parameter BANDWIDTH bound to: OPTIMIZED - type: string 
	Parameter CLKFBOUT_MULT_F bound to: 3.000000 - type: double 
	Parameter CLKIN1_PERIOD bound to: 5.000000 - type: double 
	Parameter CLKOUT0_DIVIDE_F bound to: 4.000000 - type: double 
	Parameter DIVCLK_DIVIDE bound to: 1 - type: integer 
	Parameter STARTUP_WAIT bound to: FALSE - type: string 
INFO: [Synth 8-6155] done synthesizing module 'MMCME2_BASE' (0#1) [D:/2025.1/Vivado/scripts/rt/data/unisim_comp.v:89541]
INFO: [Synth 8-6157] synthesizing module 'BUFG' [D:/2025.1/Vivado/scripts/rt/data/unisim_comp.v:2678]
INFO: [Synth 8-6155] done synthesizing module 'BUFG' (0#1) [D:/2025.1/Vivado/scripts/rt/data/unisim_comp.v:2678]
INFO: [Synth 8-6157] synthesizing module 'dma_mmu_picorv32_soc' [D:/_codex_dma_mmu/src/SoC/dma_mmu_picorv32_soc.sv:12]
	Parameter AXI_ADDR_WIDTH bound to: 32'sb00000000000000000000000000100000 
	Parameter BRAM_ADDR_WIDTH bound to: 18 - type: integer 
	Parameter UART_DEFAULT_DIV bound to: 161 - type: integer 
	Parameter MEM_INIT_FILE bound to: D:/_codex_dma_mmu/firmware/prebuilt/vc707_unified/soc_uart_image_batch.hex - type: string 
	Parameter ENABLE_DDR3 bound to: 1'b1 
	Parameter USE_EXTERNAL_DDR_AXI bound to: 1'b1 
	Parameter DDR_BASE_ADDR bound to: -2147483648 - type: integer 
	Parameter DDR_SIZE_BYTES bound to: 1073741824 - type: integer 
INFO: [Synth 8-6157] synthesizing module 'axi_bram_ddr3_subsystem' [D:/_codex_dma_mmu/src/Memory/axi_bram_ddr3_subsystem.sv:5]
	Parameter AXI_ADDR_WIDTH bound to: 32'sb00000000000000000000000000100000 
	Parameter AXI_DATA_WIDTH bound to: 32'sb00000000000000000000000000100000 
	Parameter AXI_ID_WIDTH bound to: 32'sb00000000000000000000000000000110 
	Parameter BRAM_ADDR_WIDTH bound to: 18 - type: integer 
	Parameter BOOT_INIT_FILE bound to: D:/_codex_dma_mmu/firmware/prebuilt/vc707_unified/soc_uart_image_batch.hex - type: string 
	Parameter USE_EXTERNAL_DDR_AXI bound to: 1'b1 
	Parameter DDR_BASE_ADDR bound to: -2147483648 - type: integer 
	Parameter DDR_SIZE_BYTES bound to: 1073741824 - type: integer 
INFO: [Synth 8-6157] synthesizing module 'axi_crossbar' [D:/_codex_dma_mmu/src/AXI/axi_crossbar.v:34]
	Parameter S_COUNT bound to: 1 - type: integer 
	Parameter M_COUNT bound to: 2 - type: integer 
	Parameter DATA_WIDTH bound to: 32 - type: integer 
	Parameter ADDR_WIDTH bound to: 32 - type: integer 
	Parameter STRB_WIDTH bound to: 4 - type: integer 
	Parameter S_ID_WIDTH bound to: 6 - type: integer 
	Parameter M_ID_WIDTH bound to: 6 - type: integer 
	Parameter S_THREADS bound to: 2 - type: integer 
	Parameter S_ACCEPT bound to: 4 - type: integer 
	Parameter M_REGIONS bound to: 1 - type: integer 
	Parameter M_BASE_ADDR bound to: 64'b1000000000000000000000000000000000000000000000000000000000000000 
	Parameter M_ADDR_WIDTH bound to: 64'b0000000000000000000000000001111000000000000000000000000000010010 
	Parameter M_CONNECT_READ bound to: 2'b11 
	Parameter M_CONNECT_WRITE bound to: 2'b11 
	Parameter M_ISSUE bound to: 64'b0000000000000000000000000000010000000000000000000000000000000100 
INFO: [Synth 8-6157] synthesizing module 'axi_crossbar_wr' [D:/_codex_dma_mmu/src/AXI/axi_crossbar_wr.v:34]
	Parameter S_COUNT bound to: 1 - type: integer 
	Parameter M_COUNT bound to: 2 - type: integer 
	Parameter DATA_WIDTH bound to: 32 - type: integer 
	Parameter ADDR_WIDTH bound to: 32 - type: integer 
	Parameter STRB_WIDTH bound to: 4 - type: integer 
	Parameter S_ID_WIDTH bound to: 6 - type: integer 
	Parameter M_ID_WIDTH bound to: 6 - type: integer 
	Parameter AWUSER_ENABLE bound to: 0 - type: integer 
	Parameter AWUSER_WIDTH bound to: 1 - type: integer 
	Parameter WUSER_ENABLE bound to: 0 - type: integer 
	Parameter WUSER_WIDTH bound to: 1 - type: integer 
	Parameter BUSER_ENABLE bound to: 0 - type: integer 
	Parameter BUSER_WIDTH bound to: 1 - type: integer 
	Parameter S_THREADS bound to: 2 - type: integer 
	Parameter S_ACCEPT bound to: 4 - type: integer 
	Parameter M_REGIONS bound to: 1 - type: integer 
	Parameter M_BASE_ADDR bound to: 64'b1000000000000000000000000000000000000000000000000000000000000000 
	Parameter M_ADDR_WIDTH bound to: 64'b0000000000000000000000000001111000000000000000000000000000010010 
	Parameter M_CONNECT bound to: 2'b11 
	Parameter M_ISSUE bound to: 64'b0000000000000000000000000000010000000000000000000000000000000100 
	Parameter M_SECURE bound to: 2'b00 
	Parameter S_AW_REG_TYPE bound to: 2'b00 
	Parameter S_W_REG_TYPE bound to: 2'b00 
	Parameter S_B_REG_TYPE bound to: 2'b01 
INFO: [Synth 8-6157] synthesizing module 'axi_crossbar_addr' [D:/_codex_dma_mmu/src/AXI/axi_crossbar_addr.v:34]
	Parameter S bound to: 0 - type: integer 
	Parameter S_COUNT bound to: 1 - type: integer 
	Parameter M_COUNT bound to: 2 - type: integer 
	Parameter ADDR_WIDTH bound to: 32 - type: integer 
	Parameter ID_WIDTH bound to: 6 - type: integer 
	Parameter S_THREADS bound to: 2 - type: integer 
	Parameter S_ACCEPT bound to: 4 - type: integer 
	Parameter M_REGIONS bound to: 1 - type: integer 
	Parameter M_BASE_ADDR bound to: 64'b1000000000000000000000000000000000000000000000000000000000000000 
	Parameter M_ADDR_WIDTH bound to: 64'b0000000000000000000000000001111000000000000000000000000000010010 
	Parameter M_CONNECT bound to: 2'b11 
	Parameter M_SECURE bound to: 2'b00 
	Parameter WC_OUTPUT bound to: 1 - type: integer 
INFO: [Synth 8-251] Addressing configuration for axi_crossbar_addr instance  [D:/_codex_dma_mmu/src/AXI/axi_crossbar_addr.v:176]
INFO: [Synth 8-251] 0 (0): 0 / 18 -- 0-3ffff [D:/_codex_dma_mmu/src/AXI/axi_crossbar_addr.v:179]
INFO: [Synth 8-251] 1 (0): 80000000 / 30 -- 80000000-bfffffff [D:/_codex_dma_mmu/src/AXI/axi_crossbar_addr.v:179]
INFO: [Synth 8-155] case statement is not full and has no default [D:/_codex_dma_mmu/src/AXI/axi_crossbar_addr.v:331]
INFO: [Synth 8-6155] done synthesizing module 'axi_crossbar_addr' (0#1) [D:/_codex_dma_mmu/src/AXI/axi_crossbar_addr.v:34]
INFO: [Synth 8-6157] synthesizing module 'arbiter' [D:/_codex_dma_mmu/src/AXI/arbiter.v:34]
	Parameter PORTS bound to: 3 - type: integer 
	Parameter ARB_TYPE_ROUND_ROBIN bound to: 1 - type: integer 
	Parameter ARB_BLOCK bound to: 1 - type: integer 
	Parameter ARB_BLOCK_ACK bound to: 1 - type: integer 
	Parameter ARB_LSB_HIGH_PRIORITY bound to: 1 - type: integer 
INFO: [Synth 8-6157] synthesizing module 'priority_encoder' [D:/_codex_dma_mmu/src/AXI/priority_encoder.v:34]
	Parameter WIDTH bound to: 3 - type: integer 
	Parameter LSB_HIGH_PRIORITY bound to: 1 - type: integer 
INFO: [Synth 8-6155] done synthesizing module 'priority_encoder' (0#1) [D:/_codex_dma_mmu/src/AXI/priority_encoder.v:34]
INFO: [Synth 8-6155] done synthesizing module 'arbiter' (0#1) [D:/_codex_dma_mmu/src/AXI/arbiter.v:34]
INFO: [Synth 8-6157] synthesizing module 'axi_register_wr' [D:/_codex_dma_mmu/src/AXI/axi_register_wr.v:34]
	Parameter DATA_WIDTH bound to: 32 - type: integer 
	Parameter ADDR_WIDTH bound to: 32 - type: integer 
	Parameter STRB_WIDTH bound to: 4 - type: integer 
	Parameter ID_WIDTH bound to: 6 - type: integer 
	Parameter AWUSER_ENABLE bound to: 0 - type: integer 
	Parameter AWUSER_WIDTH bound to: 1 - type: integer 
	Parameter WUSER_ENABLE bound to: 0 - type: integer 
	Parameter WUSER_WIDTH bound to: 1 - type: integer 
	Parameter BUSER_ENABLE bound to: 0 - type: integer 
	Parameter BUSER_WIDTH bound to: 1 - type: integer 
	Parameter AW_REG_TYPE bound to: 2'b00 
	Parameter W_REG_TYPE bound to: 2'b00 
	Parameter B_REG_TYPE bound to: 2'b01 
INFO: [Synth 8-6155] done synthesizing module 'axi_register_wr' (0#1) [D:/_codex_dma_mmu/src/AXI/axi_register_wr.v:34]
INFO: [Synth 8-6157] synthesizing module 'arbiter__parameterized0' [D:/_codex_dma_mmu/src/AXI/arbiter.v:34]
	Parameter PORTS bound to: 1 - type: integer 
	Parameter ARB_TYPE_ROUND_ROBIN bound to: 1 - type: integer 
	Parameter ARB_BLOCK bound to: 1 - type: integer 
	Parameter ARB_BLOCK_ACK bound to: 1 - type: integer 
	Parameter ARB_LSB_HIGH_PRIORITY bound to: 1 - type: integer 
INFO: [Synth 8-6157] synthesizing module 'priority_encoder__parameterized0' [D:/_codex_dma_mmu/src/AXI/priority_encoder.v:34]
	Parameter WIDTH bound to: 1 - type: integer 
	Parameter LSB_HIGH_PRIORITY bound to: 1 - type: integer 
INFO: [Synth 8-6155] done synthesizing module 'priority_encoder__parameterized0' (0#1) [D:/_codex_dma_mmu/src/AXI/priority_encoder.v:34]
INFO: [Synth 8-6155] done synthesizing module 'arbiter__parameterized0' (0#1) [D:/_codex_dma_mmu/src/AXI/arbiter.v:34]
INFO: [Synth 8-6157] synthesizing module 'axi_register_wr__parameterized0' [D:/_codex_dma_mmu/src/AXI/axi_register_wr.v:34]
	Parameter DATA_WIDTH bound to: 32 - type: integer 
	Parameter ADDR_WIDTH bound to: 32 - type: integer 
	Parameter STRB_WIDTH bound to: 4 - type: integer 
	Parameter ID_WIDTH bound to: 6 - type: integer 
	Parameter AWUSER_ENABLE bound to: 0 - type: integer 
	Parameter AWUSER_WIDTH bound to: 1 - type: integer 
	Parameter WUSER_ENABLE bound to: 0 - type: integer 
	Parameter WUSER_WIDTH bound to: 1 - type: integer 
	Parameter BUSER_ENABLE bound to: 0 - type: integer 
	Parameter BUSER_WIDTH bound to: 1 - type: integer 
	Parameter AW_REG_TYPE bound to: 2'b01 
	Parameter W_REG_TYPE bound to: 2'b10 
	Parameter B_REG_TYPE bound to: 2'b00 
INFO: [Synth 8-6155] done synthesizing module 'axi_register_wr__parameterized0' (0#1) [D:/_codex_dma_mmu/src/AXI/axi_register_wr.v:34]
INFO: [Synth 8-6155] done synthesizing module 'axi_crossbar_wr' (0#1) [D:/_codex_dma_mmu/src/AXI/axi_crossbar_wr.v:34]
INFO: [Synth 8-6157] synthesizing module 'axi_crossbar_rd' [D:/_codex_dma_mmu/src/AXI/axi_crossbar_rd.v:34]
	Parameter S_COUNT bound to: 1 - type: integer 
	Parameter M_COUNT bound to: 2 - type: integer 
	Parameter DATA_WIDTH bound to: 32 - type: integer 
	Parameter ADDR_WIDTH bound to: 32 - type: integer 
	Parameter STRB_WIDTH bound to: 4 - type: integer 
	Parameter S_ID_WIDTH bound to: 6 - type: integer 
	Parameter M_ID_WIDTH bound to: 6 - type: integer 
	Parameter ARUSER_ENABLE bound to: 0 - type: integer 
	Parameter ARUSER_WIDTH bound to: 1 - type: integer 
	Parameter RUSER_ENABLE bound to: 0 - type: integer 
	Parameter RUSER_WIDTH bound to: 1 - type: integer 
	Parameter S_THREADS bound to: 2 - type: integer 
	Parameter S_ACCEPT bound to: 4 - type: integer 
	Parameter M_REGIONS bound to: 1 - type: integer 
	Parameter M_BASE_ADDR bound to: 64'b1000000000000000000000000000000000000000000000000000000000000000 
	Parameter M_ADDR_WIDTH bound to: 64'b0000000000000000000000000001111000000000000000000000000000010010 
	Parameter M_CONNECT bound to: 2'b11 
	Parameter M_ISSUE bound to: 64'b0000000000000000000000000000010000000000000000000000000000000100 
	Parameter M_SECURE bound to: 2'b00 
	Parameter S_AR_REG_TYPE bound to: 2'b00 
	Parameter S_R_REG_TYPE bound to: 2'b10 
INFO: [Synth 8-6157] synthesizing module 'axi_crossbar_addr__parameterized0' [D:/_codex_dma_mmu/src/AXI/axi_crossbar_addr.v:34]
	Parameter S bound to: 0 - type: integer 
	Parameter S_COUNT bound to: 1 - type: integer 
	Parameter M_COUNT bound to: 2 - type: integer 
	Parameter ADDR_WIDTH bound to: 32 - type: integer 
	Parameter ID_WIDTH bound to: 6 - type: integer 
	Parameter S_THREADS bound to: 2 - type: integer 
	Parameter S_ACCEPT bound to: 4 - type: integer 
	Parameter M_REGIONS bound to: 1 - type: integer 
	Parameter M_BASE_ADDR bound to: 64'b1000000000000000000000000000000000000000000000000000000000000000 
	Parameter M_ADDR_WIDTH bound to: 64'b0000000000000000000000000001111000000000000000000000000000010010 
	Parameter M_CONNECT bound to: 2'b11 
	Parameter M_SECURE bound to: 2'b00 
	Parameter WC_OUTPUT bound to: 0 - type: integer 
INFO: [Synth 8-251] Addressing configuration for axi_crossbar_addr instance  [D:/_codex_dma_mmu/src/AXI/axi_crossbar_addr.v:176]
INFO: [Synth 8-251] 0 (0): 0 / 18 -- 0-3ffff [D:/_codex_dma_mmu/src/AXI/axi_crossbar_addr.v:179]
INFO: [Synth 8-251] 1 (0): 80000000 / 30 -- 80000000-bfffffff [D:/_codex_dma_mmu/src/AXI/axi_crossbar_addr.v:179]
INFO: [Synth 8-155] case statement is not full and has no default [D:/_codex_dma_mmu/src/AXI/axi_crossbar_addr.v:331]
INFO: [Synth 8-6155] done synthesizing module 'axi_crossbar_addr__parameterized0' (0#1) [D:/_codex_dma_mmu/src/AXI/axi_crossbar_addr.v:34]
INFO: [Synth 8-6157] synthesizing module 'axi_register_rd' [D:/_codex_dma_mmu/src/AXI/axi_register_rd.v:34]
	Parameter DATA_WIDTH bound to: 32 - type: integer 
	Parameter ADDR_WIDTH bound to: 32 - type: integer 
	Parameter STRB_WIDTH bound to: 4 - type: integer 
	Parameter ID_WIDTH bound to: 6 - type: integer 
	Parameter ARUSER_ENABLE bound to: 0 - type: integer 
	Parameter ARUSER_WIDTH bound to: 1 - type: integer 
	Parameter RUSER_ENABLE bound to: 0 - type: integer 
	Parameter RUSER_WIDTH bound to: 1 - type: integer 
	Parameter AR_REG_TYPE bound to: 2'b00 
	Parameter R_REG_TYPE bound to: 2'b10 
INFO: [Synth 8-6155] done synthesizing module 'axi_register_rd' (0#1) [D:/_codex_dma_mmu/src/AXI/axi_register_rd.v:34]
INFO: [Synth 8-6157] synthesizing module 'axi_register_rd__parameterized0' [D:/_codex_dma_mmu/src/AXI/axi_register_rd.v:34]
	Parameter DATA_WIDTH bound to: 32 - type: integer 
	Parameter ADDR_WIDTH bound to: 32 - type: integer 
	Parameter STRB_WIDTH bound to: 4 - type: integer 
	Parameter ID_WIDTH bound to: 6 - type: integer 
	Parameter ARUSER_ENABLE bound to: 0 - type: integer 
	Parameter ARUSER_WIDTH bound to: 1 - type: integer 
	Parameter RUSER_ENABLE bound to: 0 - type: integer 
	Parameter RUSER_WIDTH bound to: 1 - type: integer 
	Parameter AR_REG_TYPE bound to: 2'b01 
	Parameter R_REG_TYPE bound to: 2'b00 
INFO: [Synth 8-6155] done synthesizing module 'axi_register_rd__parameterized0' (0#1) [D:/_codex_dma_mmu/src/AXI/axi_register_rd.v:34]
INFO: [Synth 8-6155] done synthesizing module 'axi_crossbar_rd' (0#1) [D:/_codex_dma_mmu/src/AXI/axi_crossbar_rd.v:34]
INFO: [Synth 8-6155] done synthesizing module 'axi_crossbar' (0#1) [D:/_codex_dma_mmu/src/AXI/axi_crossbar.v:34]
INFO: [Synth 8-6157] synthesizing module 'axi_ram' [D:/_codex_dma_mmu/src/AXI/axi_ram.v:34]
	Parameter DATA_WIDTH bound to: 32 - type: integer 
	Parameter ADDR_WIDTH bound to: 18 - type: integer 
	Parameter STRB_WIDTH bound to: 4 - type: integer 
	Parameter ID_WIDTH bound to: 6 - type: integer 
	Parameter PIPELINE_OUTPUT bound to: 1 - type: integer 
	Parameter INIT_FILE bound to: D:/_codex_dma_mmu/firmware/prebuilt/vc707_unified/soc_uart_image_batch.hex - type: string 
INFO: [Synth 8-3876] $readmem data file 'D:/_codex_dma_mmu/firmware/prebuilt/vc707_unified/soc_uart_image_batch.hex' is read successfully [D:/_codex_dma_mmu/src/AXI/axi_ram.v:183]
INFO: [Synth 8-155] case statement is not full and has no default [D:/_codex_dma_mmu/src/AXI/axi_ram.v:202]
INFO: [Synth 8-6155] done synthesizing module 'axi_ram' (0#1) [D:/_codex_dma_mmu/src/AXI/axi_ram.v:34]
INFO: [Synth 8-6155] done synthesizing module 'axi_bram_ddr3_subsystem' (0#1) [D:/_codex_dma_mmu/src/Memory/axi_bram_ddr3_subsystem.sv:5]
INFO: [Synth 8-6157] synthesizing module 'picorv32_axi' [D:/_codex_dma_mmu/src/PicoRV32/picorv32.v:2522]
	Parameter ENABLE_COUNTERS bound to: 1'b1 
	Parameter ENABLE_COUNTERS64 bound to: 1'b0 
	Parameter ENABLE_REGS_16_31 bound to: 1'b1 
	Parameter ENABLE_REGS_DUALPORT bound to: 1'b1 
	Parameter BARREL_SHIFTER bound to: 1'b1 
	Parameter TWO_CYCLE_COMPARE bound to: 1'b1 
	Parameter TWO_CYCLE_ALU bound to: 1'b1 
	Parameter COMPRESSED_ISA bound to: 1'b0 
	Parameter ENABLE_MUL bound to: 1'b1 
	Parameter ENABLE_IRQ bound to: 1'b1 
	Parameter ENABLE_IRQ_TIMER bound to: 1'b0 
	Parameter REGS_INIT_ZERO bound to: 1'b1 
	Parameter PROGADDR_RESET bound to: 0 - type: integer 
	Parameter PROGADDR_IRQ bound to: 16 - type: integer 
	Parameter STACKADDR bound to: 65532 - type: integer 
INFO: [Synth 8-6157] synthesizing module 'picorv32_axi_adapter' [D:/_codex_dma_mmu/src/PicoRV32/picorv32.v:2736]
INFO: [Synth 8-6155] done synthesizing module 'picorv32_axi_adapter' (0#1) [D:/_codex_dma_mmu/src/PicoRV32/picorv32.v:2736]
INFO: [Synth 8-6157] synthesizing module 'picorv32' [D:/_codex_dma_mmu/src/PicoRV32/picorv32.v:62]
	Parameter ENABLE_COUNTERS bound to: 1'b1 
	Parameter ENABLE_COUNTERS64 bound to: 1'b0 
	Parameter ENABLE_REGS_16_31 bound to: 1'b1 
	Parameter ENABLE_REGS_DUALPORT bound to: 1'b1 
	Parameter TWO_STAGE_SHIFT bound to: 1'b1 
	Parameter BARREL_SHIFTER bound to: 1'b1 
	Parameter TWO_CYCLE_COMPARE bound to: 1'b1 
	Parameter TWO_CYCLE_ALU bound to: 1'b1 
	Parameter COMPRESSED_ISA bound to: 1'b0 
	Parameter CATCH_MISALIGN bound to: 1'b1 
	Parameter CATCH_ILLINSN bound to: 1'b1 
	Parameter ENABLE_PCPI bound to: 1'b0 
	Parameter ENABLE_MUL bound to: 1'b1 
	Parameter ENABLE_FAST_MUL bound to: 1'b0 
	Parameter ENABLE_DIV bound to: 1'b0 
	Parameter ENABLE_IRQ bound to: 1'b1 
	Parameter ENABLE_IRQ_QREGS bound to: 1'b1 
	Parameter ENABLE_IRQ_TIMER bound to: 1'b0 
	Parameter ENABLE_TRACE bound to: 1'b0 
	Parameter REGS_INIT_ZERO bound to: 1'b1 
	Parameter MASKED_IRQ bound to: 0 - type: integer 
	Parameter LATCHED_IRQ bound to: -1 - type: integer 
	Parameter PROGADDR_RESET bound to: 0 - type: integer 
	Parameter PROGADDR_IRQ bound to: 16 - type: integer 
	Parameter STACKADDR bound to: 65532 - type: integer 
INFO: [Synth 8-6157] synthesizing module 'picorv32_pcpi_mul' [D:/_codex_dma_mmu/src/PicoRV32/picorv32.v:2202]
INFO: [Synth 8-155] case statement is not full and has no default [D:/_codex_dma_mmu/src/PicoRV32/picorv32.v:2233]
INFO: [Synth 8-6155] done synthesizing module 'picorv32_pcpi_mul' (0#1) [D:/_codex_dma_mmu/src/PicoRV32/picorv32.v:2202]
WARNING: [Synth 8-151] case item 1'b0 is unreachable [D:/_codex_dma_mmu/src/PicoRV32/picorv32.v:331]
INFO: [Synth 8-155] case statement is not full and has no default [D:/_codex_dma_mmu/src/PicoRV32/picorv32.v:331]
INFO: [Synth 8-155] case statement is not full and has no default [D:/_codex_dma_mmu/src/PicoRV32/picorv32.v:1314]
INFO: [Synth 8-155] case statement is not full and has no default [D:/_codex_dma_mmu/src/PicoRV32/picorv32.v:1497]
WARNING: [Synth 8-151] case item 1'b0 is unreachable [D:/_codex_dma_mmu/src/PicoRV32/picorv32.v:1583]
WARNING: [Synth 8-151] case item 1'b0 is unreachable [D:/_codex_dma_mmu/src/PicoRV32/picorv32.v:1627]
INFO: [Synth 8-6155] done synthesizing module 'picorv32' (0#1) [D:/_codex_dma_mmu/src/PicoRV32/picorv32.v:62]
WARNING: [Synth 8-7071] port 'mem_la_read' of module 'picorv32' is unconnected for instance 'picorv32_core' [D:/_codex_dma_mmu/src/PicoRV32/picorv32.v:2679]
WARNING: [Synth 8-7071] port 'mem_la_write' of module 'picorv32' is unconnected for instance 'picorv32_core' [D:/_codex_dma_mmu/src/PicoRV32/picorv32.v:2679]
WARNING: [Synth 8-7071] port 'mem_la_addr' of module 'picorv32' is unconnected for instance 'picorv32_core' [D:/_codex_dma_mmu/src/PicoRV32/picorv32.v:2679]
WARNING: [Synth 8-7071] port 'mem_la_wdata' of module 'picorv32' is unconnected for instance 'picorv32_core' [D:/_codex_dma_mmu/src/PicoRV32/picorv32.v:2679]
WARNING: [Synth 8-7071] port 'mem_la_wstrb' of module 'picorv32' is unconnected for instance 'picorv32_core' [D:/_codex_dma_mmu/src/PicoRV32/picorv32.v:2679]
WARNING: [Synth 8-7023] instance 'picorv32_core' of module 'picorv32' has 27 connections declared, but only 22 given [D:/_codex_dma_mmu/src/PicoRV32/picorv32.v:2679]
INFO: [Synth 8-6155] done synthesizing module 'picorv32_axi' (0#1) [D:/_codex_dma_mmu/src/PicoRV32/picorv32.v:2522]
INFO: [Synth 8-6157] synthesizing module 'picorv32_cpu_mmu' [D:/_codex_dma_mmu/src/PicoRV32/picorv32_cpu_mmu.sv:20]
INFO: [Synth 8-6157] synthesizing module 'pseudoLRU' [D:/_codex_dma_mmu/src/IOMMU/pseudoLRU.sv:23]
	Parameter ENTRIES bound to: 32'b00000000000000000000000000000100 
INFO: [Synth 8-6155] done synthesizing module 'pseudoLRU' (0#1) [D:/_codex_dma_mmu/src/IOMMU/pseudoLRU.sv:23]
INFO: [Synth 8-6155] done synthesizing module 'picorv32_cpu_mmu' (0#1) [D:/_codex_dma_mmu/src/PicoRV32/picorv32_cpu_mmu.sv:20]
INFO: [Synth 8-6157] synthesizing module 'picorv32_axil_router' [D:/_codex_dma_mmu/src/PicoRV32/picorv32_axil_router.sv:14]
	Parameter RAM_ADDR_WIDTH bound to: 32'sb00000000000000000000000000100000 
	Parameter BRAM_ADDR_WIDTH bound to: 18 - type: integer 
	Parameter PERIPH_ADDR_WIDTH bound to: 32'sb00000000000000000000000000001000 
	Parameter DDR_ENABLE bound to: 1'b1 
	Parameter DDR_BASE_ADDR bound to: -2147483648 - type: integer 
	Parameter DDR_SIZE_BYTES bound to: 1073741824 - type: integer 
INFO: [Synth 8-6155] done synthesizing module 'picorv32_axil_router' (0#1) [D:/_codex_dma_mmu/src/PicoRV32/picorv32_axil_router.sv:14]
INFO: [Synth 8-6157] synthesizing module 'dma_mmu_axi_top' [D:/_codex_dma_mmu/src/SoC/dma_mmu_axi_top.sv:12]
	Parameter AXI_ADDR_WIDTH bound to: 32'sb00000000000000000000000000100000 
	Parameter AXI_DATA_WIDTH bound to: 32'sb00000000000000000000000000100000 
	Parameter AXI_ID_WIDTH bound to: 32'sb00000000000000000000000000000100 
	Parameter AXIL_ADDR_WIDTH bound to: 32'sb00000000000000000000000000001000 
	Parameter LEN_WIDTH bound to: 32'sb00000000000000000000000000100000 
	Parameter PAGE_SHIFT bound to: 32'sb00000000000000000000000000001100 
	Parameter PT_ENTRIES bound to: 32'sb00000000000000000000000000010000 
	Parameter TLB_ENTRIES bound to: 32'sb00000000000000000000000000000100 
	Parameter AXI_MAX_BURST_LEN bound to: 32'sb00000000000000000000000000010000 
INFO: [Synth 8-6157] synthesizing module 'dma_axil_regs' [D:/_codex_dma_mmu/src/DMA/dma_axil_regs.sv:4]
	Parameter AXIL_ADDR_WIDTH bound to: 32'sb00000000000000000000000000001000 
	Parameter DMA_ADDR_WIDTH bound to: 32'sb00000000000000000000000000100000 
	Parameter LEN_WIDTH bound to: 32'sb00000000000000000000000000100000 
	Parameter PAGE_SHIFT bound to: 32'sb00000000000000000000000000001100 
	Parameter PT_ENTRIES bound to: 32'sb00000000000000000000000000010000 
WARNING: [Synth 8-693] zero replication count - replication ignored [D:/_codex_dma_mmu/src/DMA/dma_axil_regs.sv:498]
WARNING: [Synth 8-693] zero replication count - replication ignored [D:/_codex_dma_mmu/src/DMA/dma_axil_regs.sv:516]
WARNING: [Synth 8-693] zero replication count - replication ignored [D:/_codex_dma_mmu/src/DMA/dma_axil_regs.sv:519]
WARNING: [Synth 8-693] zero replication count - replication ignored [D:/_codex_dma_mmu/src/DMA/dma_axil_regs.sv:522]
INFO: [Synth 8-6155] done synthesizing module 'dma_axil_regs' (0#1) [D:/_codex_dma_mmu/src/DMA/dma_axil_regs.sv:4]
INFO: [Synth 8-6157] synthesizing module 'dma_descriptor_fifo' [D:/_codex_dma_mmu/src/DMA/dma_descriptor_fifo.sv:6]
	Parameter ADDR_WIDTH bound to: 32'sb00000000000000000000000000100000 
	Parameter LEN_WIDTH bound to: 32'sb00000000000000000000000000100000 
	Parameter DEPTH bound to: 32'sb00000000000000000000000000001000 
	Parameter ID_WIDTH bound to: 32'sb00000000000000000000000000001000 
INFO: [Synth 8-6155] done synthesizing module 'dma_descriptor_fifo' (0#1) [D:/_codex_dma_mmu/src/DMA/dma_descriptor_fifo.sv:6]
INFO: [Synth 8-6157] synthesizing module 'dma_completion_fifo' [D:/_codex_dma_mmu/src/DMA/dma_completion_fifo.sv:5]
	Parameter LEN_WIDTH bound to: 32'sb00000000000000000000000000100000 
	Parameter DEPTH bound to: 32'sb00000000000000000000000000001000 
	Parameter ID_WIDTH bound to: 32'sb00000000000000000000000000001000 
INFO: [Synth 8-6155] done synthesizing module 'dma_completion_fifo' (0#1) [D:/_codex_dma_mmu/src/DMA/dma_completion_fifo.sv:5]
INFO: [Synth 8-6157] synthesizing module 'dma_access_controller' [D:/_codex_dma_mmu/src/DMA/dma_access_controller.sv:11]
	Parameter ADDR_WIDTH bound to: 32'sb00000000000000000000000000100000 
	Parameter LEN_WIDTH bound to: 32'sb00000000000000000000000000100000 
INFO: [Synth 8-6155] done synthesizing module 'dma_access_controller' (0#1) [D:/_codex_dma_mmu/src/DMA/dma_access_controller.sv:11]
INFO: [Synth 8-6157] synthesizing module 'dma_iommu_tlb' [D:/_codex_dma_mmu/src/IOMMU/dma_iommu_tlb.sv:11]
	Parameter ADDR_WIDTH bound to: 32'sb00000000000000000000000000100000 
	Parameter LEN_WIDTH bound to: 32'sb00000000000000000000000000100000 
	Parameter PAGE_SHIFT bound to: 32'sb00000000000000000000000000001100 
	Parameter PT_ENTRIES bound to: 32'sb00000000000000000000000000010000 
	Parameter TLB_ENTRIES bound to: 32'sb00000000000000000000000000000100 
INFO: [Synth 8-6155] done synthesizing module 'dma_iommu_tlb' (0#1) [D:/_codex_dma_mmu/src/IOMMU/dma_iommu_tlb.sv:11]
INFO: [Synth 8-6157] synthesizing module 'dma_axi_scheduler' [D:/_codex_dma_mmu/src/DMA/dma_axi_scheduler.sv:14]
	Parameter ADDR_WIDTH bound to: 32'sb00000000000000000000000000100000 
	Parameter LEN_WIDTH bound to: 32'sb00000000000000000000000000100000 
	Parameter DATA_WIDTH bound to: 32'sb00000000000000000000000000100000 
	Parameter PAGE_SHIFT bound to: 32'sb00000000000000000000000000001100 
	Parameter AXI_MAX_BURST_LEN bound to: 32'sb00000000000000000000000000010000 
INFO: [Synth 8-6155] done synthesizing module 'dma_axi_scheduler' (0#1) [D:/_codex_dma_mmu/src/DMA/dma_axi_scheduler.sv:14]
INFO: [Synth 8-6157] synthesizing module 'axi_cdma' [D:/_codex_dma_mmu/src/DMA/axi_cdma.v:34]
	Parameter AXI_DATA_WIDTH bound to: 32 - type: integer 
	Parameter AXI_ADDR_WIDTH bound to: 32 - type: integer 
	Parameter AXI_STRB_WIDTH bound to: 4 - type: integer 
	Parameter AXI_ID_WIDTH bound to: 4 - type: integer 
	Parameter AXI_MAX_BURST_LEN bound to: 16 - type: integer 
	Parameter LEN_WIDTH bound to: 7 - type: integer 
	Parameter TAG_WIDTH bound to: 8 - type: integer 
	Parameter ENABLE_UNALIGNED bound to: 0 - type: integer 
INFO: [Synth 8-6155] done synthesizing module 'axi_cdma' (0#1) [D:/_codex_dma_mmu/src/DMA/axi_cdma.v:34]
INFO: [Synth 8-6157] synthesizing module 'axi_dma_rd' [D:/_codex_dma_mmu/src/DMA/axi_dma_rd.v:34]
	Parameter AXI_DATA_WIDTH bound to: 32 - type: integer 
	Parameter AXI_ADDR_WIDTH bound to: 32 - type: integer 
	Parameter AXI_STRB_WIDTH bound to: 4 - type: integer 
	Parameter AXI_ID_WIDTH bound to: 4 - type: integer 
	Parameter AXI_MAX_BURST_LEN bound to: 16 - type: integer 
	Parameter AXIS_DATA_WIDTH bound to: 32 - type: integer 
	Parameter AXIS_KEEP_ENABLE bound to: 1 - type: integer 
	Parameter AXIS_KEEP_WIDTH bound to: 4 - type: integer 
	Parameter AXIS_LAST_ENABLE bound to: 1 - type: integer 
	Parameter AXIS_ID_ENABLE bound to: 0 - type: integer 
	Parameter AXIS_ID_WIDTH bound to: 1 - type: integer 
	Parameter AXIS_DEST_ENABLE bound to: 0 - type: integer 
	Parameter AXIS_DEST_WIDTH bound to: 1 - type: integer 
	Parameter AXIS_USER_ENABLE bound to: 0 - type: integer 
	Parameter AXIS_USER_WIDTH bound to: 1 - type: integer 
	Parameter LEN_WIDTH bound to: 7 - type: integer 
	Parameter TAG_WIDTH bound to: 8 - type: integer 
	Parameter ENABLE_SG bound to: 0 - type: integer 
	Parameter ENABLE_UNALIGNED bound to: 0 - type: integer 
	Parameter SINGLE_BURST_DESC bound to: 1 - type: integer 
INFO: [Synth 8-6155] done synthesizing module 'axi_dma_rd' (0#1) [D:/_codex_dma_mmu/src/DMA/axi_dma_rd.v:34]
INFO: [Synth 8-6157] synthesizing module 'axi_dma_wr' [D:/_codex_dma_mmu/src/DMA/axi_dma_wr.v:34]
	Parameter AXI_DATA_WIDTH bound to: 32 - type: integer 
	Parameter AXI_ADDR_WIDTH bound to: 32 - type: integer 
	Parameter AXI_STRB_WIDTH bound to: 4 - type: integer 
	Parameter AXI_ID_WIDTH bound to: 4 - type: integer 
	Parameter AXI_MAX_BURST_LEN bound to: 16 - type: integer 
	Parameter AXIS_DATA_WIDTH bound to: 32 - type: integer 
	Parameter AXIS_KEEP_ENABLE bound to: 1 - type: integer 
	Parameter AXIS_KEEP_WIDTH bound to: 4 - type: integer 
	Parameter AXIS_LAST_ENABLE bound to: 0 - type: integer 
	Parameter AXIS_ID_ENABLE bound to: 0 - type: integer 
	Parameter AXIS_ID_WIDTH bound to: 1 - type: integer 
	Parameter AXIS_DEST_ENABLE bound to: 0 - type: integer 
	Parameter AXIS_DEST_WIDTH bound to: 1 - type: integer 
	Parameter AXIS_USER_ENABLE bound to: 0 - type: integer 
	Parameter AXIS_USER_WIDTH bound to: 1 - type: integer 
	Parameter LEN_WIDTH bound to: 7 - type: integer 
	Parameter TAG_WIDTH bound to: 8 - type: integer 
	Parameter ENABLE_SG bound to: 0 - type: integer 
	Parameter ENABLE_UNALIGNED bound to: 0 - type: integer 
INFO: [Synth 8-155] case statement is not full and has no default [D:/_codex_dma_mmu/src/DMA/axi_dma_wr.v:433]
INFO: [Synth 8-6155] done synthesizing module 'axi_dma_wr' (0#1) [D:/_codex_dma_mmu/src/DMA/axi_dma_wr.v:34]
WARNING: [Synth 8-693] zero replication count - replication ignored [D:/_codex_dma_mmu/src/SoC/dma_mmu_axi_top.sv:1106]
INFO: [Synth 8-6157] synthesizing module 'axi_crossbar__parameterized0' [D:/_codex_dma_mmu/src/AXI/axi_crossbar.v:34]
	Parameter S_COUNT bound to: 2 - type: integer 
	Parameter M_COUNT bound to: 1 - type: integer 
	Parameter DATA_WIDTH bound to: 32 - type: integer 
	Parameter ADDR_WIDTH bound to: 32 - type: integer 
	Parameter STRB_WIDTH bound to: 4 - type: integer 
	Parameter S_ID_WIDTH bound to: 4 - type: integer 
	Parameter M_ID_WIDTH bound to: 5 - type: integer 
	Parameter AWUSER_ENABLE bound to: 0 - type: integer 
	Parameter AWUSER_WIDTH bound to: 1 - type: integer 
	Parameter WUSER_ENABLE bound to: 0 - type: integer 
	Parameter WUSER_WIDTH bound to: 1 - type: integer 
	Parameter BUSER_ENABLE bound to: 0 - type: integer 
	Parameter BUSER_WIDTH bound to: 1 - type: integer 
	Parameter ARUSER_ENABLE bound to: 0 - type: integer 
	Parameter ARUSER_WIDTH bound to: 1 - type: integer 
	Parameter RUSER_ENABLE bound to: 0 - type: integer 
	Parameter RUSER_WIDTH bound to: 1 - type: integer 
	Parameter S_THREADS bound to: 64'b0000000000000000000000000000000100000000000000000000000000000001 
	Parameter S_ACCEPT bound to: 64'b0000000000000000000000000000010000000000000000000000000000000100 
	Parameter M_REGIONS bound to: 1 - type: integer 
	Parameter M_BASE_ADDR bound to: 0 - type: integer 
	Parameter M_ADDR_WIDTH bound to: 32 - type: integer 
	Parameter M_CONNECT_READ bound to: 2'b11 
	Parameter M_CONNECT_WRITE bound to: 2'b11 
	Parameter M_ISSUE bound to: 8 - type: integer 
	Parameter M_SECURE bound to: 1'b0 
INFO: [Synth 8-6157] synthesizing module 'axi_crossbar_wr__parameterized0' [D:/_codex_dma_mmu/src/AXI/axi_crossbar_wr.v:34]
	Parameter S_COUNT bound to: 2 - type: integer 
	Parameter M_COUNT bound to: 1 - type: integer 
	Parameter DATA_WIDTH bound to: 32 - type: integer 
	Parameter ADDR_WIDTH bound to: 32 - type: integer 
	Parameter STRB_WIDTH bound to: 4 - type: integer 
	Parameter S_ID_WIDTH bound to: 4 - type: integer 
	Parameter M_ID_WIDTH bound to: 5 - type: integer 
	Parameter AWUSER_ENABLE bound to: 0 - type: integer 
	Parameter AWUSER_WIDTH bound to: 1 - type: integer 
	Parameter WUSER_ENABLE bound to: 0 - type: integer 
	Parameter WUSER_WIDTH bound to: 1 - type: integer 
	Parameter BUSER_ENABLE bound to: 0 - type: integer 
	Parameter BUSER_WIDTH bound to: 1 - type: integer 
	Parameter S_THREADS bound to: 64'b0000000000000000000000000000000100000000000000000000000000000001 
	Parameter S_ACCEPT bound to: 64'b0000000000000000000000000000010000000000000000000000000000000100 
	Parameter M_REGIONS bound to: 1 - type: integer 
	Parameter M_BASE_ADDR bound to: 0 - type: integer 
	Parameter M_ADDR_WIDTH bound to: 32 - type: integer 
	Parameter M_CONNECT bound to: 2'b11 
	Parameter M_ISSUE bound to: 8 - type: integer 
	Parameter M_SECURE bound to: 1'b0 
	Parameter S_AW_REG_TYPE bound to: 4'b0000 
	Parameter S_W_REG_TYPE bound to: 4'b0000 
	Parameter S_B_REG_TYPE bound to: 4'b0101 
INFO: [Synth 8-6157] synthesizing module 'axi_crossbar_addr__parameterized1' [D:/_codex_dma_mmu/src/AXI/axi_crossbar_addr.v:34]
	Parameter S bound to: 0 - type: integer 
	Parameter S_COUNT bound to: 2 - type: integer 
	Parameter M_COUNT bound to: 1 - type: integer 
	Parameter ADDR_WIDTH bound to: 32 - type: integer 
	Parameter ID_WIDTH bound to: 4 - type: integer 
	Parameter S_THREADS bound to: 1 - type: integer 
	Parameter S_ACCEPT bound to: 4 - type: integer 
	Parameter M_REGIONS bound to: 1 - type: integer 
	Parameter M_BASE_ADDR bound to: 0 - type: integer 
	Parameter M_ADDR_WIDTH bound to: 32 - type: integer 
	Parameter M_CONNECT bound to: 2'b11 
	Parameter M_SECURE bound to: 1'b0 
	Parameter WC_OUTPUT bound to: 1 - type: integer 
INFO: [Synth 8-251] Addressing configuration for axi_crossbar_addr instance  [D:/_codex_dma_mmu/src/AXI/axi_crossbar_addr.v:176]
INFO: [Synth 8-251] 0 (0): 0 / 32 -- 0-ffffffff [D:/_codex_dma_mmu/src/AXI/axi_crossbar_addr.v:179]
INFO: [Synth 8-155] case statement is not full and has no default [D:/_codex_dma_mmu/src/AXI/axi_crossbar_addr.v:331]
INFO: [Synth 8-6155] done synthesizing module 'axi_crossbar_addr__parameterized1' (0#1) [D:/_codex_dma_mmu/src/AXI/axi_crossbar_addr.v:34]
INFO: [Synth 8-6157] synthesizing module 'arbiter__parameterized1' [D:/_codex_dma_mmu/src/AXI/arbiter.v:34]
	Parameter PORTS bound to: 2 - type: integer 
	Parameter ARB_TYPE_ROUND_ROBIN bound to: 1 - type: integer 
	Parameter ARB_BLOCK bound to: 1 - type: integer 
	Parameter ARB_BLOCK_ACK bound to: 1 - type: integer 
	Parameter ARB_LSB_HIGH_PRIORITY bound to: 1 - type: integer 
INFO: [Synth 8-6157] synthesizing module 'priority_encoder__parameterized1' [D:/_codex_dma_mmu/src/AXI/priority_encoder.v:34]
	Parameter WIDTH bound to: 2 - type: integer 
	Parameter LSB_HIGH_PRIORITY bound to: 1 - type: integer 
WARNING: [Synth 8-693] zero replication count - replication ignored [D:/_codex_dma_mmu/src/AXI/priority_encoder.v:51]
INFO: [Synth 8-6155] done synthesizing module 'priority_encoder__parameterized1' (0#1) [D:/_codex_dma_mmu/src/AXI/priority_encoder.v:34]
INFO: [Synth 8-6155] done synthesizing module 'arbiter__parameterized1' (0#1) [D:/_codex_dma_mmu/src/AXI/arbiter.v:34]
INFO: [Synth 8-6157] synthesizing module 'axi_register_wr__parameterized1' [D:/_codex_dma_mmu/src/AXI/axi_register_wr.v:34]
	Parameter DATA_WIDTH bound to: 32 - type: integer 
	Parameter ADDR_WIDTH bound to: 32 - type: integer 
	Parameter STRB_WIDTH bound to: 4 - type: integer 
	Parameter ID_WIDTH bound to: 4 - type: integer 
	Parameter AWUSER_ENABLE bound to: 0 - type: integer 
	Parameter AWUSER_WIDTH bound to: 1 - type: integer 
	Parameter WUSER_ENABLE bound to: 0 - type: integer 
	Parameter WUSER_WIDTH bound to: 1 - type: integer 
	Parameter BUSER_ENABLE bound to: 0 - type: integer 
	Parameter BUSER_WIDTH bound to: 1 - type: integer 
	Parameter AW_REG_TYPE bound to: 2'b00 
	Parameter W_REG_TYPE bound to: 2'b00 
	Parameter B_REG_TYPE bound to: 2'b01 
INFO: [Synth 8-6155] done synthesizing module 'axi_register_wr__parameterized1' (0#1) [D:/_codex_dma_mmu/src/AXI/axi_register_wr.v:34]
INFO: [Synth 8-6157] synthesizing module 'axi_crossbar_addr__parameterized2' [D:/_codex_dma_mmu/src/AXI/axi_crossbar_addr.v:34]
	Parameter S bound to: 1 - type: integer 
	Parameter S_COUNT bound to: 2 - type: integer 
	Parameter M_COUNT bound to: 1 - type: integer 
	Parameter ADDR_WIDTH bound to: 32 - type: integer 
	Parameter ID_WIDTH bound to: 4 - type: integer 
	Parameter S_THREADS bound to: 1 - type: integer 
	Parameter S_ACCEPT bound to: 4 - type: integer 
	Parameter M_REGIONS bound to: 1 - type: integer 
	Parameter M_BASE_ADDR bound to: 0 - type: integer 
	Parameter M_ADDR_WIDTH bound to: 32 - type: integer 
	Parameter M_CONNECT bound to: 2'b11 
	Parameter M_SECURE bound to: 1'b0 
	Parameter WC_OUTPUT bound to: 1 - type: integer 
INFO: [Synth 8-251] Addressing configuration for axi_crossbar_addr instance  [D:/_codex_dma_mmu/src/AXI/axi_crossbar_addr.v:176]
INFO: [Synth 8-251] 0 (0): 0 / 32 -- 0-ffffffff [D:/_codex_dma_mmu/src/AXI/axi_crossbar_addr.v:179]
INFO: [Synth 8-155] case statement is not full and has no default [D:/_codex_dma_mmu/src/AXI/axi_crossbar_addr.v:331]
INFO: [Synth 8-6155] done synthesizing module 'axi_crossbar_addr__parameterized2' (0#1) [D:/_codex_dma_mmu/src/AXI/axi_crossbar_addr.v:34]
INFO: [Synth 8-6157] synthesizing module 'axi_register_wr__parameterized2' [D:/_codex_dma_mmu/src/AXI/axi_register_wr.v:34]
	Parameter DATA_WIDTH bound to: 32 - type: integer 
	Parameter ADDR_WIDTH bound to: 32 - type: integer 
	Parameter STRB_WIDTH bound to: 4 - type: integer 
	Parameter ID_WIDTH bound to: 5 - type: integer 
	Parameter AWUSER_ENABLE bound to: 0 - type: integer 
	Parameter AWUSER_WIDTH bound to: 1 - type: integer 
	Parameter WUSER_ENABLE bound to: 0 - type: integer 
	Parameter WUSER_WIDTH bound to: 1 - type: integer 
	Parameter BUSER_ENABLE bound to: 0 - type: integer 
	Parameter BUSER_WIDTH bound to: 1 - type: integer 
	Parameter AW_REG_TYPE bound to: 2'b01 
	Parameter W_REG_TYPE bound to: 2'b10 
	Parameter B_REG_TYPE bound to: 2'b00 
INFO: [Synth 8-6155] done synthesizing module 'axi_register_wr__parameterized2' (0#1) [D:/_codex_dma_mmu/src/AXI/axi_register_wr.v:34]
INFO: [Synth 8-6155] done synthesizing module 'axi_crossbar_wr__parameterized0' (0#1) [D:/_codex_dma_mmu/src/AXI/axi_crossbar_wr.v:34]
INFO: [Synth 8-6157] synthesizing module 'axi_crossbar_rd__parameterized0' [D:/_codex_dma_mmu/src/AXI/axi_crossbar_rd.v:34]
	Parameter S_COUNT bound to: 2 - type: integer 
	Parameter M_COUNT bound to: 1 - type: integer 
	Parameter DATA_WIDTH bound to: 32 - type: integer 
	Parameter ADDR_WIDTH bound to: 32 - type: integer 
	Parameter STRB_WIDTH bound to: 4 - type: integer 
	Parameter S_ID_WIDTH bound to: 4 - type: integer 
	Parameter M_ID_WIDTH bound to: 5 - type: integer 
	Parameter ARUSER_ENABLE bound to: 0 - type: integer 
	Parameter ARUSER_WIDTH bound to: 1 - type: integer 
	Parameter RUSER_ENABLE bound to: 0 - type: integer 
	Parameter RUSER_WIDTH bound to: 1 - type: integer 
	Parameter S_THREADS bound to: 64'b0000000000000000000000000000000100000000000000000000000000000001 
	Parameter S_ACCEPT bound to: 64'b0000000000000000000000000000010000000000000000000000000000000100 
	Parameter M_REGIONS bound to: 1 - type: integer 
	Parameter M_BASE_ADDR bound to: 0 - type: integer 
	Parameter M_ADDR_WIDTH bound to: 32 - type: integer 
	Parameter M_CONNECT bound to: 2'b11 
	Parameter M_ISSUE bound to: 8 - type: integer 
	Parameter M_SECURE bound to: 1'b0 
	Parameter S_AR_REG_TYPE bound to: 4'b0000 
	Parameter S_R_REG_TYPE bound to: 4'b1010 
INFO: [Synth 8-6157] synthesizing module 'axi_crossbar_addr__parameterized3' [D:/_codex_dma_mmu/src/AXI/axi_crossbar_addr.v:34]
	Parameter S bound to: 0 - type: integer 
	Parameter S_COUNT bound to: 2 - type: integer 
	Parameter M_COUNT bound to: 1 - type: integer 
	Parameter ADDR_WIDTH bound to: 32 - type: integer 
	Parameter ID_WIDTH bound to: 4 - type: integer 
	Parameter S_THREADS bound to: 1 - type: integer 
	Parameter S_ACCEPT bound to: 4 - type: integer 
	Parameter M_REGIONS bound to: 1 - type: integer 
	Parameter M_BASE_ADDR bound to: 0 - type: integer 
	Parameter M_ADDR_WIDTH bound to: 32 - type: integer 
	Parameter M_CONNECT bound to: 2'b11 
	Parameter M_SECURE bound to: 1'b0 
	Parameter WC_OUTPUT bound to: 0 - type: integer 
INFO: [Synth 8-251] Addressing configuration for axi_crossbar_addr instance  [D:/_codex_dma_mmu/src/AXI/axi_crossbar_addr.v:176]
INFO: [Synth 8-251] 0 (0): 0 / 32 -- 0-ffffffff [D:/_codex_dma_mmu/src/AXI/axi_crossbar_addr.v:179]
INFO: [Synth 8-155] case statement is not full and has no default [D:/_codex_dma_mmu/src/AXI/axi_crossbar_addr.v:331]
INFO: [Synth 8-6155] done synthesizing module 'axi_crossbar_addr__parameterized3' (0#1) [D:/_codex_dma_mmu/src/AXI/axi_crossbar_addr.v:34]
INFO: [Synth 8-6157] synthesizing module 'axi_register_rd__parameterized1' [D:/_codex_dma_mmu/src/AXI/axi_register_rd.v:34]
	Parameter DATA_WIDTH bound to: 32 - type: integer 
	Parameter ADDR_WIDTH bound to: 32 - type: integer 
	Parameter STRB_WIDTH bound to: 4 - type: integer 
	Parameter ID_WIDTH bound to: 4 - type: integer 
	Parameter ARUSER_ENABLE bound to: 0 - type: integer 
	Parameter ARUSER_WIDTH bound to: 1 - type: integer 
	Parameter RUSER_ENABLE bound to: 0 - type: integer 
	Parameter RUSER_WIDTH bound to: 1 - type: integer 
	Parameter AR_REG_TYPE bound to: 2'b00 
	Parameter R_REG_TYPE bound to: 2'b10 
INFO: [Synth 8-6155] done synthesizing module 'axi_register_rd__parameterized1' (0#1) [D:/_codex_dma_mmu/src/AXI/axi_register_rd.v:34]
INFO: [Synth 8-6157] synthesizing module 'axi_crossbar_addr__parameterized4' [D:/_codex_dma_mmu/src/AXI/axi_crossbar_addr.v:34]
	Parameter S bound to: 1 - type: integer 
	Parameter S_COUNT bound to: 2 - type: integer 
	Parameter M_COUNT bound to: 1 - type: integer 
	Parameter ADDR_WIDTH bound to: 32 - type: integer 
	Parameter ID_WIDTH bound to: 4 - type: integer 
	Parameter S_THREADS bound to: 1 - type: integer 
	Parameter S_ACCEPT bound to: 4 - type: integer 
	Parameter M_REGIONS bound to: 1 - type: integer 
	Parameter M_BASE_ADDR bound to: 0 - type: integer 
	Parameter M_ADDR_WIDTH bound to: 32 - type: integer 
	Parameter M_CONNECT bound to: 2'b11 
	Parameter M_SECURE bound to: 1'b0 
	Parameter WC_OUTPUT bound to: 0 - type: integer 
INFO: [Synth 8-251] Addressing configuration for axi_crossbar_addr instance  [D:/_codex_dma_mmu/src/AXI/axi_crossbar_addr.v:176]
INFO: [Synth 8-251] 0 (0): 0 / 32 -- 0-ffffffff [D:/_codex_dma_mmu/src/AXI/axi_crossbar_addr.v:179]
INFO: [Synth 8-155] case statement is not full and has no default [D:/_codex_dma_mmu/src/AXI/axi_crossbar_addr.v:331]
INFO: [Synth 8-6155] done synthesizing module 'axi_crossbar_addr__parameterized4' (0#1) [D:/_codex_dma_mmu/src/AXI/axi_crossbar_addr.v:34]
INFO: [Synth 8-6157] synthesizing module 'axi_register_rd__parameterized2' [D:/_codex_dma_mmu/src/AXI/axi_register_rd.v:34]
	Parameter DATA_WIDTH bound to: 32 - type: integer 
	Parameter ADDR_WIDTH bound to: 32 - type: integer 
	Parameter STRB_WIDTH bound to: 4 - type: integer 
	Parameter ID_WIDTH bound to: 5 - type: integer 
	Parameter ARUSER_ENABLE bound to: 0 - type: integer 
	Parameter ARUSER_WIDTH bound to: 1 - type: integer 
	Parameter RUSER_ENABLE bound to: 0 - type: integer 
	Parameter RUSER_WIDTH bound to: 1 - type: integer 
	Parameter AR_REG_TYPE bound to: 2'b01 
	Parameter R_REG_TYPE bound to: 2'b00 
INFO: [Synth 8-6155] done synthesizing module 'axi_register_rd__parameterized2' (0#1) [D:/_codex_dma_mmu/src/AXI/axi_register_rd.v:34]
INFO: [Synth 8-6155] done synthesizing module 'axi_crossbar_rd__parameterized0' (0#1) [D:/_codex_dma_mmu/src/AXI/axi_crossbar_rd.v:34]
INFO: [Synth 8-6155] done synthesizing module 'axi_crossbar__parameterized0' (0#1) [D:/_codex_dma_mmu/src/AXI/axi_crossbar.v:34]
INFO: [Synth 8-6155] done synthesizing module 'dma_mmu_axi_top' (0#1) [D:/_codex_dma_mmu/src/SoC/dma_mmu_axi_top.sv:12]
INFO: [Synth 8-6157] synthesizing module 'systolic_accel_axil_axis' [D:/_codex_dma_mmu/src/Systolic/systolic_accel_axil_axis.sv:20]
	Parameter ADDR_WIDTH bound to: 32'sb00000000000000000000000000001000 
WARNING: [Synth 8-7186] Applying attribute ram_style = "block" is ignored, object 'batch_output_mem[0]' is not inferred as ram due to incorrect usage [D:/_codex_dma_mmu/src/Systolic/systolic_accel_axil_axis.sv:98]
WARNING: [Synth 8-7186] Applying attribute ram_style = "block" is ignored, object 'batch_output_mem[1]' is not inferred as ram due to incorrect usage [D:/_codex_dma_mmu/src/Systolic/systolic_accel_axil_axis.sv:98]
WARNING: [Synth 8-7186] Applying attribute ram_style = "block" is ignored, object 'batch_output_mem[2]' is not inferred as ram due to incorrect usage [D:/_codex_dma_mmu/src/Systolic/systolic_accel_axil_axis.sv:98]
WARNING: [Synth 8-7186] Applying attribute ram_style = "block" is ignored, object 'batch_output_mem[3]' is not inferred as ram due to incorrect usage [D:/_codex_dma_mmu/src/Systolic/systolic_accel_axil_axis.sv:98]
WARNING: [Synth 8-7186] Applying attribute ram_style = "block" is ignored, object 'batch_output_mem[4]' is not inferred as ram due to incorrect usage [D:/_codex_dma_mmu/src/Systolic/systolic_accel_axil_axis.sv:98]
WARNING: [Synth 8-7186] Applying attribute ram_style = "block" is ignored, object 'batch_output_mem[5]' is not inferred as ram due to incorrect usage [D:/_codex_dma_mmu/src/Systolic/systolic_accel_axil_axis.sv:98]
WARNING: [Synth 8-7186] Applying attribute ram_style = "block" is ignored, object 'batch_output_mem[6]' is not inferred as ram due to incorrect usage [D:/_codex_dma_mmu/src/Systolic/systolic_accel_axil_axis.sv:98]
WARNING: [Synth 8-7186] Applying attribute ram_style = "block" is ignored, object 'batch_output_mem[7]' is not inferred as ram due to incorrect usage [D:/_codex_dma_mmu/src/Systolic/systolic_accel_axil_axis.sv:98]
WARNING: [Synth 8-7186] Applying attribute ram_style = "block" is ignored, object 'batch_output_mem[8]' is not inferred as ram due to incorrect usage [D:/_codex_dma_mmu/src/Systolic/systolic_accel_axil_axis.sv:98]
WARNING: [Synth 8-7186] Applying attribute ram_style = "block" is ignored, object 'batch_output_mem[9]' is not inferred as ram due to incorrect usage [D:/_codex_dma_mmu/src/Systolic/systolic_accel_axil_axis.sv:98]
WARNING: [Synth 8-7186] Applying attribute ram_style = "block" is ignored, object 'batch_output_mem[10]' is not inferred as ram due to incorrect usage [D:/_codex_dma_mmu/src/Systolic/systolic_accel_axil_axis.sv:98]
WARNING: [Synth 8-7186] Applying attribute ram_style = "block" is ignored, object 'batch_output_mem[11]' is not inferred as ram due to incorrect usage [D:/_codex_dma_mmu/src/Systolic/systolic_accel_axil_axis.sv:98]
WARNING: [Synth 8-7186] Applying attribute ram_style = "block" is ignored, object 'batch_output_mem[12]' is not inferred as ram due to incorrect usage [D:/_codex_dma_mmu/src/Systolic/systolic_accel_axil_axis.sv:98]
WARNING: [Synth 8-7186] Applying attribute ram_style = "block" is ignored, object 'batch_output_mem[13]' is not inferred as ram due to incorrect usage [D:/_codex_dma_mmu/src/Systolic/systolic_accel_axil_axis.sv:98]
WARNING: [Synth 8-7186] Applying attribute ram_style = "block" is ignored, object 'batch_output_mem[14]' is not inferred as ram due to incorrect usage [D:/_codex_dma_mmu/src/Systolic/systolic_accel_axil_axis.sv:98]
WARNING: [Synth 8-7186] Applying attribute ram_style = "block" is ignored, object 'batch_output_mem[15]' is not inferred as ram due to incorrect usage [D:/_codex_dma_mmu/src/Systolic/systolic_accel_axil_axis.sv:98]
WARNING: [Synth 8-7186] Applying attribute ram_style = "block" is ignored, object 'batch_output_mem[16]' is not inferred as ram due to incorrect usage [D:/_codex_dma_mmu/src/Systolic/systolic_accel_axil_axis.sv:98]
WARNING: [Synth 8-7186] Applying attribute ram_style = "block" is ignored, object 'batch_output_mem[17]' is not inferred as ram due to incorrect usage [D:/_codex_dma_mmu/src/Systolic/systolic_accel_axil_axis.sv:98]
WARNING: [Synth 8-7186] Applying attribute ram_style = "block" is ignored, object 'batch_output_mem[18]' is not inferred as ram due to incorrect usage [D:/_codex_dma_mmu/src/Systolic/systolic_accel_axil_axis.sv:98]
WARNING: [Synth 8-7186] Applying attribute ram_style = "block" is ignored, object 'batch_output_mem[19]' is not inferred as ram due to incorrect usage [D:/_codex_dma_mmu/src/Systolic/systolic_accel_axil_axis.sv:98]
WARNING: [Synth 8-7186] Applying attribute ram_style = "block" is ignored, object 'batch_output_mem[20]' is not inferred as ram due to incorrect usage [D:/_codex_dma_mmu/src/Systolic/systolic_accel_axil_axis.sv:98]
WARNING: [Synth 8-7186] Applying attribute ram_style = "block" is ignored, object 'batch_output_mem[21]' is not inferred as ram due to incorrect usage [D:/_codex_dma_mmu/src/Systolic/systolic_accel_axil_axis.sv:98]
WARNING: [Synth 8-7186] Applying attribute ram_style = "block" is ignored, object 'batch_output_mem[22]' is not inferred as ram due to incorrect usage [D:/_codex_dma_mmu/src/Systolic/systolic_accel_axil_axis.sv:98]
WARNING: [Synth 8-7186] Applying attribute ram_style = "block" is ignored, object 'batch_output_mem[23]' is not inferred as ram due to incorrect usage [D:/_codex_dma_mmu/src/Systolic/systolic_accel_axil_axis.sv:98]
WARNING: [Synth 8-7186] Applying attribute ram_style = "block" is ignored, object 'batch_output_mem[24]' is not inferred as ram due to incorrect usage [D:/_codex_dma_mmu/src/Systolic/systolic_accel_axil_axis.sv:98]
WARNING: [Synth 8-7186] Applying attribute ram_style = "block" is ignored, object 'batch_output_mem[25]' is not inferred as ram due to incorrect usage [D:/_codex_dma_mmu/src/Systolic/systolic_accel_axil_axis.sv:98]
WARNING: [Synth 8-7186] Applying attribute ram_style = "block" is ignored, object 'batch_output_mem[26]' is not inferred as ram due to incorrect usage [D:/_codex_dma_mmu/src/Systolic/systolic_accel_axil_axis.sv:98]
WARNING: [Synth 8-7186] Applying attribute ram_style = "block" is ignored, object 'batch_output_mem[27]' is not inferred as ram due to incorrect usage [D:/_codex_dma_mmu/src/Systolic/systolic_accel_axil_axis.sv:98]
WARNING: [Synth 8-7186] Applying attribute ram_style = "block" is ignored, object 'batch_output_mem[28]' is not inferred as ram due to incorrect usage [D:/_codex_dma_mmu/src/Systolic/systolic_accel_axil_axis.sv:98]
WARNING: [Synth 8-7186] Applying attribute ram_style = "block" is ignored, object 'batch_output_mem[29]' is not inferred as ram due to incorrect usage [D:/_codex_dma_mmu/src/Systolic/systolic_accel_axil_axis.sv:98]
WARNING: [Synth 8-7186] Applying attribute ram_style = "block" is ignored, object 'batch_output_mem[30]' is not inferred as ram due to incorrect usage [D:/_codex_dma_mmu/src/Systolic/systolic_accel_axil_axis.sv:98]
WARNING: [Synth 8-7186] Applying attribute ram_style = "block" is ignored, object 'batch_output_mem[31]' is not inferred as ram due to incorrect usage [D:/_codex_dma_mmu/src/Systolic/systolic_accel_axil_axis.sv:98]
WARNING: [Synth 8-7186] Applying attribute ram_style = "block" is ignored, object 'batch_output_mem[32]' is not inferred as ram due to incorrect usage [D:/_codex_dma_mmu/src/Systolic/systolic_accel_axil_axis.sv:98]
WARNING: [Synth 8-7186] Applying attribute ram_style = "block" is ignored, object 'batch_output_mem[33]' is not inferred as ram due to incorrect usage [D:/_codex_dma_mmu/src/Systolic/systolic_accel_axil_axis.sv:98]
WARNING: [Synth 8-7186] Applying attribute ram_style = "block" is ignored, object 'batch_output_mem[34]' is not inferred as ram due to incorrect usage [D:/_codex_dma_mmu/src/Systolic/systolic_accel_axil_axis.sv:98]
WARNING: [Synth 8-7186] Applying attribute ram_style = "block" is ignored, object 'batch_output_mem[35]' is not inferred as ram due to incorrect usage [D:/_codex_dma_mmu/src/Systolic/systolic_accel_axil_axis.sv:98]
WARNING: [Synth 8-7186] Applying attribute ram_style = "block" is ignored, object 'batch_output_mem[36]' is not inferred as ram due to incorrect usage [D:/_codex_dma_mmu/src/Systolic/systolic_accel_axil_axis.sv:98]
WARNING: [Synth 8-7186] Applying attribute ram_style = "block" is ignored, object 'batch_output_mem[37]' is not inferred as ram due to incorrect usage [D:/_codex_dma_mmu/src/Systolic/systolic_accel_axil_axis.sv:98]
WARNING: [Synth 8-7186] Applying attribute ram_style = "block" is ignored, object 'batch_output_mem[38]' is not inferred as ram due to incorrect usage [D:/_codex_dma_mmu/src/Systolic/systolic_accel_axil_axis.sv:98]
WARNING: [Synth 8-7186] Applying attribute ram_style = "block" is ignored, object 'batch_output_mem[39]' is not inferred as ram due to incorrect usage [D:/_codex_dma_mmu/src/Systolic/systolic_accel_axil_axis.sv:98]
WARNING: [Synth 8-7186] Applying attribute ram_style = "block" is ignored, object 'batch_output_mem[40]' is not inferred as ram due to incorrect usage [D:/_codex_dma_mmu/src/Systolic/systolic_accel_axil_axis.sv:98]
WARNING: [Synth 8-7186] Applying attribute ram_style = "block" is ignored, object 'batch_output_mem[41]' is not inferred as ram due to incorrect usage [D:/_codex_dma_mmu/src/Systolic/systolic_accel_axil_axis.sv:98]
WARNING: [Synth 8-7186] Applying attribute ram_style = "block" is ignored, object 'batch_output_mem[42]' is not inferred as ram due to incorrect usage [D:/_codex_dma_mmu/src/Systolic/systolic_accel_axil_axis.sv:98]
WARNING: [Synth 8-7186] Applying attribute ram_style = "block" is ignored, object 'batch_output_mem[43]' is not inferred as ram due to incorrect usage [D:/_codex_dma_mmu/src/Systolic/systolic_accel_axil_axis.sv:98]
WARNING: [Synth 8-7186] Applying attribute ram_style = "block" is ignored, object 'batch_output_mem[44]' is not inferred as ram due to incorrect usage [D:/_codex_dma_mmu/src/Systolic/systolic_accel_axil_axis.sv:98]
WARNING: [Synth 8-7186] Applying attribute ram_style = "block" is ignored, object 'batch_output_mem[45]' is not inferred as ram due to incorrect usage [D:/_codex_dma_mmu/src/Systolic/systolic_accel_axil_axis.sv:98]
WARNING: [Synth 8-7186] Applying attribute ram_style = "block" is ignored, object 'batch_output_mem[46]' is not inferred as ram due to incorrect usage [D:/_codex_dma_mmu/src/Systolic/systolic_accel_axil_axis.sv:98]
WARNING: [Synth 8-7186] Applying attribute ram_style = "block" is ignored, object 'batch_output_mem[47]' is not inferred as ram due to incorrect usage [D:/_codex_dma_mmu/src/Systolic/systolic_accel_axil_axis.sv:98]
WARNING: [Synth 8-7186] Applying attribute ram_style = "block" is ignored, object 'batch_output_mem[48]' is not inferred as ram due to incorrect usage [D:/_codex_dma_mmu/src/Systolic/systolic_accel_axil_axis.sv:98]
WARNING: [Synth 8-7186] Applying attribute ram_style = "block" is ignored, object 'batch_output_mem[49]' is not inferred as ram due to incorrect usage [D:/_codex_dma_mmu/src/Systolic/systolic_accel_axil_axis.sv:98]
WARNING: [Synth 8-7186] Applying attribute ram_style = "block" is ignored, object 'batch_output_mem[50]' is not inferred as ram due to incorrect usage [D:/_codex_dma_mmu/src/Systolic/systolic_accel_axil_axis.sv:98]
WARNING: [Synth 8-7186] Applying attribute ram_style = "block" is ignored, object 'batch_output_mem[51]' is not inferred as ram due to incorrect usage [D:/_codex_dma_mmu/src/Systolic/systolic_accel_axil_axis.sv:98]
WARNING: [Synth 8-7186] Applying attribute ram_style = "block" is ignored, object 'batch_output_mem[52]' is not inferred as ram due to incorrect usage [D:/_codex_dma_mmu/src/Systolic/systolic_accel_axil_axis.sv:98]
WARNING: [Synth 8-7186] Applying attribute ram_style = "block" is ignored, object 'batch_output_mem[53]' is not inferred as ram due to incorrect usage [D:/_codex_dma_mmu/src/Systolic/systolic_accel_axil_axis.sv:98]
WARNING: [Synth 8-7186] Applying attribute ram_style = "block" is ignored, object 'batch_output_mem[54]' is not inferred as ram due to incorrect usage [D:/_codex_dma_mmu/src/Systolic/systolic_accel_axil_axis.sv:98]
WARNING: [Synth 8-7186] Applying attribute ram_style = "block" is ignored, object 'batch_output_mem[55]' is not inferred as ram due to incorrect usage [D:/_codex_dma_mmu/src/Systolic/systolic_accel_axil_axis.sv:98]
WARNING: [Synth 8-7186] Applying attribute ram_style = "block" is ignored, object 'batch_output_mem[56]' is not inferred as ram due to incorrect usage [D:/_codex_dma_mmu/src/Systolic/systolic_accel_axil_axis.sv:98]
WARNING: [Synth 8-7186] Applying attribute ram_style = "block" is ignored, object 'batch_output_mem[57]' is not inferred as ram due to incorrect usage [D:/_codex_dma_mmu/src/Systolic/systolic_accel_axil_axis.sv:98]
WARNING: [Synth 8-7186] Applying attribute ram_style = "block" is ignored, object 'batch_output_mem[58]' is not inferred as ram due to incorrect usage [D:/_codex_dma_mmu/src/Systolic/systolic_accel_axil_axis.sv:98]
WARNING: [Synth 8-7186] Applying attribute ram_style = "block" is ignored, object 'batch_output_mem[59]' is not inferred as ram due to incorrect usage [D:/_codex_dma_mmu/src/Systolic/systolic_accel_axil_axis.sv:98]
WARNING: [Synth 8-7186] Applying attribute ram_style = "block" is ignored, object 'batch_output_mem[60]' is not inferred as ram due to incorrect usage [D:/_codex_dma_mmu/src/Systolic/systolic_accel_axil_axis.sv:98]
WARNING: [Synth 8-7186] Applying attribute ram_style = "block" is ignored, object 'batch_output_mem[61]' is not inferred as ram due to incorrect usage [D:/_codex_dma_mmu/src/Systolic/systolic_accel_axil_axis.sv:98]
WARNING: [Synth 8-7186] Applying attribute ram_style = "block" is ignored, object 'batch_output_mem[62]' is not inferred as ram due to incorrect usage [D:/_codex_dma_mmu/src/Systolic/systolic_accel_axil_axis.sv:98]
WARNING: [Synth 8-7186] Applying attribute ram_style = "block" is ignored, object 'batch_output_mem[63]' is not inferred as ram due to incorrect usage [D:/_codex_dma_mmu/src/Systolic/systolic_accel_axil_axis.sv:98]
WARNING: [Synth 8-7186] Applying attribute ram_style = "block" is ignored, object 'batch_output_mem[64]' is not inferred as ram due to incorrect usage [D:/_codex_dma_mmu/src/Systolic/systolic_accel_axil_axis.sv:98]
WARNING: [Synth 8-7186] Applying attribute ram_style = "block" is ignored, object 'batch_output_mem[65]' is not inferred as ram due to incorrect usage [D:/_codex_dma_mmu/src/Systolic/systolic_accel_axil_axis.sv:98]
WARNING: [Synth 8-7186] Applying attribute ram_style = "block" is ignored, object 'batch_output_mem[66]' is not inferred as ram due to incorrect usage [D:/_codex_dma_mmu/src/Systolic/systolic_accel_axil_axis.sv:98]
WARNING: [Synth 8-7186] Applying attribute ram_style = "block" is ignored, object 'batch_output_mem[67]' is not inferred as ram due to incorrect usage [D:/_codex_dma_mmu/src/Systolic/systolic_accel_axil_axis.sv:98]
WARNING: [Synth 8-7186] Applying attribute ram_style = "block" is ignored, object 'batch_output_mem[68]' is not inferred as ram due to incorrect usage [D:/_codex_dma_mmu/src/Systolic/systolic_accel_axil_axis.sv:98]
WARNING: [Synth 8-7186] Applying attribute ram_style = "block" is ignored, object 'batch_output_mem[69]' is not inferred as ram due to incorrect usage [D:/_codex_dma_mmu/src/Systolic/systolic_accel_axil_axis.sv:98]
WARNING: [Synth 8-7186] Applying attribute ram_style = "block" is ignored, object 'batch_output_mem[70]' is not inferred as ram due to incorrect usage [D:/_codex_dma_mmu/src/Systolic/systolic_accel_axil_axis.sv:98]
WARNING: [Synth 8-7186] Applying attribute ram_style = "block" is ignored, object 'batch_output_mem[71]' is not inferred as ram due to incorrect usage [D:/_codex_dma_mmu/src/Systolic/systolic_accel_axil_axis.sv:98]
WARNING: [Synth 8-7186] Applying attribute ram_style = "block" is ignored, object 'batch_output_mem[72]' is not inferred as ram due to incorrect usage [D:/_codex_dma_mmu/src/Systolic/systolic_accel_axil_axis.sv:98]
WARNING: [Synth 8-7186] Applying attribute ram_style = "block" is ignored, object 'batch_output_mem[73]' is not inferred as ram due to incorrect usage [D:/_codex_dma_mmu/src/Systolic/systolic_accel_axil_axis.sv:98]
WARNING: [Synth 8-7186] Applying attribute ram_style = "block" is ignored, object 'batch_output_mem[74]' is not inferred as ram due to incorrect usage [D:/_codex_dma_mmu/src/Systolic/systolic_accel_axil_axis.sv:98]
WARNING: [Synth 8-7186] Applying attribute ram_style = "block" is ignored, object 'batch_output_mem[75]' is not inferred as ram due to incorrect usage [D:/_codex_dma_mmu/src/Systolic/systolic_accel_axil_axis.sv:98]
WARNING: [Synth 8-7186] Applying attribute ram_style = "block" is ignored, object 'batch_output_mem[76]' is not inferred as ram due to incorrect usage [D:/_codex_dma_mmu/src/Systolic/systolic_accel_axil_axis.sv:98]
WARNING: [Synth 8-7186] Applying attribute ram_style = "block" is ignored, object 'batch_output_mem[77]' is not inferred as ram due to incorrect usage [D:/_codex_dma_mmu/src/Systolic/systolic_accel_axil_axis.sv:98]
WARNING: [Synth 8-7186] Applying attribute ram_style = "block" is ignored, object 'batch_output_mem[78]' is not inferred as ram due to incorrect usage [D:/_codex_dma_mmu/src/Systolic/systolic_accel_axil_axis.sv:98]
WARNING: [Synth 8-7186] Applying attribute ram_style = "block" is ignored, object 'batch_output_mem[79]' is not inferred as ram due to incorrect usage [D:/_codex_dma_mmu/src/Systolic/systolic_accel_axil_axis.sv:98]
WARNING: [Synth 8-7186] Applying attribute ram_style = "block" is ignored, object 'batch_output_mem[80]' is not inferred as ram due to incorrect usage [D:/_codex_dma_mmu/src/Systolic/systolic_accel_axil_axis.sv:98]
WARNING: [Synth 8-7186] Applying attribute ram_style = "block" is ignored, object 'batch_output_mem[81]' is not inferred as ram due to incorrect usage [D:/_codex_dma_mmu/src/Systolic/systolic_accel_axil_axis.sv:98]
WARNING: [Synth 8-7186] Applying attribute ram_style = "block" is ignored, object 'batch_output_mem[82]' is not inferred as ram due to incorrect usage [D:/_codex_dma_mmu/src/Systolic/systolic_accel_axil_axis.sv:98]
WARNING: [Synth 8-7186] Applying attribute ram_style = "block" is ignored, object 'batch_output_mem[83]' is not inferred as ram due to incorrect usage [D:/_codex_dma_mmu/src/Systolic/systolic_accel_axil_axis.sv:98]
WARNING: [Synth 8-7186] Applying attribute ram_style = "block" is ignored, object 'batch_output_mem[84]' is not inferred as ram due to incorrect usage [D:/_codex_dma_mmu/src/Systolic/systolic_accel_axil_axis.sv:98]
WARNING: [Synth 8-7186] Applying attribute ram_style = "block" is ignored, object 'batch_output_mem[85]' is not inferred as ram due to incorrect usage [D:/_codex_dma_mmu/src/Systolic/systolic_accel_axil_axis.sv:98]
WARNING: [Synth 8-7186] Applying attribute ram_style = "block" is ignored, object 'batch_output_mem[86]' is not inferred as ram due to incorrect usage [D:/_codex_dma_mmu/src/Systolic/systolic_accel_axil_axis.sv:98]
WARNING: [Synth 8-7186] Applying attribute ram_style = "block" is ignored, object 'batch_output_mem[87]' is not inferred as ram due to incorrect usage [D:/_codex_dma_mmu/src/Systolic/systolic_accel_axil_axis.sv:98]
WARNING: [Synth 8-7186] Applying attribute ram_style = "block" is ignored, object 'batch_output_mem[88]' is not inferred as ram due to incorrect usage [D:/_codex_dma_mmu/src/Systolic/systolic_accel_axil_axis.sv:98]
WARNING: [Synth 8-7186] Applying attribute ram_style = "block" is ignored, object 'batch_output_mem[89]' is not inferred as ram due to incorrect usage [D:/_codex_dma_mmu/src/Systolic/systolic_accel_axil_axis.sv:98]
WARNING: [Synth 8-7186] Applying attribute ram_style = "block" is ignored, object 'batch_output_mem[90]' is not inferred as ram due to incorrect usage [D:/_codex_dma_mmu/src/Systolic/systolic_accel_axil_axis.sv:98]
WARNING: [Synth 8-7186] Applying attribute ram_style = "block" is ignored, object 'batch_output_mem[91]' is not inferred as ram due to incorrect usage [D:/_codex_dma_mmu/src/Systolic/systolic_accel_axil_axis.sv:98]
WARNING: [Synth 8-7186] Applying attribute ram_style = "block" is ignored, object 'batch_output_mem[92]' is not inferred as ram due to incorrect usage [D:/_codex_dma_mmu/src/Systolic/systolic_accel_axil_axis.sv:98]
WARNING: [Synth 8-7186] Applying attribute ram_style = "block" is ignored, object 'batch_output_mem[93]' is not inferred as ram due to incorrect usage [D:/_codex_dma_mmu/src/Systolic/systolic_accel_axil_axis.sv:98]
WARNING: [Synth 8-7186] Applying attribute ram_style = "block" is ignored, object 'batch_output_mem[94]' is not inferred as ram due to incorrect usage [D:/_codex_dma_mmu/src/Systolic/systolic_accel_axil_axis.sv:98]
WARNING: [Synth 8-7186] Applying attribute ram_style = "block" is ignored, object 'batch_output_mem[95]' is not inferred as ram due to incorrect usage [D:/_codex_dma_mmu/src/Systolic/systolic_accel_axil_axis.sv:98]
WARNING: [Synth 8-7186] Applying attribute ram_style = "block" is ignored, object 'batch_output_mem[96]' is not inferred as ram due to incorrect usage [D:/_codex_dma_mmu/src/Systolic/systolic_accel_axil_axis.sv:98]
WARNING: [Synth 8-7186] Applying attribute ram_style = "block" is ignored, object 'batch_output_mem[97]' is not inferred as ram due to incorrect usage [D:/_codex_dma_mmu/src/Systolic/systolic_accel_axil_axis.sv:98]
WARNING: [Synth 8-7186] Applying attribute ram_style = "block" is ignored, object 'batch_output_mem[98]' is not inferred as ram due to incorrect usage [D:/_codex_dma_mmu/src/Systolic/systolic_accel_axil_axis.sv:98]
WARNING: [Synth 8-7186] Applying attribute ram_style = "block" is ignored, object 'batch_output_mem[99]' is not inferred as ram due to incorrect usage [D:/_codex_dma_mmu/src/Systolic/systolic_accel_axil_axis.sv:98]
INFO: [Common 17-14] Message 'Synth 8-7186' appears 100 times and further instances of the messages will be disabled. Use the Tcl command set_msg_config to change the current settings.
INFO: [Synth 8-6157] synthesizing module 'systolic_matmul_4x4' [D:/_codex_dma_mmu/src/Systolic/systolic_matmul_4x4.sv:9]
INFO: [Synth 8-6155] done synthesizing module 'systolic_matmul_4x4' (0#1) [D:/_codex_dma_mmu/src/Systolic/systolic_matmul_4x4.sv:9]
INFO: [Synth 8-6155] done synthesizing module 'systolic_accel_axil_axis' (0#1) [D:/_codex_dma_mmu/src/Systolic/systolic_accel_axil_axis.sv:20]
INFO: [Synth 8-6157] synthesizing module 'uart_axil_axis' [D:/_codex_dma_mmu/src/UART/uart_axil_axis.sv:15]
	Parameter AXIL_ADDR_WIDTH bound to: 32'sb00000000000000000000000000001000 
	Parameter DEFAULT_DIV bound to: 161 - type: integer 
INFO: [Synth 8-6157] synthesizing module 'simpleuart_dma' [D:/_codex_dma_mmu/src/UART/simpleuart_dma.sv:9]
	Parameter DEFAULT_DIV bound to: 161 - type: integer 
INFO: [Synth 8-6155] done synthesizing module 'simpleuart_dma' (0#1) [D:/_codex_dma_mmu/src/UART/simpleuart_dma.sv:9]
INFO: [Synth 8-6155] done synthesizing module 'uart_axil_axis' (0#1) [D:/_codex_dma_mmu/src/UART/uart_axil_axis.sv:15]
INFO: [Synth 8-6157] synthesizing module 'axi_crossbar__parameterized1' [D:/_codex_dma_mmu/src/AXI/axi_crossbar.v:34]
	Parameter S_COUNT bound to: 2 - type: integer 
	Parameter M_COUNT bound to: 1 - type: integer 
	Parameter DATA_WIDTH bound to: 32 - type: integer 
	Parameter ADDR_WIDTH bound to: 32 - type: integer 
	Parameter STRB_WIDTH bound to: 4 - type: integer 
	Parameter S_ID_WIDTH bound to: 5 - type: integer 
	Parameter M_ID_WIDTH bound to: 6 - type: integer 
	Parameter S_THREADS bound to: 64'b0000000000000000000000000000001000000000000000000000000000000010 
	Parameter S_ACCEPT bound to: 64'b0000000000000000000000000000010000000000000000000000000000000100 
	Parameter M_REGIONS bound to: 1 - type: integer 
	Parameter M_BASE_ADDR bound to: 0 - type: integer 
	Parameter M_ADDR_WIDTH bound to: 32 - type: integer 
	Parameter M_CONNECT_READ bound to: 2'b11 
	Parameter M_CONNECT_WRITE bound to: 2'b11 
	Parameter M_ISSUE bound to: 8 - type: integer 
INFO: [Synth 8-6157] synthesizing module 'axi_crossbar_wr__parameterized1' [D:/_codex_dma_mmu/src/AXI/axi_crossbar_wr.v:34]
	Parameter S_COUNT bound to: 2 - type: integer 
	Parameter M_COUNT bound to: 1 - type: integer 
	Parameter DATA_WIDTH bound to: 32 - type: integer 
	Parameter ADDR_WIDTH bound to: 32 - type: integer 
	Parameter STRB_WIDTH bound to: 4 - type: integer 
	Parameter S_ID_WIDTH bound to: 5 - type: integer 
	Parameter M_ID_WIDTH bound to: 6 - type: integer 
	Parameter AWUSER_ENABLE bound to: 0 - type: integer 
	Parameter AWUSER_WIDTH bound to: 1 - type: integer 
	Parameter WUSER_ENABLE bound to: 0 - type: integer 
	Parameter WUSER_WIDTH bound to: 1 - type: integer 
	Parameter BUSER_ENABLE bound to: 0 - type: integer 
	Parameter BUSER_WIDTH bound to: 1 - type: integer 
	Parameter S_THREADS bound to: 64'b0000000000000000000000000000001000000000000000000000000000000010 
	Parameter S_ACCEPT bound to: 64'b0000000000000000000000000000010000000000000000000000000000000100 
	Parameter M_REGIONS bound to: 1 - type: integer 
	Parameter M_BASE_ADDR bound to: 0 - type: integer 
	Parameter M_ADDR_WIDTH bound to: 32 - type: integer 
	Parameter M_CONNECT bound to: 2'b11 
	Parameter M_ISSUE bound to: 8 - type: integer 
	Parameter M_SECURE bound to: 1'b0 
	Parameter S_AW_REG_TYPE bound to: 4'b0000 
	Parameter S_W_REG_TYPE bound to: 4'b0000 
	Parameter S_B_REG_TYPE bound to: 4'b0101 
INFO: [Synth 8-6157] synthesizing module 'axi_crossbar_addr__parameterized5' [D:/_codex_dma_mmu/src/AXI/axi_crossbar_addr.v:34]
	Parameter S bound to: 0 - type: integer 
	Parameter S_COUNT bound to: 2 - type: integer 
	Parameter M_COUNT bound to: 1 - type: integer 
	Parameter ADDR_WIDTH bound to: 32 - type: integer 
	Parameter ID_WIDTH bound to: 5 - type: integer 
	Parameter S_THREADS bound to: 2 - type: integer 
	Parameter S_ACCEPT bound to: 4 - type: integer 
	Parameter M_REGIONS bound to: 1 - type: integer 
	Parameter M_BASE_ADDR bound to: 0 - type: integer 
	Parameter M_ADDR_WIDTH bound to: 32 - type: integer 
	Parameter M_CONNECT bound to: 2'b11 
	Parameter M_SECURE bound to: 1'b0 
	Parameter WC_OUTPUT bound to: 1 - type: integer 
INFO: [Synth 8-251] Addressing configuration for axi_crossbar_addr instance  [D:/_codex_dma_mmu/src/AXI/axi_crossbar_addr.v:176]
INFO: [Synth 8-251] 0 (0): 0 / 32 -- 0-ffffffff [D:/_codex_dma_mmu/src/AXI/axi_crossbar_addr.v:179]
INFO: [Synth 8-155] case statement is not full and has no default [D:/_codex_dma_mmu/src/AXI/axi_crossbar_addr.v:331]
INFO: [Synth 8-6155] done synthesizing module 'axi_crossbar_addr__parameterized5' (0#1) [D:/_codex_dma_mmu/src/AXI/axi_crossbar_addr.v:34]
INFO: [Synth 8-6157] synthesizing module 'axi_register_wr__parameterized3' [D:/_codex_dma_mmu/src/AXI/axi_register_wr.v:34]
	Parameter DATA_WIDTH bound to: 32 - type: integer 
	Parameter ADDR_WIDTH bound to: 32 - type: integer 
	Parameter STRB_WIDTH bound to: 4 - type: integer 
	Parameter ID_WIDTH bound to: 5 - type: integer 
	Parameter AWUSER_ENABLE bound to: 0 - type: integer 
	Parameter AWUSER_WIDTH bound to: 1 - type: integer 
	Parameter WUSER_ENABLE bound to: 0 - type: integer 
	Parameter WUSER_WIDTH bound to: 1 - type: integer 
	Parameter BUSER_ENABLE bound to: 0 - type: integer 
	Parameter BUSER_WIDTH bound to: 1 - type: integer 
	Parameter AW_REG_TYPE bound to: 2'b00 
	Parameter W_REG_TYPE bound to: 2'b00 
	Parameter B_REG_TYPE bound to: 2'b01 
INFO: [Synth 8-6155] done synthesizing module 'axi_register_wr__parameterized3' (0#1) [D:/_codex_dma_mmu/src/AXI/axi_register_wr.v:34]
INFO: [Synth 8-6157] synthesizing module 'axi_crossbar_addr__parameterized6' [D:/_codex_dma_mmu/src/AXI/axi_crossbar_addr.v:34]
	Parameter S bound to: 1 - type: integer 
	Parameter S_COUNT bound to: 2 - type: integer 
	Parameter M_COUNT bound to: 1 - type: integer 
	Parameter ADDR_WIDTH bound to: 32 - type: integer 
	Parameter ID_WIDTH bound to: 5 - type: integer 
	Parameter S_THREADS bound to: 2 - type: integer 
	Parameter S_ACCEPT bound to: 4 - type: integer 
	Parameter M_REGIONS bound to: 1 - type: integer 
	Parameter M_BASE_ADDR bound to: 0 - type: integer 
	Parameter M_ADDR_WIDTH bound to: 32 - type: integer 
	Parameter M_CONNECT bound to: 2'b11 
	Parameter M_SECURE bound to: 1'b0 
	Parameter WC_OUTPUT bound to: 1 - type: integer 
INFO: [Synth 8-251] Addressing configuration for axi_crossbar_addr instance  [D:/_codex_dma_mmu/src/AXI/axi_crossbar_addr.v:176]
INFO: [Synth 8-251] 0 (0): 0 / 32 -- 0-ffffffff [D:/_codex_dma_mmu/src/AXI/axi_crossbar_addr.v:179]
INFO: [Synth 8-155] case statement is not full and has no default [D:/_codex_dma_mmu/src/AXI/axi_crossbar_addr.v:331]
INFO: [Synth 8-6155] done synthesizing module 'axi_crossbar_addr__parameterized6' (0#1) [D:/_codex_dma_mmu/src/AXI/axi_crossbar_addr.v:34]
INFO: [Synth 8-6155] done synthesizing module 'axi_crossbar_wr__parameterized1' (0#1) [D:/_codex_dma_mmu/src/AXI/axi_crossbar_wr.v:34]
INFO: [Synth 8-6157] synthesizing module 'axi_crossbar_rd__parameterized1' [D:/_codex_dma_mmu/src/AXI/axi_crossbar_rd.v:34]
	Parameter S_COUNT bound to: 2 - type: integer 
	Parameter M_COUNT bound to: 1 - type: integer 
	Parameter DATA_WIDTH bound to: 32 - type: integer 
	Parameter ADDR_WIDTH bound to: 32 - type: integer 
	Parameter STRB_WIDTH bound to: 4 - type: integer 
	Parameter S_ID_WIDTH bound to: 5 - type: integer 
	Parameter M_ID_WIDTH bound to: 6 - type: integer 
	Parameter ARUSER_ENABLE bound to: 0 - type: integer 
	Parameter ARUSER_WIDTH bound to: 1 - type: integer 
	Parameter RUSER_ENABLE bound to: 0 - type: integer 
	Parameter RUSER_WIDTH bound to: 1 - type: integer 
	Parameter S_THREADS bound to: 64'b0000000000000000000000000000001000000000000000000000000000000010 
	Parameter S_ACCEPT bound to: 64'b0000000000000000000000000000010000000000000000000000000000000100 
	Parameter M_REGIONS bound to: 1 - type: integer 
	Parameter M_BASE_ADDR bound to: 0 - type: integer 
	Parameter M_ADDR_WIDTH bound to: 32 - type: integer 
	Parameter M_CONNECT bound to: 2'b11 
	Parameter M_ISSUE bound to: 8 - type: integer 
	Parameter M_SECURE bound to: 1'b0 
	Parameter S_AR_REG_TYPE bound to: 4'b0000 
	Parameter S_R_REG_TYPE bound to: 4'b1010 
INFO: [Synth 8-6157] synthesizing module 'axi_crossbar_addr__parameterized7' [D:/_codex_dma_mmu/src/AXI/axi_crossbar_addr.v:34]
	Parameter S bound to: 0 - type: integer 
	Parameter S_COUNT bound to: 2 - type: integer 
	Parameter M_COUNT bound to: 1 - type: integer 
	Parameter ADDR_WIDTH bound to: 32 - type: integer 
	Parameter ID_WIDTH bound to: 5 - type: integer 
	Parameter S_THREADS bound to: 2 - type: integer 
	Parameter S_ACCEPT bound to: 4 - type: integer 
	Parameter M_REGIONS bound to: 1 - type: integer 
	Parameter M_BASE_ADDR bound to: 0 - type: integer 
	Parameter M_ADDR_WIDTH bound to: 32 - type: integer 
	Parameter M_CONNECT bound to: 2'b11 
	Parameter M_SECURE bound to: 1'b0 
	Parameter WC_OUTPUT bound to: 0 - type: integer 
INFO: [Synth 8-251] Addressing configuration for axi_crossbar_addr instance  [D:/_codex_dma_mmu/src/AXI/axi_crossbar_addr.v:176]
INFO: [Synth 8-251] 0 (0): 0 / 32 -- 0-ffffffff [D:/_codex_dma_mmu/src/AXI/axi_crossbar_addr.v:179]
INFO: [Synth 8-155] case statement is not full and has no default [D:/_codex_dma_mmu/src/AXI/axi_crossbar_addr.v:331]
INFO: [Synth 8-6155] done synthesizing module 'axi_crossbar_addr__parameterized7' (0#1) [D:/_codex_dma_mmu/src/AXI/axi_crossbar_addr.v:34]
INFO: [Synth 8-6157] synthesizing module 'axi_register_rd__parameterized3' [D:/_codex_dma_mmu/src/AXI/axi_register_rd.v:34]
	Parameter DATA_WIDTH bound to: 32 - type: integer 
	Parameter ADDR_WIDTH bound to: 32 - type: integer 
	Parameter STRB_WIDTH bound to: 4 - type: integer 
	Parameter ID_WIDTH bound to: 5 - type: integer 
	Parameter ARUSER_ENABLE bound to: 0 - type: integer 
	Parameter ARUSER_WIDTH bound to: 1 - type: integer 
	Parameter RUSER_ENABLE bound to: 0 - type: integer 
	Parameter RUSER_WIDTH bound to: 1 - type: integer 
	Parameter AR_REG_TYPE bound to: 2'b00 
	Parameter R_REG_TYPE bound to: 2'b10 
INFO: [Synth 8-6155] done synthesizing module 'axi_register_rd__parameterized3' (0#1) [D:/_codex_dma_mmu/src/AXI/axi_register_rd.v:34]
INFO: [Synth 8-6157] synthesizing module 'axi_crossbar_addr__parameterized8' [D:/_codex_dma_mmu/src/AXI/axi_crossbar_addr.v:34]
	Parameter S bound to: 1 - type: integer 
	Parameter S_COUNT bound to: 2 - type: integer 
	Parameter M_COUNT bound to: 1 - type: integer 
	Parameter ADDR_WIDTH bound to: 32 - type: integer 
	Parameter ID_WIDTH bound to: 5 - type: integer 
	Parameter S_THREADS bound to: 2 - type: integer 
	Parameter S_ACCEPT bound to: 4 - type: integer 
	Parameter M_REGIONS bound to: 1 - type: integer 
	Parameter M_BASE_ADDR bound to: 0 - type: integer 
	Parameter M_ADDR_WIDTH bound to: 32 - type: integer 
	Parameter M_CONNECT bound to: 2'b11 
	Parameter M_SECURE bound to: 1'b0 
	Parameter WC_OUTPUT bound to: 0 - type: integer 
INFO: [Synth 8-251] Addressing configuration for axi_crossbar_addr instance  [D:/_codex_dma_mmu/src/AXI/axi_crossbar_addr.v:176]
INFO: [Synth 8-251] 0 (0): 0 / 32 -- 0-ffffffff [D:/_codex_dma_mmu/src/AXI/axi_crossbar_addr.v:179]
INFO: [Synth 8-155] case statement is not full and has no default [D:/_codex_dma_mmu/src/AXI/axi_crossbar_addr.v:331]
INFO: [Synth 8-6155] done synthesizing module 'axi_crossbar_addr__parameterized8' (0#1) [D:/_codex_dma_mmu/src/AXI/axi_crossbar_addr.v:34]
INFO: [Synth 8-6155] done synthesizing module 'axi_crossbar_rd__parameterized1' (0#1) [D:/_codex_dma_mmu/src/AXI/axi_crossbar_rd.v:34]
INFO: [Synth 8-6155] done synthesizing module 'axi_crossbar__parameterized1' (0#1) [D:/_codex_dma_mmu/src/AXI/axi_crossbar.v:34]
INFO: [Synth 8-6155] done synthesizing module 'dma_mmu_picorv32_soc' (0#1) [D:/_codex_dma_mmu/src/SoC/dma_mmu_picorv32_soc.sv:12]
WARNING: [Synth 8-7071] port 'ddr_init_done_o' of module 'dma_mmu_picorv32_soc' is unconnected for instance 'soc_inst' [D:/_codex_dma_mmu/src/SoC/dma_mmu_picorv32_vc707_ddr3_top.sv:148]
WARNING: [Synth 8-7071] port 'ddr_calib_done_o' of module 'dma_mmu_picorv32_soc' is unconnected for instance 'soc_inst' [D:/_codex_dma_mmu/src/SoC/dma_mmu_picorv32_vc707_ddr3_top.sv:148]
WARNING: [Synth 8-7071] port 'ddr_calib_error_o' of module 'dma_mmu_picorv32_soc' is unconnected for instance 'soc_inst' [D:/_codex_dma_mmu/src/SoC/dma_mmu_picorv32_vc707_ddr3_top.sv:148]
WARNING: [Synth 8-7071] port 'ddr_refresh_busy_o' of module 'dma_mmu_picorv32_soc' is unconnected for instance 'soc_inst' [D:/_codex_dma_mmu/src/SoC/dma_mmu_picorv32_vc707_ddr3_top.sv:148]
WARNING: [Synth 8-7071] port 'ddr_refresh_count_o' of module 'dma_mmu_picorv32_soc' is unconnected for instance 'soc_inst' [D:/_codex_dma_mmu/src/SoC/dma_mmu_picorv32_vc707_ddr3_top.sv:148]
WARNING: [Synth 8-7071] port 'ddr_dfi_cmd_valid_o' of module 'dma_mmu_picorv32_soc' is unconnected for instance 'soc_inst' [D:/_codex_dma_mmu/src/SoC/dma_mmu_picorv32_vc707_ddr3_top.sv:148]
WARNING: [Synth 8-7071] port 'ddr_dfi_cmd_o' of module 'dma_mmu_picorv32_soc' is unconnected for instance 'soc_inst' [D:/_codex_dma_mmu/src/SoC/dma_mmu_picorv32_vc707_ddr3_top.sv:148]
WARNING: [Synth 8-7071] port 'ddr_dfi_bank_o' of module 'dma_mmu_picorv32_soc' is unconnected for instance 'soc_inst' [D:/_codex_dma_mmu/src/SoC/dma_mmu_picorv32_vc707_ddr3_top.sv:148]
WARNING: [Synth 8-7071] port 'ddr_dfi_addr_o' of module 'dma_mmu_picorv32_soc' is unconnected for instance 'soc_inst' [D:/_codex_dma_mmu/src/SoC/dma_mmu_picorv32_vc707_ddr3_top.sv:148]
WARNING: [Synth 8-7071] port 'ddr_dfi_wrdata_o' of module 'dma_mmu_picorv32_soc' is unconnected for instance 'soc_inst' [D:/_codex_dma_mmu/src/SoC/dma_mmu_picorv32_vc707_ddr3_top.sv:148]
WARNING: [Synth 8-7071] port 'ddr_dfi_wrmask_o' of module 'dma_mmu_picorv32_soc' is unconnected for instance 'soc_inst' [D:/_codex_dma_mmu/src/SoC/dma_mmu_picorv32_vc707_ddr3_top.sv:148]
WARNING: [Synth 8-7071] port 'ddr_phy_calib_start_o' of module 'dma_mmu_picorv32_soc' is unconnected for instance 'soc_inst' [D:/_codex_dma_mmu/src/SoC/dma_mmu_picorv32_vc707_ddr3_top.sv:148]
WARNING: [Synth 8-7023] instance 'soc_inst' of module 'dma_mmu_picorv32_soc' has 69 connections declared, but only 57 given [D:/_codex_dma_mmu/src/SoC/dma_mmu_picorv32_vc707_ddr3_top.sv:148]
INFO: [Synth 8-6157] synthesizing module 'soc_ddr_clock_converter' [D:/_codex_dma_mmu/build/vivado/vc707_ddr3/DMA_IOMMU_PicoRV32_VC707_DDR3.runs/synth_1/.Xil/Vivado-8160-LAPTOP-7VHB4FBR/realtime/soc_ddr_clock_converter_stub.v:6]
INFO: [Synth 8-6155] done synthesizing module 'soc_ddr_clock_converter' (0#1) [D:/_codex_dma_mmu/build/vivado/vc707_ddr3/DMA_IOMMU_PicoRV32_VC707_DDR3.runs/synth_1/.Xil/Vivado-8160-LAPTOP-7VHB4FBR/realtime/soc_ddr_clock_converter_stub.v:6]
INFO: [Synth 8-6157] synthesizing module 'soc_ddr_axi_converter' [D:/_codex_dma_mmu/build/vivado/vc707_ddr3/DMA_IOMMU_PicoRV32_VC707_DDR3.runs/synth_1/.Xil/Vivado-8160-LAPTOP-7VHB4FBR/realtime/soc_ddr_axi_converter_stub.v:6]
INFO: [Synth 8-6155] done synthesizing module 'soc_ddr_axi_converter' (0#1) [D:/_codex_dma_mmu/build/vivado/vc707_ddr3/DMA_IOMMU_PicoRV32_VC707_DDR3.runs/synth_1/.Xil/Vivado-8160-LAPTOP-7VHB4FBR/realtime/soc_ddr_axi_converter_stub.v:6]
INFO: [Synth 8-6157] synthesizing module 'vc707_mig' [D:/_codex_dma_mmu/build/vivado/vc707_ddr3/DMA_IOMMU_PicoRV32_VC707_DDR3.runs/synth_1/.Xil/Vivado-8160-LAPTOP-7VHB4FBR/realtime/vc707_mig_stub.v:6]
INFO: [Synth 8-6155] done synthesizing module 'vc707_mig' (0#1) [D:/_codex_dma_mmu/build/vivado/vc707_ddr3/DMA_IOMMU_PicoRV32_VC707_DDR3.runs/synth_1/.Xil/Vivado-8160-LAPTOP-7VHB4FBR/realtime/vc707_mig_stub.v:6]
WARNING: [Synth 8-7071] port 'device_temp' of module 'vc707_mig' is unconnected for instance 'mig_inst' [D:/_codex_dma_mmu/src/SoC/dma_mmu_picorv32_vc707_ddr3_top.sv:308]
WARNING: [Synth 8-7023] instance 'mig_inst' of module 'vc707_mig' has 72 connections declared, but only 71 given [D:/_codex_dma_mmu/src/SoC/dma_mmu_picorv32_vc707_ddr3_top.sv:308]
INFO: [Synth 8-6155] done synthesizing module 'dma_mmu_picorv32_vc707_ddr3_top' (0#1) [D:/_codex_dma_mmu/src/SoC/dma_mmu_picorv32_vc707_ddr3_top.sv:11]
WARNING: [Synth 8-6014] Unused sequential element genblk1[0].thread_region_reg_reg[0] was removed.  [D:/_codex_dma_mmu/src/AXI/axi_crossbar_addr.v:309]
WARNING: [Synth 8-6014] Unused sequential element genblk1[1].thread_region_reg_reg[1] was removed.  [D:/_codex_dma_mmu/src/AXI/axi_crossbar_addr.v:309]
WARNING: [Synth 8-6014] Unused sequential element s_axi_buser_reg_reg was removed.  [D:/_codex_dma_mmu/src/AXI/axi_register_wr.v:672]
WARNING: [Synth 8-6014] Unused sequential element m_axi_awuser_reg_reg was removed.  [D:/_codex_dma_mmu/src/AXI/axi_register_wr.v:342]
WARNING: [Synth 8-6014] Unused sequential element m_axi_wuser_reg_reg was removed.  [D:/_codex_dma_mmu/src/AXI/axi_register_wr.v:445]
WARNING: [Synth 8-6014] Unused sequential element temp_m_axi_wuser_reg_reg was removed.  [D:/_codex_dma_mmu/src/AXI/axi_register_wr.v:450]
WARNING: [Synth 8-6014] Unused sequential element genblk1[0].thread_region_reg_reg[0] was removed.  [D:/_codex_dma_mmu/src/AXI/axi_crossbar_addr.v:309]
WARNING: [Synth 8-6014] Unused sequential element genblk1[1].thread_region_reg_reg[1] was removed.  [D:/_codex_dma_mmu/src/AXI/axi_crossbar_addr.v:309]
WARNING: [Synth 8-6014] Unused sequential element s_axi_ruser_reg_reg was removed.  [D:/_codex_dma_mmu/src/AXI/axi_register_rd.v:434]
WARNING: [Synth 8-6014] Unused sequential element temp_s_axi_ruser_reg_reg was removed.  [D:/_codex_dma_mmu/src/AXI/axi_register_rd.v:440]
WARNING: [Synth 8-6014] Unused sequential element m_axi_aruser_reg_reg was removed.  [D:/_codex_dma_mmu/src/AXI/axi_register_rd.v:327]
WARNING: [Synth 8-6014] Unused sequential element mem_la_firstword_reg_reg was removed.  [D:/_codex_dma_mmu/src/PicoRV32/picorv32.v:392]
WARNING: [Synth 8-6014] Unused sequential element last_mem_valid_reg was removed.  [D:/_codex_dma_mmu/src/PicoRV32/picorv32.v:393]
WARNING: [Synth 8-6014] Unused sequential element next_insn_opcode_reg was removed.  [D:/_codex_dma_mmu/src/PicoRV32/picorv32.v:433]
WARNING: [Synth 8-6014] Unused sequential element mem_la_secondword_reg was removed.  [D:/_codex_dma_mmu/src/PicoRV32/picorv32.v:571]
WARNING: [Synth 8-6014] Unused sequential element prefetched_high_word_reg was removed.  [D:/_codex_dma_mmu/src/PicoRV32/picorv32.v:572]
WARNING: [Synth 8-6014] Unused sequential element q_ascii_instr_reg was removed.  [D:/_codex_dma_mmu/src/PicoRV32/picorv32.v:779]
WARNING: [Synth 8-6014] Unused sequential element q_insn_imm_reg was removed.  [D:/_codex_dma_mmu/src/PicoRV32/picorv32.v:780]
WARNING: [Synth 8-6014] Unused sequential element q_insn_opcode_reg was removed.  [D:/_codex_dma_mmu/src/PicoRV32/picorv32.v:781]
WARNING: [Synth 8-6014] Unused sequential element q_insn_rs1_reg was removed.  [D:/_codex_dma_mmu/src/PicoRV32/picorv32.v:782]
WARNING: [Synth 8-6014] Unused sequential element q_insn_rs2_reg was removed.  [D:/_codex_dma_mmu/src/PicoRV32/picorv32.v:783]
WARNING: [Synth 8-6014] Unused sequential element q_insn_rd_reg was removed.  [D:/_codex_dma_mmu/src/PicoRV32/picorv32.v:784]
WARNING: [Synth 8-6014] Unused sequential element dbg_next_reg was removed.  [D:/_codex_dma_mmu/src/PicoRV32/picorv32.v:785]
WARNING: [Synth 8-6014] Unused sequential element dbg_valid_insn_reg was removed.  [D:/_codex_dma_mmu/src/PicoRV32/picorv32.v:788]
WARNING: [Synth 8-6014] Unused sequential element cached_ascii_instr_reg was removed.  [D:/_codex_dma_mmu/src/PicoRV32/picorv32.v:793]
WARNING: [Synth 8-6014] Unused sequential element cached_insn_imm_reg was removed.  [D:/_codex_dma_mmu/src/PicoRV32/picorv32.v:794]
WARNING: [Synth 8-6014] Unused sequential element cached_insn_opcode_reg was removed.  [D:/_codex_dma_mmu/src/PicoRV32/picorv32.v:796]
WARNING: [Synth 8-6014] Unused sequential element cached_insn_rs1_reg was removed.  [D:/_codex_dma_mmu/src/PicoRV32/picorv32.v:799]
WARNING: [Synth 8-6014] Unused sequential element cached_insn_rs2_reg was removed.  [D:/_codex_dma_mmu/src/PicoRV32/picorv32.v:800]
WARNING: [Synth 8-6014] Unused sequential element cached_insn_rd_reg was removed.  [D:/_codex_dma_mmu/src/PicoRV32/picorv32.v:801]
WARNING: [Synth 8-6014] Unused sequential element dbg_insn_addr_reg was removed.  [D:/_codex_dma_mmu/src/PicoRV32/picorv32.v:805]
WARNING: [Synth 8-6014] Unused sequential element is_sll_srl_sra_reg was removed.  [D:/_codex_dma_mmu/src/PicoRV32/picorv32.v:1110]
WARNING: [Synth 8-6014] Unused sequential element clear_prefetched_high_word_q_reg was removed.  [D:/_codex_dma_mmu/src/PicoRV32/picorv32.v:1293]
WARNING: [Synth 8-6014] Unused sequential element set_mem_do_rinst_reg was removed.  [D:/_codex_dma_mmu/src/PicoRV32/picorv32.v:1406]
WARNING: [Synth 8-6014] Unused sequential element set_mem_do_rdata_reg was removed.  [D:/_codex_dma_mmu/src/PicoRV32/picorv32.v:1407]
WARNING: [Synth 8-6014] Unused sequential element set_mem_do_wdata_reg was removed.  [D:/_codex_dma_mmu/src/PicoRV32/picorv32.v:1408]
WARNING: [Synth 8-6014] Unused sequential element dbg_rs1val_reg was removed.  [D:/_codex_dma_mmu/src/PicoRV32/picorv32.v:1417]
WARNING: [Synth 8-6014] Unused sequential element dbg_rs2val_reg was removed.  [D:/_codex_dma_mmu/src/PicoRV32/picorv32.v:1418]
WARNING: [Synth 8-6014] Unused sequential element dbg_rs1val_valid_reg was removed.  [D:/_codex_dma_mmu/src/PicoRV32/picorv32.v:1419]
WARNING: [Synth 8-6014] Unused sequential element dbg_rs2val_valid_reg was removed.  [D:/_codex_dma_mmu/src/PicoRV32/picorv32.v:1420]
WARNING: [Synth 8-6014] Unused sequential element next_irq_pending_reg was removed.  [D:/_codex_dma_mmu/src/PicoRV32/picorv32.v:1440]
WARNING: [Synth 8-6014] Unused sequential element decoder_trigger_q_reg was removed.  [D:/_codex_dma_mmu/src/PicoRV32/picorv32.v:1447]
WARNING: [Synth 8-6014] Unused sequential element decoder_pseudo_trigger_q_reg was removed.  [D:/_codex_dma_mmu/src/PicoRV32/picorv32.v:1449]
WARNING: [Synth 8-6014] Unused sequential element latched_trace_reg was removed.  [D:/_codex_dma_mmu/src/PicoRV32/picorv32.v:1465]
WARNING: [Synth 8-6014] Unused sequential element current_pc_reg was removed.  [D:/_codex_dma_mmu/src/PicoRV32/picorv32.v:1495]
WARNING: [Synth 8-6014] Unused sequential element timer_reg was removed.  [D:/_codex_dma_mmu/src/PicoRV32/picorv32.v:1477]
WARNING: [Synth 8-6014] Unused sequential element aw_fire_reg was removed.  [D:/_codex_dma_mmu/src/PicoRV32/picorv32_axil_router.sv:363]
WARNING: [Synth 8-6014] Unused sequential element w_fire_reg was removed.  [D:/_codex_dma_mmu/src/PicoRV32/picorv32_axil_router.sv:364]
WARNING: [Synth 8-6014] Unused sequential element target_aw_fire_reg was removed.  [D:/_codex_dma_mmu/src/PicoRV32/picorv32_axil_router.sv:365]
WARNING: [Synth 8-6014] Unused sequential element target_w_fire_reg was removed.  [D:/_codex_dma_mmu/src/PicoRV32/picorv32_axil_router.sv:369]
WARNING: [Synth 8-7137] Register src_mem_reg in module dma_descriptor_fifo has both Set and reset with same priority. This may cause simulation mismatches. Consider rewriting code 
WARNING: [Synth 8-7137] Register dst_mem_reg in module dma_descriptor_fifo has both Set and reset with same priority. This may cause simulation mismatches. Consider rewriting code 
WARNING: [Synth 8-7137] Register len_mem_reg in module dma_descriptor_fifo has both Set and reset with same priority. This may cause simulation mismatches. Consider rewriting code 
WARNING: [Synth 8-7137] Register type_mem_reg in module dma_descriptor_fifo has both Set and reset with same priority. This may cause simulation mismatches. Consider rewriting code 
WARNING: [Synth 8-7137] Register mode_mem_reg in module dma_descriptor_fifo has both Set and reset with same priority. This may cause simulation mismatches. Consider rewriting code 
WARNING: [Synth 8-7137] Register burst_mem_reg in module dma_descriptor_fifo has both Set and reset with same priority. This may cause simulation mismatches. Consider rewriting code 
WARNING: [Synth 8-7137] Register irq_mem_reg in module dma_descriptor_fifo has both Set and reset with same priority. This may cause simulation mismatches. Consider rewriting code 
WARNING: [Synth 8-7137] Register id_mem_reg in module dma_descriptor_fifo has both Set and reset with same priority. This may cause simulation mismatches. Consider rewriting code 
WARNING: [Synth 8-7137] Register next_mem_reg in module dma_descriptor_fifo has both Set and reset with same priority. This may cause simulation mismatches. Consider rewriting code 
WARNING: [Synth 8-4767] Trying to implement RAM 'src_mem_reg' in registers. Block RAM or DRAM implementation is not possible; see log for reasons.
Reason is one or more of the following :
	1: RAM is sensitive to asynchronous reset signal. this RTL style is not supported. 
RAM "src_mem_reg" dissolved into registers
WARNING: [Synth 8-4767] Trying to implement RAM 'dst_mem_reg' in registers. Block RAM or DRAM implementation is not possible; see log for reasons.
Reason is one or more of the following :
	1: RAM is sensitive to asynchronous reset signal. this RTL style is not supported. 
RAM "dst_mem_reg" dissolved into registers
WARNING: [Synth 8-4767] Trying to implement RAM 'len_mem_reg' in registers. Block RAM or DRAM implementation is not possible; see log for reasons.
Reason is one or more of the following :
	1: RAM is sensitive to asynchronous reset signal. this RTL style is not supported. 
RAM "len_mem_reg" dissolved into registers
WARNING: [Synth 8-4767] Trying to implement RAM 'type_mem_reg' in registers. Block RAM or DRAM implementation is not possible; see log for reasons.
Reason is one or more of the following :
	1: RAM is sensitive to asynchronous reset signal. this RTL style is not supported. 
RAM "type_mem_reg" dissolved into registers
WARNING: [Synth 8-4767] Trying to implement RAM 'mode_mem_reg' in registers. Block RAM or DRAM implementation is not possible; see log for reasons.
Reason is one or more of the following :
	1: RAM is sensitive to asynchronous reset signal. this RTL style is not supported. 
RAM "mode_mem_reg" dissolved into registers
WARNING: [Synth 8-4767] Trying to implement RAM 'burst_mem_reg' in registers. Block RAM or DRAM implementation is not possible; see log for reasons.
Reason is one or more of the following :
	1: RAM is sensitive to asynchronous reset signal. this RTL style is not supported. 
RAM "burst_mem_reg" dissolved into registers
WARNING: [Synth 8-4767] Trying to implement RAM 'irq_mem_reg' in registers. Block RAM or DRAM implementation is not possible; see log for reasons.
Reason is one or more of the following :
	1: RAM is sensitive to asynchronous reset signal. this RTL style is not supported. 
RAM "irq_mem_reg" dissolved into registers
WARNING: [Synth 8-4767] Trying to implement RAM 'id_mem_reg' in registers. Block RAM or DRAM implementation is not possible; see log for reasons.
Reason is one or more of the following :
	1: RAM is sensitive to asynchronous reset signal. this RTL style is not supported. 
RAM "id_mem_reg" dissolved into registers
WARNING: [Synth 8-4767] Trying to implement RAM 'next_mem_reg' in registers. Block RAM or DRAM implementation is not possible; see log for reasons.
Reason is one or more of the following :
	1: RAM is sensitive to asynchronous reset signal. this RTL style is not supported. 
RAM "next_mem_reg" dissolved into registers
WARNING: [Synth 8-7137] Register id_mem_reg in module dma_completion_fifo has both Set and reset with same priority. This may cause simulation mismatches. Consider rewriting code 
WARNING: [Synth 8-7137] Register done_mem_reg in module dma_completion_fifo has both Set and reset with same priority. This may cause simulation mismatches. Consider rewriting code 
WARNING: [Synth 8-7137] Register fault_mem_reg in module dma_completion_fifo has both Set and reset with same priority. This may cause simulation mismatches. Consider rewriting code 
WARNING: [Synth 8-7137] Register fault_code_mem_reg in module dma_completion_fifo has both Set and reset with same priority. This may cause simulation mismatches. Consider rewriting code 
WARNING: [Synth 8-7137] Register bytes_mem_reg in module dma_completion_fifo has both Set and reset with same priority. This may cause simulation mismatches. Consider rewriting code 
WARNING: [Synth 8-4767] Trying to implement RAM 'id_mem_reg' in registers. Block RAM or DRAM implementation is not possible; see log for reasons.
Reason is one or more of the following :
	1: RAM is sensitive to asynchronous reset signal. this RTL style is not supported. 
RAM "id_mem_reg" dissolved into registers
WARNING: [Synth 8-4767] Trying to implement RAM 'done_mem_reg' in registers. Block RAM or DRAM implementation is not possible; see log for reasons.
Reason is one or more of the following :
	1: RAM is sensitive to asynchronous reset signal. this RTL style is not supported. 
RAM "done_mem_reg" dissolved into registers
WARNING: [Synth 8-4767] Trying to implement RAM 'fault_mem_reg' in registers. Block RAM or DRAM implementation is not possible; see log for reasons.
Reason is one or more of the following :
	1: RAM is sensitive to asynchronous reset signal. this RTL style is not supported. 
RAM "fault_mem_reg" dissolved into registers
WARNING: [Synth 8-4767] Trying to implement RAM 'fault_code_mem_reg' in registers. Block RAM or DRAM implementation is not possible; see log for reasons.
Reason is one or more of the following :
	1: RAM is sensitive to asynchronous reset signal. this RTL style is not supported. 
RAM "fault_code_mem_reg" dissolved into registers
WARNING: [Synth 8-4767] Trying to implement RAM 'bytes_mem_reg' in registers. Block RAM or DRAM implementation is not possible; see log for reasons.
Reason is one or more of the following :
	1: RAM is sensitive to asynchronous reset signal. this RTL style is not supported. 
RAM "bytes_mem_reg" dissolved into registers
WARNING: [Synth 8-6014] Unused sequential element axi_cmd_offset_reg_reg was removed.  [D:/_codex_dma_mmu/src/DMA/axi_cdma.v:679]
WARNING: [Synth 8-6014] Unused sequential element axi_cmd_first_cycle_offset_reg_reg was removed.  [D:/_codex_dma_mmu/src/DMA/axi_cdma.v:680]
WARNING: [Synth 8-6014] Unused sequential element axi_cmd_bubble_cycle_reg_reg was removed.  [D:/_codex_dma_mmu/src/DMA/axi_cdma.v:684]
WARNING: [Synth 8-6014] Unused sequential element bubble_cycle_reg_reg was removed.  [D:/_codex_dma_mmu/src/DMA/axi_cdma.v:696]
WARNING: [Synth 8-6014] Unused sequential element first_input_cycle_reg_reg was removed.  [D:/_codex_dma_mmu/src/DMA/axi_cdma.v:697]
WARNING: [Synth 8-6014] Unused sequential element tr_word_count_reg_reg was removed.  [D:/_codex_dma_mmu/src/DMA/axi_dma_rd.v:591]
WARNING: [Synth 8-6014] Unused sequential element axis_cmd_offset_reg_reg was removed.  [D:/_codex_dma_mmu/src/DMA/axi_dma_rd.v:593]
WARNING: [Synth 8-6014] Unused sequential element axis_cmd_bubble_cycle_reg_reg was removed.  [D:/_codex_dma_mmu/src/DMA/axi_dma_rd.v:597]
WARNING: [Synth 8-6014] Unused sequential element axis_cmd_axis_id_reg_reg was removed.  [D:/_codex_dma_mmu/src/DMA/axi_dma_rd.v:599]
WARNING: [Synth 8-6014] Unused sequential element axis_cmd_axis_dest_reg_reg was removed.  [D:/_codex_dma_mmu/src/DMA/axi_dma_rd.v:600]
WARNING: [Synth 8-6014] Unused sequential element axis_cmd_axis_user_reg_reg was removed.  [D:/_codex_dma_mmu/src/DMA/axi_dma_rd.v:601]
WARNING: [Synth 8-6014] Unused sequential element bubble_cycle_reg_reg was removed.  [D:/_codex_dma_mmu/src/DMA/axi_dma_rd.v:610]
WARNING: [Synth 8-6014] Unused sequential element first_cycle_reg_reg was removed.  [D:/_codex_dma_mmu/src/DMA/axi_dma_rd.v:611]
WARNING: [Synth 8-6014] Unused sequential element axis_id_reg_reg was removed.  [D:/_codex_dma_mmu/src/DMA/axi_dma_rd.v:616]
WARNING: [Synth 8-6014] Unused sequential element axis_dest_reg_reg was removed.  [D:/_codex_dma_mmu/src/DMA/axi_dma_rd.v:617]
WARNING: [Synth 8-6014] Unused sequential element axis_user_reg_reg was removed.  [D:/_codex_dma_mmu/src/DMA/axi_dma_rd.v:618]
WARNING: [Synth 8-6014] Unused sequential element out_fifo_tid_reg was removed. 
WARNING: [Synth 8-6014] Unused sequential element out_fifo_tdest_reg was removed. 
WARNING: [Synth 8-6014] Unused sequential element out_fifo_tuser_reg was removed. 
WARNING: [Synth 8-6014] Unused sequential element m_axis_read_data_tid_reg_reg was removed.  [D:/_codex_dma_mmu/src/DMA/axi_dma_rd.v:699]
WARNING: [Synth 8-6014] Unused sequential element m_axis_read_data_tdest_reg_reg was removed.  [D:/_codex_dma_mmu/src/DMA/axi_dma_rd.v:700]
WARNING: [Synth 8-6014] Unused sequential element m_axis_read_data_tuser_reg_reg was removed.  [D:/_codex_dma_mmu/src/DMA/axi_dma_rd.v:701]
WARNING: [Synth 8-6014] Unused sequential element zero_offset_reg_reg was removed.  [D:/_codex_dma_mmu/src/DMA/axi_dma_wr.v:820]
WARNING: [Synth 8-6014] Unused sequential element input_last_cycle_reg_reg was removed.  [D:/_codex_dma_mmu/src/DMA/axi_dma_wr.v:829]
WARNING: [Synth 8-6014] Unused sequential element save_axis_tkeep_reg_reg was removed.  [D:/_codex_dma_mmu/src/DMA/axi_dma_wr.v:841]
WARNING: [Synth 8-6014] Unused sequential element save_axis_tlast_reg_reg was removed.  [D:/_codex_dma_mmu/src/DMA/axi_dma_wr.v:842]
WARNING: [Synth 8-6014] Unused sequential element shift_axis_extra_cycle_reg_reg was removed.  [D:/_codex_dma_mmu/src/DMA/axi_dma_wr.v:843]
WARNING: [Synth 8-6014] Unused sequential element save_axis_tdata_reg_reg was removed.  [D:/_codex_dma_mmu/src/DMA/axi_dma_wr.v:845]
WARNING: [Synth 8-6014] Unused sequential element genblk1[0].thread_region_reg_reg[0] was removed.  [D:/_codex_dma_mmu/src/AXI/axi_crossbar_addr.v:309]
WARNING: [Synth 8-6014] Unused sequential element s_axi_buser_reg_reg was removed.  [D:/_codex_dma_mmu/src/AXI/axi_register_wr.v:672]
WARNING: [Synth 8-6014] Unused sequential element m_axi_awuser_reg_reg was removed.  [D:/_codex_dma_mmu/src/AXI/axi_register_wr.v:342]
WARNING: [Synth 8-6014] Unused sequential element m_axi_wuser_reg_reg was removed.  [D:/_codex_dma_mmu/src/AXI/axi_register_wr.v:445]
WARNING: [Synth 8-6014] Unused sequential element temp_m_axi_wuser_reg_reg was removed.  [D:/_codex_dma_mmu/src/AXI/axi_register_wr.v:450]
WARNING: [Synth 8-6014] Unused sequential element genblk1[0].thread_region_reg_reg[0] was removed.  [D:/_codex_dma_mmu/src/AXI/axi_crossbar_addr.v:309]
WARNING: [Synth 8-6014] Unused sequential element s_axi_ruser_reg_reg was removed.  [D:/_codex_dma_mmu/src/AXI/axi_register_rd.v:434]
WARNING: [Synth 8-6014] Unused sequential element temp_s_axi_ruser_reg_reg was removed.  [D:/_codex_dma_mmu/src/AXI/axi_register_rd.v:440]
WARNING: [Synth 8-6014] Unused sequential element m_axi_aruser_reg_reg was removed.  [D:/_codex_dma_mmu/src/AXI/axi_register_rd.v:327]
WARNING: [Synth 8-6014] Unused sequential element active_next_q_reg was removed.  [D:/_codex_dma_mmu/src/SoC/dma_mmu_axi_top.sv:481]
WARNING: [Synth 8-6014] Unused sequential element a_pipe_q_reg[0][3] was removed.  [D:/_codex_dma_mmu/src/Systolic/systolic_matmul_4x4.sv:106]
WARNING: [Synth 8-6014] Unused sequential element a_pipe_q_reg[1][3] was removed.  [D:/_codex_dma_mmu/src/Systolic/systolic_matmul_4x4.sv:106]
WARNING: [Synth 8-6014] Unused sequential element a_pipe_q_reg[2][3] was removed.  [D:/_codex_dma_mmu/src/Systolic/systolic_matmul_4x4.sv:106]
WARNING: [Synth 8-6014] Unused sequential element a_pipe_q_reg[3][3] was removed.  [D:/_codex_dma_mmu/src/Systolic/systolic_matmul_4x4.sv:106]
WARNING: [Synth 8-6014] Unused sequential element b_pipe_q_reg[3][0] was removed.  [D:/_codex_dma_mmu/src/Systolic/systolic_matmul_4x4.sv:107]
WARNING: [Synth 8-6014] Unused sequential element b_pipe_q_reg[3][1] was removed.  [D:/_codex_dma_mmu/src/Systolic/systolic_matmul_4x4.sv:107]
WARNING: [Synth 8-6014] Unused sequential element b_pipe_q_reg[3][2] was removed.  [D:/_codex_dma_mmu/src/Systolic/systolic_matmul_4x4.sv:107]
WARNING: [Synth 8-6014] Unused sequential element b_pipe_q_reg[3][3] was removed.  [D:/_codex_dma_mmu/src/Systolic/systolic_matmul_4x4.sv:107]
WARNING: [Synth 8-6014] Unused sequential element a_valid_q_reg[0][3] was removed.  [D:/_codex_dma_mmu/src/Systolic/systolic_matmul_4x4.sv:108]
WARNING: [Synth 8-6014] Unused sequential element a_valid_q_reg[1][3] was removed.  [D:/_codex_dma_mmu/src/Systolic/systolic_matmul_4x4.sv:108]
WARNING: [Synth 8-6014] Unused sequential element a_valid_q_reg[2][3] was removed.  [D:/_codex_dma_mmu/src/Systolic/systolic_matmul_4x4.sv:108]
WARNING: [Synth 8-6014] Unused sequential element a_valid_q_reg[3][3] was removed.  [D:/_codex_dma_mmu/src/Systolic/systolic_matmul_4x4.sv:108]
INFO: [Common 17-14] Message 'Synth 8-6014' appears 100 times and further instances of the messages will be disabled. Use the Tcl command set_msg_config to change the current settings.
WARNING: [Synth 8-7137] Register batch_output_mem_reg[0] in module systolic_accel_axil_axis has both Set and reset with same priority. This may cause simulation mismatches. Consider rewriting code  [D:/_codex_dma_mmu/src/Systolic/systolic_accel_axil_axis.sv:364]
WARNING: [Synth 8-7137] Register batch_output_mem_reg[1] in module systolic_accel_axil_axis has both Set and reset with same priority. This may cause simulation mismatches. Consider rewriting code  [D:/_codex_dma_mmu/src/Systolic/systolic_accel_axil_axis.sv:364]
WARNING: [Synth 8-7137] Register batch_output_mem_reg[2] in module systolic_accel_axil_axis has both Set and reset with same priority. This may cause simulation mismatches. Consider rewriting code  [D:/_codex_dma_mmu/src/Systolic/systolic_accel_axil_axis.sv:364]
WARNING: [Synth 8-7137] Register batch_output_mem_reg[3] in module systolic_accel_axil_axis has both Set and reset with same priority. This may cause simulation mismatches. Consider rewriting code  [D:/_codex_dma_mmu/src/Systolic/systolic_accel_axil_axis.sv:364]
WARNING: [Synth 8-7137] Register batch_output_mem_reg[4] in module systolic_accel_axil_axis has both Set and reset with same priority. This may cause simulation mismatches. Consider rewriting code  [D:/_codex_dma_mmu/src/Systolic/systolic_accel_axil_axis.sv:364]
WARNING: [Synth 8-7137] Register batch_output_mem_reg[5] in module systolic_accel_axil_axis has both Set and reset with same priority. This may cause simulation mismatches. Consider rewriting code  [D:/_codex_dma_mmu/src/Systolic/systolic_accel_axil_axis.sv:364]
WARNING: [Synth 8-7137] Register batch_output_mem_reg[6] in module systolic_accel_axil_axis has both Set and reset with same priority. This may cause simulation mismatches. Consider rewriting code  [D:/_codex_dma_mmu/src/Systolic/systolic_accel_axil_axis.sv:364]
WARNING: [Synth 8-7137] Register batch_output_mem_reg[7] in module systolic_accel_axil_axis has both Set and reset with same priority. This may cause simulation mismatches. Consider rewriting code  [D:/_codex_dma_mmu/src/Systolic/systolic_accel_axil_axis.sv:364]
WARNING: [Synth 8-7137] Register batch_output_mem_reg[8] in module systolic_accel_axil_axis has both Set and reset with same priority. This may cause simulation mismatches. Consider rewriting code  [D:/_codex_dma_mmu/src/Systolic/systolic_accel_axil_axis.sv:364]
WARNING: [Synth 8-7137] Register batch_output_mem_reg[9] in module systolic_accel_axil_axis has both Set and reset with same priority. This may cause simulation mismatches. Consider rewriting code  [D:/_codex_dma_mmu/src/Systolic/systolic_accel_axil_axis.sv:364]
WARNING: [Synth 8-7137] Register batch_output_mem_reg[10] in module systolic_accel_axil_axis has both Set and reset with same priority. This may cause simulation mismatches. Consider rewriting code  [D:/_codex_dma_mmu/src/Systolic/systolic_accel_axil_axis.sv:364]
WARNING: [Synth 8-7137] Register batch_output_mem_reg[11] in module systolic_accel_axil_axis has both Set and reset with same priority. This may cause simulation mismatches. Consider rewriting code  [D:/_codex_dma_mmu/src/Systolic/systolic_accel_axil_axis.sv:364]
WARNING: [Synth 8-7137] Register batch_output_mem_reg[12] in module systolic_accel_axil_axis has both Set and reset with same priority. This may cause simulation mismatches. Consider rewriting code  [D:/_codex_dma_mmu/src/Systolic/systolic_accel_axil_axis.sv:364]
WARNING: [Synth 8-7137] Register batch_output_mem_reg[13] in module systolic_accel_axil_axis has both Set and reset with same priority. This may cause simulation mismatches. Consider rewriting code  [D:/_codex_dma_mmu/src/Systolic/systolic_accel_axil_axis.sv:364]
WARNING: [Synth 8-7137] Register batch_output_mem_reg[14] in module systolic_accel_axil_axis has both Set and reset with same priority. This may cause simulation mismatches. Consider rewriting code  [D:/_codex_dma_mmu/src/Systolic/systolic_accel_axil_axis.sv:364]
WARNING: [Synth 8-7137] Register batch_output_mem_reg[15] in module systolic_accel_axil_axis has both Set and reset with same priority. This may cause simulation mismatches. Consider rewriting code  [D:/_codex_dma_mmu/src/Systolic/systolic_accel_axil_axis.sv:364]
WARNING: [Synth 8-7137] Register batch_output_mem_reg[16] in module systolic_accel_axil_axis has both Set and reset with same priority. This may cause simulation mismatches. Consider rewriting code  [D:/_codex_dma_mmu/src/Systolic/systolic_accel_axil_axis.sv:364]
WARNING: [Synth 8-7137] Register batch_output_mem_reg[17] in module systolic_accel_axil_axis has both Set and reset with same priority. This may cause simulation mismatches. Consider rewriting code  [D:/_codex_dma_mmu/src/Systolic/systolic_accel_axil_axis.sv:364]
WARNING: [Synth 8-7137] Register batch_output_mem_reg[18] in module systolic_accel_axil_axis has both Set and reset with same priority. This may cause simulation mismatches. Consider rewriting code  [D:/_codex_dma_mmu/src/Systolic/systolic_accel_axil_axis.sv:364]
WARNING: [Synth 8-7137] Register batch_output_mem_reg[19] in module systolic_accel_axil_axis has both Set and reset with same priority. This may cause simulation mismatches. Consider rewriting code  [D:/_codex_dma_mmu/src/Systolic/systolic_accel_axil_axis.sv:364]
WARNING: [Synth 8-7137] Register batch_output_mem_reg[20] in module systolic_accel_axil_axis has both Set and reset with same priority. This may cause simulation mismatches. Consider rewriting code  [D:/_codex_dma_mmu/src/Systolic/systolic_accel_axil_axis.sv:364]
WARNING: [Synth 8-7137] Register batch_output_mem_reg[21] in module systolic_accel_axil_axis has both Set and reset with same priority. This may cause simulation mismatches. Consider rewriting code  [D:/_codex_dma_mmu/src/Systolic/systolic_accel_axil_axis.sv:364]
WARNING: [Synth 8-7137] Register batch_output_mem_reg[22] in module systolic_accel_axil_axis has both Set and reset with same priority. This may cause simulation mismatches. Consider rewriting code  [D:/_codex_dma_mmu/src/Systolic/systolic_accel_axil_axis.sv:364]
WARNING: [Synth 8-7137] Register batch_output_mem_reg[23] in module systolic_accel_axil_axis has both Set and reset with same priority. This may cause simulation mismatches. Consider rewriting code  [D:/_codex_dma_mmu/src/Systolic/systolic_accel_axil_axis.sv:364]
WARNING: [Synth 8-7137] Register batch_output_mem_reg[24] in module systolic_accel_axil_axis has both Set and reset with same priority. This may cause simulation mismatches. Consider rewriting code  [D:/_codex_dma_mmu/src/Systolic/systolic_accel_axil_axis.sv:364]
WARNING: [Synth 8-7137] Register batch_output_mem_reg[25] in module systolic_accel_axil_axis has both Set and reset with same priority. This may cause simulation mismatches. Consider rewriting code  [D:/_codex_dma_mmu/src/Systolic/systolic_accel_axil_axis.sv:364]
WARNING: [Synth 8-7137] Register batch_output_mem_reg[26] in module systolic_accel_axil_axis has both Set and reset with same priority. This may cause simulation mismatches. Consider rewriting code  [D:/_codex_dma_mmu/src/Systolic/systolic_accel_axil_axis.sv:364]
WARNING: [Synth 8-7137] Register batch_output_mem_reg[27] in module systolic_accel_axil_axis has both Set and reset with same priority. This may cause simulation mismatches. Consider rewriting code  [D:/_codex_dma_mmu/src/Systolic/systolic_accel_axil_axis.sv:364]
WARNING: [Synth 8-7137] Register batch_output_mem_reg[28] in module systolic_accel_axil_axis has both Set and reset with same priority. This may cause simulation mismatches. Consider rewriting code  [D:/_codex_dma_mmu/src/Systolic/systolic_accel_axil_axis.sv:364]
WARNING: [Synth 8-7137] Register batch_output_mem_reg[29] in module systolic_accel_axil_axis has both Set and reset with same priority. This may cause simulation mismatches. Consider rewriting code  [D:/_codex_dma_mmu/src/Systolic/systolic_accel_axil_axis.sv:364]
WARNING: [Synth 8-7137] Register batch_output_mem_reg[30] in module systolic_accel_axil_axis has both Set and reset with same priority. This may cause simulation mismatches. Consider rewriting code  [D:/_codex_dma_mmu/src/Systolic/systolic_accel_axil_axis.sv:364]
WARNING: [Synth 8-7137] Register batch_output_mem_reg[31] in module systolic_accel_axil_axis has both Set and reset with same priority. This may cause simulation mismatches. Consider rewriting code  [D:/_codex_dma_mmu/src/Systolic/systolic_accel_axil_axis.sv:364]
WARNING: [Synth 8-7137] Register batch_output_mem_reg[32] in module systolic_accel_axil_axis has both Set and reset with same priority. This may cause simulation mismatches. Consider rewriting code  [D:/_codex_dma_mmu/src/Systolic/systolic_accel_axil_axis.sv:364]
WARNING: [Synth 8-7137] Register batch_output_mem_reg[33] in module systolic_accel_axil_axis has both Set and reset with same priority. This may cause simulation mismatches. Consider rewriting code  [D:/_codex_dma_mmu/src/Systolic/systolic_accel_axil_axis.sv:364]
WARNING: [Synth 8-7137] Register batch_output_mem_reg[34] in module systolic_accel_axil_axis has both Set and reset with same priority. This may cause simulation mismatches. Consider rewriting code  [D:/_codex_dma_mmu/src/Systolic/systolic_accel_axil_axis.sv:364]
WARNING: [Synth 8-7137] Register batch_output_mem_reg[35] in module systolic_accel_axil_axis has both Set and reset with same priority. This may cause simulation mismatches. Consider rewriting code  [D:/_codex_dma_mmu/src/Systolic/systolic_accel_axil_axis.sv:364]
WARNING: [Synth 8-7137] Register batch_output_mem_reg[36] in module systolic_accel_axil_axis has both Set and reset with same priority. This may cause simulation mismatches. Consider rewriting code  [D:/_codex_dma_mmu/src/Systolic/systolic_accel_axil_axis.sv:364]
WARNING: [Synth 8-7137] Register batch_output_mem_reg[37] in module systolic_accel_axil_axis has both Set and reset with same priority. This may cause simulation mismatches. Consider rewriting code  [D:/_codex_dma_mmu/src/Systolic/systolic_accel_axil_axis.sv:364]
WARNING: [Synth 8-7137] Register batch_output_mem_reg[38] in module systolic_accel_axil_axis has both Set and reset with same priority. This may cause simulation mismatches. Consider rewriting code  [D:/_codex_dma_mmu/src/Systolic/systolic_accel_axil_axis.sv:364]
WARNING: [Synth 8-7137] Register batch_output_mem_reg[39] in module systolic_accel_axil_axis has both Set and reset with same priority. This may cause simulation mismatches. Consider rewriting code  [D:/_codex_dma_mmu/src/Systolic/systolic_accel_axil_axis.sv:364]
WARNING: [Synth 8-7137] Register batch_output_mem_reg[40] in module systolic_accel_axil_axis has both Set and reset with same priority. This may cause simulation mismatches. Consider rewriting code  [D:/_codex_dma_mmu/src/Systolic/systolic_accel_axil_axis.sv:364]
WARNING: [Synth 8-7137] Register batch_output_mem_reg[41] in module systolic_accel_axil_axis has both Set and reset with same priority. This may cause simulation mismatches. Consider rewriting code  [D:/_codex_dma_mmu/src/Systolic/systolic_accel_axil_axis.sv:364]
WARNING: [Synth 8-7137] Register batch_output_mem_reg[42] in module systolic_accel_axil_axis has both Set and reset with same priority. This may cause simulation mismatches. Consider rewriting code  [D:/_codex_dma_mmu/src/Systolic/systolic_accel_axil_axis.sv:364]
WARNING: [Synth 8-7137] Register batch_output_mem_reg[43] in module systolic_accel_axil_axis has both Set and reset with same priority. This may cause simulation mismatches. Consider rewriting code  [D:/_codex_dma_mmu/src/Systolic/systolic_accel_axil_axis.sv:364]
WARNING: [Synth 8-7137] Register batch_output_mem_reg[44] in module systolic_accel_axil_axis has both Set and reset with same priority. This may cause simulation mismatches. Consider rewriting code  [D:/_codex_dma_mmu/src/Systolic/systolic_accel_axil_axis.sv:364]
WARNING: [Synth 8-7137] Register batch_output_mem_reg[45] in module systolic_accel_axil_axis has both Set and reset with same priority. This may cause simulation mismatches. Consider rewriting code  [D:/_codex_dma_mmu/src/Systolic/systolic_accel_axil_axis.sv:364]
WARNING: [Synth 8-7137] Register batch_output_mem_reg[46] in module systolic_accel_axil_axis has both Set and reset with same priority. This may cause simulation mismatches. Consider rewriting code  [D:/_codex_dma_mmu/src/Systolic/systolic_accel_axil_axis.sv:364]
WARNING: [Synth 8-7137] Register batch_output_mem_reg[47] in module systolic_accel_axil_axis has both Set and reset with same priority. This may cause simulation mismatches. Consider rewriting code  [D:/_codex_dma_mmu/src/Systolic/systolic_accel_axil_axis.sv:364]
WARNING: [Synth 8-7137] Register batch_output_mem_reg[48] in module systolic_accel_axil_axis has both Set and reset with same priority. This may cause simulation mismatches. Consider rewriting code  [D:/_codex_dma_mmu/src/Systolic/systolic_accel_axil_axis.sv:364]
WARNING: [Synth 8-7137] Register batch_output_mem_reg[49] in module systolic_accel_axil_axis has both Set and reset with same priority. This may cause simulation mismatches. Consider rewriting code  [D:/_codex_dma_mmu/src/Systolic/systolic_accel_axil_axis.sv:364]
WARNING: [Synth 8-7137] Register batch_output_mem_reg[50] in module systolic_accel_axil_axis has both Set and reset with same priority. This may cause simulation mismatches. Consider rewriting code  [D:/_codex_dma_mmu/src/Systolic/systolic_accel_axil_axis.sv:364]
WARNING: [Synth 8-7137] Register batch_output_mem_reg[51] in module systolic_accel_axil_axis has both Set and reset with same priority. This may cause simulation mismatches. Consider rewriting code  [D:/_codex_dma_mmu/src/Systolic/systolic_accel_axil_axis.sv:364]
WARNING: [Synth 8-7137] Register batch_output_mem_reg[52] in module systolic_accel_axil_axis has both Set and reset with same priority. This may cause simulation mismatches. Consider rewriting code  [D:/_codex_dma_mmu/src/Systolic/systolic_accel_axil_axis.sv:364]
WARNING: [Synth 8-7137] Register batch_output_mem_reg[53] in module systolic_accel_axil_axis has both Set and reset with same priority. This may cause simulation mismatches. Consider rewriting code  [D:/_codex_dma_mmu/src/Systolic/systolic_accel_axil_axis.sv:364]
WARNING: [Synth 8-7137] Register batch_output_mem_reg[54] in module systolic_accel_axil_axis has both Set and reset with same priority. This may cause simulation mismatches. Consider rewriting code  [D:/_codex_dma_mmu/src/Systolic/systolic_accel_axil_axis.sv:364]
WARNING: [Synth 8-7137] Register batch_output_mem_reg[55] in module systolic_accel_axil_axis has both Set and reset with same priority. This may cause simulation mismatches. Consider rewriting code  [D:/_codex_dma_mmu/src/Systolic/systolic_accel_axil_axis.sv:364]
WARNING: [Synth 8-7137] Register batch_output_mem_reg[56] in module systolic_accel_axil_axis has both Set and reset with same priority. This may cause simulation mismatches. Consider rewriting code  [D:/_codex_dma_mmu/src/Systolic/systolic_accel_axil_axis.sv:364]
WARNING: [Synth 8-7137] Register batch_output_mem_reg[57] in module systolic_accel_axil_axis has both Set and reset with same priority. This may cause simulation mismatches. Consider rewriting code  [D:/_codex_dma_mmu/src/Systolic/systolic_accel_axil_axis.sv:364]
WARNING: [Synth 8-7137] Register batch_output_mem_reg[58] in module systolic_accel_axil_axis has both Set and reset with same priority. This may cause simulation mismatches. Consider rewriting code  [D:/_codex_dma_mmu/src/Systolic/systolic_accel_axil_axis.sv:364]
WARNING: [Synth 8-7137] Register batch_output_mem_reg[59] in module systolic_accel_axil_axis has both Set and reset with same priority. This may cause simulation mismatches. Consider rewriting code  [D:/_codex_dma_mmu/src/Systolic/systolic_accel_axil_axis.sv:364]
WARNING: [Synth 8-7137] Register batch_output_mem_reg[60] in module systolic_accel_axil_axis has both Set and reset with same priority. This may cause simulation mismatches. Consider rewriting code  [D:/_codex_dma_mmu/src/Systolic/systolic_accel_axil_axis.sv:364]
WARNING: [Synth 8-7137] Register batch_output_mem_reg[61] in module systolic_accel_axil_axis has both Set and reset with same priority. This may cause simulation mismatches. Consider rewriting code  [D:/_codex_dma_mmu/src/Systolic/systolic_accel_axil_axis.sv:364]
WARNING: [Synth 8-7137] Register batch_output_mem_reg[62] in module systolic_accel_axil_axis has both Set and reset with same priority. This may cause simulation mismatches. Consider rewriting code  [D:/_codex_dma_mmu/src/Systolic/systolic_accel_axil_axis.sv:364]
WARNING: [Synth 8-7137] Register batch_output_mem_reg[63] in module systolic_accel_axil_axis has both Set and reset with same priority. This may cause simulation mismatches. Consider rewriting code  [D:/_codex_dma_mmu/src/Systolic/systolic_accel_axil_axis.sv:364]
WARNING: [Synth 8-7137] Register batch_output_mem_reg[64] in module systolic_accel_axil_axis has both Set and reset with same priority. This may cause simulation mismatches. Consider rewriting code  [D:/_codex_dma_mmu/src/Systolic/systolic_accel_axil_axis.sv:364]
WARNING: [Synth 8-7137] Register batch_output_mem_reg[65] in module systolic_accel_axil_axis has both Set and reset with same priority. This may cause simulation mismatches. Consider rewriting code  [D:/_codex_dma_mmu/src/Systolic/systolic_accel_axil_axis.sv:364]
WARNING: [Synth 8-7137] Register batch_output_mem_reg[66] in module systolic_accel_axil_axis has both Set and reset with same priority. This may cause simulation mismatches. Consider rewriting code  [D:/_codex_dma_mmu/src/Systolic/systolic_accel_axil_axis.sv:364]
WARNING: [Synth 8-7137] Register batch_output_mem_reg[67] in module systolic_accel_axil_axis has both Set and reset with same priority. This may cause simulation mismatches. Consider rewriting code  [D:/_codex_dma_mmu/src/Systolic/systolic_accel_axil_axis.sv:364]
WARNING: [Synth 8-7137] Register batch_output_mem_reg[68] in module systolic_accel_axil_axis has both Set and reset with same priority. This may cause simulation mismatches. Consider rewriting code  [D:/_codex_dma_mmu/src/Systolic/systolic_accel_axil_axis.sv:364]
WARNING: [Synth 8-7137] Register batch_output_mem_reg[69] in module systolic_accel_axil_axis has both Set and reset with same priority. This may cause simulation mismatches. Consider rewriting code  [D:/_codex_dma_mmu/src/Systolic/systolic_accel_axil_axis.sv:364]
WARNING: [Synth 8-7137] Register batch_output_mem_reg[70] in module systolic_accel_axil_axis has both Set and reset with same priority. This may cause simulation mismatches. Consider rewriting code  [D:/_codex_dma_mmu/src/Systolic/systolic_accel_axil_axis.sv:364]
WARNING: [Synth 8-7137] Register batch_output_mem_reg[71] in module systolic_accel_axil_axis has both Set and reset with same priority. This may cause simulation mismatches. Consider rewriting code  [D:/_codex_dma_mmu/src/Systolic/systolic_accel_axil_axis.sv:364]
WARNING: [Synth 8-7137] Register batch_output_mem_reg[72] in module systolic_accel_axil_axis has both Set and reset with same priority. This may cause simulation mismatches. Consider rewriting code  [D:/_codex_dma_mmu/src/Systolic/systolic_accel_axil_axis.sv:364]
WARNING: [Synth 8-7137] Register batch_output_mem_reg[73] in module systolic_accel_axil_axis has both Set and reset with same priority. This may cause simulation mismatches. Consider rewriting code  [D:/_codex_dma_mmu/src/Systolic/systolic_accel_axil_axis.sv:364]
WARNING: [Synth 8-7137] Register batch_output_mem_reg[74] in module systolic_accel_axil_axis has both Set and reset with same priority. This may cause simulation mismatches. Consider rewriting code  [D:/_codex_dma_mmu/src/Systolic/systolic_accel_axil_axis.sv:364]
WARNING: [Synth 8-7137] Register batch_output_mem_reg[75] in module systolic_accel_axil_axis has both Set and reset with same priority. This may cause simulation mismatches. Consider rewriting code  [D:/_codex_dma_mmu/src/Systolic/systolic_accel_axil_axis.sv:364]
WARNING: [Synth 8-7137] Register batch_output_mem_reg[76] in module systolic_accel_axil_axis has both Set and reset with same priority. This may cause simulation mismatches. Consider rewriting code  [D:/_codex_dma_mmu/src/Systolic/systolic_accel_axil_axis.sv:364]
WARNING: [Synth 8-7137] Register batch_output_mem_reg[77] in module systolic_accel_axil_axis has both Set and reset with same priority. This may cause simulation mismatches. Consider rewriting code  [D:/_codex_dma_mmu/src/Systolic/systolic_accel_axil_axis.sv:364]
WARNING: [Synth 8-7137] Register batch_output_mem_reg[78] in module systolic_accel_axil_axis has both Set and reset with same priority. This may cause simulation mismatches. Consider rewriting code  [D:/_codex_dma_mmu/src/Systolic/systolic_accel_axil_axis.sv:364]
WARNING: [Synth 8-7137] Register batch_output_mem_reg[79] in module systolic_accel_axil_axis has both Set and reset with same priority. This may cause simulation mismatches. Consider rewriting code  [D:/_codex_dma_mmu/src/Systolic/systolic_accel_axil_axis.sv:364]
WARNING: [Synth 8-7137] Register batch_output_mem_reg[80] in module systolic_accel_axil_axis has both Set and reset with same priority. This may cause simulation mismatches. Consider rewriting code  [D:/_codex_dma_mmu/src/Systolic/systolic_accel_axil_axis.sv:364]
WARNING: [Synth 8-7137] Register batch_output_mem_reg[81] in module systolic_accel_axil_axis has both Set and reset with same priority. This may cause simulation mismatches. Consider rewriting code  [D:/_codex_dma_mmu/src/Systolic/systolic_accel_axil_axis.sv:364]
WARNING: [Synth 8-7137] Register batch_output_mem_reg[82] in module systolic_accel_axil_axis has both Set and reset with same priority. This may cause simulation mismatches. Consider rewriting code  [D:/_codex_dma_mmu/src/Systolic/systolic_accel_axil_axis.sv:364]
WARNING: [Synth 8-7137] Register batch_output_mem_reg[83] in module systolic_accel_axil_axis has both Set and reset with same priority. This may cause simulation mismatches. Consider rewriting code  [D:/_codex_dma_mmu/src/Systolic/systolic_accel_axil_axis.sv:364]
WARNING: [Synth 8-7137] Register batch_output_mem_reg[84] in module systolic_accel_axil_axis has both Set and reset with same priority. This may cause simulation mismatches. Consider rewriting code  [D:/_codex_dma_mmu/src/Systolic/systolic_accel_axil_axis.sv:364]
WARNING: [Synth 8-7137] Register batch_output_mem_reg[85] in module systolic_accel_axil_axis has both Set and reset with same priority. This may cause simulation mismatches. Consider rewriting code  [D:/_codex_dma_mmu/src/Systolic/systolic_accel_axil_axis.sv:364]
INFO: [Common 17-14] Message 'Synth 8-7137' appears 100 times and further instances of the messages will be disabled. Use the Tcl command set_msg_config to change the current settings.
WARNING: [Synth 8-7129] Port s_axi_aruser[0] in module axi_register_rd__parameterized0 is either unconnected or has no load
WARNING: [Synth 8-7129] Port m_axi_ruser[0] in module axi_register_rd__parameterized0 is either unconnected or has no load
WARNING: [Synth 8-7129] Port s_axi_aruser[0] in module axi_register_rd__parameterized3 is either unconnected or has no load
WARNING: [Synth 8-7129] Port m_axi_ruser[0] in module axi_register_rd__parameterized3 is either unconnected or has no load
WARNING: [Synth 8-7129] Port s_axi_aaddr[31] in module axi_crossbar_addr__parameterized7 is either unconnected or has no load
WARNING: [Synth 8-7129] Port s_axi_aaddr[30] in module axi_crossbar_addr__parameterized7 is either unconnected or has no load
WARNING: [Synth 8-7129] Port s_axi_aaddr[29] in module axi_crossbar_addr__parameterized7 is either unconnected or has no load
WARNING: [Synth 8-7129] Port s_axi_aaddr[28] in module axi_crossbar_addr__parameterized7 is either unconnected or has no load
WARNING: [Synth 8-7129] Port s_axi_aaddr[27] in module axi_crossbar_addr__parameterized7 is either unconnected or has no load
WARNING: [Synth 8-7129] Port s_axi_aaddr[26] in module axi_crossbar_addr__parameterized7 is either unconnected or has no load
WARNING: [Synth 8-7129] Port s_axi_aaddr[25] in module axi_crossbar_addr__parameterized7 is either unconnected or has no load
WARNING: [Synth 8-7129] Port s_axi_aaddr[24] in module axi_crossbar_addr__parameterized7 is either unconnected or has no load
WARNING: [Synth 8-7129] Port s_axi_aaddr[23] in module axi_crossbar_addr__parameterized7 is either unconnected or has no load
WARNING: [Synth 8-7129] Port s_axi_aaddr[22] in module axi_crossbar_addr__parameterized7 is either unconnected or has no load
WARNING: [Synth 8-7129] Port s_axi_aaddr[21] in module axi_crossbar_addr__parameterized7 is either unconnected or has no load
WARNING: [Synth 8-7129] Port s_axi_aaddr[20] in module axi_crossbar_addr__parameterized7 is either unconnected or has no load
WARNING: [Synth 8-7129] Port s_axi_aaddr[19] in module axi_crossbar_addr__parameterized7 is either unconnected or has no load
WARNING: [Synth 8-7129] Port s_axi_aaddr[18] in module axi_crossbar_addr__parameterized7 is either unconnected or has no load
WARNING: [Synth 8-7129] Port s_axi_aaddr[17] in module axi_crossbar_addr__parameterized7 is either unconnected or has no load
WARNING: [Synth 8-7129] Port s_axi_aaddr[16] in module axi_crossbar_addr__parameterized7 is either unconnected or has no load
WARNING: [Synth 8-7129] Port s_axi_aaddr[15] in module axi_crossbar_addr__parameterized7 is either unconnected or has no load
WARNING: [Synth 8-7129] Port s_axi_aaddr[14] in module axi_crossbar_addr__parameterized7 is either unconnected or has no load
WARNING: [Synth 8-7129] Port s_axi_aaddr[13] in module axi_crossbar_addr__parameterized7 is either unconnected or has no load
WARNING: [Synth 8-7129] Port s_axi_aaddr[12] in module axi_crossbar_addr__parameterized7 is either unconnected or has no load
WARNING: [Synth 8-7129] Port s_axi_aaddr[11] in module axi_crossbar_addr__parameterized7 is either unconnected or has no load
WARNING: [Synth 8-7129] Port s_axi_aaddr[10] in module axi_crossbar_addr__parameterized7 is either unconnected or has no load
WARNING: [Synth 8-7129] Port s_axi_aaddr[9] in module axi_crossbar_addr__parameterized7 is either unconnected or has no load
WARNING: [Synth 8-7129] Port s_axi_aaddr[8] in module axi_crossbar_addr__parameterized7 is either unconnected or has no load
WARNING: [Synth 8-7129] Port s_axi_aaddr[7] in module axi_crossbar_addr__parameterized7 is either unconnected or has no load
WARNING: [Synth 8-7129] Port s_axi_aaddr[6] in module axi_crossbar_addr__parameterized7 is either unconnected or has no load
WARNING: [Synth 8-7129] Port s_axi_aaddr[5] in module axi_crossbar_addr__parameterized7 is either unconnected or has no load
WARNING: [Synth 8-7129] Port s_axi_aaddr[4] in module axi_crossbar_addr__parameterized7 is either unconnected or has no load
WARNING: [Synth 8-7129] Port s_axi_aaddr[3] in module axi_crossbar_addr__parameterized7 is either unconnected or has no load
WARNING: [Synth 8-7129] Port s_axi_aaddr[2] in module axi_crossbar_addr__parameterized7 is either unconnected or has no load
WARNING: [Synth 8-7129] Port s_axi_aaddr[1] in module axi_crossbar_addr__parameterized7 is either unconnected or has no load
WARNING: [Synth 8-7129] Port s_axi_aaddr[0] in module axi_crossbar_addr__parameterized7 is either unconnected or has no load
WARNING: [Synth 8-7129] Port s_axi_aprot[2] in module axi_crossbar_addr__parameterized7 is either unconnected or has no load
WARNING: [Synth 8-7129] Port s_axi_aprot[1] in module axi_crossbar_addr__parameterized7 is either unconnected or has no load
WARNING: [Synth 8-7129] Port s_axi_aprot[0] in module axi_crossbar_addr__parameterized7 is either unconnected or has no load
WARNING: [Synth 8-7129] Port s_axi_aqos[3] in module axi_crossbar_addr__parameterized7 is either unconnected or has no load
WARNING: [Synth 8-7129] Port s_axi_aqos[2] in module axi_crossbar_addr__parameterized7 is either unconnected or has no load
WARNING: [Synth 8-7129] Port s_axi_aqos[1] in module axi_crossbar_addr__parameterized7 is either unconnected or has no load
WARNING: [Synth 8-7129] Port s_axi_aqos[0] in module axi_crossbar_addr__parameterized7 is either unconnected or has no load
WARNING: [Synth 8-7129] Port s_axi_awuser[0] in module axi_register_wr__parameterized0 is either unconnected or has no load
WARNING: [Synth 8-7129] Port s_axi_wuser[0] in module axi_register_wr__parameterized0 is either unconnected or has no load
WARNING: [Synth 8-7129] Port m_axi_buser[0] in module axi_register_wr__parameterized0 is either unconnected or has no load
WARNING: [Synth 8-7129] Port s_axi_awuser[0] in module axi_register_wr__parameterized3 is either unconnected or has no load
WARNING: [Synth 8-7129] Port s_axi_wuser[0] in module axi_register_wr__parameterized3 is either unconnected or has no load
WARNING: [Synth 8-7129] Port m_axi_buser[0] in module axi_register_wr__parameterized3 is either unconnected or has no load
WARNING: [Synth 8-7129] Port s_axi_aaddr[31] in module axi_crossbar_addr__parameterized5 is either unconnected or has no load
WARNING: [Synth 8-7129] Port s_axi_aaddr[30] in module axi_crossbar_addr__parameterized5 is either unconnected or has no load
WARNING: [Synth 8-7129] Port s_axi_aaddr[29] in module axi_crossbar_addr__parameterized5 is either unconnected or has no load
WARNING: [Synth 8-7129] Port s_axi_aaddr[28] in module axi_crossbar_addr__parameterized5 is either unconnected or has no load
WARNING: [Synth 8-7129] Port s_axi_aaddr[27] in module axi_crossbar_addr__parameterized5 is either unconnected or has no load
WARNING: [Synth 8-7129] Port s_axi_aaddr[26] in module axi_crossbar_addr__parameterized5 is either unconnected or has no load
WARNING: [Synth 8-7129] Port s_axi_aaddr[25] in module axi_crossbar_addr__parameterized5 is either unconnected or has no load
WARNING: [Synth 8-7129] Port s_axi_aaddr[24] in module axi_crossbar_addr__parameterized5 is either unconnected or has no load
WARNING: [Synth 8-7129] Port s_axi_aaddr[23] in module axi_crossbar_addr__parameterized5 is either unconnected or has no load
WARNING: [Synth 8-7129] Port s_axi_aaddr[22] in module axi_crossbar_addr__parameterized5 is either unconnected or has no load
WARNING: [Synth 8-7129] Port s_axi_aaddr[21] in module axi_crossbar_addr__parameterized5 is either unconnected or has no load
WARNING: [Synth 8-7129] Port s_axi_aaddr[20] in module axi_crossbar_addr__parameterized5 is either unconnected or has no load
WARNING: [Synth 8-7129] Port s_axi_aaddr[19] in module axi_crossbar_addr__parameterized5 is either unconnected or has no load
WARNING: [Synth 8-7129] Port s_axi_aaddr[18] in module axi_crossbar_addr__parameterized5 is either unconnected or has no load
WARNING: [Synth 8-7129] Port s_axi_aaddr[17] in module axi_crossbar_addr__parameterized5 is either unconnected or has no load
WARNING: [Synth 8-7129] Port s_axi_aaddr[16] in module axi_crossbar_addr__parameterized5 is either unconnected or has no load
WARNING: [Synth 8-7129] Port s_axi_aaddr[15] in module axi_crossbar_addr__parameterized5 is either unconnected or has no load
WARNING: [Synth 8-7129] Port s_axi_aaddr[14] in module axi_crossbar_addr__parameterized5 is either unconnected or has no load
WARNING: [Synth 8-7129] Port s_axi_aaddr[13] in module axi_crossbar_addr__parameterized5 is either unconnected or has no load
WARNING: [Synth 8-7129] Port s_axi_aaddr[12] in module axi_crossbar_addr__parameterized5 is either unconnected or has no load
WARNING: [Synth 8-7129] Port s_axi_aaddr[11] in module axi_crossbar_addr__parameterized5 is either unconnected or has no load
WARNING: [Synth 8-7129] Port s_axi_aaddr[10] in module axi_crossbar_addr__parameterized5 is either unconnected or has no load
WARNING: [Synth 8-7129] Port s_axi_aaddr[9] in module axi_crossbar_addr__parameterized5 is either unconnected or has no load
WARNING: [Synth 8-7129] Port s_axi_aaddr[8] in module axi_crossbar_addr__parameterized5 is either unconnected or has no load
WARNING: [Synth 8-7129] Port s_axi_aaddr[7] in module axi_crossbar_addr__parameterized5 is either unconnected or has no load
WARNING: [Synth 8-7129] Port s_axi_aaddr[6] in module axi_crossbar_addr__parameterized5 is either unconnected or has no load
WARNING: [Synth 8-7129] Port s_axi_aaddr[5] in module axi_crossbar_addr__parameterized5 is either unconnected or has no load
WARNING: [Synth 8-7129] Port s_axi_aaddr[4] in module axi_crossbar_addr__parameterized5 is either unconnected or has no load
WARNING: [Synth 8-7129] Port s_axi_aaddr[3] in module axi_crossbar_addr__parameterized5 is either unconnected or has no load
WARNING: [Synth 8-7129] Port s_axi_aaddr[2] in module axi_crossbar_addr__parameterized5 is either unconnected or has no load
WARNING: [Synth 8-7129] Port s_axi_aaddr[1] in module axi_crossbar_addr__parameterized5 is either unconnected or has no load
WARNING: [Synth 8-7129] Port s_axi_aaddr[0] in module axi_crossbar_addr__parameterized5 is either unconnected or has no load
WARNING: [Synth 8-7129] Port s_axi_aprot[2] in module axi_crossbar_addr__parameterized5 is either unconnected or has no load
WARNING: [Synth 8-7129] Port s_axi_aprot[1] in module axi_crossbar_addr__parameterized5 is either unconnected or has no load
WARNING: [Synth 8-7129] Port s_axi_aprot[0] in module axi_crossbar_addr__parameterized5 is either unconnected or has no load
WARNING: [Synth 8-7129] Port s_axi_aqos[3] in module axi_crossbar_addr__parameterized5 is either unconnected or has no load
WARNING: [Synth 8-7129] Port s_axi_aqos[2] in module axi_crossbar_addr__parameterized5 is either unconnected or has no load
WARNING: [Synth 8-7129] Port s_axi_aqos[1] in module axi_crossbar_addr__parameterized5 is either unconnected or has no load
WARNING: [Synth 8-7129] Port s_axi_aqos[0] in module axi_crossbar_addr__parameterized5 is either unconnected or has no load
WARNING: [Synth 8-7129] Port s_axil_awprot[2] in module uart_axil_axis is either unconnected or has no load
WARNING: [Synth 8-7129] Port s_axil_awprot[1] in module uart_axil_axis is either unconnected or has no load
WARNING: [Synth 8-7129] Port s_axil_awprot[0] in module uart_axil_axis is either unconnected or has no load
WARNING: [Synth 8-7129] Port s_axil_arprot[2] in module uart_axil_axis is either unconnected or has no load
WARNING: [Synth 8-7129] Port s_axil_arprot[1] in module uart_axil_axis is either unconnected or has no load
WARNING: [Synth 8-7129] Port s_axil_arprot[0] in module uart_axil_axis is either unconnected or has no load
WARNING: [Synth 8-7129] Port s_axis_tx_tlast in module uart_axil_axis is either unconnected or has no load
WARNING: [Synth 8-7129] Port s_axil_awprot[2] in module systolic_accel_axil_axis is either unconnected or has no load
WARNING: [Synth 8-7129] Port s_axil_awprot[1] in module systolic_accel_axil_axis is either unconnected or has no load
WARNING: [Synth 8-7129] Port s_axil_awprot[0] in module systolic_accel_axil_axis is either unconnected or has no load
WARNING: [Synth 8-7129] Port s_axil_araddr[1] in module systolic_accel_axil_axis is either unconnected or has no load
WARNING: [Synth 8-7129] Port s_axil_araddr[0] in module systolic_accel_axil_axis is either unconnected or has no load
INFO: [Common 17-14] Message 'Synth 8-7129' appears 100 times and further instances of the messages will be disabled. Use the Tcl command set_msg_config to change the current settings.
---------------------------------------------------------------------------------
Finished RTL Elaboration : Time (s): cpu = 00:00:17 ; elapsed = 00:00:17 . Memory (MB): peak = 2000.082 ; gain = 967.461
---------------------------------------------------------------------------------
---------------------------------------------------------------------------------
Start Handling Custom Attributes
---------------------------------------------------------------------------------
---------------------------------------------------------------------------------
Finished Handling Custom Attributes : Time (s): cpu = 00:00:18 ; elapsed = 00:00:18 . Memory (MB): peak = 2000.082 ; gain = 967.461
---------------------------------------------------------------------------------
---------------------------------------------------------------------------------
Finished RTL Optimization Phase 1 : Time (s): cpu = 00:00:18 ; elapsed = 00:00:18 . Memory (MB): peak = 2000.082 ; gain = 967.461
---------------------------------------------------------------------------------
Netlist sorting complete. Time (s): cpu = 00:00:00 ; elapsed = 00:00:00.445 . Memory (MB): peak = 2000.082 ; gain = 0.000
INFO: [Netlist 29-17] Analyzing 1 Unisim elements for replacement
INFO: [Netlist 29-28] Unisim Transformation completed in 0 CPU seconds
INFO: [Project 1-570] Preparing netlist for logic optimization

Processing XDC Constraints
Initializing timing engine
Parsing XDC File [d:/_codex_dma_mmu/build/vivado/vc707_ddr3/DMA_IOMMU_PicoRV32_VC707_DDR3.gen/sources_1/ip/vc707_mig/vc707_mig/vc707_mig_in_context.xdc] for cell 'mig_inst'
Finished Parsing XDC File [d:/_codex_dma_mmu/build/vivado/vc707_ddr3/DMA_IOMMU_PicoRV32_VC707_DDR3.gen/sources_1/ip/vc707_mig/vc707_mig/vc707_mig_in_context.xdc] for cell 'mig_inst'
Parsing XDC File [d:/_codex_dma_mmu/build/vivado/vc707_ddr3/DMA_IOMMU_PicoRV32_VC707_DDR3.gen/sources_1/ip/soc_ddr_clock_converter/soc_ddr_clock_converter/soc_ddr_clock_converter_in_context.xdc] for cell 'ddr_clock_converter_inst'
Finished Parsing XDC File [d:/_codex_dma_mmu/build/vivado/vc707_ddr3/DMA_IOMMU_PicoRV32_VC707_DDR3.gen/sources_1/ip/soc_ddr_clock_converter/soc_ddr_clock_converter/soc_ddr_clock_converter_in_context.xdc] for cell 'ddr_clock_converter_inst'
Parsing XDC File [d:/_codex_dma_mmu/build/vivado/vc707_ddr3/DMA_IOMMU_PicoRV32_VC707_DDR3.gen/sources_1/ip/soc_ddr_axi_converter/soc_ddr_axi_converter/soc_ddr_axi_converter_in_context.xdc] for cell 'ddr_width_converter_inst'
Finished Parsing XDC File [d:/_codex_dma_mmu/build/vivado/vc707_ddr3/DMA_IOMMU_PicoRV32_VC707_DDR3.gen/sources_1/ip/soc_ddr_axi_converter/soc_ddr_axi_converter/soc_ddr_axi_converter_in_context.xdc] for cell 'ddr_width_converter_inst'
Parsing XDC File [D:/_codex_dma_mmu/build/vivado/vc707_ddr3/dma_mmu_picorv32_vc707_ddr3.xdc]
Finished Parsing XDC File [D:/_codex_dma_mmu/build/vivado/vc707_ddr3/dma_mmu_picorv32_vc707_ddr3.xdc]
INFO: [Project 1-236] Implementation specific constraints were found while reading constraint file [D:/_codex_dma_mmu/build/vivado/vc707_ddr3/dma_mmu_picorv32_vc707_ddr3.xdc]. These constraints will be ignored for synthesis but will be used in implementation. Impacted constraints are listed in the file [.Xil/dma_mmu_picorv32_vc707_ddr3_top_propImpl.xdc].
Resolution: To avoid this warning, move constraints listed in [.Xil/dma_mmu_picorv32_vc707_ddr3_top_propImpl.xdc] to another XDC file and exclude this new file from synthesis with the used_in_synthesis property (File Properties dialog in GUI) and re-run elaboration/synthesis.
INFO: [Timing 38-2] Deriving generated clocks
Completed Processing XDC Constraints

Netlist sorting complete. Time (s): cpu = 00:00:00 ; elapsed = 00:00:00.024 . Memory (MB): peak = 2149.156 ; gain = 0.000
INFO: [Project 1-111] Unisim Transformation Summary:
  A total of 1 instances were transformed.
  MMCME2_BASE => MMCME2_ADV: 1 instance 

---------------------------------------------------------------------------------
Finished Constraint Validation : Time (s): cpu = 00:00:31 ; elapsed = 00:00:32 . Memory (MB): peak = 2149.156 ; gain = 1116.535
---------------------------------------------------------------------------------
---------------------------------------------------------------------------------
Start Loading Part and Timing Information
---------------------------------------------------------------------------------
Loading part: xc7vx485tffg1761-2
---------------------------------------------------------------------------------
Finished Loading Part and Timing Information : Time (s): cpu = 00:00:31 ; elapsed = 00:00:32 . Memory (MB): peak = 2149.156 ; gain = 1116.535
---------------------------------------------------------------------------------
---------------------------------------------------------------------------------
Start Applying 'set_property' XDC Constraints
---------------------------------------------------------------------------------
---------------------------------------------------------------------------------
Finished applying 'set_property' XDC Constraints : Time (s): cpu = 00:00:31 ; elapsed = 00:00:32 . Memory (MB): peak = 2149.156 ; gain = 1116.535
---------------------------------------------------------------------------------
INFO: [Synth 8-802] inferred FSM for state register 'state_reg_reg' in module 'axi_crossbar_addr'
INFO: [Synth 8-802] inferred FSM for state register 'state_reg_reg' in module 'axi_crossbar_addr__parameterized0'
INFO: [Synth 8-802] inferred FSM for state register 'write_state_reg_reg' in module 'axi_ram'
INFO: [Synth 8-802] inferred FSM for state register 'mem_state_reg' in module 'picorv32'
INFO: [Synth 8-802] inferred FSM for state register 'wstate_q_reg' in module 'picorv32_cpu_mmu'
INFO: [Synth 8-802] inferred FSM for state register 'rstate_q_reg' in module 'picorv32_cpu_mmu'
INFO: [Synth 8-802] inferred FSM for state register 'wstate_q_reg' in module 'picorv32_axil_router'
INFO: [Synth 8-802] inferred FSM for state register 'rstate_q_reg' in module 'picorv32_axil_router'
INFO: [Synth 8-802] inferred FSM for state register 'state_q_reg' in module 'dma_iommu_tlb'
INFO: [Synth 8-802] inferred FSM for state register 'state_q_reg' in module 'dma_axi_scheduler'
INFO: [Synth 8-802] inferred FSM for state register 'read_state_reg_reg' in module 'axi_cdma'
INFO: [Synth 8-802] inferred FSM for state register 'state_reg_reg' in module 'axi_crossbar_addr__parameterized1'
INFO: [Synth 8-802] inferred FSM for state register 'state_reg_reg' in module 'axi_crossbar_addr__parameterized3'
INFO: [Synth 8-802] inferred FSM for state register 'state_reg_reg' in module 'axi_crossbar_addr__parameterized5'
INFO: [Synth 8-802] inferred FSM for state register 'state_reg_reg' in module 'axi_crossbar_addr__parameterized7'
---------------------------------------------------------------------------------------------------
                   State |                     New Encoding |                Previous Encoding 
---------------------------------------------------------------------------------------------------
              STATE_IDLE |                               01 |                              000
            STATE_DECODE |                               10 |                              001
---------------------------------------------------------------------------------------------------
INFO: [Synth 8-3354] encoded FSM with state register 'state_reg_reg' using encoding 'one-hot' in module 'axi_crossbar_addr'
---------------------------------------------------------------------------------------------------
                   State |                     New Encoding |                Previous Encoding 
---------------------------------------------------------------------------------------------------
              STATE_IDLE |                               01 |                              000
            STATE_DECODE |                               10 |                              001
---------------------------------------------------------------------------------------------------
INFO: [Synth 8-3354] encoded FSM with state register 'state_reg_reg' using encoding 'one-hot' in module 'axi_crossbar_addr__parameterized0'
---------------------------------------------------------------------------------------------------
                   State |                     New Encoding |                Previous Encoding 
---------------------------------------------------------------------------------------------------
        WRITE_STATE_IDLE |                              001 |                               00
       WRITE_STATE_BURST |                              010 |                               01
        WRITE_STATE_RESP |                              100 |                               10
---------------------------------------------------------------------------------------------------
INFO: [Synth 8-3354] encoded FSM with state register 'write_state_reg_reg' using encoding 'one-hot' in module 'axi_ram'
WARNING: [Synth 8-6841] Block RAM (mem_reg) originally specified as a Byte Wide Write Enable RAM cannot take advantage of ByteWide feature and is implemented with single write enable per RAM due to following reason.
(address width (16) is more than optimal threshold of 12. Implementing using BWWE will require more logic and timing would be suboptimal. Please use attribute ram_decomp = power if BWWE is desired.)
---------------------------------------------------------------------------------------------------
                   State |                     New Encoding |                Previous Encoding 
---------------------------------------------------------------------------------------------------
                 iSTATE2 |                             0001 |                               00
                 iSTATE0 |                             0010 |                               10
                  iSTATE |                             0100 |                               01
                 iSTATE1 |                             1000 |                               11
---------------------------------------------------------------------------------------------------
INFO: [Synth 8-3354] encoded FSM with state register 'mem_state_reg' using encoding 'one-hot' in module 'picorv32'
---------------------------------------------------------------------------------------------------
                   State |                     New Encoding |                Previous Encoding 
---------------------------------------------------------------------------------------------------
                  R_IDLE |                         00000001 |                              000
              R_CLASSIFY |                         10000000 |                              001
                R_LOOKUP |                         01000000 |                              010
            R_TLB_RESULT |                         00100000 |                              011
             R_PT_RESULT |                         00001000 |                              100
                  R_SEND |                         00000100 |                              101
                R_WAIT_R |                         00000010 |                              110
                  iSTATE |                         00010000 |                              111
*
---------------------------------------------------------------------------------------------------
INFO: [Synth 8-3354] encoded FSM with state register 'rstate_q_reg' using encoding 'one-hot' in module 'picorv32_cpu_mmu'
---------------------------------------------------------------------------------------------------
                   State |                     New Encoding |                Previous Encoding 
---------------------------------------------------------------------------------------------------
               W_COLLECT |                         00000001 |                              000
              W_CLASSIFY |                         10000000 |                              001
                W_LOOKUP |                         01000000 |                              010
            W_TLB_RESULT |                         00100000 |                              011
             W_PT_RESULT |                         00001000 |                              100
                  W_SEND |                         00000100 |                              101
                W_WAIT_B |                         00000010 |                              110
                  iSTATE |                         00010000 |                              111
*
---------------------------------------------------------------------------------------------------
INFO: [Synth 8-3354] encoded FSM with state register 'wstate_q_reg' using encoding 'one-hot' in module 'picorv32_cpu_mmu'
---------------------------------------------------------------------------------------------------
                   State |                     New Encoding |                Previous Encoding 
---------------------------------------------------------------------------------------------------
               W_COLLECT |                              001 |                               00
                  W_SEND |                              010 |                               01
                  iSTATE |                              100 |                               10
*
---------------------------------------------------------------------------------------------------
INFO: [Synth 8-3354] encoded FSM with state register 'wstate_q_reg' using encoding 'one-hot' in module 'picorv32_axil_router'
---------------------------------------------------------------------------------------------------
                   State |                     New Encoding |                Previous Encoding 
---------------------------------------------------------------------------------------------------
                  R_IDLE |                              001 |                               00
                  R_SEND |                              010 |                               01
                  iSTATE |                              100 |                               10
*
---------------------------------------------------------------------------------------------------
INFO: [Synth 8-3354] encoded FSM with state register 'rstate_q_reg' using encoding 'one-hot' in module 'picorv32_axil_router'
---------------------------------------------------------------------------------------------------
                   State |                     New Encoding |                Previous Encoding 
---------------------------------------------------------------------------------------------------
             LOOKUP_IDLE |                              001 |                               00
            LOOKUP_MATCH |                              010 |                               01
             LOOKUP_RESP |                              100 |                               10
---------------------------------------------------------------------------------------------------
INFO: [Synth 8-3354] encoded FSM with state register 'state_q_reg' using encoding 'one-hot' in module 'dma_iommu_tlb'
---------------------------------------------------------------------------------------------------
                   State |                     New Encoding |                Previous Encoding 
---------------------------------------------------------------------------------------------------
                 ST_IDLE |                    0000001000000 |                             0000
              ST_PREPARE |                    0010000000000 |                             0001
       ST_LIMIT_SRC_PAGE |                    0000000100000 |                             0010
       ST_LIMIT_DST_PAGE |                    0000000000001 |                             0011
         ST_AUTH_SRC_REQ |                    0000000000010 |                             0100
        ST_AUTH_SRC_WAIT |                    0000000010000 |                             0101
         ST_AUTH_DST_REQ |                    0000000000100 |                             0110
        ST_AUTH_DST_WAIT |                    0100000000000 |                             0111
           ST_ISSUE_DESC |                    0000000001000 |                             1000
          ST_WAIT_ENGINE |                    1000000000000 |                             1001
                ST_FAULT |                    0000010000000 |                             1100
                 ST_DONE |                    0000100000000 |                             1011
                  ST_GAP |                    0001000000000 |                             1010
---------------------------------------------------------------------------------------------------
INFO: [Synth 8-3354] encoded FSM with state register 'state_q_reg' using encoding 'one-hot' in module 'dma_axi_scheduler'
---------------------------------------------------------------------------------------------------
                   State |                     New Encoding |                Previous Encoding 
---------------------------------------------------------------------------------------------------
         READ_STATE_IDLE |                             0001 |                               00
        READ_STATE_START |                             0010 |                               01
          READ_STATE_REQ |                             0100 |                               10
         READ_STATE_PREP |                             1000 |                               11
---------------------------------------------------------------------------------------------------
INFO: [Synth 8-3354] encoded FSM with state register 'read_state_reg_reg' using encoding 'one-hot' in module 'axi_cdma'
---------------------------------------------------------------------------------------------------
                   State |                     New Encoding |                Previous Encoding 
---------------------------------------------------------------------------------------------------
              STATE_IDLE |                               01 |                              000
            STATE_DECODE |                               10 |                              001
---------------------------------------------------------------------------------------------------
INFO: [Synth 8-3354] encoded FSM with state register 'state_reg_reg' using encoding 'one-hot' in module 'axi_crossbar_addr__parameterized1'
---------------------------------------------------------------------------------------------------
                   State |                     New Encoding |                Previous Encoding 
---------------------------------------------------------------------------------------------------
              STATE_IDLE |                               01 |                              000
            STATE_DECODE |                               10 |                              001
---------------------------------------------------------------------------------------------------
INFO: [Synth 8-3354] encoded FSM with state register 'state_reg_reg' using encoding 'one-hot' in module 'axi_crossbar_addr__parameterized3'
---------------------------------------------------------------------------------------------------
                   State |                     New Encoding |                Previous Encoding 
---------------------------------------------------------------------------------------------------
              STATE_IDLE |                               01 |                              000
            STATE_DECODE |                               10 |                              001
---------------------------------------------------------------------------------------------------
INFO: [Synth 8-3354] encoded FSM with state register 'state_reg_reg' using encoding 'one-hot' in module 'axi_crossbar_addr__parameterized5'
---------------------------------------------------------------------------------------------------
                   State |                     New Encoding |                Previous Encoding 
---------------------------------------------------------------------------------------------------
              STATE_IDLE |                               01 |                              000
            STATE_DECODE |                               10 |                              001
---------------------------------------------------------------------------------------------------
INFO: [Synth 8-3354] encoded FSM with state register 'state_reg_reg' using encoding 'one-hot' in module 'axi_crossbar_addr__parameterized7'
---------------------------------------------------------------------------------
Finished RTL Optimization Phase 2 : Time (s): cpu = 00:00:43 ; elapsed = 00:00:46 . Memory (MB): peak = 2149.156 ; gain = 1116.535
---------------------------------------------------------------------------------
---------------------------------------------------------------------------------
Start RTL Component Statistics 
---------------------------------------------------------------------------------
Detailed RTL Component Info : 
+---Adders : 
	   2 Input   64 Bit       Adders := 2     
	   2 Input   33 Bit       Adders := 4     
	   3 Input   33 Bit       Adders := 1     
	   2 Input   32 Bit       Adders := 69    
	   3 Input   32 Bit       Adders := 10    
	   2 Input   18 Bit       Adders := 2     
	   2 Input   13 Bit       Adders := 2     
	   3 Input   13 Bit       Adders := 2     
	   2 Input   11 Bit       Adders := 2     
	   2 Input    8 Bit       Adders := 8     
	   2 Input    7 Bit       Adders := 6     
	   3 Input    7 Bit       Adders := 4     
	   4 Input    7 Bit       Adders := 1     
	   2 Input    6 Bit       Adders := 18    
	   3 Input    6 Bit       Adders := 3     
	   2 Input    5 Bit       Adders := 3     
	   3 Input    5 Bit       Adders := 16    
	   2 Input    4 Bit       Adders := 18    
	   2 Input    3 Bit       Adders := 82    
	   4 Input    3 Bit       Adders := 3     
	   2 Input    2 Bit       Adders := 25    
+---XORs : 
	   2 Input     32 Bit         XORs := 1     
	   2 Input      6 Bit         XORs := 3     
+---Registers : 
	              512 Bit    Registers := 1     
	              128 Bit    Registers := 2     
	               64 Bit    Registers := 6     
	               36 Bit    Registers := 1     
	               32 Bit    Registers := 1232  
	               20 Bit    Registers := 82    
	               18 Bit    Registers := 2     
	               16 Bit    Registers := 16    
	               13 Bit    Registers := 2     
	               11 Bit    Registers := 2     
	               10 Bit    Registers := 1     
	                8 Bit    Registers := 96    
	                7 Bit    Registers := 9     
	                6 Bit    Registers := 39    
	                5 Bit    Registers := 24    
	                4 Bit    Registers := 86    
	                3 Bit    Registers := 67    
	                2 Bit    Registers := 132   
	                1 Bit    Registers := 689   
+---Multipliers : 
	                8x8  Multipliers := 16    
+---RAMs : 
	            2048K Bit	(65536 X 32 bit)          RAMs := 1     
	               1K Bit	(36 X 32 bit)          RAMs := 1     
	              256 Bit	(32 X 8 bit)          RAMs := 2     
	              224 Bit	(32 X 7 bit)          RAMs := 1     
	               64 Bit	(32 X 2 bit)          RAMs := 1     
	               32 Bit	(32 X 1 bit)          RAMs := 5     
+---Muxes : 
	   2 Input   64 Bit        Muxes := 5     
	   2 Input   32 Bit        Muxes := 232   
	   4 Input   32 Bit        Muxes := 19    
	   3 Input   32 Bit        Muxes := 3     
	  13 Input   32 Bit        Muxes := 6     
	   7 Input   32 Bit        Muxes := 2     
	   5 Input   32 Bit        Muxes := 5     
	   8 Input   32 Bit        Muxes := 9     
	  10 Input   32 Bit        Muxes := 3     
	   6 Input   32 Bit        Muxes := 1     
	   4 Input   20 Bit        Muxes := 3     
	   2 Input   20 Bit        Muxes := 18    
	   8 Input   20 Bit        Muxes := 8     
	   3 Input   18 Bit        Muxes := 1     
	   2 Input   18 Bit        Muxes := 1     
	   2 Input   16 Bit        Muxes := 17    
	   2 Input   13 Bit        Muxes := 11    
	  13 Input   13 Bit        Muxes := 3     
	   2 Input   11 Bit        Muxes := 12    
	   2 Input   10 Bit        Muxes := 2     
	   2 Input    8 Bit        Muxes := 89    
	   3 Input    8 Bit        Muxes := 4     
	  13 Input    8 Bit        Muxes := 1     
	   4 Input    8 Bit        Muxes := 2     
	   8 Input    8 Bit        Muxes := 2     
	  10 Input    8 Bit        Muxes := 1     
	   2 Input    7 Bit        Muxes := 17    
	   4 Input    7 Bit        Muxes := 3     
	   7 Input    7 Bit        Muxes := 3     
	   2 Input    6 Bit        Muxes := 15    
	   7 Input    6 Bit        Muxes := 2     
	   3 Input    6 Bit        Muxes := 1     
	   4 Input    6 Bit        Muxes := 1     
	   2 Input    5 Bit        Muxes := 12    
	   2 Input    4 Bit        Muxes := 85    
	   3 Input    4 Bit        Muxes := 2     
	   4 Input    4 Bit        Muxes := 4     
	   7 Input    4 Bit        Muxes := 2     
	   5 Input    4 Bit        Muxes := 1     
	   2 Input    3 Bit        Muxes := 70    
	   3 Input    3 Bit        Muxes := 6     
	   5 Input    3 Bit        Muxes := 1     
	   8 Input    3 Bit        Muxes := 2     
	   2 Input    2 Bit        Muxes := 179   
	   3 Input    2 Bit        Muxes := 5     
	   8 Input    2 Bit        Muxes := 4     
	   4 Input    2 Bit        Muxes := 1     
	   2 Input    1 Bit        Muxes := 1056  
	   3 Input    1 Bit        Muxes := 60    
	   4 Input    1 Bit        Muxes := 40    
	  13 Input    1 Bit        Muxes := 14    
	   7 Input    1 Bit        Muxes := 75    
	   6 Input    1 Bit        Muxes := 8     
	   5 Input    1 Bit        Muxes := 7     
	   8 Input    1 Bit        Muxes := 115   
	  10 Input    1 Bit        Muxes := 11    
---------------------------------------------------------------------------------
Finished RTL Component Statistics 
---------------------------------------------------------------------------------
---------------------------------------------------------------------------------
Start Part Resource Summary
---------------------------------------------------------------------------------
Part Resources:
DSPs: 2800 (col length:140)
BRAMs: 2060 (col length: RAMB18 140 RAMB36 70)
---------------------------------------------------------------------------------
Finished Part Resource Summary
---------------------------------------------------------------------------------
---------------------------------------------------------------------------------
Start Cross Boundary and Area Optimization
---------------------------------------------------------------------------------
INFO: [Synth 8-3333] propagating constant 0 across sequential element (core_inst/\cycle_q_reg[6] )
INFO: [Synth 8-3333] propagating constant 0 across sequential element (core_inst/\cycle_q_reg[4] )
INFO: [Synth 8-3333] propagating constant 0 across sequential element (core_inst/\cycle_q_reg[5] )
INFO: [Synth 8-3333] propagating constant 0 across sequential element (core_inst/\cycle_q_reg[7] )
INFO: [Synth 8-5546] ROM "pt_write_o" won't be mapped to RAM because it is too sparse
INFO: [Synth 8-5546] ROM "pt_write_o" won't be mapped to RAM because it is too sparse
WARNING: [Synth 8-3917] design dma_mmu_picorv32_soc__GCB0 has port ddr_status_i[3] driven by constant 0
WARNING: [Synth 8-3917] design dma_mmu_picorv32_soc__GCB0 has port ddr_refresh_count_o[31] driven by constant 0
WARNING: [Synth 8-3917] design dma_mmu_picorv32_soc__GCB0 has port ddr_refresh_count_o[30] driven by constant 0
WARNING: [Synth 8-3917] design dma_mmu_picorv32_soc__GCB0 has port ddr_refresh_count_o[29] driven by constant 0
WARNING: [Synth 8-3917] design dma_mmu_picorv32_soc__GCB0 has port ddr_refresh_count_o[28] driven by constant 0
WARNING: [Synth 8-3917] design dma_mmu_picorv32_soc__GCB0 has port ddr_refresh_count_o[27] driven by constant 0
WARNING: [Synth 8-3917] design dma_mmu_picorv32_soc__GCB0 has port ddr_refresh_count_o[26] driven by constant 0
WARNING: [Synth 8-3917] design dma_mmu_picorv32_soc__GCB0 has port ddr_refresh_count_o[25] driven by constant 0
WARNING: [Synth 8-3917] design dma_mmu_picorv32_soc__GCB0 has port ddr_refresh_count_o[24] driven by constant 0
WARNING: [Synth 8-3917] design dma_mmu_picorv32_soc__GCB0 has port ddr_refresh_count_o[23] driven by constant 0
WARNING: [Synth 8-3917] design dma_mmu_picorv32_soc__GCB0 has port ddr_refresh_count_o[22] driven by constant 0
WARNING: [Synth 8-3917] design dma_mmu_picorv32_soc__GCB0 has port ddr_refresh_count_o[21] driven by constant 0
WARNING: [Synth 8-3917] design dma_mmu_picorv32_soc__GCB0 has port ddr_refresh_count_o[20] driven by constant 0
WARNING: [Synth 8-3917] design dma_mmu_picorv32_soc__GCB0 has port ddr_refresh_count_o[19] driven by constant 0
WARNING: [Synth 8-3917] design dma_mmu_picorv32_soc__GCB0 has port ddr_refresh_count_o[18] driven by constant 0
WARNING: [Synth 8-3917] design dma_mmu_picorv32_soc__GCB0 has port ddr_refresh_count_o[17] driven by constant 0
WARNING: [Synth 8-3917] design dma_mmu_picorv32_soc__GCB0 has port ddr_refresh_count_o[16] driven by constant 0
WARNING: [Synth 8-3917] design dma_mmu_picorv32_soc__GCB0 has port ddr_refresh_count_o[15] driven by constant 0
WARNING: [Synth 8-3917] design dma_mmu_picorv32_soc__GCB0 has port ddr_refresh_count_o[14] driven by constant 0
WARNING: [Synth 8-3917] design dma_mmu_picorv32_soc__GCB0 has port ddr_refresh_count_o[13] driven by constant 0
WARNING: [Synth 8-3917] design dma_mmu_picorv32_soc__GCB0 has port ddr_refresh_count_o[12] driven by constant 0
WARNING: [Synth 8-3917] design dma_mmu_picorv32_soc__GCB0 has port ddr_refresh_count_o[11] driven by constant 0
WARNING: [Synth 8-3917] design dma_mmu_picorv32_soc__GCB0 has port ddr_refresh_count_o[10] driven by constant 0
WARNING: [Synth 8-3917] design dma_mmu_picorv32_soc__GCB0 has port ddr_refresh_count_o[9] driven by constant 0
WARNING: [Synth 8-3917] design dma_mmu_picorv32_soc__GCB0 has port ddr_refresh_count_o[8] driven by constant 0
WARNING: [Synth 8-3917] design dma_mmu_picorv32_soc__GCB0 has port ddr_refresh_count_o[7] driven by constant 0
WARNING: [Synth 8-3917] design dma_mmu_picorv32_soc__GCB0 has port ddr_refresh_count_o[6] driven by constant 0
WARNING: [Synth 8-3917] design dma_mmu_picorv32_soc__GCB0 has port ddr_refresh_count_o[5] driven by constant 0
WARNING: [Synth 8-3917] design dma_mmu_picorv32_soc__GCB0 has port ddr_refresh_count_o[4] driven by constant 0
WARNING: [Synth 8-3917] design dma_mmu_picorv32_soc__GCB0 has port ddr_refresh_count_o[3] driven by constant 0
WARNING: [Synth 8-3917] design dma_mmu_picorv32_soc__GCB0 has port ddr_refresh_count_o[2] driven by constant 0
WARNING: [Synth 8-3917] design dma_mmu_picorv32_soc__GCB0 has port ddr_refresh_count_o[1] driven by constant 0
WARNING: [Synth 8-3917] design dma_mmu_picorv32_soc__GCB0 has port ddr_refresh_count_o[0] driven by constant 0
WARNING: [Synth 8-3917] design dma_mmu_picorv32_soc__GCB0 has port ddr_dfi_cmd_valid_o driven by constant 0
WARNING: [Synth 8-3917] design dma_mmu_picorv32_soc__GCB0 has port ddr_dfi_cmd_o[2] driven by constant 0
WARNING: [Synth 8-3917] design dma_mmu_picorv32_soc__GCB0 has port ddr_dfi_cmd_o[1] driven by constant 0
WARNING: [Synth 8-3917] design dma_mmu_picorv32_soc__GCB0 has port ddr_dfi_cmd_o[0] driven by constant 0
WARNING: [Synth 8-3917] design dma_mmu_picorv32_soc__GCB0 has port ddr_dfi_bank_o[2] driven by constant 0
WARNING: [Synth 8-3917] design dma_mmu_picorv32_soc__GCB0 has port ddr_dfi_bank_o[1] driven by constant 0
WARNING: [Synth 8-3917] design dma_mmu_picorv32_soc__GCB0 has port ddr_dfi_bank_o[0] driven by constant 0
WARNING: [Synth 8-3917] design dma_mmu_picorv32_soc__GCB0 has port ddr_dfi_addr_o[15] driven by constant 0
WARNING: [Synth 8-3917] design dma_mmu_picorv32_soc__GCB0 has port ddr_dfi_addr_o[14] driven by constant 0
WARNING: [Synth 8-3917] design dma_mmu_picorv32_soc__GCB0 has port ddr_dfi_addr_o[13] driven by constant 0
WARNING: [Synth 8-3917] design dma_mmu_picorv32_soc__GCB0 has port ddr_dfi_addr_o[12] driven by constant 0
WARNING: [Synth 8-3917] design dma_mmu_picorv32_soc__GCB0 has port ddr_dfi_addr_o[11] driven by constant 0
WARNING: [Synth 8-3917] design dma_mmu_picorv32_soc__GCB0 has port ddr_dfi_addr_o[10] driven by constant 0
WARNING: [Synth 8-3917] design dma_mmu_picorv32_soc__GCB0 has port ddr_dfi_addr_o[9] driven by constant 0
WARNING: [Synth 8-3917] design dma_mmu_picorv32_soc__GCB0 has port ddr_dfi_addr_o[8] driven by constant 0
WARNING: [Synth 8-3917] design dma_mmu_picorv32_soc__GCB0 has port ddr_dfi_addr_o[7] driven by constant 0
WARNING: [Synth 8-3917] design dma_mmu_picorv32_soc__GCB0 has port ddr_dfi_addr_o[6] driven by constant 0
WARNING: [Synth 8-3917] design dma_mmu_picorv32_soc__GCB0 has port ddr_dfi_addr_o[5] driven by constant 0
WARNING: [Synth 8-3917] design dma_mmu_picorv32_soc__GCB0 has port ddr_dfi_addr_o[4] driven by constant 0
WARNING: [Synth 8-3917] design dma_mmu_picorv32_soc__GCB0 has port ddr_dfi_addr_o[3] driven by constant 0
WARNING: [Synth 8-3917] design dma_mmu_picorv32_soc__GCB0 has port ddr_dfi_addr_o[2] driven by constant 0
WARNING: [Synth 8-3917] design dma_mmu_picorv32_soc__GCB0 has port ddr_dfi_addr_o[1] driven by constant 0
WARNING: [Synth 8-3917] design dma_mmu_picorv32_soc__GCB0 has port ddr_dfi_addr_o[0] driven by constant 0
WARNING: [Synth 8-3917] design dma_mmu_picorv32_soc__GCB0 has port ddr_dfi_wrdata_o[31] driven by constant 0
WARNING: [Synth 8-3917] design dma_mmu_picorv32_soc__GCB0 has port ddr_dfi_wrdata_o[30] driven by constant 0
WARNING: [Synth 8-3917] design dma_mmu_picorv32_soc__GCB0 has port ddr_dfi_wrdata_o[29] driven by constant 0
WARNING: [Synth 8-3917] design dma_mmu_picorv32_soc__GCB0 has port ddr_dfi_wrdata_o[28] driven by constant 0
WARNING: [Synth 8-3917] design dma_mmu_picorv32_soc__GCB0 has port ddr_dfi_wrdata_o[27] driven by constant 0
WARNING: [Synth 8-3917] design dma_mmu_picorv32_soc__GCB0 has port ddr_dfi_wrdata_o[26] driven by constant 0
WARNING: [Synth 8-3917] design dma_mmu_picorv32_soc__GCB0 has port ddr_dfi_wrdata_o[25] driven by constant 0
WARNING: [Synth 8-3917] design dma_mmu_picorv32_soc__GCB0 has port ddr_dfi_wrdata_o[24] driven by constant 0
WARNING: [Synth 8-3917] design dma_mmu_picorv32_soc__GCB0 has port ddr_dfi_wrdata_o[23] driven by constant 0
WARNING: [Synth 8-3917] design dma_mmu_picorv32_soc__GCB0 has port ddr_dfi_wrdata_o[22] driven by constant 0
WARNING: [Synth 8-3917] design dma_mmu_picorv32_soc__GCB0 has port ddr_dfi_wrdata_o[21] driven by constant 0
WARNING: [Synth 8-3917] design dma_mmu_picorv32_soc__GCB0 has port ddr_dfi_wrdata_o[20] driven by constant 0
WARNING: [Synth 8-3917] design dma_mmu_picorv32_soc__GCB0 has port ddr_dfi_wrdata_o[19] driven by constant 0
WARNING: [Synth 8-3917] design dma_mmu_picorv32_soc__GCB0 has port ddr_dfi_wrdata_o[18] driven by constant 0
WARNING: [Synth 8-3917] design dma_mmu_picorv32_soc__GCB0 has port ddr_dfi_wrdata_o[17] driven by constant 0
WARNING: [Synth 8-3917] design dma_mmu_picorv32_soc__GCB0 has port ddr_dfi_wrdata_o[16] driven by constant 0
WARNING: [Synth 8-3917] design dma_mmu_picorv32_soc__GCB0 has port ddr_dfi_wrdata_o[15] driven by constant 0
WARNING: [Synth 8-3917] design dma_mmu_picorv32_soc__GCB0 has port ddr_dfi_wrdata_o[14] driven by constant 0
WARNING: [Synth 8-3917] design dma_mmu_picorv32_soc__GCB0 has port ddr_dfi_wrdata_o[13] driven by constant 0
WARNING: [Synth 8-3917] design dma_mmu_picorv32_soc__GCB0 has port ddr_dfi_wrdata_o[12] driven by constant 0
WARNING: [Synth 8-3917] design dma_mmu_picorv32_soc__GCB0 has port ddr_dfi_wrdata_o[11] driven by constant 0
WARNING: [Synth 8-3917] design dma_mmu_picorv32_soc__GCB0 has port ddr_dfi_wrdata_o[10] driven by constant 0
WARNING: [Synth 8-3917] design dma_mmu_picorv32_soc__GCB0 has port ddr_dfi_wrdata_o[9] driven by constant 0
WARNING: [Synth 8-3917] design dma_mmu_picorv32_soc__GCB0 has port ddr_dfi_wrdata_o[8] driven by constant 0
WARNING: [Synth 8-3917] design dma_mmu_picorv32_soc__GCB0 has port ddr_dfi_wrdata_o[7] driven by constant 0
WARNING: [Synth 8-3917] design dma_mmu_picorv32_soc__GCB0 has port ddr_dfi_wrdata_o[6] driven by constant 0
WARNING: [Synth 8-3917] design dma_mmu_picorv32_soc__GCB0 has port ddr_dfi_wrdata_o[5] driven by constant 0
WARNING: [Synth 8-3917] design dma_mmu_picorv32_soc__GCB0 has port ddr_dfi_wrdata_o[4] driven by constant 0
WARNING: [Synth 8-3917] design dma_mmu_picorv32_soc__GCB0 has port ddr_dfi_wrdata_o[3] driven by constant 0
WARNING: [Synth 8-3917] design dma_mmu_picorv32_soc__GCB0 has port ddr_dfi_wrdata_o[2] driven by constant 0
WARNING: [Synth 8-3917] design dma_mmu_picorv32_soc__GCB0 has port ddr_dfi_wrdata_o[1] driven by constant 0
WARNING: [Synth 8-3917] design dma_mmu_picorv32_soc__GCB0 has port ddr_dfi_wrdata_o[0] driven by constant 0
WARNING: [Synth 8-3917] design dma_mmu_picorv32_soc__GCB0 has port ddr_dfi_wrmask_o[3] driven by constant 1
WARNING: [Synth 8-3917] design dma_mmu_picorv32_soc__GCB0 has port ddr_dfi_wrmask_o[2] driven by constant 1
WARNING: [Synth 8-3917] design dma_mmu_picorv32_soc__GCB0 has port ddr_dfi_wrmask_o[1] driven by constant 1
WARNING: [Synth 8-3917] design dma_mmu_picorv32_soc__GCB0 has port ddr_dfi_wrmask_o[0] driven by constant 1
WARNING: [Synth 8-3917] design dma_mmu_picorv32_soc__GCB0 has port ddr_phy_calib_start_o driven by constant 0
WARNING: [Synth 8-6841] Block RAM (g_bram_ddr3.memory_subsystem_inst/boot_ram_inst/mem_reg) originally specified as a Byte Wide Write Enable RAM cannot take advantage of ByteWide feature and is implemented with single write enable per RAM due to following reason.
(address width (16) is more than optimal threshold of 12. Implementing using BWWE will require more logic and timing would be suboptimal. Please use attribute ram_decomp = power if BWWE is desired.)
INFO: [Synth 8-3333] propagating constant 0 across sequential element (dma_iommu_inst/crossbar_inst/\axi_crossbar_rd_inst/s_ifaces[1].decerr_m_axi_rid_reg_reg[3] )
INFO: [Synth 8-3333] propagating constant 0 across sequential element (dma_iommu_inst/crossbar_inst/\axi_crossbar_rd_inst/s_ifaces[1].decerr_m_axi_rid_reg_reg[0] )
INFO: [Synth 8-3333] propagating constant 0 across sequential element (dma_iommu_inst/crossbar_inst/\axi_crossbar_rd_inst/s_ifaces[1].decerr_m_axi_rid_reg_reg[1] )
INFO: [Synth 8-3333] propagating constant 0 across sequential element (dma_iommu_inst/crossbar_inst/\axi_crossbar_rd_inst/s_ifaces[1].decerr_m_axi_rid_reg_reg[2] )
INFO: [Synth 8-3333] propagating constant 0 across sequential element (dma_iommu_inst/crossbar_inst/\axi_crossbar_rd_inst/s_ifaces[0].decerr_m_axi_rid_reg_reg[3] )
INFO: [Synth 8-3333] propagating constant 0 across sequential element (dma_iommu_inst/crossbar_inst/\axi_crossbar_rd_inst/s_ifaces[0].decerr_m_axi_rid_reg_reg[0] )
INFO: [Synth 8-3333] propagating constant 0 across sequential element (dma_iommu_inst/crossbar_inst/\axi_crossbar_rd_inst/s_ifaces[0].decerr_m_axi_rid_reg_reg[1] )
INFO: [Synth 8-3333] propagating constant 0 across sequential element (dma_iommu_inst/crossbar_inst/\axi_crossbar_rd_inst/s_ifaces[0].decerr_m_axi_rid_reg_reg[2] )
INFO: [Synth 8-3333] propagating constant 0 across sequential element (dma_iommu_inst/cdma_inst/\first_cycle_offset_reg_reg[1] )
INFO: [Synth 8-3333] propagating constant 0 across sequential element (dma_iommu_inst/cdma_inst/\first_cycle_offset_reg_reg[0] )
INFO: [Synth 8-3333] propagating constant 0 across sequential element (dma_iommu_inst/cdma_inst/\offset_reg_reg[1] )
INFO: [Synth 8-3333] propagating constant 0 across sequential element (dma_iommu_inst/cdma_inst/\offset_reg_reg[0] )
INFO: [Synth 8-3333] propagating constant 0 across sequential element (dma_iommu_inst/crossbar_inst/\axi_crossbar_wr_inst/s_ifaces[1].decerr_m_axi_bid_reg_reg[3] )
INFO: [Synth 8-3333] propagating constant 0 across sequential element (dma_iommu_inst/crossbar_inst/\axi_crossbar_wr_inst/s_ifaces[1].decerr_m_axi_bid_reg_reg[0] )
INFO: [Synth 8-3333] propagating constant 0 across sequential element (dma_iommu_inst/crossbar_inst/\axi_crossbar_wr_inst/s_ifaces[1].decerr_m_axi_bid_reg_reg[1] )
INFO: [Synth 8-3333] propagating constant 0 across sequential element (dma_iommu_inst/crossbar_inst/\axi_crossbar_wr_inst/s_ifaces[1].decerr_m_axi_bid_reg_reg[2] )
INFO: [Synth 8-3333] propagating constant 0 across sequential element (dma_iommu_inst/crossbar_inst/\axi_crossbar_wr_inst/s_ifaces[0].decerr_m_axi_bid_reg_reg[3] )
INFO: [Synth 8-3333] propagating constant 0 across sequential element (dma_iommu_inst/crossbar_inst/\axi_crossbar_wr_inst/s_ifaces[0].decerr_m_axi_bid_reg_reg[0] )
INFO: [Synth 8-3333] propagating constant 0 across sequential element (dma_iommu_inst/crossbar_inst/\axi_crossbar_wr_inst/s_ifaces[0].decerr_m_axi_bid_reg_reg[1] )
INFO: [Synth 8-3333] propagating constant 0 across sequential element (dma_iommu_inst/crossbar_inst/\axi_crossbar_wr_inst/s_ifaces[0].decerr_m_axi_bid_reg_reg[2] )
INFO: [Synth 8-3333] propagating constant 0 across sequential element (dma_iommu_inst/iommu_inst/\resp_fault_o_reg[2] )
INFO: [Synth 8-3333] propagating constant 0 across sequential element (dma_iommu_inst/dma_rd_inst/\offset_reg_reg[1] )
INFO: [Synth 8-3333] propagating constant 0 across sequential element (dma_iommu_inst/dma_rd_inst/\offset_reg_reg[0] )
INFO: [Synth 8-3333] propagating constant 0 across sequential element (dma_iommu_inst/crossbar_inst/\axi_crossbar_rd_inst/s_ifaces[1].addr_inst/genblk1[0].thread_id_reg_reg[0][3] )
INFO: [Synth 8-3333] propagating constant 0 across sequential element (dma_iommu_inst/crossbar_inst/\axi_crossbar_rd_inst/s_ifaces[1].addr_inst/genblk1[0].thread_id_reg_reg[0][0] )
INFO: [Synth 8-3333] propagating constant 0 across sequential element (dma_iommu_inst/crossbar_inst/\axi_crossbar_rd_inst/s_ifaces[1].addr_inst/genblk1[0].thread_id_reg_reg[0][1] )
INFO: [Synth 8-3333] propagating constant 0 across sequential element (dma_iommu_inst/crossbar_inst/\axi_crossbar_rd_inst/s_ifaces[1].addr_inst/genblk1[0].thread_id_reg_reg[0][2] )
INFO: [Synth 8-3333] propagating constant 0 across sequential element (dma_iommu_inst/crossbar_inst/\axi_crossbar_rd_inst/s_ifaces[0].addr_inst/genblk1[0].thread_id_reg_reg[0][3] )
INFO: [Synth 8-3333] propagating constant 0 across sequential element (dma_iommu_inst/crossbar_inst/\axi_crossbar_rd_inst/s_ifaces[0].addr_inst/genblk1[0].thread_id_reg_reg[0][0] )
INFO: [Synth 8-3333] propagating constant 0 across sequential element (dma_iommu_inst/crossbar_inst/\axi_crossbar_rd_inst/s_ifaces[0].addr_inst/genblk1[0].thread_id_reg_reg[0][1] )
INFO: [Synth 8-3333] propagating constant 0 across sequential element (dma_iommu_inst/crossbar_inst/\axi_crossbar_rd_inst/s_ifaces[0].addr_inst/genblk1[0].thread_id_reg_reg[0][2] )
INFO: [Synth 8-3333] propagating constant 0 across sequential element (dma_iommu_inst/crossbar_inst/\axi_crossbar_rd_inst/m_ifaces[0].a_arb_inst/mask_reg_reg[0] )
INFO: [Synth 8-3333] propagating constant 0 across sequential element (dma_iommu_inst/crossbar_inst/\axi_crossbar_wr_inst/s_ifaces[1].addr_inst/m_decerr_reg_reg )
INFO: [Synth 8-3333] propagating constant 0 across sequential element (dma_iommu_inst/crossbar_inst/\axi_crossbar_wr_inst/s_ifaces[0].addr_inst/m_decerr_reg_reg )
INFO: [Synth 8-3333] propagating constant 0 across sequential element (dma_iommu_inst/crossbar_inst/\axi_crossbar_wr_inst/s_ifaces[1].addr_inst/genblk1[0].thread_id_reg_reg[0][3] )
INFO: [Synth 8-3333] propagating constant 0 across sequential element (dma_iommu_inst/crossbar_inst/\axi_crossbar_wr_inst/s_ifaces[1].addr_inst/genblk1[0].thread_id_reg_reg[0][0] )
INFO: [Synth 8-3333] propagating constant 0 across sequential element (dma_iommu_inst/crossbar_inst/\axi_crossbar_wr_inst/s_ifaces[1].addr_inst/genblk1[0].thread_id_reg_reg[0][1] )
INFO: [Synth 8-3333] propagating constant 0 across sequential element (dma_iommu_inst/crossbar_inst/\axi_crossbar_wr_inst/s_ifaces[1].addr_inst/genblk1[0].thread_id_reg_reg[0][2] )
INFO: [Synth 8-3333] propagating constant 0 across sequential element (dma_iommu_inst/crossbar_inst/\axi_crossbar_wr_inst/s_ifaces[0].addr_inst/genblk1[0].thread_id_reg_reg[0][3] )
INFO: [Synth 8-3333] propagating constant 0 across sequential element (dma_iommu_inst/crossbar_inst/\axi_crossbar_wr_inst/s_ifaces[0].addr_inst/genblk1[0].thread_id_reg_reg[0][0] )
INFO: [Synth 8-3333] propagating constant 0 across sequential element (dma_iommu_inst/crossbar_inst/\axi_crossbar_wr_inst/s_ifaces[0].addr_inst/genblk1[0].thread_id_reg_reg[0][1] )
INFO: [Synth 8-3333] propagating constant 0 across sequential element (dma_iommu_inst/crossbar_inst/\axi_crossbar_wr_inst/s_ifaces[0].addr_inst/genblk1[0].thread_id_reg_reg[0][2] )
INFO: [Synth 8-3333] propagating constant 0 across sequential element (dma_iommu_inst/crossbar_inst/\axi_crossbar_wr_inst/m_ifaces[0].a_arb_inst/mask_reg_reg[0] )
INFO: [Synth 8-3333] propagating constant 0 across sequential element (dma_iommu_inst/scheduler_inst/\fault_code_o_reg[3] )
INFO: [Synth 8-3333] propagating constant 0 across sequential element (dma_iommu_inst/scheduler_inst/\fault_code_o_reg[7] )
INFO: [Synth 8-3333] propagating constant 0 across sequential element (dma_iommu_inst/dma_rd_inst/\m_axis_read_desc_status_error_reg_reg[1] )
INFO: [Synth 8-3333] propagating constant 0 across sequential element (\g_bram_ddr3.memory_subsystem_inst/memory_decode_inst/axi_crossbar_rd_inst/m_ifaces[1].a_arb_inst/mask_reg_reg[0] )
INFO: [Synth 8-3333] propagating constant 0 across sequential element (\g_bram_ddr3.memory_subsystem_inst/memory_decode_inst/axi_crossbar_rd_inst/m_ifaces[0].a_arb_inst/mask_reg_reg[0] )
INFO: [Synth 8-3333] propagating constant 0 across sequential element (\g_bram_ddr3.memory_subsystem_inst/memory_decode_inst/axi_crossbar_wr_inst/m_ifaces[1].a_arb_inst/mask_reg_reg[0] )
INFO: [Synth 8-3333] propagating constant 0 across sequential element (\g_bram_ddr3.memory_subsystem_inst/memory_decode_inst/axi_crossbar_wr_inst/m_ifaces[0].a_arb_inst/mask_reg_reg[0] )
INFO: [Synth 8-3333] propagating constant 0 across sequential element (dma_iommu_inst/crossbar_inst/\axi_crossbar_rd_inst/s_ifaces[1].r_arb_inst/mask_reg_reg[0] )
INFO: [Synth 8-3333] propagating constant 0 across sequential element (dma_iommu_inst/crossbar_inst/\axi_crossbar_rd_inst/s_ifaces[0].r_arb_inst/mask_reg_reg[0] )
INFO: [Synth 8-3333] propagating constant 0 across sequential element (dma_iommu_inst/crossbar_inst/\axi_crossbar_rd_inst/m_ifaces[0].reg_inst/m_axi_arqos_reg_reg[0] )
INFO: [Synth 8-3333] propagating constant 0 across sequential element (dma_iommu_inst/crossbar_inst/\axi_crossbar_rd_inst/m_ifaces[0].reg_inst/m_axi_arqos_reg_reg[1] )
INFO: [Synth 8-3333] propagating constant 0 across sequential element (dma_iommu_inst/crossbar_inst/\axi_crossbar_rd_inst/m_ifaces[0].reg_inst/m_axi_arqos_reg_reg[2] )
INFO: [Synth 8-3333] propagating constant 0 across sequential element (dma_iommu_inst/crossbar_inst/\axi_crossbar_rd_inst/m_ifaces[0].reg_inst/m_axi_arqos_reg_reg[3] )
INFO: [Synth 8-3333] propagating constant 0 across sequential element (dma_iommu_inst/crossbar_inst/\axi_crossbar_rd_inst/m_ifaces[0].reg_inst/m_axi_arprot_reg_reg[0] )
INFO: [Synth 8-3333] propagating constant 0 across sequential element (dma_iommu_inst/crossbar_inst/\axi_crossbar_rd_inst/m_ifaces[0].reg_inst/m_axi_arprot_reg_reg[2] )
INFO: [Synth 8-3333] propagating constant 0 across sequential element (dma_iommu_inst/crossbar_inst/\axi_crossbar_rd_inst/m_ifaces[0].reg_inst/m_axi_arcache_reg_reg[2] )
INFO: [Synth 8-3333] propagating constant 0 across sequential element (dma_iommu_inst/crossbar_inst/\axi_crossbar_rd_inst/m_ifaces[0].reg_inst/m_axi_arcache_reg_reg[3] )
INFO: [Synth 8-3333] propagating constant 0 across sequential element (dma_iommu_inst/crossbar_inst/\axi_crossbar_rd_inst/m_ifaces[0].reg_inst/m_axi_arlock_reg_reg )
INFO: [Synth 8-3333] propagating constant 0 across sequential element (dma_iommu_inst/crossbar_inst/\axi_crossbar_rd_inst/m_ifaces[0].reg_inst/m_axi_arburst_reg_reg[1] )
INFO: [Synth 8-3333] propagating constant 0 across sequential element (dma_iommu_inst/crossbar_inst/\axi_crossbar_rd_inst/m_ifaces[0].reg_inst/m_axi_arsize_reg_reg[0] )
INFO: [Synth 8-3333] propagating constant 0 across sequential element (dma_iommu_inst/crossbar_inst/\axi_crossbar_rd_inst/m_ifaces[0].reg_inst/m_axi_arsize_reg_reg[2] )
INFO: [Synth 8-3333] propagating constant 0 across sequential element (dma_iommu_inst/crossbar_inst/\axi_crossbar_rd_inst/m_ifaces[0].reg_inst/m_axi_arid_reg_reg[0] )
INFO: [Synth 8-3333] propagating constant 0 across sequential element (dma_iommu_inst/crossbar_inst/\axi_crossbar_rd_inst/m_ifaces[0].reg_inst/m_axi_arid_reg_reg[1] )
INFO: [Synth 8-3333] propagating constant 0 across sequential element (dma_iommu_inst/crossbar_inst/\axi_crossbar_rd_inst/m_ifaces[0].reg_inst/m_axi_arid_reg_reg[2] )
INFO: [Synth 8-3333] propagating constant 0 across sequential element (dma_iommu_inst/crossbar_inst/\axi_crossbar_rd_inst/m_ifaces[0].reg_inst/m_axi_arid_reg_reg[3] )
INFO: [Synth 8-3333] propagating constant 0 across sequential element (dma_iommu_inst/crossbar_inst/\axi_crossbar_wr_inst/s_ifaces[1].b_arb_inst/mask_reg_reg[0] )
INFO: [Synth 8-3333] propagating constant 0 across sequential element (dma_iommu_inst/crossbar_inst/\axi_crossbar_wr_inst/s_ifaces[0].b_arb_inst/mask_reg_reg[0] )
INFO: [Synth 8-3333] propagating constant 0 across sequential element (dma_iommu_inst/cdma_inst/\m_axi_awlen_reg_reg[6] )
INFO: [Synth 8-3333] propagating constant 0 across sequential element (dma_iommu_inst/cdma_inst/\m_axi_awlen_reg_reg[7] )
INFO: [Synth 8-3333] propagating constant 0 across sequential element (dma_iommu_inst/crossbar_inst/\axi_crossbar_wr_inst/m_ifaces[0].reg_inst/m_axi_awqos_reg_reg[0] )
INFO: [Synth 8-3333] propagating constant 0 across sequential element (dma_iommu_inst/crossbar_inst/\axi_crossbar_wr_inst/m_ifaces[0].reg_inst/m_axi_awqos_reg_reg[1] )
INFO: [Synth 8-3333] propagating constant 0 across sequential element (dma_iommu_inst/crossbar_inst/\axi_crossbar_wr_inst/m_ifaces[0].reg_inst/m_axi_awqos_reg_reg[2] )
INFO: [Synth 8-3333] propagating constant 0 across sequential element (dma_iommu_inst/crossbar_inst/\axi_crossbar_wr_inst/m_ifaces[0].reg_inst/m_axi_awqos_reg_reg[3] )
INFO: [Synth 8-3333] propagating constant 0 across sequential element (dma_iommu_inst/crossbar_inst/\axi_crossbar_wr_inst/m_ifaces[0].reg_inst/m_axi_awprot_reg_reg[0] )
INFO: [Synth 8-3333] propagating constant 0 across sequential element (dma_iommu_inst/crossbar_inst/\axi_crossbar_wr_inst/m_ifaces[0].reg_inst/m_axi_awprot_reg_reg[2] )
INFO: [Synth 8-3333] propagating constant 0 across sequential element (dma_iommu_inst/crossbar_inst/\axi_crossbar_wr_inst/m_ifaces[0].reg_inst/m_axi_awcache_reg_reg[2] )
INFO: [Synth 8-3333] propagating constant 0 across sequential element (dma_iommu_inst/crossbar_inst/\axi_crossbar_wr_inst/m_ifaces[0].reg_inst/m_axi_awcache_reg_reg[3] )
INFO: [Synth 8-3333] propagating constant 0 across sequential element (dma_iommu_inst/crossbar_inst/\axi_crossbar_wr_inst/m_ifaces[0].reg_inst/m_axi_awlock_reg_reg )
INFO: [Synth 8-3333] propagating constant 0 across sequential element (dma_iommu_inst/crossbar_inst/\axi_crossbar_wr_inst/m_ifaces[0].reg_inst/m_axi_awburst_reg_reg[1] )
INFO: [Synth 8-3333] propagating constant 0 across sequential element (dma_iommu_inst/crossbar_inst/\axi_crossbar_wr_inst/m_ifaces[0].reg_inst/m_axi_awsize_reg_reg[0] )
INFO: [Synth 8-3333] propagating constant 0 across sequential element (dma_iommu_inst/crossbar_inst/\axi_crossbar_wr_inst/m_ifaces[0].reg_inst/m_axi_awsize_reg_reg[2] )
INFO: [Synth 8-3333] propagating constant 0 across sequential element (dma_iommu_inst/crossbar_inst/\axi_crossbar_wr_inst/m_ifaces[0].reg_inst/m_axi_awid_reg_reg[0] )
INFO: [Synth 8-3333] propagating constant 0 across sequential element (dma_iommu_inst/crossbar_inst/\axi_crossbar_wr_inst/m_ifaces[0].reg_inst/m_axi_awid_reg_reg[1] )
INFO: [Synth 8-3333] propagating constant 0 across sequential element (dma_iommu_inst/crossbar_inst/\axi_crossbar_wr_inst/m_ifaces[0].reg_inst/m_axi_awid_reg_reg[2] )
INFO: [Synth 8-3333] propagating constant 0 across sequential element (dma_iommu_inst/crossbar_inst/\axi_crossbar_wr_inst/m_ifaces[0].reg_inst/m_axi_awid_reg_reg[3] )
INFO: [Synth 8-3333] propagating constant 0 across sequential element (\g_bram_ddr3.memory_subsystem_inst/memory_decode_inst/axi_crossbar_rd_inst/s_ifaces[0].addr_inst/m_axi_aregion_reg_reg[0] )
INFO: [Synth 8-3333] propagating constant 0 across sequential element (\g_bram_ddr3.memory_subsystem_inst/memory_decode_inst/axi_crossbar_rd_inst/s_ifaces[0].addr_inst/m_axi_aregion_reg_reg[1] )
INFO: [Synth 8-3333] propagating constant 0 across sequential element (\g_bram_ddr3.memory_subsystem_inst/memory_decode_inst/axi_crossbar_rd_inst/s_ifaces[0].addr_inst/m_axi_aregion_reg_reg[2] )
INFO: [Synth 8-3333] propagating constant 0 across sequential element (\g_bram_ddr3.memory_subsystem_inst/memory_decode_inst/axi_crossbar_rd_inst/s_ifaces[0].addr_inst/m_axi_aregion_reg_reg[3] )
INFO: [Synth 8-3333] propagating constant 0 across sequential element (\g_bram_ddr3.memory_subsystem_inst/memory_decode_inst/axi_crossbar_wr_inst/s_ifaces[0].addr_inst/m_axi_aregion_reg_reg[0] )
INFO: [Synth 8-3333] propagating constant 0 across sequential element (\g_bram_ddr3.memory_subsystem_inst/memory_decode_inst/axi_crossbar_wr_inst/s_ifaces[0].addr_inst/m_axi_aregion_reg_reg[1] )
INFO: [Synth 8-3333] propagating constant 0 across sequential element (\g_bram_ddr3.memory_subsystem_inst/memory_decode_inst/axi_crossbar_wr_inst/s_ifaces[0].addr_inst/m_axi_aregion_reg_reg[2] )
INFO: [Synth 8-3333] propagating constant 0 across sequential element (\g_bram_ddr3.memory_subsystem_inst/memory_decode_inst/axi_crossbar_wr_inst/s_ifaces[0].addr_inst/m_axi_aregion_reg_reg[3] )
INFO: [Common 17-14] Message 'Synth 8-3333' appears 100 times and further instances of the messages will be disabled. Use the Tcl command set_msg_config to change the current settings.
INFO: [Common 17-14] Message 'Synth 8-3333' appears 100 times and further instances of the messages will be disabled. Use the Tcl command set_msg_config to change the current settings.
INFO: [Common 17-14] Message 'Synth 8-3333' appears 100 times and further instances of the messages will be disabled. Use the Tcl command set_msg_config to change the current settings.
---------------------------------------------------------------------------------
Finished Cross Boundary and Area Optimization : Time (s): cpu = 00:01:19 ; elapsed = 00:01:25 . Memory (MB): peak = 2149.156 ; gain = 1116.535
---------------------------------------------------------------------------------
---------------------------------------------------------------------------------
Start ROM, RAM, DSP, Shift Register and Retiming Reporting
---------------------------------------------------------------------------------

Block RAM: Preliminary Mapping Report (see note below)
+---------------------------+---------------------------------------------------------+------------------------+---+---+------------------------+---+---+------------------+--------+--------+
|Module Name                | RTL Object                                              | PORT A (Depth x Width) | W | R | PORT B (Depth x Width) | W | R | Ports driving FF | RAMB18 | RAMB36 | 
+---------------------------+---------------------------------------------------------+------------------------+---+---+------------------------+---+---+------------------+--------+--------+
|dma_mmu_picorv32_soc__GCB0 | g_bram_ddr3.memory_subsystem_inst/boot_ram_inst/mem_reg | 64 K x 32(READ_FIRST)  | W |   | 64 K x 32(WRITE_FIRST) |   | R | Port A and B     | 0      | 64     | 
+---------------------------+---------------------------------------------------------+------------------------+---+---+------------------------+---+---+------------------+--------+--------+

Note: The table above is a preliminary report that shows the Block RAMs at the current stage of the synthesis flow. Some Block RAMs may be reimplemented as non Block RAM primitives later in the synthesis flow. Multiple instantiated Block RAMs are reported only once. 

Distributed RAM: Preliminary Mapping Report (see note below)
+---------------------------+----------------------+----------------+----------------------+---------------+
|Module Name                | RTL Object           | Inference      | Size (Depth x Width) | Primitives    | 
+---------------------------+----------------------+----------------+----------------------+---------------+
|dma_iommu_inst/cdma_inst   | status_fifo_last_reg | Implied        | 32 x 1               | RAM32X1D x 1  | 
|dma_iommu_inst/cdma_inst   | status_fifo_resp_reg | Implied        | 32 x 2               | RAM32X1D x 2  | 
|dma_iommu_inst/cdma_inst   | out_fifo_wdata_reg   | User Attribute | 32 x 32              | RAM32M x 6    | 
|dma_iommu_inst/cdma_inst   | out_fifo_wstrb_reg   | User Attribute | 32 x 4               | RAM32M x 1    | 
|dma_iommu_inst/cdma_inst   | out_fifo_wlast_reg   | User Attribute | 32 x 1               | RAM32X1D x 1  | 
|dma_iommu_inst/dma_rd_inst | out_fifo_tdata_reg   | User Attribute | 32 x 32              | RAM32M x 6    | 
|dma_iommu_inst/dma_rd_inst | out_fifo_tkeep_reg   | User Attribute | 32 x 4               | RAM32M x 1    | 
|dma_iommu_inst/dma_wr_inst | status_fifo_last_reg | Implied        | 32 x 1               | RAM32X1D x 1  | 
|dma_iommu_inst/dma_wr_inst | out_fifo_wdata_reg   | User Attribute | 32 x 32              | RAM32M x 6    | 
|dma_iommu_inst/dma_wr_inst | out_fifo_wstrb_reg   | User Attribute | 32 x 4               | RAM32M x 1    | 
|dma_iommu_inst/dma_wr_inst | out_fifo_wlast_reg   | User Attribute | 32 x 1               | RAM32X1D x 1  | 
|\cpu_inst/picorv32_core    | cpuregs_reg          | Implied        | 64 x 32              | RAM64M x 22   | 
+---------------------------+----------------------+----------------+----------------------+---------------+

Note: The table above is a preliminary report that shows the Distributed RAMs at the current stage of the synthesis flow. Some Distributed RAMs may be reimplemented as non Distributed RAM primitives later in the synthesis flow. Multiple instantiated RAMs are reported only once.
---------------------------------------------------------------------------------
Finished ROM, RAM, DSP, Shift Register and Retiming Reporting
---------------------------------------------------------------------------------
---------------------------------------------------------------------------------
Start Applying XDC Timing Constraints
---------------------------------------------------------------------------------
---------------------------------------------------------------------------------
Finished Applying XDC Timing Constraints : Time (s): cpu = 00:01:27 ; elapsed = 00:01:34 . Memory (MB): peak = 2158.688 ; gain = 1126.066
---------------------------------------------------------------------------------
---------------------------------------------------------------------------------
Start Timing Optimization
---------------------------------------------------------------------------------
---------------------------------------------------------------------------------
Finished Timing Optimization : Time (s): cpu = 00:02:21 ; elapsed = 00:02:32 . Memory (MB): peak = 2543.863 ; gain = 1511.242
---------------------------------------------------------------------------------
---------------------------------------------------------------------------------
Start ROM, RAM, DSP, Shift Register and Retiming Reporting
---------------------------------------------------------------------------------

Block RAM: Final Mapping Report
+---------------------------+---------------------------------------------------------+------------------------+---+---+------------------------+---+---+------------------+--------+--------+
|Module Name                | RTL Object                                              | PORT A (Depth x Width) | W | R | PORT B (Depth x Width) | W | R | Ports driving FF | RAMB18 | RAMB36 | 
+---------------------------+---------------------------------------------------------+------------------------+---+---+------------------------+---+---+------------------+--------+--------+
|dma_mmu_picorv32_soc__GCB0 | g_bram_ddr3.memory_subsystem_inst/boot_ram_inst/mem_reg | 64 K x 32(READ_FIRST)  | W |   | 64 K x 32(WRITE_FIRST) |   | R | Port A and B     | 0      | 64     | 
+---------------------------+---------------------------------------------------------+------------------------+---+---+------------------------+---+---+------------------+--------+--------+


Distributed RAM: Final Mapping Report
+---------------------------+----------------------+----------------+----------------------+---------------+
|Module Name                | RTL Object           | Inference      | Size (Depth x Width) | Primitives    | 
+---------------------------+----------------------+----------------+----------------------+---------------+
|dma_iommu_inst/cdma_inst   | status_fifo_last_reg | Implied        | 32 x 1               | RAM32X1D x 1  | 
|dma_iommu_inst/cdma_inst   | status_fifo_resp_reg | Implied        | 32 x 2               | RAM32X1D x 2  | 
|dma_iommu_inst/cdma_inst   | out_fifo_wdata_reg   | User Attribute | 32 x 32              | RAM32M x 6    | 
|dma_iommu_inst/cdma_inst   | out_fifo_wstrb_reg   | User Attribute | 32 x 4               | RAM32M x 1    | 
|dma_iommu_inst/cdma_inst   | out_fifo_wlast_reg   | User Attribute | 32 x 1               | RAM32X1D x 1  | 
|dma_iommu_inst/dma_rd_inst | out_fifo_tdata_reg   | User Attribute | 32 x 32              | RAM32M x 6    | 
|dma_iommu_inst/dma_rd_inst | out_fifo_tkeep_reg   | User Attribute | 32 x 4               | RAM32M x 1    | 
|dma_iommu_inst/dma_wr_inst | status_fifo_last_reg | Implied        | 32 x 1               | RAM32X1D x 1  | 
|dma_iommu_inst/dma_wr_inst | out_fifo_wdata_reg   | User Attribute | 32 x 32              | RAM32M x 6    | 
|dma_iommu_inst/dma_wr_inst | out_fifo_wstrb_reg   | User Attribute | 32 x 4               | RAM32M x 1    | 
|dma_iommu_inst/dma_wr_inst | out_fifo_wlast_reg   | User Attribute | 32 x 1               | RAM32X1D x 1  | 
|\cpu_inst/picorv32_core    | cpuregs_reg          | Implied        | 64 x 32              | RAM64M x 22   | 
+---------------------------+----------------------+----------------+----------------------+---------------+

---------------------------------------------------------------------------------
Finished ROM, RAM, DSP, Shift Register and Retiming Reporting
---------------------------------------------------------------------------------
---------------------------------------------------------------------------------
Start Technology Mapping
---------------------------------------------------------------------------------
INFO: [Synth 8-7052] The timing for the instance soc_insti_7/soc_inst/g_bram_ddr3.memory_subsystem_inst/boot_ram_inst/mem_reg_0_0_0 (implemented as a Block RAM) might be sub-optimal as no optional output register could be merged into the ram block. Providing additional output register may help in improving timing.
INFO: [Synth 8-7052] The timing for the instance soc_insti_7/soc_inst/g_bram_ddr3.memory_subsystem_inst/boot_ram_inst/mem_reg_0_0_1 (implemented as a Block RAM) might be sub-optimal as no optional output register could be merged into the ram block. Providing additional output register may help in improving timing.
INFO: [Synth 8-7052] The timing for the instance soc_insti_7/soc_inst/g_bram_ddr3.memory_subsystem_inst/boot_ram_inst/mem_reg_0_0_2 (implemented as a Block RAM) might be sub-optimal as no optional output register could be merged into the ram block. Providing additional output register may help in improving timing.
INFO: [Synth 8-7052] The timing for the instance soc_insti_7/soc_inst/g_bram_ddr3.memory_subsystem_inst/boot_ram_inst/mem_reg_0_0_3 (implemented as a Block RAM) might be sub-optimal as no optional output register could be merged into the ram block. Providing additional output register may help in improving timing.
INFO: [Synth 8-7052] The timing for the instance soc_insti_7/soc_inst/g_bram_ddr3.memory_subsystem_inst/boot_ram_inst/mem_reg_0_0_4 (implemented as a Block RAM) might be sub-optimal as no optional output register could be merged into the ram block. Providing additional output register may help in improving timing.
INFO: [Synth 8-7052] The timing for the instance soc_insti_7/soc_inst/g_bram_ddr3.memory_subsystem_inst/boot_ram_inst/mem_reg_0_0_5 (implemented as a Block RAM) might be sub-optimal as no optional output register could be merged into the ram block. Providing additional output register may help in improving timing.
INFO: [Synth 8-7052] The timing for the instance soc_insti_7/soc_inst/g_bram_ddr3.memory_subsystem_inst/boot_ram_inst/mem_reg_0_0_6 (implemented as a Block RAM) might be sub-optimal as no optional output register could be merged into the ram block. Providing additional output register may help in improving timing.
INFO: [Synth 8-7052] The timing for the instance soc_insti_7/soc_inst/g_bram_ddr3.memory_subsystem_inst/boot_ram_inst/mem_reg_0_0_7 (implemented as a Block RAM) might be sub-optimal as no optional output register could be merged into the ram block. Providing additional output register may help in improving timing.
INFO: [Synth 8-7052] The timing for the instance soc_insti_7/soc_inst/g_bram_ddr3.memory_subsystem_inst/boot_ram_inst/mem_reg_0_1_0 (implemented as a Block RAM) might be sub-optimal as no optional output register could be merged into the ram block. Providing additional output register may help in improving timing.
INFO: [Synth 8-7052] The timing for the instance soc_insti_7/soc_inst/g_bram_ddr3.memory_subsystem_inst/boot_ram_inst/mem_reg_0_1_1 (implemented as a Block RAM) might be sub-optimal as no optional output register could be merged into the ram block. Providing additional output register may help in improving timing.
INFO: [Synth 8-7052] The timing for the instance soc_insti_7/soc_inst/g_bram_ddr3.memory_subsystem_inst/boot_ram_inst/mem_reg_0_1_2 (implemented as a Block RAM) might be sub-optimal as no optional output register could be merged into the ram block. Providing additional output register may help in improving timing.
INFO: [Synth 8-7052] The timing for the instance soc_insti_7/soc_inst/g_bram_ddr3.memory_subsystem_inst/boot_ram_inst/mem_reg_0_1_3 (implemented as a Block RAM) might be sub-optimal as no optional output register could be merged into the ram block. Providing additional output register may help in improving timing.
INFO: [Synth 8-7052] The timing for the instance soc_insti_7/soc_inst/g_bram_ddr3.memory_subsystem_inst/boot_ram_inst/mem_reg_0_1_4 (implemented as a Block RAM) might be sub-optimal as no optional output register could be merged into the ram block. Providing additional output register may help in improving timing.
INFO: [Synth 8-7052] The timing for the instance soc_insti_7/soc_inst/g_bram_ddr3.memory_subsystem_inst/boot_ram_inst/mem_reg_0_1_5 (implemented as a Block RAM) might be sub-optimal as no optional output register could be merged into the ram block. Providing additional output register may help in improving timing.
INFO: [Synth 8-7052] The timing for the instance soc_insti_7/soc_inst/g_bram_ddr3.memory_subsystem_inst/boot_ram_inst/mem_reg_0_1_6 (implemented as a Block RAM) might be sub-optimal as no optional output register could be merged into the ram block. Providing additional output register may help in improving timing.
INFO: [Synth 8-7052] The timing for the instance soc_insti_7/soc_inst/g_bram_ddr3.memory_subsystem_inst/boot_ram_inst/mem_reg_0_1_7 (implemented as a Block RAM) might be sub-optimal as no optional output register could be merged into the ram block. Providing additional output register may help in improving timing.
INFO: [Synth 8-7052] The timing for the instance soc_insti_7/soc_inst/g_bram_ddr3.memory_subsystem_inst/boot_ram_inst/mem_reg_1_0_0 (implemented as a Block RAM) might be sub-optimal as no optional output register could be merged into the ram block. Providing additional output register may help in improving timing.
INFO: [Synth 8-7052] The timing for the instance soc_insti_7/soc_inst/g_bram_ddr3.memory_subsystem_inst/boot_ram_inst/mem_reg_1_0_1 (implemented as a Block RAM) might be sub-optimal as no optional output register could be merged into the ram block. Providing additional output register may help in improving timing.
INFO: [Synth 8-7052] The timing for the instance soc_insti_7/soc_inst/g_bram_ddr3.memory_subsystem_inst/boot_ram_inst/mem_reg_1_0_2 (implemented as a Block RAM) might be sub-optimal as no optional output register could be merged into the ram block. Providing additional output register may help in improving timing.
INFO: [Synth 8-7052] The timing for the instance soc_insti_7/soc_inst/g_bram_ddr3.memory_subsystem_inst/boot_ram_inst/mem_reg_1_0_3 (implemented as a Block RAM) might be sub-optimal as no optional output register could be merged into the ram block. Providing additional output register may help in improving timing.
INFO: [Synth 8-7052] The timing for the instance soc_insti_7/soc_inst/g_bram_ddr3.memory_subsystem_inst/boot_ram_inst/mem_reg_1_0_4 (implemented as a Block RAM) might be sub-optimal as no optional output register could be merged into the ram block. Providing additional output register may help in improving timing.
INFO: [Synth 8-7052] The timing for the instance soc_insti_7/soc_inst/g_bram_ddr3.memory_subsystem_inst/boot_ram_inst/mem_reg_1_0_5 (implemented as a Block RAM) might be sub-optimal as no optional output register could be merged into the ram block. Providing additional output register may help in improving timing.
INFO: [Synth 8-7052] The timing for the instance soc_insti_7/soc_inst/g_bram_ddr3.memory_subsystem_inst/boot_ram_inst/mem_reg_1_0_6 (implemented as a Block RAM) might be sub-optimal as no optional output register could be merged into the ram block. Providing additional output register may help in improving timing.
INFO: [Synth 8-7052] The timing for the instance soc_insti_7/soc_inst/g_bram_ddr3.memory_subsystem_inst/boot_ram_inst/mem_reg_1_0_7 (implemented as a Block RAM) might be sub-optimal as no optional output register could be merged into the ram block. Providing additional output register may help in improving timing.
INFO: [Synth 8-7052] The timing for the instance soc_insti_7/soc_inst/g_bram_ddr3.memory_subsystem_inst/boot_ram_inst/mem_reg_1_1_0 (implemented as a Block RAM) might be sub-optimal as no optional output register could be merged into the ram block. Providing additional output register may help in improving timing.
INFO: [Synth 8-7052] The timing for the instance soc_insti_7/soc_inst/g_bram_ddr3.memory_subsystem_inst/boot_ram_inst/mem_reg_1_1_1 (implemented as a Block RAM) might be sub-optimal as no optional output register could be merged into the ram block. Providing additional output register may help in improving timing.
INFO: [Synth 8-7052] The timing for the instance soc_insti_7/soc_inst/g_bram_ddr3.memory_subsystem_inst/boot_ram_inst/mem_reg_1_1_2 (implemented as a Block RAM) might be sub-optimal as no optional output register could be merged into the ram block. Providing additional output register may help in improving timing.
INFO: [Synth 8-7052] The timing for the instance soc_insti_7/soc_inst/g_bram_ddr3.memory_subsystem_inst/boot_ram_inst/mem_reg_1_1_3 (implemented as a Block RAM) might be sub-optimal as no optional output register could be merged into the ram block. Providing additional output register may help in improving timing.
INFO: [Synth 8-7052] The timing for the instance soc_insti_7/soc_inst/g_bram_ddr3.memory_subsystem_inst/boot_ram_inst/mem_reg_1_1_4 (implemented as a Block RAM) might be sub-optimal as no optional output register could be merged into the ram block. Providing additional output register may help in improving timing.
INFO: [Synth 8-7052] The timing for the instance soc_insti_7/soc_inst/g_bram_ddr3.memory_subsystem_inst/boot_ram_inst/mem_reg_1_1_5 (implemented as a Block RAM) might be sub-optimal as no optional output register could be merged into the ram block. Providing additional output register may help in improving timing.
INFO: [Synth 8-7052] The timing for the instance soc_insti_7/soc_inst/g_bram_ddr3.memory_subsystem_inst/boot_ram_inst/mem_reg_1_1_6 (implemented as a Block RAM) might be sub-optimal as no optional output register could be merged into the ram block. Providing additional output register may help in improving timing.
INFO: [Synth 8-7052] The timing for the instance soc_insti_7/soc_inst/g_bram_ddr3.memory_subsystem_inst/boot_ram_inst/mem_reg_1_1_7 (implemented as a Block RAM) might be sub-optimal as no optional output register could be merged into the ram block. Providing additional output register may help in improving timing.
INFO: [Synth 8-7052] The timing for the instance soc_insti_7/soc_inst/g_bram_ddr3.memory_subsystem_inst/boot_ram_inst/mem_reg_2_0_0 (implemented as a Block RAM) might be sub-optimal as no optional output register could be merged into the ram block. Providing additional output register may help in improving timing.
INFO: [Synth 8-7052] The timing for the instance soc_insti_7/soc_inst/g_bram_ddr3.memory_subsystem_inst/boot_ram_inst/mem_reg_2_0_1 (implemented as a Block RAM) might be sub-optimal as no optional output register could be merged into the ram block. Providing additional output register may help in improving timing.
INFO: [Synth 8-7052] The timing for the instance soc_insti_7/soc_inst/g_bram_ddr3.memory_subsystem_inst/boot_ram_inst/mem_reg_2_0_2 (implemented as a Block RAM) might be sub-optimal as no optional output register could be merged into the ram block. Providing additional output register may help in improving timing.
INFO: [Synth 8-7052] The timing for the instance soc_insti_7/soc_inst/g_bram_ddr3.memory_subsystem_inst/boot_ram_inst/mem_reg_2_0_3 (implemented as a Block RAM) might be sub-optimal as no optional output register could be merged into the ram block. Providing additional output register may help in improving timing.
INFO: [Synth 8-7052] The timing for the instance soc_insti_7/soc_inst/g_bram_ddr3.memory_subsystem_inst/boot_ram_inst/mem_reg_2_0_4 (implemented as a Block RAM) might be sub-optimal as no optional output register could be merged into the ram block. Providing additional output register may help in improving timing.
INFO: [Synth 8-7052] The timing for the instance soc_insti_7/soc_inst/g_bram_ddr3.memory_subsystem_inst/boot_ram_inst/mem_reg_2_0_5 (implemented as a Block RAM) might be sub-optimal as no optional output register could be merged into the ram block. Providing additional output register may help in improving timing.
INFO: [Synth 8-7052] The timing for the instance soc_insti_7/soc_inst/g_bram_ddr3.memory_subsystem_inst/boot_ram_inst/mem_reg_2_0_6 (implemented as a Block RAM) might be sub-optimal as no optional output register could be merged into the ram block. Providing additional output register may help in improving timing.
INFO: [Synth 8-7052] The timing for the instance soc_insti_7/soc_inst/g_bram_ddr3.memory_subsystem_inst/boot_ram_inst/mem_reg_2_0_7 (implemented as a Block RAM) might be sub-optimal as no optional output register could be merged into the ram block. Providing additional output register may help in improving timing.
INFO: [Synth 8-7052] The timing for the instance soc_insti_7/soc_inst/g_bram_ddr3.memory_subsystem_inst/boot_ram_inst/mem_reg_2_1_0 (implemented as a Block RAM) might be sub-optimal as no optional output register could be merged into the ram block. Providing additional output register may help in improving timing.
INFO: [Synth 8-7052] The timing for the instance soc_insti_7/soc_inst/g_bram_ddr3.memory_subsystem_inst/boot_ram_inst/mem_reg_2_1_1 (implemented as a Block RAM) might be sub-optimal as no optional output register could be merged into the ram block. Providing additional output register may help in improving timing.
INFO: [Synth 8-7052] The timing for the instance soc_insti_7/soc_inst/g_bram_ddr3.memory_subsystem_inst/boot_ram_inst/mem_reg_2_1_2 (implemented as a Block RAM) might be sub-optimal as no optional output register could be merged into the ram block. Providing additional output register may help in improving timing.
INFO: [Synth 8-7052] The timing for the instance soc_insti_7/soc_inst/g_bram_ddr3.memory_subsystem_inst/boot_ram_inst/mem_reg_2_1_3 (implemented as a Block RAM) might be sub-optimal as no optional output register could be merged into the ram block. Providing additional output register may help in improving timing.
INFO: [Synth 8-7052] The timing for the instance soc_insti_7/soc_inst/g_bram_ddr3.memory_subsystem_inst/boot_ram_inst/mem_reg_2_1_4 (implemented as a Block RAM) might be sub-optimal as no optional output register could be merged into the ram block. Providing additional output register may help in improving timing.
INFO: [Synth 8-7052] The timing for the instance soc_insti_7/soc_inst/g_bram_ddr3.memory_subsystem_inst/boot_ram_inst/mem_reg_2_1_5 (implemented as a Block RAM) might be sub-optimal as no optional output register could be merged into the ram block. Providing additional output register may help in improving timing.
INFO: [Synth 8-7052] The timing for the instance soc_insti_7/soc_inst/g_bram_ddr3.memory_subsystem_inst/boot_ram_inst/mem_reg_2_1_6 (implemented as a Block RAM) might be sub-optimal as no optional output register could be merged into the ram block. Providing additional output register may help in improving timing.
INFO: [Synth 8-7052] The timing for the instance soc_insti_7/soc_inst/g_bram_ddr3.memory_subsystem_inst/boot_ram_inst/mem_reg_2_1_7 (implemented as a Block RAM) might be sub-optimal as no optional output register could be merged into the ram block. Providing additional output register may help in improving timing.
INFO: [Synth 8-7052] The timing for the instance soc_insti_7/soc_inst/g_bram_ddr3.memory_subsystem_inst/boot_ram_inst/mem_reg_3_0_0 (implemented as a Block RAM) might be sub-optimal as no optional output register could be merged into the ram block. Providing additional output register may help in improving timing.
INFO: [Synth 8-7052] The timing for the instance soc_insti_7/soc_inst/g_bram_ddr3.memory_subsystem_inst/boot_ram_inst/mem_reg_3_0_1 (implemented as a Block RAM) might be sub-optimal as no optional output register could be merged into the ram block. Providing additional output register may help in improving timing.
INFO: [Synth 8-7052] The timing for the instance soc_insti_7/soc_inst/g_bram_ddr3.memory_subsystem_inst/boot_ram_inst/mem_reg_3_0_2 (implemented as a Block RAM) might be sub-optimal as no optional output register could be merged into the ram block. Providing additional output register may help in improving timing.
INFO: [Synth 8-7052] The timing for the instance soc_insti_7/soc_inst/g_bram_ddr3.memory_subsystem_inst/boot_ram_inst/mem_reg_3_0_3 (implemented as a Block RAM) might be sub-optimal as no optional output register could be merged into the ram block. Providing additional output register may help in improving timing.
INFO: [Synth 8-7052] The timing for the instance soc_insti_7/soc_inst/g_bram_ddr3.memory_subsystem_inst/boot_ram_inst/mem_reg_3_0_4 (implemented as a Block RAM) might be sub-optimal as no optional output register could be merged into the ram block. Providing additional output register may help in improving timing.
INFO: [Synth 8-7052] The timing for the instance soc_insti_7/soc_inst/g_bram_ddr3.memory_subsystem_inst/boot_ram_inst/mem_reg_3_0_5 (implemented as a Block RAM) might be sub-optimal as no optional output register could be merged into the ram block. Providing additional output register may help in improving timing.
INFO: [Synth 8-7052] The timing for the instance soc_insti_7/soc_inst/g_bram_ddr3.memory_subsystem_inst/boot_ram_inst/mem_reg_3_0_6 (implemented as a Block RAM) might be sub-optimal as no optional output register could be merged into the ram block. Providing additional output register may help in improving timing.
INFO: [Synth 8-7052] The timing for the instance soc_insti_7/soc_inst/g_bram_ddr3.memory_subsystem_inst/boot_ram_inst/mem_reg_3_0_7 (implemented as a Block RAM) might be sub-optimal as no optional output register could be merged into the ram block. Providing additional output register may help in improving timing.
INFO: [Synth 8-7052] The timing for the instance soc_insti_7/soc_inst/g_bram_ddr3.memory_subsystem_inst/boot_ram_inst/mem_reg_3_1_0 (implemented as a Block RAM) might be sub-optimal as no optional output register could be merged into the ram block. Providing additional output register may help in improving timing.
INFO: [Synth 8-7052] The timing for the instance soc_insti_7/soc_inst/g_bram_ddr3.memory_subsystem_inst/boot_ram_inst/mem_reg_3_1_1 (implemented as a Block RAM) might be sub-optimal as no optional output register could be merged into the ram block. Providing additional output register may help in improving timing.
INFO: [Synth 8-7052] The timing for the instance soc_insti_7/soc_inst/g_bram_ddr3.memory_subsystem_inst/boot_ram_inst/mem_reg_3_1_2 (implemented as a Block RAM) might be sub-optimal as no optional output register could be merged into the ram block. Providing additional output register may help in improving timing.
INFO: [Synth 8-7052] The timing for the instance soc_insti_7/soc_inst/g_bram_ddr3.memory_subsystem_inst/boot_ram_inst/mem_reg_3_1_3 (implemented as a Block RAM) might be sub-optimal as no optional output register could be merged into the ram block. Providing additional output register may help in improving timing.
INFO: [Synth 8-7052] The timing for the instance soc_insti_7/soc_inst/g_bram_ddr3.memory_subsystem_inst/boot_ram_inst/mem_reg_3_1_4 (implemented as a Block RAM) might be sub-optimal as no optional output register could be merged into the ram block. Providing additional output register may help in improving timing.
INFO: [Synth 8-7052] The timing for the instance soc_insti_7/soc_inst/g_bram_ddr3.memory_subsystem_inst/boot_ram_inst/mem_reg_3_1_5 (implemented as a Block RAM) might be sub-optimal as no optional output register could be merged into the ram block. Providing additional output register may help in improving timing.
INFO: [Synth 8-7052] The timing for the instance soc_insti_7/soc_inst/g_bram_ddr3.memory_subsystem_inst/boot_ram_inst/mem_reg_3_1_6 (implemented as a Block RAM) might be sub-optimal as no optional output register could be merged into the ram block. Providing additional output register may help in improving timing.
INFO: [Synth 8-7052] The timing for the instance soc_insti_7/soc_inst/g_bram_ddr3.memory_subsystem_inst/boot_ram_inst/mem_reg_3_1_7 (implemented as a Block RAM) might be sub-optimal as no optional output register could be merged into the ram block. Providing additional output register may help in improving timing.
---------------------------------------------------------------------------------
Finished Technology Mapping : Time (s): cpu = 00:02:29 ; elapsed = 00:02:51 . Memory (MB): peak = 2543.863 ; gain = 1511.242
---------------------------------------------------------------------------------
---------------------------------------------------------------------------------
Start IO Insertion
---------------------------------------------------------------------------------
---------------------------------------------------------------------------------
Start Flattening Before IO Insertion
---------------------------------------------------------------------------------
---------------------------------------------------------------------------------
Finished Flattening Before IO Insertion
---------------------------------------------------------------------------------
---------------------------------------------------------------------------------
Start Final Netlist Cleanup
---------------------------------------------------------------------------------
INFO: [Synth 8-7052] The timing for the instance soc_inst/g_bram_ddr3.memory_subsystem_inst/boot_ram_inst/mem_reg_0_0_0 (implemented as a Block RAM) might be sub-optimal as no optional output register could be merged into the ram block. Providing additional output register may help in improving timing.
INFO: [Synth 8-7052] The timing for the instance soc_inst/g_bram_ddr3.memory_subsystem_inst/boot_ram_inst/mem_reg_0_0_1 (implemented as a Block RAM) might be sub-optimal as no optional output register could be merged into the ram block. Providing additional output register may help in improving timing.
INFO: [Synth 8-7052] The timing for the instance soc_inst/g_bram_ddr3.memory_subsystem_inst/boot_ram_inst/mem_reg_0_0_2 (implemented as a Block RAM) might be sub-optimal as no optional output register could be merged into the ram block. Providing additional output register may help in improving timing.
INFO: [Synth 8-7052] The timing for the instance soc_inst/g_bram_ddr3.memory_subsystem_inst/boot_ram_inst/mem_reg_0_0_3 (implemented as a Block RAM) might be sub-optimal as no optional output register could be merged into the ram block. Providing additional output register may help in improving timing.
INFO: [Synth 8-7052] The timing for the instance soc_inst/g_bram_ddr3.memory_subsystem_inst/boot_ram_inst/mem_reg_0_0_4 (implemented as a Block RAM) might be sub-optimal as no optional output register could be merged into the ram block. Providing additional output register may help in improving timing.
INFO: [Synth 8-7052] The timing for the instance soc_inst/g_bram_ddr3.memory_subsystem_inst/boot_ram_inst/mem_reg_0_0_5 (implemented as a Block RAM) might be sub-optimal as no optional output register could be merged into the ram block. Providing additional output register may help in improving timing.
INFO: [Synth 8-7052] The timing for the instance soc_inst/g_bram_ddr3.memory_subsystem_inst/boot_ram_inst/mem_reg_0_0_6 (implemented as a Block RAM) might be sub-optimal as no optional output register could be merged into the ram block. Providing additional output register may help in improving timing.
INFO: [Synth 8-7052] The timing for the instance soc_inst/g_bram_ddr3.memory_subsystem_inst/boot_ram_inst/mem_reg_0_0_7 (implemented as a Block RAM) might be sub-optimal as no optional output register could be merged into the ram block. Providing additional output register may help in improving timing.
INFO: [Synth 8-7052] The timing for the instance soc_inst/g_bram_ddr3.memory_subsystem_inst/boot_ram_inst/mem_reg_0_1_0 (implemented as a Block RAM) might be sub-optimal as no optional output register could be merged into the ram block. Providing additional output register may help in improving timing.
INFO: [Synth 8-7052] The timing for the instance soc_inst/g_bram_ddr3.memory_subsystem_inst/boot_ram_inst/mem_reg_0_1_1 (implemented as a Block RAM) might be sub-optimal as no optional output register could be merged into the ram block. Providing additional output register may help in improving timing.
INFO: [Synth 8-7052] The timing for the instance soc_inst/g_bram_ddr3.memory_subsystem_inst/boot_ram_inst/mem_reg_0_1_2 (implemented as a Block RAM) might be sub-optimal as no optional output register could be merged into the ram block. Providing additional output register may help in improving timing.
INFO: [Synth 8-7052] The timing for the instance soc_inst/g_bram_ddr3.memory_subsystem_inst/boot_ram_inst/mem_reg_0_1_3 (implemented as a Block RAM) might be sub-optimal as no optional output register could be merged into the ram block. Providing additional output register may help in improving timing.
INFO: [Synth 8-7052] The timing for the instance soc_inst/g_bram_ddr3.memory_subsystem_inst/boot_ram_inst/mem_reg_0_1_4 (implemented as a Block RAM) might be sub-optimal as no optional output register could be merged into the ram block. Providing additional output register may help in improving timing.
INFO: [Synth 8-7052] The timing for the instance soc_inst/g_bram_ddr3.memory_subsystem_inst/boot_ram_inst/mem_reg_0_1_5 (implemented as a Block RAM) might be sub-optimal as no optional output register could be merged into the ram block. Providing additional output register may help in improving timing.
INFO: [Synth 8-7052] The timing for the instance soc_inst/g_bram_ddr3.memory_subsystem_inst/boot_ram_inst/mem_reg_0_1_6 (implemented as a Block RAM) might be sub-optimal as no optional output register could be merged into the ram block. Providing additional output register may help in improving timing.
INFO: [Synth 8-7052] The timing for the instance soc_inst/g_bram_ddr3.memory_subsystem_inst/boot_ram_inst/mem_reg_0_1_7 (implemented as a Block RAM) might be sub-optimal as no optional output register could be merged into the ram block. Providing additional output register may help in improving timing.
INFO: [Synth 8-7052] The timing for the instance soc_inst/g_bram_ddr3.memory_subsystem_inst/boot_ram_inst/mem_reg_1_0_0 (implemented as a Block RAM) might be sub-optimal as no optional output register could be merged into the ram block. Providing additional output register may help in improving timing.
INFO: [Synth 8-7052] The timing for the instance soc_inst/g_bram_ddr3.memory_subsystem_inst/boot_ram_inst/mem_reg_1_0_1 (implemented as a Block RAM) might be sub-optimal as no optional output register could be merged into the ram block. Providing additional output register may help in improving timing.
INFO: [Synth 8-7052] The timing for the instance soc_inst/g_bram_ddr3.memory_subsystem_inst/boot_ram_inst/mem_reg_1_0_2 (implemented as a Block RAM) might be sub-optimal as no optional output register could be merged into the ram block. Providing additional output register may help in improving timing.
INFO: [Synth 8-7052] The timing for the instance soc_inst/g_bram_ddr3.memory_subsystem_inst/boot_ram_inst/mem_reg_1_0_3 (implemented as a Block RAM) might be sub-optimal as no optional output register could be merged into the ram block. Providing additional output register may help in improving timing.
INFO: [Synth 8-7052] The timing for the instance soc_inst/g_bram_ddr3.memory_subsystem_inst/boot_ram_inst/mem_reg_1_0_4 (implemented as a Block RAM) might be sub-optimal as no optional output register could be merged into the ram block. Providing additional output register may help in improving timing.
INFO: [Synth 8-7052] The timing for the instance soc_inst/g_bram_ddr3.memory_subsystem_inst/boot_ram_inst/mem_reg_1_0_5 (implemented as a Block RAM) might be sub-optimal as no optional output register could be merged into the ram block. Providing additional output register may help in improving timing.
INFO: [Synth 8-7052] The timing for the instance soc_inst/g_bram_ddr3.memory_subsystem_inst/boot_ram_inst/mem_reg_1_0_6 (implemented as a Block RAM) might be sub-optimal as no optional output register could be merged into the ram block. Providing additional output register may help in improving timing.
INFO: [Synth 8-7052] The timing for the instance soc_inst/g_bram_ddr3.memory_subsystem_inst/boot_ram_inst/mem_reg_1_0_7 (implemented as a Block RAM) might be sub-optimal as no optional output register could be merged into the ram block. Providing additional output register may help in improving timing.
INFO: [Synth 8-7052] The timing for the instance soc_inst/g_bram_ddr3.memory_subsystem_inst/boot_ram_inst/mem_reg_1_1_0 (implemented as a Block RAM) might be sub-optimal as no optional output register could be merged into the ram block. Providing additional output register may help in improving timing.
INFO: [Synth 8-7052] The timing for the instance soc_inst/g_bram_ddr3.memory_subsystem_inst/boot_ram_inst/mem_reg_1_1_1 (implemented as a Block RAM) might be sub-optimal as no optional output register could be merged into the ram block. Providing additional output register may help in improving timing.
INFO: [Synth 8-7052] The timing for the instance soc_inst/g_bram_ddr3.memory_subsystem_inst/boot_ram_inst/mem_reg_1_1_2 (implemented as a Block RAM) might be sub-optimal as no optional output register could be merged into the ram block. Providing additional output register may help in improving timing.
INFO: [Synth 8-7052] The timing for the instance soc_inst/g_bram_ddr3.memory_subsystem_inst/boot_ram_inst/mem_reg_1_1_3 (implemented as a Block RAM) might be sub-optimal as no optional output register could be merged into the ram block. Providing additional output register may help in improving timing.
INFO: [Synth 8-7052] The timing for the instance soc_inst/g_bram_ddr3.memory_subsystem_inst/boot_ram_inst/mem_reg_1_1_4 (implemented as a Block RAM) might be sub-optimal as no optional output register could be merged into the ram block. Providing additional output register may help in improving timing.
INFO: [Synth 8-7052] The timing for the instance soc_inst/g_bram_ddr3.memory_subsystem_inst/boot_ram_inst/mem_reg_1_1_5 (implemented as a Block RAM) might be sub-optimal as no optional output register could be merged into the ram block. Providing additional output register may help in improving timing.
INFO: [Synth 8-7052] The timing for the instance soc_inst/g_bram_ddr3.memory_subsystem_inst/boot_ram_inst/mem_reg_1_1_6 (implemented as a Block RAM) might be sub-optimal as no optional output register could be merged into the ram block. Providing additional output register may help in improving timing.
INFO: [Synth 8-7052] The timing for the instance soc_inst/g_bram_ddr3.memory_subsystem_inst/boot_ram_inst/mem_reg_1_1_7 (implemented as a Block RAM) might be sub-optimal as no optional output register could be merged into the ram block. Providing additional output register may help in improving timing.
INFO: [Synth 8-7052] The timing for the instance soc_inst/g_bram_ddr3.memory_subsystem_inst/boot_ram_inst/mem_reg_2_0_0 (implemented as a Block RAM) might be sub-optimal as no optional output register could be merged into the ram block. Providing additional output register may help in improving timing.
INFO: [Synth 8-7052] The timing for the instance soc_inst/g_bram_ddr3.memory_subsystem_inst/boot_ram_inst/mem_reg_2_0_1 (implemented as a Block RAM) might be sub-optimal as no optional output register could be merged into the ram block. Providing additional output register may help in improving timing.
INFO: [Synth 8-7052] The timing for the instance soc_inst/g_bram_ddr3.memory_subsystem_inst/boot_ram_inst/mem_reg_2_0_2 (implemented as a Block RAM) might be sub-optimal as no optional output register could be merged into the ram block. Providing additional output register may help in improving timing.
INFO: [Synth 8-7052] The timing for the instance soc_inst/g_bram_ddr3.memory_subsystem_inst/boot_ram_inst/mem_reg_2_0_3 (implemented as a Block RAM) might be sub-optimal as no optional output register could be merged into the ram block. Providing additional output register may help in improving timing.
INFO: [Common 17-14] Message 'Synth 8-7052' appears 100 times and further instances of the messages will be disabled. Use the Tcl command set_msg_config to change the current settings.
---------------------------------------------------------------------------------
Finished Final Netlist Cleanup
---------------------------------------------------------------------------------
---------------------------------------------------------------------------------
Finished IO Insertion : Time (s): cpu = 00:02:37 ; elapsed = 00:02:59 . Memory (MB): peak = 2545.297 ; gain = 1512.676
---------------------------------------------------------------------------------
---------------------------------------------------------------------------------
Start Renaming Generated Instances
---------------------------------------------------------------------------------
---------------------------------------------------------------------------------
Finished Renaming Generated Instances : Time (s): cpu = 00:02:37 ; elapsed = 00:02:59 . Memory (MB): peak = 2545.297 ; gain = 1512.676
---------------------------------------------------------------------------------
---------------------------------------------------------------------------------
Start Rebuilding User Hierarchy
---------------------------------------------------------------------------------
---------------------------------------------------------------------------------
Finished Rebuilding User Hierarchy : Time (s): cpu = 00:02:39 ; elapsed = 00:03:01 . Memory (MB): peak = 2545.297 ; gain = 1512.676
---------------------------------------------------------------------------------
---------------------------------------------------------------------------------
Start Renaming Generated Ports
---------------------------------------------------------------------------------
---------------------------------------------------------------------------------
Finished Renaming Generated Ports : Time (s): cpu = 00:02:39 ; elapsed = 00:03:01 . Memory (MB): peak = 2545.297 ; gain = 1512.676
---------------------------------------------------------------------------------
---------------------------------------------------------------------------------
Start Handling Custom Attributes
---------------------------------------------------------------------------------
---------------------------------------------------------------------------------
Finished Handling Custom Attributes : Time (s): cpu = 00:02:40 ; elapsed = 00:03:01 . Memory (MB): peak = 2545.297 ; gain = 1512.676
---------------------------------------------------------------------------------
---------------------------------------------------------------------------------
Start Renaming Generated Nets
---------------------------------------------------------------------------------
---------------------------------------------------------------------------------
Finished Renaming Generated Nets : Time (s): cpu = 00:02:40 ; elapsed = 00:03:02 . Memory (MB): peak = 2545.297 ; gain = 1512.676
---------------------------------------------------------------------------------
---------------------------------------------------------------------------------
Start Writing Synthesis Report
---------------------------------------------------------------------------------

Report BlackBoxes: 
+------+------------------------+----------+
|      |BlackBox name           |Instances |
+------+------------------------+----------+
|1     |soc_ddr_clock_converter |         1|
|2     |soc_ddr_axi_converter   |         1|
|3     |vc707_mig               |         1|
+------+------------------------+----------+

Report Cell Usage: 
+------+------------------------+------+
|      |Cell                    |Count |
+------+------------------------+------+
|1     |soc_ddr_axi_converter   |     1|
|2     |soc_ddr_clock_converter |     1|
|3     |vc707_mig               |     1|
|4     |BUFG                    |     2|
|5     |CARRY4                  |   942|
|6     |LUT1                    |    94|
|7     |LUT2                    |  3166|
|8     |LUT3                    |  1687|
|9     |LUT4                    |  2308|
|10    |LUT5                    |  2788|
|11    |LUT6                    | 14494|
|12    |MMCME2_BASE             |     1|
|13    |MUXF7                   |  4764|
|14    |MUXF8                   |  2273|
|15    |RAM32M                  |    18|
|16    |RAM32X1D                |     6|
|17    |RAM64M                  |    22|
|18    |RAMB36E1                |    64|
|51    |FDCE                    |  7021|
|52    |FDPE                    |    33|
|53    |FDRE                    | 37155|
|54    |FDSE                    |    96|
|55    |IBUF                    |     2|
|56    |OBUF                    |     5|
+------+------------------------+------+
---------------------------------------------------------------------------------
Finished Writing Synthesis Report : Time (s): cpu = 00:02:40 ; elapsed = 00:03:02 . Memory (MB): peak = 2545.297 ; gain = 1512.676
---------------------------------------------------------------------------------
Synthesis finished with 0 errors, 0 critical warnings and 204 warnings.
Synthesis Optimization Runtime : Time (s): cpu = 00:02:14 ; elapsed = 00:02:54 . Memory (MB): peak = 2545.297 ; gain = 1363.602
Synthesis Optimization Complete : Time (s): cpu = 00:02:40 ; elapsed = 00:03:03 . Memory (MB): peak = 2545.297 ; gain = 1512.676
INFO: [Project 1-571] Translating synthesized netlist
Netlist sorting complete. Time (s): cpu = 00:00:01 ; elapsed = 00:00:00.550 . Memory (MB): peak = 2545.297 ; gain = 0.000
INFO: [Netlist 29-17] Analyzing 8090 Unisim elements for replacement
INFO: [Netlist 29-28] Unisim Transformation completed in 0 CPU seconds
INFO: [Project 1-570] Preparing netlist for logic optimization
INFO: [Opt 31-138] Pushed 0 inverter(s) to 0 load pin(s).
Netlist sorting complete. Time (s): cpu = 00:00:00 ; elapsed = 00:00:00.017 . Memory (MB): peak = 2545.297 ; gain = 0.000
INFO: [Project 1-111] Unisim Transformation Summary:
  A total of 47 instances were transformed.
  MMCME2_BASE => MMCME2_ADV: 1 instance 
  RAM32M => RAM32M (RAMD32(x6), RAMS32(x2)): 18 instances
  RAM32X1D => RAM32X1D (RAMD32(x2)): 6 instances
  RAM64M => RAM64M (RAMD64E(x4)): 22 instances

Synth Design complete | Checksum: 259d66a3
INFO: [Common 17-83] Releasing license: Synthesis
433 Infos, 593 Warnings, 0 Critical Warnings and 0 Errors encountered.
synth_design completed successfully
synth_design: Time (s): cpu = 00:02:53 ; elapsed = 00:03:19 . Memory (MB): peak = 2545.297 ; gain = 1997.957
Write ShapeDB Complete: Time (s): cpu = 00:00:00 ; elapsed = 00:00:00.057 . Memory (MB): peak = 2545.297 ; gain = 0.000
INFO: [Common 17-1381] The checkpoint 'D:/_codex_dma_mmu/build/vivado/vc707_ddr3/DMA_IOMMU_PicoRV32_VC707_DDR3.runs/synth_1/dma_mmu_picorv32_vc707_ddr3_top.dcp' has been generated.
INFO: [Vivado 12-24828] Executing command : report_utilization -file dma_mmu_picorv32_vc707_ddr3_top_utilization_synth.rpt -pb dma_mmu_picorv32_vc707_ddr3_top_utilization_synth.pb
INFO: [Common 17-206] Exiting Vivado at Tue Aug 18 13:53:21 2026...
