Copyright 1986-2022 Xilinx, Inc. All Rights Reserved. Copyright 2022-2025 Advanced Micro Devices, Inc. All Rights Reserved.
---------------------------------------------------------------------------------------------------------------------------------------------
| Tool Version : Vivado v.2025.1 (win64) Build 6140274 Thu May 22 00:12:29 MDT 2025
| Date         : Tue Aug 18 15:25:19 2026
| Host         : LAPTOP-7VHB4FBR running 64-bit major release  (build 9200)
| Command      : report_bus_skew -file D:/_codex_dma_mmu/reports/vc707_unified_ddr3/vc707_ddr3_bus_skew.rpt
| Design       : dma_mmu_picorv32_vc707_ddr3_top
| Device       : 7vx485t-ffg1761
| Speed File   : -2  PRODUCTION 1.12 2014-09-11
| Design State : Routed
---------------------------------------------------------------------------------------------------------------------------------------------

Bus Skew Report

Table of Contents
-----------------
1. Bus Skew Report Summary
2. Bus Skew Report Per Constraint

1. Bus Skew Report Summary
--------------------------

Id  Position  From                            To                              Corner  Requirement(ns)  Actual(ns)  Slack(ns)
--  --------  ------------------------------  ------------------------------  ------  ---------------  ----------  ---------
1   29        [get_cells [list {ddr_clock_converter_inst/inst/gen_clock_conv.gen_async_conv.asyncfifo_axi/inst_fifo_gen/gaxi_full_lite.gread_ch.grdch2.axi_rdch/grf.rf/gntv_or_sync_fifo.gcx.clkx/rd_pntr_cdc_inst/src_gray_ff_reg[0]} {ddr_clock_converter_inst/inst/gen_clock_conv.gen_async_conv.asyncfifo_axi/inst_fifo_gen/gaxi_full_lite.gread_ch.grdch2.axi_rdch/grf.rf/gntv_or_sync_fifo.gcx.clkx/rd_pntr_cdc_inst/src_gray_ff_reg[1]} {ddr_clock_converter_inst/inst/gen_clock_conv.gen_async_conv.asyncfifo_axi/inst_fifo_gen/gaxi_full_lite.gread_ch.grdch2.axi_rdch/grf.rf/gntv_or_sync_fifo.gcx.clkx/rd_pntr_cdc_inst/src_gray_ff_reg[2]} {ddr_clock_converter_inst/inst/gen_clock_conv.gen_async_conv.asyncfifo_axi/inst_fifo_gen/gaxi_full_lite.gread_ch.grdch2.axi_rdch/grf.rf/gntv_or_sync_fifo.gcx.clkx/rd_pntr_cdc_inst/src_gray_ff_reg[3]}]]
                                              [get_cells [list {ddr_clock_converter_inst/inst/gen_clock_conv.gen_async_conv.asyncfifo_axi/inst_fifo_gen/gaxi_full_lite.gread_ch.grdch2.axi_rdch/grf.rf/gntv_or_sync_fifo.gcx.clkx/rd_pntr_cdc_inst/dest_graysync_ff_reg[0][0]} {ddr_clock_converter_inst/inst/gen_clock_conv.gen_async_conv.asyncfifo_axi/inst_fifo_gen/gaxi_full_lite.gread_ch.grdch2.axi_rdch/grf.rf/gntv_or_sync_fifo.gcx.clkx/rd_pntr_cdc_inst/dest_graysync_ff_reg[0][1]} {ddr_clock_converter_inst/inst/gen_clock_conv.gen_async_conv.asyncfifo_axi/inst_fifo_gen/gaxi_full_lite.gread_ch.grdch2.axi_rdch/grf.rf/gntv_or_sync_fifo.gcx.clkx/rd_pntr_cdc_inst/dest_graysync_ff_reg[0][2]} {ddr_clock_converter_inst/inst/gen_clock_conv.gen_async_conv.asyncfifo_axi/inst_fifo_gen/gaxi_full_lite.gread_ch.grdch2.axi_rdch/grf.rf/gntv_or_sync_fifo.gcx.clkx/rd_pntr_cdc_inst/dest_graysync_ff_reg[0][3]}]]
                                                                              Slow              5.000       0.453      4.547
2   31        [get_cells [list {ddr_clock_converter_inst/inst/gen_clock_conv.gen_async_conv.asyncfifo_axi/inst_fifo_gen/gaxi_full_lite.gwrite_ch.gwrch2.axi_wrch/grf.rf/gntv_or_sync_fifo.gcx.clkx/rd_pntr_cdc_inst/src_gray_ff_reg[0]} {ddr_clock_converter_inst/inst/gen_clock_conv.gen_async_conv.asyncfifo_axi/inst_fifo_gen/gaxi_full_lite.gwrite_ch.gwrch2.axi_wrch/grf.rf/gntv_or_sync_fifo.gcx.clkx/rd_pntr_cdc_inst/src_gray_ff_reg[1]} {ddr_clock_converter_inst/inst/gen_clock_conv.gen_async_conv.asyncfifo_axi/inst_fifo_gen/gaxi_full_lite.gwrite_ch.gwrch2.axi_wrch/grf.rf/gntv_or_sync_fifo.gcx.clkx/rd_pntr_cdc_inst/src_gray_ff_reg[2]} {ddr_clock_converter_inst/inst/gen_clock_conv.gen_async_conv.asyncfifo_axi/inst_fifo_gen/gaxi_full_lite.gwrite_ch.gwrch2.axi_wrch/grf.rf/gntv_or_sync_fifo.gcx.clkx/rd_pntr_cdc_inst/src_gray_ff_reg[3]}]]
                                              [get_cells [list {ddr_clock_converter_inst/inst/gen_clock_conv.gen_async_conv.asyncfifo_axi/inst_fifo_gen/gaxi_full_lite.gwrite_ch.gwrch2.axi_wrch/grf.rf/gntv_or_sync_fifo.gcx.clkx/rd_pntr_cdc_inst/dest_graysync_ff_reg[0][0]} {ddr_clock_converter_inst/inst/gen_clock_conv.gen_async_conv.asyncfifo_axi/inst_fifo_gen/gaxi_full_lite.gwrite_ch.gwrch2.axi_wrch/grf.rf/gntv_or_sync_fifo.gcx.clkx/rd_pntr_cdc_inst/dest_graysync_ff_reg[0][1]} {ddr_clock_converter_inst/inst/gen_clock_conv.gen_async_conv.asyncfifo_axi/inst_fifo_gen/gaxi_full_lite.gwrite_ch.gwrch2.axi_wrch/grf.rf/gntv_or_sync_fifo.gcx.clkx/rd_pntr_cdc_inst/dest_graysync_ff_reg[0][2]} {ddr_clock_converter_inst/inst/gen_clock_conv.gen_async_conv.asyncfifo_axi/inst_fifo_gen/gaxi_full_lite.gwrite_ch.gwrch2.axi_wrch/grf.rf/gntv_or_sync_fifo.gcx.clkx/rd_pntr_cdc_inst/dest_graysync_ff_reg[0][3]}]]
                                                                              Slow              5.000       0.388      4.612
3   33        [get_cells [list {ddr_clock_converter_inst/inst/gen_clock_conv.gen_async_conv.asyncfifo_axi/inst_fifo_gen/gaxi_full_lite.gread_ch.grach2.axi_rach/grf.rf/gntv_or_sync_fifo.gcx.clkx/wr_pntr_cdc_inst/src_gray_ff_reg[0]} {ddr_clock_converter_inst/inst/gen_clock_conv.gen_async_conv.asyncfifo_axi/inst_fifo_gen/gaxi_full_lite.gread_ch.grach2.axi_rach/grf.rf/gntv_or_sync_fifo.gcx.clkx/wr_pntr_cdc_inst/src_gray_ff_reg[1]} {ddr_clock_converter_inst/inst/gen_clock_conv.gen_async_conv.asyncfifo_axi/inst_fifo_gen/gaxi_full_lite.gread_ch.grach2.axi_rach/grf.rf/gntv_or_sync_fifo.gcx.clkx/wr_pntr_cdc_inst/src_gray_ff_reg[2]} {ddr_clock_converter_inst/inst/gen_clock_conv.gen_async_conv.asyncfifo_axi/inst_fifo_gen/gaxi_full_lite.gread_ch.grach2.axi_rach/grf.rf/gntv_or_sync_fifo.gcx.clkx/wr_pntr_cdc_inst/src_gray_ff_reg[3]}]]
                                              [get_cells [list {ddr_clock_converter_inst/inst/gen_clock_conv.gen_async_conv.asyncfifo_axi/inst_fifo_gen/gaxi_full_lite.gread_ch.grach2.axi_rach/grf.rf/gntv_or_sync_fifo.gcx.clkx/wr_pntr_cdc_inst/dest_graysync_ff_reg[0][0]} {ddr_clock_converter_inst/inst/gen_clock_conv.gen_async_conv.asyncfifo_axi/inst_fifo_gen/gaxi_full_lite.gread_ch.grach2.axi_rach/grf.rf/gntv_or_sync_fifo.gcx.clkx/wr_pntr_cdc_inst/dest_graysync_ff_reg[0][1]} {ddr_clock_converter_inst/inst/gen_clock_conv.gen_async_conv.asyncfifo_axi/inst_fifo_gen/gaxi_full_lite.gread_ch.grach2.axi_rach/grf.rf/gntv_or_sync_fifo.gcx.clkx/wr_pntr_cdc_inst/dest_graysync_ff_reg[0][2]} {ddr_clock_converter_inst/inst/gen_clock_conv.gen_async_conv.asyncfifo_axi/inst_fifo_gen/gaxi_full_lite.gread_ch.grach2.axi_rach/grf.rf/gntv_or_sync_fifo.gcx.clkx/wr_pntr_cdc_inst/dest_graysync_ff_reg[0][3]}]]
                                                                              Slow              5.000       0.411      4.589
4   35        [get_cells [list {ddr_clock_converter_inst/inst/gen_clock_conv.gen_async_conv.asyncfifo_axi/inst_fifo_gen/gaxi_full_lite.gread_ch.grach2.axi_rach/grf.rf/gntv_or_sync_fifo.gcx.clkx/rd_pntr_cdc_inst/src_gray_ff_reg[0]} {ddr_clock_converter_inst/inst/gen_clock_conv.gen_async_conv.asyncfifo_axi/inst_fifo_gen/gaxi_full_lite.gread_ch.grach2.axi_rach/grf.rf/gntv_or_sync_fifo.gcx.clkx/rd_pntr_cdc_inst/src_gray_ff_reg[1]} {ddr_clock_converter_inst/inst/gen_clock_conv.gen_async_conv.asyncfifo_axi/inst_fifo_gen/gaxi_full_lite.gread_ch.grach2.axi_rach/grf.rf/gntv_or_sync_fifo.gcx.clkx/rd_pntr_cdc_inst/src_gray_ff_reg[2]} {ddr_clock_converter_inst/inst/gen_clock_conv.gen_async_conv.asyncfifo_axi/inst_fifo_gen/gaxi_full_lite.gread_ch.grach2.axi_rach/grf.rf/gntv_or_sync_fifo.gcx.clkx/rd_pntr_cdc_inst/src_gray_ff_reg[3]}]]
                                              [get_cells [list {ddr_clock_converter_inst/inst/gen_clock_conv.gen_async_conv.asyncfifo_axi/inst_fifo_gen/gaxi_full_lite.gread_ch.grach2.axi_rach/grf.rf/gntv_or_sync_fifo.gcx.clkx/rd_pntr_cdc_inst/dest_graysync_ff_reg[0][0]} {ddr_clock_converter_inst/inst/gen_clock_conv.gen_async_conv.asyncfifo_axi/inst_fifo_gen/gaxi_full_lite.gread_ch.grach2.axi_rach/grf.rf/gntv_or_sync_fifo.gcx.clkx/rd_pntr_cdc_inst/dest_graysync_ff_reg[0][1]} {ddr_clock_converter_inst/inst/gen_clock_conv.gen_async_conv.asyncfifo_axi/inst_fifo_gen/gaxi_full_lite.gread_ch.grach2.axi_rach/grf.rf/gntv_or_sync_fifo.gcx.clkx/rd_pntr_cdc_inst/dest_graysync_ff_reg[0][2]} {ddr_clock_converter_inst/inst/gen_clock_conv.gen_async_conv.asyncfifo_axi/inst_fifo_gen/gaxi_full_lite.gread_ch.grach2.axi_rach/grf.rf/gntv_or_sync_fifo.gcx.clkx/rd_pntr_cdc_inst/dest_graysync_ff_reg[0][3]}]]
                                                                              Slow              5.000       0.371      4.629
5   37        [get_cells [list {ddr_clock_converter_inst/inst/gen_clock_conv.gen_async_conv.asyncfifo_axi/inst_fifo_gen/gaxi_full_lite.gread_ch.grdch2.axi_rdch/grf.rf/gntv_or_sync_fifo.gcx.clkx/wr_pntr_cdc_inst/src_gray_ff_reg[0]} {ddr_clock_converter_inst/inst/gen_clock_conv.gen_async_conv.asyncfifo_axi/inst_fifo_gen/gaxi_full_lite.gread_ch.grdch2.axi_rdch/grf.rf/gntv_or_sync_fifo.gcx.clkx/wr_pntr_cdc_inst/src_gray_ff_reg[1]} {ddr_clock_converter_inst/inst/gen_clock_conv.gen_async_conv.asyncfifo_axi/inst_fifo_gen/gaxi_full_lite.gread_ch.grdch2.axi_rdch/grf.rf/gntv_or_sync_fifo.gcx.clkx/wr_pntr_cdc_inst/src_gray_ff_reg[2]} {ddr_clock_converter_inst/inst/gen_clock_conv.gen_async_conv.asyncfifo_axi/inst_fifo_gen/gaxi_full_lite.gread_ch.grdch2.axi_rdch/grf.rf/gntv_or_sync_fifo.gcx.clkx/wr_pntr_cdc_inst/src_gray_ff_reg[3]}]]
                                              [get_cells [list {ddr_clock_converter_inst/inst/gen_clock_conv.gen_async_conv.asyncfifo_axi/inst_fifo_gen/gaxi_full_lite.gread_ch.grdch2.axi_rdch/grf.rf/gntv_or_sync_fifo.gcx.clkx/wr_pntr_cdc_inst/dest_graysync_ff_reg[0][0]} {ddr_clock_converter_inst/inst/gen_clock_conv.gen_async_conv.asyncfifo_axi/inst_fifo_gen/gaxi_full_lite.gread_ch.grdch2.axi_rdch/grf.rf/gntv_or_sync_fifo.gcx.clkx/wr_pntr_cdc_inst/dest_graysync_ff_reg[0][1]} {ddr_clock_converter_inst/inst/gen_clock_conv.gen_async_conv.asyncfifo_axi/inst_fifo_gen/gaxi_full_lite.gread_ch.grdch2.axi_rdch/grf.rf/gntv_or_sync_fifo.gcx.clkx/wr_pntr_cdc_inst/dest_graysync_ff_reg[0][2]} {ddr_clock_converter_inst/inst/gen_clock_conv.gen_async_conv.asyncfifo_axi/inst_fifo_gen/gaxi_full_lite.gread_ch.grdch2.axi_rdch/grf.rf/gntv_or_sync_fifo.gcx.clkx/wr_pntr_cdc_inst/dest_graysync_ff_reg[0][3]}]]
                                                                              Slow              5.000       0.603      4.397
6   39        [get_cells [list {ddr_clock_converter_inst/inst/gen_clock_conv.gen_async_conv.asyncfifo_axi/inst_fifo_gen/gaxi_full_lite.gwrite_ch.gwach2.axi_wach/grf.rf/gntv_or_sync_fifo.gcx.clkx/wr_pntr_cdc_inst/src_gray_ff_reg[0]} {ddr_clock_converter_inst/inst/gen_clock_conv.gen_async_conv.asyncfifo_axi/inst_fifo_gen/gaxi_full_lite.gwrite_ch.gwach2.axi_wach/grf.rf/gntv_or_sync_fifo.gcx.clkx/wr_pntr_cdc_inst/src_gray_ff_reg[1]} {ddr_clock_converter_inst/inst/gen_clock_conv.gen_async_conv.asyncfifo_axi/inst_fifo_gen/gaxi_full_lite.gwrite_ch.gwach2.axi_wach/grf.rf/gntv_or_sync_fifo.gcx.clkx/wr_pntr_cdc_inst/src_gray_ff_reg[2]} {ddr_clock_converter_inst/inst/gen_clock_conv.gen_async_conv.asyncfifo_axi/inst_fifo_gen/gaxi_full_lite.gwrite_ch.gwach2.axi_wach/grf.rf/gntv_or_sync_fifo.gcx.clkx/wr_pntr_cdc_inst/src_gray_ff_reg[3]}]]
                                              [get_cells [list {ddr_clock_converter_inst/inst/gen_clock_conv.gen_async_conv.asyncfifo_axi/inst_fifo_gen/gaxi_full_lite.gwrite_ch.gwach2.axi_wach/grf.rf/gntv_or_sync_fifo.gcx.clkx/wr_pntr_cdc_inst/dest_graysync_ff_reg[0][0]} {ddr_clock_converter_inst/inst/gen_clock_conv.gen_async_conv.asyncfifo_axi/inst_fifo_gen/gaxi_full_lite.gwrite_ch.gwach2.axi_wach/grf.rf/gntv_or_sync_fifo.gcx.clkx/wr_pntr_cdc_inst/dest_graysync_ff_reg[0][1]} {ddr_clock_converter_inst/inst/gen_clock_conv.gen_async_conv.asyncfifo_axi/inst_fifo_gen/gaxi_full_lite.gwrite_ch.gwach2.axi_wach/grf.rf/gntv_or_sync_fifo.gcx.clkx/wr_pntr_cdc_inst/dest_graysync_ff_reg[0][2]} {ddr_clock_converter_inst/inst/gen_clock_conv.gen_async_conv.asyncfifo_axi/inst_fifo_gen/gaxi_full_lite.gwrite_ch.gwach2.axi_wach/grf.rf/gntv_or_sync_fifo.gcx.clkx/wr_pntr_cdc_inst/dest_graysync_ff_reg[0][3]}]]
                                                                              Slow              5.000       0.329      4.671
7   41        [get_cells [list {ddr_clock_converter_inst/inst/gen_clock_conv.gen_async_conv.asyncfifo_axi/inst_fifo_gen/gaxi_full_lite.gwrite_ch.gwach2.axi_wach/grf.rf/gntv_or_sync_fifo.gcx.clkx/rd_pntr_cdc_inst/src_gray_ff_reg[0]} {ddr_clock_converter_inst/inst/gen_clock_conv.gen_async_conv.asyncfifo_axi/inst_fifo_gen/gaxi_full_lite.gwrite_ch.gwach2.axi_wach/grf.rf/gntv_or_sync_fifo.gcx.clkx/rd_pntr_cdc_inst/src_gray_ff_reg[1]} {ddr_clock_converter_inst/inst/gen_clock_conv.gen_async_conv.asyncfifo_axi/inst_fifo_gen/gaxi_full_lite.gwrite_ch.gwach2.axi_wach/grf.rf/gntv_or_sync_fifo.gcx.clkx/rd_pntr_cdc_inst/src_gray_ff_reg[2]} {ddr_clock_converter_inst/inst/gen_clock_conv.gen_async_conv.asyncfifo_axi/inst_fifo_gen/gaxi_full_lite.gwrite_ch.gwach2.axi_wach/grf.rf/gntv_or_sync_fifo.gcx.clkx/rd_pntr_cdc_inst/src_gray_ff_reg[3]}]]
                                              [get_cells [list {ddr_clock_converter_inst/inst/gen_clock_conv.gen_async_conv.asyncfifo_axi/inst_fifo_gen/gaxi_full_lite.gwrite_ch.gwach2.axi_wach/grf.rf/gntv_or_sync_fifo.gcx.clkx/rd_pntr_cdc_inst/dest_graysync_ff_reg[0][0]} {ddr_clock_converter_inst/inst/gen_clock_conv.gen_async_conv.asyncfifo_axi/inst_fifo_gen/gaxi_full_lite.gwrite_ch.gwach2.axi_wach/grf.rf/gntv_or_sync_fifo.gcx.clkx/rd_pntr_cdc_inst/dest_graysync_ff_reg[0][1]} {ddr_clock_converter_inst/inst/gen_clock_conv.gen_async_conv.asyncfifo_axi/inst_fifo_gen/gaxi_full_lite.gwrite_ch.gwach2.axi_wach/grf.rf/gntv_or_sync_fifo.gcx.clkx/rd_pntr_cdc_inst/dest_graysync_ff_reg[0][2]} {ddr_clock_converter_inst/inst/gen_clock_conv.gen_async_conv.asyncfifo_axi/inst_fifo_gen/gaxi_full_lite.gwrite_ch.gwach2.axi_wach/grf.rf/gntv_or_sync_fifo.gcx.clkx/rd_pntr_cdc_inst/dest_graysync_ff_reg[0][3]}]]
                                                                              Slow              5.000       0.408      4.592
8   43        [get_cells [list {ddr_clock_converter_inst/inst/gen_clock_conv.gen_async_conv.asyncfifo_axi/inst_fifo_gen/gaxi_full_lite.gwrite_ch.gwdch2.axi_wdch/grf.rf/gntv_or_sync_fifo.gcx.clkx/wr_pntr_cdc_inst/src_gray_ff_reg[0]} {ddr_clock_converter_inst/inst/gen_clock_conv.gen_async_conv.asyncfifo_axi/inst_fifo_gen/gaxi_full_lite.gwrite_ch.gwdch2.axi_wdch/grf.rf/gntv_or_sync_fifo.gcx.clkx/wr_pntr_cdc_inst/src_gray_ff_reg[1]} {ddr_clock_converter_inst/inst/gen_clock_conv.gen_async_conv.asyncfifo_axi/inst_fifo_gen/gaxi_full_lite.gwrite_ch.gwdch2.axi_wdch/grf.rf/gntv_or_sync_fifo.gcx.clkx/wr_pntr_cdc_inst/src_gray_ff_reg[2]} {ddr_clock_converter_inst/inst/gen_clock_conv.gen_async_conv.asyncfifo_axi/inst_fifo_gen/gaxi_full_lite.gwrite_ch.gwdch2.axi_wdch/grf.rf/gntv_or_sync_fifo.gcx.clkx/wr_pntr_cdc_inst/src_gray_ff_reg[3]}]]
                                              [get_cells [list {ddr_clock_converter_inst/inst/gen_clock_conv.gen_async_conv.asyncfifo_axi/inst_fifo_gen/gaxi_full_lite.gwrite_ch.gwdch2.axi_wdch/grf.rf/gntv_or_sync_fifo.gcx.clkx/wr_pntr_cdc_inst/dest_graysync_ff_reg[0][0]} {ddr_clock_converter_inst/inst/gen_clock_conv.gen_async_conv.asyncfifo_axi/inst_fifo_gen/gaxi_full_lite.gwrite_ch.gwdch2.axi_wdch/grf.rf/gntv_or_sync_fifo.gcx.clkx/wr_pntr_cdc_inst/dest_graysync_ff_reg[0][1]} {ddr_clock_converter_inst/inst/gen_clock_conv.gen_async_conv.asyncfifo_axi/inst_fifo_gen/gaxi_full_lite.gwrite_ch.gwdch2.axi_wdch/grf.rf/gntv_or_sync_fifo.gcx.clkx/wr_pntr_cdc_inst/dest_graysync_ff_reg[0][2]} {ddr_clock_converter_inst/inst/gen_clock_conv.gen_async_conv.asyncfifo_axi/inst_fifo_gen/gaxi_full_lite.gwrite_ch.gwdch2.axi_wdch/grf.rf/gntv_or_sync_fifo.gcx.clkx/wr_pntr_cdc_inst/dest_graysync_ff_reg[0][3]}]]
                                                                              Slow              5.000       0.389      4.611
9   45        [get_cells [list {ddr_clock_converter_inst/inst/gen_clock_conv.gen_async_conv.asyncfifo_axi/inst_fifo_gen/gaxi_full_lite.gwrite_ch.gwdch2.axi_wdch/grf.rf/gntv_or_sync_fifo.gcx.clkx/rd_pntr_cdc_inst/src_gray_ff_reg[0]} {ddr_clock_converter_inst/inst/gen_clock_conv.gen_async_conv.asyncfifo_axi/inst_fifo_gen/gaxi_full_lite.gwrite_ch.gwdch2.axi_wdch/grf.rf/gntv_or_sync_fifo.gcx.clkx/rd_pntr_cdc_inst/src_gray_ff_reg[1]} {ddr_clock_converter_inst/inst/gen_clock_conv.gen_async_conv.asyncfifo_axi/inst_fifo_gen/gaxi_full_lite.gwrite_ch.gwdch2.axi_wdch/grf.rf/gntv_or_sync_fifo.gcx.clkx/rd_pntr_cdc_inst/src_gray_ff_reg[2]} {ddr_clock_converter_inst/inst/gen_clock_conv.gen_async_conv.asyncfifo_axi/inst_fifo_gen/gaxi_full_lite.gwrite_ch.gwdch2.axi_wdch/grf.rf/gntv_or_sync_fifo.gcx.clkx/rd_pntr_cdc_inst/src_gray_ff_reg[3]}]]
                                              [get_cells [list {ddr_clock_converter_inst/inst/gen_clock_conv.gen_async_conv.asyncfifo_axi/inst_fifo_gen/gaxi_full_lite.gwrite_ch.gwdch2.axi_wdch/grf.rf/gntv_or_sync_fifo.gcx.clkx/rd_pntr_cdc_inst/dest_graysync_ff_reg[0][0]} {ddr_clock_converter_inst/inst/gen_clock_conv.gen_async_conv.asyncfifo_axi/inst_fifo_gen/gaxi_full_lite.gwrite_ch.gwdch2.axi_wdch/grf.rf/gntv_or_sync_fifo.gcx.clkx/rd_pntr_cdc_inst/dest_graysync_ff_reg[0][1]} {ddr_clock_converter_inst/inst/gen_clock_conv.gen_async_conv.asyncfifo_axi/inst_fifo_gen/gaxi_full_lite.gwrite_ch.gwdch2.axi_wdch/grf.rf/gntv_or_sync_fifo.gcx.clkx/rd_pntr_cdc_inst/dest_graysync_ff_reg[0][2]} {ddr_clock_converter_inst/inst/gen_clock_conv.gen_async_conv.asyncfifo_axi/inst_fifo_gen/gaxi_full_lite.gwrite_ch.gwdch2.axi_wdch/grf.rf/gntv_or_sync_fifo.gcx.clkx/rd_pntr_cdc_inst/dest_graysync_ff_reg[0][3]}]]
                                                                              Slow              5.000       0.507      4.493
10  47        [get_cells [list {ddr_clock_converter_inst/inst/gen_clock_conv.gen_async_conv.asyncfifo_axi/inst_fifo_gen/gaxi_full_lite.gwrite_ch.gwrch2.axi_wrch/grf.rf/gntv_or_sync_fifo.gcx.clkx/wr_pntr_cdc_inst/src_gray_ff_reg[0]} {ddr_clock_converter_inst/inst/gen_clock_conv.gen_async_conv.asyncfifo_axi/inst_fifo_gen/gaxi_full_lite.gwrite_ch.gwrch2.axi_wrch/grf.rf/gntv_or_sync_fifo.gcx.clkx/wr_pntr_cdc_inst/src_gray_ff_reg[1]} {ddr_clock_converter_inst/inst/gen_clock_conv.gen_async_conv.asyncfifo_axi/inst_fifo_gen/gaxi_full_lite.gwrite_ch.gwrch2.axi_wrch/grf.rf/gntv_or_sync_fifo.gcx.clkx/wr_pntr_cdc_inst/src_gray_ff_reg[2]} {ddr_clock_converter_inst/inst/gen_clock_conv.gen_async_conv.asyncfifo_axi/inst_fifo_gen/gaxi_full_lite.gwrite_ch.gwrch2.axi_wrch/grf.rf/gntv_or_sync_fifo.gcx.clkx/wr_pntr_cdc_inst/src_gray_ff_reg[3]}]]
                                              [get_cells [list {ddr_clock_converter_inst/inst/gen_clock_conv.gen_async_conv.asyncfifo_axi/inst_fifo_gen/gaxi_full_lite.gwrite_ch.gwrch2.axi_wrch/grf.rf/gntv_or_sync_fifo.gcx.clkx/wr_pntr_cdc_inst/dest_graysync_ff_reg[0][0]} {ddr_clock_converter_inst/inst/gen_clock_conv.gen_async_conv.asyncfifo_axi/inst_fifo_gen/gaxi_full_lite.gwrite_ch.gwrch2.axi_wrch/grf.rf/gntv_or_sync_fifo.gcx.clkx/wr_pntr_cdc_inst/dest_graysync_ff_reg[0][1]} {ddr_clock_converter_inst/inst/gen_clock_conv.gen_async_conv.asyncfifo_axi/inst_fifo_gen/gaxi_full_lite.gwrite_ch.gwrch2.axi_wrch/grf.rf/gntv_or_sync_fifo.gcx.clkx/wr_pntr_cdc_inst/dest_graysync_ff_reg[0][2]} {ddr_clock_converter_inst/inst/gen_clock_conv.gen_async_conv.asyncfifo_axi/inst_fifo_gen/gaxi_full_lite.gwrite_ch.gwrch2.axi_wrch/grf.rf/gntv_or_sync_fifo.gcx.clkx/wr_pntr_cdc_inst/dest_graysync_ff_reg[0][3]}]]
                                                                              Slow              5.000       0.588      4.412


2. Bus Skew Report Per Constraint
---------------------------------

Id: 1
set_bus_skew -from [get_cells [list {ddr_clock_converter_inst/inst/gen_clock_conv.gen_async_conv.asyncfifo_axi/inst_fifo_gen/gaxi_full_lite.gread_ch.grdch2.axi_rdch/grf.rf/gntv_or_sync_fifo.gcx.clkx/rd_pntr_cdc_inst/src_gray_ff_reg[0]} {ddr_clock_converter_inst/inst/gen_clock_conv.gen_async_conv.asyncfifo_axi/inst_fifo_gen/gaxi_full_lite.gread_ch.grdch2.axi_rdch/grf.rf/gntv_or_sync_fifo.gcx.clkx/rd_pntr_cdc_inst/src_gray_ff_reg[1]} {ddr_clock_converter_inst/inst/gen_clock_conv.gen_async_conv.asyncfifo_axi/inst_fifo_gen/gaxi_full_lite.gread_ch.grdch2.axi_rdch/grf.rf/gntv_or_sync_fifo.gcx.clkx/rd_pntr_cdc_inst/src_gray_ff_reg[2]} {ddr_clock_converter_inst/inst/gen_clock_conv.gen_async_conv.asyncfifo_axi/inst_fifo_gen/gaxi_full_lite.gread_ch.grdch2.axi_rdch/grf.rf/gntv_or_sync_fifo.gcx.clkx/rd_pntr_cdc_inst/src_gray_ff_reg[3]}]] -to [get_cells [list {ddr_clock_converter_inst/inst/gen_clock_conv.gen_async_conv.asyncfifo_axi/inst_fifo_gen/gaxi_full_lite.gread_ch.grdch2.axi_rdch/grf.rf/gntv_or_sync_fifo.gcx.clkx/rd_pntr_cdc_inst/dest_graysync_ff_reg[0][0]} {ddr_clock_converter_inst/inst/gen_clock_conv.gen_async_conv.asyncfifo_axi/inst_fifo_gen/gaxi_full_lite.gread_ch.grdch2.axi_rdch/grf.rf/gntv_or_sync_fifo.gcx.clkx/rd_pntr_cdc_inst/dest_graysync_ff_reg[0][1]} {ddr_clock_converter_inst/inst/gen_clock_conv.gen_async_conv.asyncfifo_axi/inst_fifo_gen/gaxi_full_lite.gread_ch.grdch2.axi_rdch/grf.rf/gntv_or_sync_fifo.gcx.clkx/rd_pntr_cdc_inst/dest_graysync_ff_reg[0][2]} {ddr_clock_converter_inst/inst/gen_clock_conv.gen_async_conv.asyncfifo_axi/inst_fifo_gen/gaxi_full_lite.gread_ch.grdch2.axi_rdch/grf.rf/gntv_or_sync_fifo.gcx.clkx/rd_pntr_cdc_inst/dest_graysync_ff_reg[0][3]}]] 5.000
Requirement: 5.000ns
Endpoints: 4

From Clock            To Clock              Endpoint Pin                    Reference Pin                   Corner  Actual(ns)  Slack(ns)
--------------------  --------------------  ------------------------------  ------------------------------  ------  ----------  ---------
soc_mmcm_clk_unbuf    clk_pll_i             ddr_clock_converter_inst/inst/gen_clock_conv.gen_async_conv.asyncfifo_axi/inst_fifo_gen/gaxi_full_lite.gread_ch.grdch2.axi_rdch/grf.rf/gntv_or_sync_fifo.gcx.clkx/rd_pntr_cdc_inst/dest_graysync_ff_reg[0][1]/D
                                                                            ddr_clock_converter_inst/inst/gen_clock_conv.gen_async_conv.asyncfifo_axi/inst_fifo_gen/gaxi_full_lite.gread_ch.grdch2.axi_rdch/grf.rf/gntv_or_sync_fifo.gcx.clkx/rd_pntr_cdc_inst/dest_graysync_ff_reg[0][3]/D
                                                                                                            Slow         0.453      4.547


Slack (MET) :             4.547ns  (requirement - actual skew)
  Endpoint Source:        <hidden>
                            (rising edge-triggered cell FDRE clocked by soc_mmcm_clk_unbuf)
  Endpoint Destination:   <hidden>
                            (rising edge-triggered cell FDRE clocked by clk_pll_i)
  Reference Source:       <hidden>
                            (rising edge-triggered cell FDRE clocked by soc_mmcm_clk_unbuf)
  Reference Destination:  <hidden>
                            (rising edge-triggered cell FDRE clocked by clk_pll_i)
  Path Type:              Bus Skew (Max at Slow Process Corner)
  Requirement:            5.000ns
  Endpoint Relative Delay:    0.772ns
  Reference Relative Delay:   0.050ns
  Relative CRPR:              0.269ns
  Actual Bus Skew:            0.453ns  (Endpoint Relative Delay - Reference Relative Delay - Relative CRPR)

Endpoint path:
    Location             Delay type                Incr(ns)  Path(ns)    Netlist Resource(s)
  -------------------------------------------------------------------    -------------------
                         (clock soc_mmcm_clk_unbuf rise edge)
                                                      0.000     0.000 r  
    E19                                               0.000     0.000 r  sys_clk_p (IN)
                         net (fo=0)                   0.000     0.000    mig_inst/u_vc707_mig_mig/u_ddr3_clk_ibuf/sys_clk_p
    E19                  IBUFDS (Prop_ibufds_I_O)     0.880     0.880 r  mig_inst/u_vc707_mig_mig/u_ddr3_clk_ibuf/diff_input_clk.u_ibufg_sys_clk/O
                         net (fo=3, routed)           1.098     1.978    mig_inst/u_vc707_mig_mig/u_ddr3_infrastructure/out
    PLLE2_ADV_X1Y5       PLLE2_ADV (Prop_plle2_adv_CLKIN1_CLKOUT3)
                                                      0.077     2.055 r  mig_inst/u_vc707_mig_mig/u_ddr3_infrastructure/plle2_i/CLKOUT3
                         net (fo=1, routed)           1.163     3.218    mig_inst/u_vc707_mig_mig/u_ddr3_infrastructure/pll_clk3_out
    BUFHCE_X1Y60         BUFH (Prop_bufh_I_O)         0.103     3.321 r  mig_inst/u_vc707_mig_mig/u_ddr3_infrastructure/u_bufh_pll_clk3/O
                         net (fo=1, routed)           0.804     4.125    mig_inst/u_vc707_mig_mig/u_ddr3_infrastructure/pll_clk3
    MMCME2_ADV_X1Y5      MMCME2_ADV (Prop_mmcme2_adv_CLKIN1_CLKFBOUT)
                                                     -3.373     0.752 r  mig_inst/u_vc707_mig_mig/u_ddr3_infrastructure/gen_ui_extra_clocks.mmcm_i/CLKFBOUT
                         net (fo=1, routed)           1.697     2.449    mig_inst/u_vc707_mig_mig/u_ddr3_infrastructure/clk_pll_i
    BUFGCTRL_X0Y16       BUFG (Prop_bufg_I_O)         0.093     2.542 r  mig_inst/u_vc707_mig_mig/u_ddr3_infrastructure/u_bufg_clkdiv0/O
                         net (fo=19598, routed)       1.952     4.494    ui_clk
    MMCME2_ADV_X1Y0      MMCME2_ADV (Prop_mmcme2_adv_CLKIN1_CLKOUT0)
                                                     -4.520    -0.026 r  soc_clock_mmcm_inst/CLKOUT0
                         net (fo=1, routed)           2.477     2.451    soc_mmcm_clk_unbuf
    BUFGCTRL_X0Y1        BUFG (Prop_bufg_I_O)         0.093     2.544 r  soc_clock_bufg_inst/O
                         net (fo=45272, routed)       1.443     3.987    <hidden>
    SLICE_X161Y277       FDRE                                         r  <hidden>
  -------------------------------------------------------------------    -------------------
    SLICE_X161Y277       FDRE (Prop_fdre_C_Q)         0.204     4.191 r  <hidden>
                         net (fo=1, routed)           0.303     4.493    <hidden>
    SLICE_X159Y277       FDRE                                         r  <hidden>
  -------------------------------------------------------------------    -------------------

                         (clock clk_pll_i rise edge)
                                                      0.000     0.000 r  
    E19                                               0.000     0.000 r  sys_clk_p (IN)
                         net (fo=0)                   0.000     0.000    mig_inst/u_vc707_mig_mig/u_ddr3_clk_ibuf/sys_clk_p
    E19                  IBUFDS (Prop_ibufds_I_O)     0.783     0.783 r  mig_inst/u_vc707_mig_mig/u_ddr3_clk_ibuf/diff_input_clk.u_ibufg_sys_clk/O
                         net (fo=3, routed)           1.001     1.784    mig_inst/u_vc707_mig_mig/u_ddr3_infrastructure/out
    PLLE2_ADV_X1Y5       PLLE2_ADV (Prop_plle2_adv_CLKIN1_CLKOUT3)
                                                      0.073     1.857 r  mig_inst/u_vc707_mig_mig/u_ddr3_infrastructure/plle2_i/CLKOUT3
                         net (fo=1, routed)           1.051     2.908    mig_inst/u_vc707_mig_mig/u_ddr3_infrastructure/pll_clk3_out
    BUFHCE_X1Y60         BUFH (Prop_bufh_I_O)         0.066     2.974 r  mig_inst/u_vc707_mig_mig/u_ddr3_infrastructure/u_bufh_pll_clk3/O
                         net (fo=1, routed)           0.735     3.709    mig_inst/u_vc707_mig_mig/u_ddr3_infrastructure/pll_clk3
    MMCME2_ADV_X1Y5      MMCME2_ADV (Prop_mmcme2_adv_CLKIN1_CLKFBOUT)
                                                     -3.040     0.669 r  mig_inst/u_vc707_mig_mig/u_ddr3_infrastructure/gen_ui_extra_clocks.mmcm_i/CLKFBOUT
                         net (fo=1, routed)           1.566     2.235    mig_inst/u_vc707_mig_mig/u_ddr3_infrastructure/clk_pll_i
    BUFGCTRL_X0Y16       BUFG (Prop_bufg_I_O)         0.083     2.318 r  mig_inst/u_vc707_mig_mig/u_ddr3_infrastructure/u_bufg_clkdiv0/O
                         net (fo=19598, routed)       1.272     3.590    <hidden>
    SLICE_X159Y277       FDRE                                         r  <hidden>
                         clock pessimism              0.224     3.814    
    SLICE_X159Y277       FDRE (Setup_fdre_C_D)       -0.092     3.722    <hidden>
  -------------------------------------------------------------------
                         data arrival                           4.493    
                         clock arrival                          3.722    
  -------------------------------------------------------------------
                         relative delay                         0.772    

Reference path:
    Location             Delay type                Incr(ns)  Path(ns)    Netlist Resource(s)
  -------------------------------------------------------------------    -------------------
                         (clock soc_mmcm_clk_unbuf rise edge)
                                                      0.000     0.000 r  
    E19                                               0.000     0.000 r  sys_clk_p (IN)
                         net (fo=0)                   0.000     0.000    mig_inst/u_vc707_mig_mig/u_ddr3_clk_ibuf/sys_clk_p
    E19                  IBUFDS (Prop_ibufds_I_O)     0.783     0.783 r  mig_inst/u_vc707_mig_mig/u_ddr3_clk_ibuf/diff_input_clk.u_ibufg_sys_clk/O
                         net (fo=3, routed)           1.001     1.784    mig_inst/u_vc707_mig_mig/u_ddr3_infrastructure/out
    PLLE2_ADV_X1Y5       PLLE2_ADV (Prop_plle2_adv_CLKIN1_CLKOUT3)
                                                      0.073     1.857 r  mig_inst/u_vc707_mig_mig/u_ddr3_infrastructure/plle2_i/CLKOUT3
                         net (fo=1, routed)           1.051     2.908    mig_inst/u_vc707_mig_mig/u_ddr3_infrastructure/pll_clk3_out
    BUFHCE_X1Y60         BUFH (Prop_bufh_I_O)         0.066     2.974 r  mig_inst/u_vc707_mig_mig/u_ddr3_infrastructure/u_bufh_pll_clk3/O
                         net (fo=1, routed)           0.735     3.709    mig_inst/u_vc707_mig_mig/u_ddr3_infrastructure/pll_clk3
    MMCME2_ADV_X1Y5      MMCME2_ADV (Prop_mmcme2_adv_CLKIN1_CLKFBOUT)
                                                     -3.040     0.669 r  mig_inst/u_vc707_mig_mig/u_ddr3_infrastructure/gen_ui_extra_clocks.mmcm_i/CLKFBOUT
                         net (fo=1, routed)           1.566     2.235    mig_inst/u_vc707_mig_mig/u_ddr3_infrastructure/clk_pll_i
    BUFGCTRL_X0Y16       BUFG (Prop_bufg_I_O)         0.083     2.318 r  mig_inst/u_vc707_mig_mig/u_ddr3_infrastructure/u_bufg_clkdiv0/O
                         net (fo=19598, routed)       1.791     4.109    ui_clk
    MMCME2_ADV_X1Y0      MMCME2_ADV (Prop_mmcme2_adv_CLKIN1_CLKOUT0)
                                                     -4.216    -0.107 r  soc_clock_mmcm_inst/CLKOUT0
                         net (fo=1, routed)           2.344     2.237    soc_mmcm_clk_unbuf
    BUFGCTRL_X0Y1        BUFG (Prop_bufg_I_O)         0.083     2.320 r  soc_clock_bufg_inst/O
                         net (fo=45272, routed)       1.278     3.598    <hidden>
    SLICE_X156Y280       FDRE                                         r  <hidden>
  -------------------------------------------------------------------    -------------------
    SLICE_X156Y280       FDRE (Prop_fdre_C_Q)         0.206     3.804 r  <hidden>
                         net (fo=1, routed)           0.160     3.964    <hidden>
    SLICE_X158Y280       FDRE                                         r  <hidden>
  -------------------------------------------------------------------    -------------------

                         (clock clk_pll_i rise edge)
                                                      0.000     0.000 r  
    E19                                               0.000     0.000 r  sys_clk_p (IN)
                         net (fo=0)                   0.000     0.000    mig_inst/u_vc707_mig_mig/u_ddr3_clk_ibuf/sys_clk_p
    E19                  IBUFDS (Prop_ibufds_I_O)     0.880     0.880 r  mig_inst/u_vc707_mig_mig/u_ddr3_clk_ibuf/diff_input_clk.u_ibufg_sys_clk/O
                         net (fo=3, routed)           1.098     1.978    mig_inst/u_vc707_mig_mig/u_ddr3_infrastructure/out
    PLLE2_ADV_X1Y5       PLLE2_ADV (Prop_plle2_adv_CLKIN1_CLKOUT3)
                                                      0.077     2.055 r  mig_inst/u_vc707_mig_mig/u_ddr3_infrastructure/plle2_i/CLKOUT3
                         net (fo=1, routed)           1.163     3.218    mig_inst/u_vc707_mig_mig/u_ddr3_infrastructure/pll_clk3_out
    BUFHCE_X1Y60         BUFH (Prop_bufh_I_O)         0.103     3.321 r  mig_inst/u_vc707_mig_mig/u_ddr3_infrastructure/u_bufh_pll_clk3/O
                         net (fo=1, routed)           0.804     4.125    mig_inst/u_vc707_mig_mig/u_ddr3_infrastructure/pll_clk3
    MMCME2_ADV_X1Y5      MMCME2_ADV (Prop_mmcme2_adv_CLKIN1_CLKFBOUT)
                                                     -3.373     0.752 r  mig_inst/u_vc707_mig_mig/u_ddr3_infrastructure/gen_ui_extra_clocks.mmcm_i/CLKFBOUT
                         net (fo=1, routed)           1.697     2.449    mig_inst/u_vc707_mig_mig/u_ddr3_infrastructure/clk_pll_i
    BUFGCTRL_X0Y16       BUFG (Prop_bufg_I_O)         0.093     2.542 r  mig_inst/u_vc707_mig_mig/u_ddr3_infrastructure/u_bufg_clkdiv0/O
                         net (fo=19598, routed)       1.444     3.986    <hidden>
    SLICE_X158Y280       FDRE                                         r  <hidden>
                         clock pessimism             -0.224     3.762    
    SLICE_X158Y280       FDRE (Hold_fdre_C_D)         0.152     3.914    <hidden>
  -------------------------------------------------------------------
                         data arrival                           3.964    
                         clock arrival                          3.914    
  -------------------------------------------------------------------
                         relative delay                         0.050    



Id: 2
set_bus_skew -from [get_cells [list {ddr_clock_converter_inst/inst/gen_clock_conv.gen_async_conv.asyncfifo_axi/inst_fifo_gen/gaxi_full_lite.gwrite_ch.gwrch2.axi_wrch/grf.rf/gntv_or_sync_fifo.gcx.clkx/rd_pntr_cdc_inst/src_gray_ff_reg[0]} {ddr_clock_converter_inst/inst/gen_clock_conv.gen_async_conv.asyncfifo_axi/inst_fifo_gen/gaxi_full_lite.gwrite_ch.gwrch2.axi_wrch/grf.rf/gntv_or_sync_fifo.gcx.clkx/rd_pntr_cdc_inst/src_gray_ff_reg[1]} {ddr_clock_converter_inst/inst/gen_clock_conv.gen_async_conv.asyncfifo_axi/inst_fifo_gen/gaxi_full_lite.gwrite_ch.gwrch2.axi_wrch/grf.rf/gntv_or_sync_fifo.gcx.clkx/rd_pntr_cdc_inst/src_gray_ff_reg[2]} {ddr_clock_converter_inst/inst/gen_clock_conv.gen_async_conv.asyncfifo_axi/inst_fifo_gen/gaxi_full_lite.gwrite_ch.gwrch2.axi_wrch/grf.rf/gntv_or_sync_fifo.gcx.clkx/rd_pntr_cdc_inst/src_gray_ff_reg[3]}]] -to [get_cells [list {ddr_clock_converter_inst/inst/gen_clock_conv.gen_async_conv.asyncfifo_axi/inst_fifo_gen/gaxi_full_lite.gwrite_ch.gwrch2.axi_wrch/grf.rf/gntv_or_sync_fifo.gcx.clkx/rd_pntr_cdc_inst/dest_graysync_ff_reg[0][0]} {ddr_clock_converter_inst/inst/gen_clock_conv.gen_async_conv.asyncfifo_axi/inst_fifo_gen/gaxi_full_lite.gwrite_ch.gwrch2.axi_wrch/grf.rf/gntv_or_sync_fifo.gcx.clkx/rd_pntr_cdc_inst/dest_graysync_ff_reg[0][1]} {ddr_clock_converter_inst/inst/gen_clock_conv.gen_async_conv.asyncfifo_axi/inst_fifo_gen/gaxi_full_lite.gwrite_ch.gwrch2.axi_wrch/grf.rf/gntv_or_sync_fifo.gcx.clkx/rd_pntr_cdc_inst/dest_graysync_ff_reg[0][2]} {ddr_clock_converter_inst/inst/gen_clock_conv.gen_async_conv.asyncfifo_axi/inst_fifo_gen/gaxi_full_lite.gwrite_ch.gwrch2.axi_wrch/grf.rf/gntv_or_sync_fifo.gcx.clkx/rd_pntr_cdc_inst/dest_graysync_ff_reg[0][3]}]] 5.000
Requirement: 5.000ns
Endpoints: 4

From Clock            To Clock              Endpoint Pin                    Reference Pin                   Corner  Actual(ns)  Slack(ns)
--------------------  --------------------  ------------------------------  ------------------------------  ------  ----------  ---------
soc_mmcm_clk_unbuf    clk_pll_i             ddr_clock_converter_inst/inst/gen_clock_conv.gen_async_conv.asyncfifo_axi/inst_fifo_gen/gaxi_full_lite.gwrite_ch.gwrch2.axi_wrch/grf.rf/gntv_or_sync_fifo.gcx.clkx/rd_pntr_cdc_inst/dest_graysync_ff_reg[0][3]/D
                                                                            ddr_clock_converter_inst/inst/gen_clock_conv.gen_async_conv.asyncfifo_axi/inst_fifo_gen/gaxi_full_lite.gwrite_ch.gwrch2.axi_wrch/grf.rf/gntv_or_sync_fifo.gcx.clkx/rd_pntr_cdc_inst/dest_graysync_ff_reg[0][0]/D
                                                                                                            Slow         0.388      4.612


Slack (MET) :             4.612ns  (requirement - actual skew)
  Endpoint Source:        <hidden>
                            (rising edge-triggered cell FDRE clocked by soc_mmcm_clk_unbuf)
  Endpoint Destination:   <hidden>
                            (rising edge-triggered cell FDRE clocked by clk_pll_i)
  Reference Source:       <hidden>
                            (rising edge-triggered cell FDRE clocked by soc_mmcm_clk_unbuf)
  Reference Destination:  <hidden>
                            (rising edge-triggered cell FDRE clocked by clk_pll_i)
  Path Type:              Bus Skew (Max at Slow Process Corner)
  Requirement:            5.000ns
  Endpoint Relative Delay:    0.810ns
  Reference Relative Delay:   0.153ns
  Relative CRPR:              0.269ns
  Actual Bus Skew:            0.388ns  (Endpoint Relative Delay - Reference Relative Delay - Relative CRPR)

Endpoint path:
    Location             Delay type                Incr(ns)  Path(ns)    Netlist Resource(s)
  -------------------------------------------------------------------    -------------------
                         (clock soc_mmcm_clk_unbuf rise edge)
                                                      0.000     0.000 r  
    E19                                               0.000     0.000 r  sys_clk_p (IN)
                         net (fo=0)                   0.000     0.000    mig_inst/u_vc707_mig_mig/u_ddr3_clk_ibuf/sys_clk_p
    E19                  IBUFDS (Prop_ibufds_I_O)     0.880     0.880 r  mig_inst/u_vc707_mig_mig/u_ddr3_clk_ibuf/diff_input_clk.u_ibufg_sys_clk/O
                         net (fo=3, routed)           1.098     1.978    mig_inst/u_vc707_mig_mig/u_ddr3_infrastructure/out
    PLLE2_ADV_X1Y5       PLLE2_ADV (Prop_plle2_adv_CLKIN1_CLKOUT3)
                                                      0.077     2.055 r  mig_inst/u_vc707_mig_mig/u_ddr3_infrastructure/plle2_i/CLKOUT3
                         net (fo=1, routed)           1.163     3.218    mig_inst/u_vc707_mig_mig/u_ddr3_infrastructure/pll_clk3_out
    BUFHCE_X1Y60         BUFH (Prop_bufh_I_O)         0.103     3.321 r  mig_inst/u_vc707_mig_mig/u_ddr3_infrastructure/u_bufh_pll_clk3/O
                         net (fo=1, routed)           0.804     4.125    mig_inst/u_vc707_mig_mig/u_ddr3_infrastructure/pll_clk3
    MMCME2_ADV_X1Y5      MMCME2_ADV (Prop_mmcme2_adv_CLKIN1_CLKFBOUT)
                                                     -3.373     0.752 r  mig_inst/u_vc707_mig_mig/u_ddr3_infrastructure/gen_ui_extra_clocks.mmcm_i/CLKFBOUT
                         net (fo=1, routed)           1.697     2.449    mig_inst/u_vc707_mig_mig/u_ddr3_infrastructure/clk_pll_i
    BUFGCTRL_X0Y16       BUFG (Prop_bufg_I_O)         0.093     2.542 r  mig_inst/u_vc707_mig_mig/u_ddr3_infrastructure/u_bufg_clkdiv0/O
                         net (fo=19598, routed)       1.952     4.494    ui_clk
    MMCME2_ADV_X1Y0      MMCME2_ADV (Prop_mmcme2_adv_CLKIN1_CLKOUT0)
                                                     -4.520    -0.026 r  soc_clock_mmcm_inst/CLKOUT0
                         net (fo=1, routed)           2.477     2.451    soc_mmcm_clk_unbuf
    BUFGCTRL_X0Y1        BUFG (Prop_bufg_I_O)         0.093     2.544 r  soc_clock_bufg_inst/O
                         net (fo=45272, routed)       1.443     3.987    <hidden>
    SLICE_X157Y278       FDRE                                         r  <hidden>
  -------------------------------------------------------------------    -------------------
    SLICE_X157Y278       FDRE (Prop_fdre_C_Q)         0.204     4.191 r  <hidden>
                         net (fo=1, routed)           0.372     4.563    <hidden>
    SLICE_X156Y278       FDRE                                         r  <hidden>
  -------------------------------------------------------------------    -------------------

                         (clock clk_pll_i rise edge)
                                                      0.000     0.000 r  
    E19                                               0.000     0.000 r  sys_clk_p (IN)
                         net (fo=0)                   0.000     0.000    mig_inst/u_vc707_mig_mig/u_ddr3_clk_ibuf/sys_clk_p
    E19                  IBUFDS (Prop_ibufds_I_O)     0.783     0.783 r  mig_inst/u_vc707_mig_mig/u_ddr3_clk_ibuf/diff_input_clk.u_ibufg_sys_clk/O
                         net (fo=3, routed)           1.001     1.784    mig_inst/u_vc707_mig_mig/u_ddr3_infrastructure/out
    PLLE2_ADV_X1Y5       PLLE2_ADV (Prop_plle2_adv_CLKIN1_CLKOUT3)
                                                      0.073     1.857 r  mig_inst/u_vc707_mig_mig/u_ddr3_infrastructure/plle2_i/CLKOUT3
                         net (fo=1, routed)           1.051     2.908    mig_inst/u_vc707_mig_mig/u_ddr3_infrastructure/pll_clk3_out
    BUFHCE_X1Y60         BUFH (Prop_bufh_I_O)         0.066     2.974 r  mig_inst/u_vc707_mig_mig/u_ddr3_infrastructure/u_bufh_pll_clk3/O
                         net (fo=1, routed)           0.735     3.709    mig_inst/u_vc707_mig_mig/u_ddr3_infrastructure/pll_clk3
    MMCME2_ADV_X1Y5      MMCME2_ADV (Prop_mmcme2_adv_CLKIN1_CLKFBOUT)
                                                     -3.040     0.669 r  mig_inst/u_vc707_mig_mig/u_ddr3_infrastructure/gen_ui_extra_clocks.mmcm_i/CLKFBOUT
                         net (fo=1, routed)           1.566     2.235    mig_inst/u_vc707_mig_mig/u_ddr3_infrastructure/clk_pll_i
    BUFGCTRL_X0Y16       BUFG (Prop_bufg_I_O)         0.083     2.318 r  mig_inst/u_vc707_mig_mig/u_ddr3_infrastructure/u_bufg_clkdiv0/O
                         net (fo=19598, routed)       1.273     3.591    <hidden>
    SLICE_X156Y278       FDRE                                         r  <hidden>
                         clock pessimism              0.224     3.815    
    SLICE_X156Y278       FDRE (Setup_fdre_C_D)       -0.062     3.753    <hidden>
  -------------------------------------------------------------------
                         data arrival                           4.563    
                         clock arrival                          3.753    
  -------------------------------------------------------------------
                         relative delay                         0.810    

Reference path:
    Location             Delay type                Incr(ns)  Path(ns)    Netlist Resource(s)
  -------------------------------------------------------------------    -------------------
                         (clock soc_mmcm_clk_unbuf rise edge)
                                                      0.000     0.000 r  
    E19                                               0.000     0.000 r  sys_clk_p (IN)
                         net (fo=0)                   0.000     0.000    mig_inst/u_vc707_mig_mig/u_ddr3_clk_ibuf/sys_clk_p
    E19                  IBUFDS (Prop_ibufds_I_O)     0.783     0.783 r  mig_inst/u_vc707_mig_mig/u_ddr3_clk_ibuf/diff_input_clk.u_ibufg_sys_clk/O
                         net (fo=3, routed)           1.001     1.784    mig_inst/u_vc707_mig_mig/u_ddr3_infrastructure/out
    PLLE2_ADV_X1Y5       PLLE2_ADV (Prop_plle2_adv_CLKIN1_CLKOUT3)
                                                      0.073     1.857 r  mig_inst/u_vc707_mig_mig/u_ddr3_infrastructure/plle2_i/CLKOUT3
                         net (fo=1, routed)           1.051     2.908    mig_inst/u_vc707_mig_mig/u_ddr3_infrastructure/pll_clk3_out
    BUFHCE_X1Y60         BUFH (Prop_bufh_I_O)         0.066     2.974 r  mig_inst/u_vc707_mig_mig/u_ddr3_infrastructure/u_bufh_pll_clk3/O
                         net (fo=1, routed)           0.735     3.709    mig_inst/u_vc707_mig_mig/u_ddr3_infrastructure/pll_clk3
    MMCME2_ADV_X1Y5      MMCME2_ADV (Prop_mmcme2_adv_CLKIN1_CLKFBOUT)
                                                     -3.040     0.669 r  mig_inst/u_vc707_mig_mig/u_ddr3_infrastructure/gen_ui_extra_clocks.mmcm_i/CLKFBOUT
                         net (fo=1, routed)           1.566     2.235    mig_inst/u_vc707_mig_mig/u_ddr3_infrastructure/clk_pll_i
    BUFGCTRL_X0Y16       BUFG (Prop_bufg_I_O)         0.083     2.318 r  mig_inst/u_vc707_mig_mig/u_ddr3_infrastructure/u_bufg_clkdiv0/O
                         net (fo=19598, routed)       1.791     4.109    ui_clk
    MMCME2_ADV_X1Y0      MMCME2_ADV (Prop_mmcme2_adv_CLKIN1_CLKOUT0)
                                                     -4.216    -0.107 r  soc_clock_mmcm_inst/CLKOUT0
                         net (fo=1, routed)           2.344     2.237    soc_mmcm_clk_unbuf
    BUFGCTRL_X0Y1        BUFG (Prop_bufg_I_O)         0.083     2.320 r  soc_clock_bufg_inst/O
                         net (fo=45272, routed)       1.274     3.594    <hidden>
    SLICE_X157Y277       FDRE                                         r  <hidden>
  -------------------------------------------------------------------    -------------------
    SLICE_X157Y277       FDRE (Prop_fdre_C_Q)         0.178     3.772 r  <hidden>
                         net (fo=1, routed)           0.256     4.028    <hidden>
    SLICE_X155Y277       FDRE                                         r  <hidden>
  -------------------------------------------------------------------    -------------------

                         (clock clk_pll_i rise edge)
                                                      0.000     0.000 r  
    E19                                               0.000     0.000 r  sys_clk_p (IN)
                         net (fo=0)                   0.000     0.000    mig_inst/u_vc707_mig_mig/u_ddr3_clk_ibuf/sys_clk_p
    E19                  IBUFDS (Prop_ibufds_I_O)     0.880     0.880 r  mig_inst/u_vc707_mig_mig/u_ddr3_clk_ibuf/diff_input_clk.u_ibufg_sys_clk/O
                         net (fo=3, routed)           1.098     1.978    mig_inst/u_vc707_mig_mig/u_ddr3_infrastructure/out
    PLLE2_ADV_X1Y5       PLLE2_ADV (Prop_plle2_adv_CLKIN1_CLKOUT3)
                                                      0.077     2.055 r  mig_inst/u_vc707_mig_mig/u_ddr3_infrastructure/plle2_i/CLKOUT3
                         net (fo=1, routed)           1.163     3.218    mig_inst/u_vc707_mig_mig/u_ddr3_infrastructure/pll_clk3_out
    BUFHCE_X1Y60         BUFH (Prop_bufh_I_O)         0.103     3.321 r  mig_inst/u_vc707_mig_mig/u_ddr3_infrastructure/u_bufh_pll_clk3/O
                         net (fo=1, routed)           0.804     4.125    mig_inst/u_vc707_mig_mig/u_ddr3_infrastructure/pll_clk3
    MMCME2_ADV_X1Y5      MMCME2_ADV (Prop_mmcme2_adv_CLKIN1_CLKFBOUT)
                                                     -3.373     0.752 r  mig_inst/u_vc707_mig_mig/u_ddr3_infrastructure/gen_ui_extra_clocks.mmcm_i/CLKFBOUT
                         net (fo=1, routed)           1.697     2.449    mig_inst/u_vc707_mig_mig/u_ddr3_infrastructure/clk_pll_i
    BUFGCTRL_X0Y16       BUFG (Prop_bufg_I_O)         0.093     2.542 r  mig_inst/u_vc707_mig_mig/u_ddr3_infrastructure/u_bufg_clkdiv0/O
                         net (fo=19598, routed)       1.439     3.981    <hidden>
    SLICE_X155Y277       FDRE                                         r  <hidden>
                         clock pessimism             -0.224     3.757    
    SLICE_X155Y277       FDRE (Hold_fdre_C_D)         0.118     3.875    <hidden>
  -------------------------------------------------------------------
                         data arrival                           4.028    
                         clock arrival                          3.875    
  -------------------------------------------------------------------
                         relative delay                         0.153    



Id: 3
set_bus_skew -from [get_cells [list {ddr_clock_converter_inst/inst/gen_clock_conv.gen_async_conv.asyncfifo_axi/inst_fifo_gen/gaxi_full_lite.gread_ch.grach2.axi_rach/grf.rf/gntv_or_sync_fifo.gcx.clkx/wr_pntr_cdc_inst/src_gray_ff_reg[0]} {ddr_clock_converter_inst/inst/gen_clock_conv.gen_async_conv.asyncfifo_axi/inst_fifo_gen/gaxi_full_lite.gread_ch.grach2.axi_rach/grf.rf/gntv_or_sync_fifo.gcx.clkx/wr_pntr_cdc_inst/src_gray_ff_reg[1]} {ddr_clock_converter_inst/inst/gen_clock_conv.gen_async_conv.asyncfifo_axi/inst_fifo_gen/gaxi_full_lite.gread_ch.grach2.axi_rach/grf.rf/gntv_or_sync_fifo.gcx.clkx/wr_pntr_cdc_inst/src_gray_ff_reg[2]} {ddr_clock_converter_inst/inst/gen_clock_conv.gen_async_conv.asyncfifo_axi/inst_fifo_gen/gaxi_full_lite.gread_ch.grach2.axi_rach/grf.rf/gntv_or_sync_fifo.gcx.clkx/wr_pntr_cdc_inst/src_gray_ff_reg[3]}]] -to [get_cells [list {ddr_clock_converter_inst/inst/gen_clock_conv.gen_async_conv.asyncfifo_axi/inst_fifo_gen/gaxi_full_lite.gread_ch.grach2.axi_rach/grf.rf/gntv_or_sync_fifo.gcx.clkx/wr_pntr_cdc_inst/dest_graysync_ff_reg[0][0]} {ddr_clock_converter_inst/inst/gen_clock_conv.gen_async_conv.asyncfifo_axi/inst_fifo_gen/gaxi_full_lite.gread_ch.grach2.axi_rach/grf.rf/gntv_or_sync_fifo.gcx.clkx/wr_pntr_cdc_inst/dest_graysync_ff_reg[0][1]} {ddr_clock_converter_inst/inst/gen_clock_conv.gen_async_conv.asyncfifo_axi/inst_fifo_gen/gaxi_full_lite.gread_ch.grach2.axi_rach/grf.rf/gntv_or_sync_fifo.gcx.clkx/wr_pntr_cdc_inst/dest_graysync_ff_reg[0][2]} {ddr_clock_converter_inst/inst/gen_clock_conv.gen_async_conv.asyncfifo_axi/inst_fifo_gen/gaxi_full_lite.gread_ch.grach2.axi_rach/grf.rf/gntv_or_sync_fifo.gcx.clkx/wr_pntr_cdc_inst/dest_graysync_ff_reg[0][3]}]] 5.000
Requirement: 5.000ns
Endpoints: 4

From Clock            To Clock              Endpoint Pin                    Reference Pin                   Corner  Actual(ns)  Slack(ns)
--------------------  --------------------  ------------------------------  ------------------------------  ------  ----------  ---------
soc_mmcm_clk_unbuf    clk_pll_i             ddr_clock_converter_inst/inst/gen_clock_conv.gen_async_conv.asyncfifo_axi/inst_fifo_gen/gaxi_full_lite.gread_ch.grach2.axi_rach/grf.rf/gntv_or_sync_fifo.gcx.clkx/wr_pntr_cdc_inst/dest_graysync_ff_reg[0][0]/D
                                                                            ddr_clock_converter_inst/inst/gen_clock_conv.gen_async_conv.asyncfifo_axi/inst_fifo_gen/gaxi_full_lite.gread_ch.grach2.axi_rach/grf.rf/gntv_or_sync_fifo.gcx.clkx/wr_pntr_cdc_inst/dest_graysync_ff_reg[0][2]/D
                                                                                                            Slow         0.411      4.589


Slack (MET) :             4.589ns  (requirement - actual skew)
  Endpoint Source:        <hidden>
                            (rising edge-triggered cell FDRE clocked by soc_mmcm_clk_unbuf)
  Endpoint Destination:   <hidden>
                            (rising edge-triggered cell FDRE clocked by clk_pll_i)
  Reference Source:       <hidden>
                            (rising edge-triggered cell FDRE clocked by soc_mmcm_clk_unbuf)
  Reference Destination:  <hidden>
                            (rising edge-triggered cell FDRE clocked by clk_pll_i)
  Path Type:              Bus Skew (Max at Slow Process Corner)
  Requirement:            5.000ns
  Endpoint Relative Delay:    0.730ns
  Reference Relative Delay:   0.013ns
  Relative CRPR:              0.306ns
  Actual Bus Skew:            0.411ns  (Endpoint Relative Delay - Reference Relative Delay - Relative CRPR)

Endpoint path:
    Location             Delay type                Incr(ns)  Path(ns)    Netlist Resource(s)
  -------------------------------------------------------------------    -------------------
                         (clock soc_mmcm_clk_unbuf rise edge)
                                                      0.000     0.000 r  
    E19                                               0.000     0.000 r  sys_clk_p (IN)
                         net (fo=0)                   0.000     0.000    mig_inst/u_vc707_mig_mig/u_ddr3_clk_ibuf/sys_clk_p
    E19                  IBUFDS (Prop_ibufds_I_O)     0.880     0.880 r  mig_inst/u_vc707_mig_mig/u_ddr3_clk_ibuf/diff_input_clk.u_ibufg_sys_clk/O
                         net (fo=3, routed)           1.098     1.978    mig_inst/u_vc707_mig_mig/u_ddr3_infrastructure/out
    PLLE2_ADV_X1Y5       PLLE2_ADV (Prop_plle2_adv_CLKIN1_CLKOUT3)
                                                      0.077     2.055 r  mig_inst/u_vc707_mig_mig/u_ddr3_infrastructure/plle2_i/CLKOUT3
                         net (fo=1, routed)           1.163     3.218    mig_inst/u_vc707_mig_mig/u_ddr3_infrastructure/pll_clk3_out
    BUFHCE_X1Y60         BUFH (Prop_bufh_I_O)         0.103     3.321 r  mig_inst/u_vc707_mig_mig/u_ddr3_infrastructure/u_bufh_pll_clk3/O
                         net (fo=1, routed)           0.804     4.125    mig_inst/u_vc707_mig_mig/u_ddr3_infrastructure/pll_clk3
    MMCME2_ADV_X1Y5      MMCME2_ADV (Prop_mmcme2_adv_CLKIN1_CLKFBOUT)
                                                     -3.373     0.752 r  mig_inst/u_vc707_mig_mig/u_ddr3_infrastructure/gen_ui_extra_clocks.mmcm_i/CLKFBOUT
                         net (fo=1, routed)           1.697     2.449    mig_inst/u_vc707_mig_mig/u_ddr3_infrastructure/clk_pll_i
    BUFGCTRL_X0Y16       BUFG (Prop_bufg_I_O)         0.093     2.542 r  mig_inst/u_vc707_mig_mig/u_ddr3_infrastructure/u_bufg_clkdiv0/O
                         net (fo=19598, routed)       1.952     4.494    ui_clk
    MMCME2_ADV_X1Y0      MMCME2_ADV (Prop_mmcme2_adv_CLKIN1_CLKOUT0)
                                                     -4.520    -0.026 r  soc_clock_mmcm_inst/CLKOUT0
                         net (fo=1, routed)           2.477     2.451    soc_mmcm_clk_unbuf
    BUFGCTRL_X0Y1        BUFG (Prop_bufg_I_O)         0.093     2.544 r  soc_clock_bufg_inst/O
                         net (fo=45272, routed)       1.534     4.078    <hidden>
    SLICE_X121Y316       FDRE                                         r  <hidden>
  -------------------------------------------------------------------    -------------------
    SLICE_X121Y316       FDRE (Prop_fdre_C_Q)         0.223     4.301 r  <hidden>
                         net (fo=1, routed)           0.296     4.597    <hidden>
    SLICE_X121Y317       FDRE                                         r  <hidden>
  -------------------------------------------------------------------    -------------------

                         (clock clk_pll_i rise edge)
                                                      0.000     0.000 r  
    E19                                               0.000     0.000 r  sys_clk_p (IN)
                         net (fo=0)                   0.000     0.000    mig_inst/u_vc707_mig_mig/u_ddr3_clk_ibuf/sys_clk_p
    E19                  IBUFDS (Prop_ibufds_I_O)     0.783     0.783 r  mig_inst/u_vc707_mig_mig/u_ddr3_clk_ibuf/diff_input_clk.u_ibufg_sys_clk/O
                         net (fo=3, routed)           1.001     1.784    mig_inst/u_vc707_mig_mig/u_ddr3_infrastructure/out
    PLLE2_ADV_X1Y5       PLLE2_ADV (Prop_plle2_adv_CLKIN1_CLKOUT3)
                                                      0.073     1.857 r  mig_inst/u_vc707_mig_mig/u_ddr3_infrastructure/plle2_i/CLKOUT3
                         net (fo=1, routed)           1.051     2.908    mig_inst/u_vc707_mig_mig/u_ddr3_infrastructure/pll_clk3_out
    BUFHCE_X1Y60         BUFH (Prop_bufh_I_O)         0.066     2.974 r  mig_inst/u_vc707_mig_mig/u_ddr3_infrastructure/u_bufh_pll_clk3/O
                         net (fo=1, routed)           0.735     3.709    mig_inst/u_vc707_mig_mig/u_ddr3_infrastructure/pll_clk3
    MMCME2_ADV_X1Y5      MMCME2_ADV (Prop_mmcme2_adv_CLKIN1_CLKFBOUT)
                                                     -3.040     0.669 r  mig_inst/u_vc707_mig_mig/u_ddr3_infrastructure/gen_ui_extra_clocks.mmcm_i/CLKFBOUT
                         net (fo=1, routed)           1.566     2.235    mig_inst/u_vc707_mig_mig/u_ddr3_infrastructure/clk_pll_i
    BUFGCTRL_X0Y16       BUFG (Prop_bufg_I_O)         0.083     2.318 r  mig_inst/u_vc707_mig_mig/u_ddr3_infrastructure/u_bufg_clkdiv0/O
                         net (fo=19598, routed)       1.334     3.652    <hidden>
    SLICE_X121Y317       FDRE                                         r  <hidden>
                         clock pessimism              0.224     3.876    
    SLICE_X121Y317       FDRE (Setup_fdre_C_D)       -0.009     3.867    <hidden>
  -------------------------------------------------------------------
                         data arrival                           4.597    
                         clock arrival                          3.867    
  -------------------------------------------------------------------
                         relative delay                         0.730    

Reference path:
    Location             Delay type                Incr(ns)  Path(ns)    Netlist Resource(s)
  -------------------------------------------------------------------    -------------------
                         (clock soc_mmcm_clk_unbuf rise edge)
                                                      0.000     0.000 r  
    E19                                               0.000     0.000 r  sys_clk_p (IN)
                         net (fo=0)                   0.000     0.000    mig_inst/u_vc707_mig_mig/u_ddr3_clk_ibuf/sys_clk_p
    E19                  IBUFDS (Prop_ibufds_I_O)     0.783     0.783 r  mig_inst/u_vc707_mig_mig/u_ddr3_clk_ibuf/diff_input_clk.u_ibufg_sys_clk/O
                         net (fo=3, routed)           1.001     1.784    mig_inst/u_vc707_mig_mig/u_ddr3_infrastructure/out
    PLLE2_ADV_X1Y5       PLLE2_ADV (Prop_plle2_adv_CLKIN1_CLKOUT3)
                                                      0.073     1.857 r  mig_inst/u_vc707_mig_mig/u_ddr3_infrastructure/plle2_i/CLKOUT3
                         net (fo=1, routed)           1.051     2.908    mig_inst/u_vc707_mig_mig/u_ddr3_infrastructure/pll_clk3_out
    BUFHCE_X1Y60         BUFH (Prop_bufh_I_O)         0.066     2.974 r  mig_inst/u_vc707_mig_mig/u_ddr3_infrastructure/u_bufh_pll_clk3/O
                         net (fo=1, routed)           0.735     3.709    mig_inst/u_vc707_mig_mig/u_ddr3_infrastructure/pll_clk3
    MMCME2_ADV_X1Y5      MMCME2_ADV (Prop_mmcme2_adv_CLKIN1_CLKFBOUT)
                                                     -3.040     0.669 r  mig_inst/u_vc707_mig_mig/u_ddr3_infrastructure/gen_ui_extra_clocks.mmcm_i/CLKFBOUT
                         net (fo=1, routed)           1.566     2.235    mig_inst/u_vc707_mig_mig/u_ddr3_infrastructure/clk_pll_i
    BUFGCTRL_X0Y16       BUFG (Prop_bufg_I_O)         0.083     2.318 r  mig_inst/u_vc707_mig_mig/u_ddr3_infrastructure/u_bufg_clkdiv0/O
                         net (fo=19598, routed)       1.791     4.109    ui_clk
    MMCME2_ADV_X1Y0      MMCME2_ADV (Prop_mmcme2_adv_CLKIN1_CLKOUT0)
                                                     -4.216    -0.107 r  soc_clock_mmcm_inst/CLKOUT0
                         net (fo=1, routed)           2.344     2.237    soc_mmcm_clk_unbuf
    BUFGCTRL_X0Y1        BUFG (Prop_bufg_I_O)         0.083     2.320 r  soc_clock_bufg_inst/O
                         net (fo=45272, routed)       1.336     3.656    <hidden>
    SLICE_X123Y319       FDRE                                         r  <hidden>
  -------------------------------------------------------------------    -------------------
    SLICE_X123Y319       FDRE (Prop_fdre_C_Q)         0.178     3.834 r  <hidden>
                         net (fo=1, routed)           0.180     4.014    <hidden>
    SLICE_X122Y319       FDRE                                         r  <hidden>
  -------------------------------------------------------------------    -------------------

                         (clock clk_pll_i rise edge)
                                                      0.000     0.000 r  
    E19                                               0.000     0.000 r  sys_clk_p (IN)
                         net (fo=0)                   0.000     0.000    mig_inst/u_vc707_mig_mig/u_ddr3_clk_ibuf/sys_clk_p
    E19                  IBUFDS (Prop_ibufds_I_O)     0.880     0.880 r  mig_inst/u_vc707_mig_mig/u_ddr3_clk_ibuf/diff_input_clk.u_ibufg_sys_clk/O
                         net (fo=3, routed)           1.098     1.978    mig_inst/u_vc707_mig_mig/u_ddr3_infrastructure/out
    PLLE2_ADV_X1Y5       PLLE2_ADV (Prop_plle2_adv_CLKIN1_CLKOUT3)
                                                      0.077     2.055 r  mig_inst/u_vc707_mig_mig/u_ddr3_infrastructure/plle2_i/CLKOUT3
                         net (fo=1, routed)           1.163     3.218    mig_inst/u_vc707_mig_mig/u_ddr3_infrastructure/pll_clk3_out
    BUFHCE_X1Y60         BUFH (Prop_bufh_I_O)         0.103     3.321 r  mig_inst/u_vc707_mig_mig/u_ddr3_infrastructure/u_bufh_pll_clk3/O
                         net (fo=1, routed)           0.804     4.125    mig_inst/u_vc707_mig_mig/u_ddr3_infrastructure/pll_clk3
    MMCME2_ADV_X1Y5      MMCME2_ADV (Prop_mmcme2_adv_CLKIN1_CLKFBOUT)
                                                     -3.373     0.752 r  mig_inst/u_vc707_mig_mig/u_ddr3_infrastructure/gen_ui_extra_clocks.mmcm_i/CLKFBOUT
                         net (fo=1, routed)           1.697     2.449    mig_inst/u_vc707_mig_mig/u_ddr3_infrastructure/clk_pll_i
    BUFGCTRL_X0Y16       BUFG (Prop_bufg_I_O)         0.093     2.542 r  mig_inst/u_vc707_mig_mig/u_ddr3_infrastructure/u_bufg_clkdiv0/O
                         net (fo=19598, routed)       1.530     4.072    <hidden>
    SLICE_X122Y319       FDRE                                         r  <hidden>
                         clock pessimism             -0.224     3.848    
    SLICE_X122Y319       FDRE (Hold_fdre_C_D)         0.153     4.001    <hidden>
  -------------------------------------------------------------------
                         data arrival                           4.014    
                         clock arrival                          4.001    
  -------------------------------------------------------------------
                         relative delay                         0.013    



Id: 4
set_bus_skew -from [get_cells [list {ddr_clock_converter_inst/inst/gen_clock_conv.gen_async_conv.asyncfifo_axi/inst_fifo_gen/gaxi_full_lite.gread_ch.grach2.axi_rach/grf.rf/gntv_or_sync_fifo.gcx.clkx/rd_pntr_cdc_inst/src_gray_ff_reg[0]} {ddr_clock_converter_inst/inst/gen_clock_conv.gen_async_conv.asyncfifo_axi/inst_fifo_gen/gaxi_full_lite.gread_ch.grach2.axi_rach/grf.rf/gntv_or_sync_fifo.gcx.clkx/rd_pntr_cdc_inst/src_gray_ff_reg[1]} {ddr_clock_converter_inst/inst/gen_clock_conv.gen_async_conv.asyncfifo_axi/inst_fifo_gen/gaxi_full_lite.gread_ch.grach2.axi_rach/grf.rf/gntv_or_sync_fifo.gcx.clkx/rd_pntr_cdc_inst/src_gray_ff_reg[2]} {ddr_clock_converter_inst/inst/gen_clock_conv.gen_async_conv.asyncfifo_axi/inst_fifo_gen/gaxi_full_lite.gread_ch.grach2.axi_rach/grf.rf/gntv_or_sync_fifo.gcx.clkx/rd_pntr_cdc_inst/src_gray_ff_reg[3]}]] -to [get_cells [list {ddr_clock_converter_inst/inst/gen_clock_conv.gen_async_conv.asyncfifo_axi/inst_fifo_gen/gaxi_full_lite.gread_ch.grach2.axi_rach/grf.rf/gntv_or_sync_fifo.gcx.clkx/rd_pntr_cdc_inst/dest_graysync_ff_reg[0][0]} {ddr_clock_converter_inst/inst/gen_clock_conv.gen_async_conv.asyncfifo_axi/inst_fifo_gen/gaxi_full_lite.gread_ch.grach2.axi_rach/grf.rf/gntv_or_sync_fifo.gcx.clkx/rd_pntr_cdc_inst/dest_graysync_ff_reg[0][1]} {ddr_clock_converter_inst/inst/gen_clock_conv.gen_async_conv.asyncfifo_axi/inst_fifo_gen/gaxi_full_lite.gread_ch.grach2.axi_rach/grf.rf/gntv_or_sync_fifo.gcx.clkx/rd_pntr_cdc_inst/dest_graysync_ff_reg[0][2]} {ddr_clock_converter_inst/inst/gen_clock_conv.gen_async_conv.asyncfifo_axi/inst_fifo_gen/gaxi_full_lite.gread_ch.grach2.axi_rach/grf.rf/gntv_or_sync_fifo.gcx.clkx/rd_pntr_cdc_inst/dest_graysync_ff_reg[0][3]}]] 5.000
Requirement: 5.000ns
Endpoints: 4

From Clock            To Clock              Endpoint Pin                    Reference Pin                   Corner  Actual(ns)  Slack(ns)
--------------------  --------------------  ------------------------------  ------------------------------  ------  ----------  ---------
clk_pll_i             soc_mmcm_clk_unbuf    ddr_clock_converter_inst/inst/gen_clock_conv.gen_async_conv.asyncfifo_axi/inst_fifo_gen/gaxi_full_lite.gread_ch.grach2.axi_rach/grf.rf/gntv_or_sync_fifo.gcx.clkx/rd_pntr_cdc_inst/dest_graysync_ff_reg[0][1]/D
                                                                            ddr_clock_converter_inst/inst/gen_clock_conv.gen_async_conv.asyncfifo_axi/inst_fifo_gen/gaxi_full_lite.gread_ch.grach2.axi_rach/grf.rf/gntv_or_sync_fifo.gcx.clkx/rd_pntr_cdc_inst/dest_graysync_ff_reg[0][2]/D
                                                                                                            Slow         0.371      4.629


Slack (MET) :             4.629ns  (requirement - actual skew)
  Endpoint Source:        <hidden>
                            (rising edge-triggered cell FDRE clocked by clk_pll_i)
  Endpoint Destination:   <hidden>
                            (rising edge-triggered cell FDRE clocked by soc_mmcm_clk_unbuf)
  Reference Source:       <hidden>
                            (rising edge-triggered cell FDRE clocked by clk_pll_i)
  Reference Destination:  <hidden>
                            (rising edge-triggered cell FDRE clocked by soc_mmcm_clk_unbuf)
  Path Type:              Bus Skew (Max at Slow Process Corner)
  Requirement:            5.000ns
  Endpoint Relative Delay:    0.778ns
  Reference Relative Delay:   0.080ns
  Relative CRPR:              0.327ns
  Actual Bus Skew:            0.371ns  (Endpoint Relative Delay - Reference Relative Delay - Relative CRPR)

Endpoint path:
    Location             Delay type                Incr(ns)  Path(ns)    Netlist Resource(s)
  -------------------------------------------------------------------    -------------------
                         (clock clk_pll_i rise edge)
                                                      0.000     0.000 r  
    E19                                               0.000     0.000 r  sys_clk_p (IN)
                         net (fo=0)                   0.000     0.000    mig_inst/u_vc707_mig_mig/u_ddr3_clk_ibuf/sys_clk_p
    E19                  IBUFDS (Prop_ibufds_I_O)     0.880     0.880 r  mig_inst/u_vc707_mig_mig/u_ddr3_clk_ibuf/diff_input_clk.u_ibufg_sys_clk/O
                         net (fo=3, routed)           1.098     1.978    mig_inst/u_vc707_mig_mig/u_ddr3_infrastructure/out
    PLLE2_ADV_X1Y5       PLLE2_ADV (Prop_plle2_adv_CLKIN1_CLKOUT3)
                                                      0.077     2.055 r  mig_inst/u_vc707_mig_mig/u_ddr3_infrastructure/plle2_i/CLKOUT3
                         net (fo=1, routed)           1.163     3.218    mig_inst/u_vc707_mig_mig/u_ddr3_infrastructure/pll_clk3_out
    BUFHCE_X1Y60         BUFH (Prop_bufh_I_O)         0.103     3.321 r  mig_inst/u_vc707_mig_mig/u_ddr3_infrastructure/u_bufh_pll_clk3/O
                         net (fo=1, routed)           0.804     4.125    mig_inst/u_vc707_mig_mig/u_ddr3_infrastructure/pll_clk3
    MMCME2_ADV_X1Y5      MMCME2_ADV (Prop_mmcme2_adv_CLKIN1_CLKFBOUT)
                                                     -3.373     0.752 r  mig_inst/u_vc707_mig_mig/u_ddr3_infrastructure/gen_ui_extra_clocks.mmcm_i/CLKFBOUT
                         net (fo=1, routed)           1.697     2.449    mig_inst/u_vc707_mig_mig/u_ddr3_infrastructure/clk_pll_i
    BUFGCTRL_X0Y16       BUFG (Prop_bufg_I_O)         0.093     2.542 r  mig_inst/u_vc707_mig_mig/u_ddr3_infrastructure/u_bufg_clkdiv0/O
                         net (fo=19598, routed)       1.530     4.072    <hidden>
    SLICE_X122Y319       FDRE                                         r  <hidden>
  -------------------------------------------------------------------    -------------------
    SLICE_X122Y319       FDRE (Prop_fdre_C_Q)         0.236     4.308 r  <hidden>
                         net (fo=1, routed)           0.289     4.597    <hidden>
    SLICE_X120Y320       FDRE                                         r  <hidden>
  -------------------------------------------------------------------    -------------------

                         (clock soc_mmcm_clk_unbuf rise edge)
                                                      0.000     0.000 r  
    E19                                               0.000     0.000 r  sys_clk_p (IN)
                         net (fo=0)                   0.000     0.000    mig_inst/u_vc707_mig_mig/u_ddr3_clk_ibuf/sys_clk_p
    E19                  IBUFDS (Prop_ibufds_I_O)     0.783     0.783 r  mig_inst/u_vc707_mig_mig/u_ddr3_clk_ibuf/diff_input_clk.u_ibufg_sys_clk/O
                         net (fo=3, routed)           1.001     1.784    mig_inst/u_vc707_mig_mig/u_ddr3_infrastructure/out
    PLLE2_ADV_X1Y5       PLLE2_ADV (Prop_plle2_adv_CLKIN1_CLKOUT3)
                                                      0.073     1.857 r  mig_inst/u_vc707_mig_mig/u_ddr3_infrastructure/plle2_i/CLKOUT3
                         net (fo=1, routed)           1.051     2.908    mig_inst/u_vc707_mig_mig/u_ddr3_infrastructure/pll_clk3_out
    BUFHCE_X1Y60         BUFH (Prop_bufh_I_O)         0.066     2.974 r  mig_inst/u_vc707_mig_mig/u_ddr3_infrastructure/u_bufh_pll_clk3/O
                         net (fo=1, routed)           0.735     3.709    mig_inst/u_vc707_mig_mig/u_ddr3_infrastructure/pll_clk3
    MMCME2_ADV_X1Y5      MMCME2_ADV (Prop_mmcme2_adv_CLKIN1_CLKFBOUT)
                                                     -3.040     0.669 r  mig_inst/u_vc707_mig_mig/u_ddr3_infrastructure/gen_ui_extra_clocks.mmcm_i/CLKFBOUT
                         net (fo=1, routed)           1.566     2.235    mig_inst/u_vc707_mig_mig/u_ddr3_infrastructure/clk_pll_i
    BUFGCTRL_X0Y16       BUFG (Prop_bufg_I_O)         0.083     2.318 r  mig_inst/u_vc707_mig_mig/u_ddr3_infrastructure/u_bufg_clkdiv0/O
                         net (fo=19598, routed)       1.791     4.109    ui_clk
    MMCME2_ADV_X1Y0      MMCME2_ADV (Prop_mmcme2_adv_CLKIN1_CLKOUT0)
                                                     -4.216    -0.107 r  soc_clock_mmcm_inst/CLKOUT0
                         net (fo=1, routed)           2.344     2.237    soc_mmcm_clk_unbuf
    BUFGCTRL_X0Y1        BUFG (Prop_bufg_I_O)         0.083     2.320 r  soc_clock_bufg_inst/O
                         net (fo=45272, routed)       1.334     3.654    <hidden>
    SLICE_X120Y320       FDRE                                         r  <hidden>
                         clock pessimism              0.224     3.878    
    SLICE_X120Y320       FDRE (Setup_fdre_C_D)       -0.059     3.819    <hidden>
  -------------------------------------------------------------------
                         data arrival                           4.597    
                         clock arrival                          3.819    
  -------------------------------------------------------------------
                         relative delay                         0.778    

Reference path:
    Location             Delay type                Incr(ns)  Path(ns)    Netlist Resource(s)
  -------------------------------------------------------------------    -------------------
                         (clock clk_pll_i rise edge)
                                                      0.000     0.000 r  
    E19                                               0.000     0.000 r  sys_clk_p (IN)
                         net (fo=0)                   0.000     0.000    mig_inst/u_vc707_mig_mig/u_ddr3_clk_ibuf/sys_clk_p
    E19                  IBUFDS (Prop_ibufds_I_O)     0.783     0.783 r  mig_inst/u_vc707_mig_mig/u_ddr3_clk_ibuf/diff_input_clk.u_ibufg_sys_clk/O
                         net (fo=3, routed)           1.001     1.784    mig_inst/u_vc707_mig_mig/u_ddr3_infrastructure/out
    PLLE2_ADV_X1Y5       PLLE2_ADV (Prop_plle2_adv_CLKIN1_CLKOUT3)
                                                      0.073     1.857 r  mig_inst/u_vc707_mig_mig/u_ddr3_infrastructure/plle2_i/CLKOUT3
                         net (fo=1, routed)           1.051     2.908    mig_inst/u_vc707_mig_mig/u_ddr3_infrastructure/pll_clk3_out
    BUFHCE_X1Y60         BUFH (Prop_bufh_I_O)         0.066     2.974 r  mig_inst/u_vc707_mig_mig/u_ddr3_infrastructure/u_bufh_pll_clk3/O
                         net (fo=1, routed)           0.735     3.709    mig_inst/u_vc707_mig_mig/u_ddr3_infrastructure/pll_clk3
    MMCME2_ADV_X1Y5      MMCME2_ADV (Prop_mmcme2_adv_CLKIN1_CLKFBOUT)
                                                     -3.040     0.669 r  mig_inst/u_vc707_mig_mig/u_ddr3_infrastructure/gen_ui_extra_clocks.mmcm_i/CLKFBOUT
                         net (fo=1, routed)           1.566     2.235    mig_inst/u_vc707_mig_mig/u_ddr3_infrastructure/clk_pll_i
    BUFGCTRL_X0Y16       BUFG (Prop_bufg_I_O)         0.083     2.318 r  mig_inst/u_vc707_mig_mig/u_ddr3_infrastructure/u_bufg_clkdiv0/O
                         net (fo=19598, routed)       1.334     3.652    <hidden>
    SLICE_X120Y317       FDRE                                         r  <hidden>
  -------------------------------------------------------------------    -------------------
    SLICE_X120Y317       FDRE (Prop_fdre_C_Q)         0.206     3.858 r  <hidden>
                         net (fo=1, routed)           0.226     4.084    <hidden>
    SLICE_X120Y318       FDRE                                         r  <hidden>
  -------------------------------------------------------------------    -------------------

                         (clock soc_mmcm_clk_unbuf rise edge)
                                                      0.000     0.000 r  
    E19                                               0.000     0.000 r  sys_clk_p (IN)
                         net (fo=0)                   0.000     0.000    mig_inst/u_vc707_mig_mig/u_ddr3_clk_ibuf/sys_clk_p
    E19                  IBUFDS (Prop_ibufds_I_O)     0.880     0.880 r  mig_inst/u_vc707_mig_mig/u_ddr3_clk_ibuf/diff_input_clk.u_ibufg_sys_clk/O
                         net (fo=3, routed)           1.098     1.978    mig_inst/u_vc707_mig_mig/u_ddr3_infrastructure/out
    PLLE2_ADV_X1Y5       PLLE2_ADV (Prop_plle2_adv_CLKIN1_CLKOUT3)
                                                      0.077     2.055 r  mig_inst/u_vc707_mig_mig/u_ddr3_infrastructure/plle2_i/CLKOUT3
                         net (fo=1, routed)           1.163     3.218    mig_inst/u_vc707_mig_mig/u_ddr3_infrastructure/pll_clk3_out
    BUFHCE_X1Y60         BUFH (Prop_bufh_I_O)         0.103     3.321 r  mig_inst/u_vc707_mig_mig/u_ddr3_infrastructure/u_bufh_pll_clk3/O
                         net (fo=1, routed)           0.804     4.125    mig_inst/u_vc707_mig_mig/u_ddr3_infrastructure/pll_clk3
    MMCME2_ADV_X1Y5      MMCME2_ADV (Prop_mmcme2_adv_CLKIN1_CLKFBOUT)
                                                     -3.373     0.752 r  mig_inst/u_vc707_mig_mig/u_ddr3_infrastructure/gen_ui_extra_clocks.mmcm_i/CLKFBOUT
                         net (fo=1, routed)           1.697     2.449    mig_inst/u_vc707_mig_mig/u_ddr3_infrastructure/clk_pll_i
    BUFGCTRL_X0Y16       BUFG (Prop_bufg_I_O)         0.093     2.542 r  mig_inst/u_vc707_mig_mig/u_ddr3_infrastructure/u_bufg_clkdiv0/O
                         net (fo=19598, routed)       1.952     4.494    ui_clk
    MMCME2_ADV_X1Y0      MMCME2_ADV (Prop_mmcme2_adv_CLKIN1_CLKOUT0)
                                                     -4.520    -0.026 r  soc_clock_mmcm_inst/CLKOUT0
                         net (fo=1, routed)           2.477     2.451    soc_mmcm_clk_unbuf
    BUFGCTRL_X0Y1        BUFG (Prop_bufg_I_O)         0.093     2.544 r  soc_clock_bufg_inst/O
                         net (fo=45272, routed)       1.532     4.076    <hidden>
    SLICE_X120Y318       FDRE                                         r  <hidden>
                         clock pessimism             -0.224     3.852    
    SLICE_X120Y318       FDRE (Hold_fdre_C_D)         0.152     4.004    <hidden>
  -------------------------------------------------------------------
                         data arrival                           4.084    
                         clock arrival                          4.004    
  -------------------------------------------------------------------
                         relative delay                         0.080    



Id: 5
set_bus_skew -from [get_cells [list {ddr_clock_converter_inst/inst/gen_clock_conv.gen_async_conv.asyncfifo_axi/inst_fifo_gen/gaxi_full_lite.gread_ch.grdch2.axi_rdch/grf.rf/gntv_or_sync_fifo.gcx.clkx/wr_pntr_cdc_inst/src_gray_ff_reg[0]} {ddr_clock_converter_inst/inst/gen_clock_conv.gen_async_conv.asyncfifo_axi/inst_fifo_gen/gaxi_full_lite.gread_ch.grdch2.axi_rdch/grf.rf/gntv_or_sync_fifo.gcx.clkx/wr_pntr_cdc_inst/src_gray_ff_reg[1]} {ddr_clock_converter_inst/inst/gen_clock_conv.gen_async_conv.asyncfifo_axi/inst_fifo_gen/gaxi_full_lite.gread_ch.grdch2.axi_rdch/grf.rf/gntv_or_sync_fifo.gcx.clkx/wr_pntr_cdc_inst/src_gray_ff_reg[2]} {ddr_clock_converter_inst/inst/gen_clock_conv.gen_async_conv.asyncfifo_axi/inst_fifo_gen/gaxi_full_lite.gread_ch.grdch2.axi_rdch/grf.rf/gntv_or_sync_fifo.gcx.clkx/wr_pntr_cdc_inst/src_gray_ff_reg[3]}]] -to [get_cells [list {ddr_clock_converter_inst/inst/gen_clock_conv.gen_async_conv.asyncfifo_axi/inst_fifo_gen/gaxi_full_lite.gread_ch.grdch2.axi_rdch/grf.rf/gntv_or_sync_fifo.gcx.clkx/wr_pntr_cdc_inst/dest_graysync_ff_reg[0][0]} {ddr_clock_converter_inst/inst/gen_clock_conv.gen_async_conv.asyncfifo_axi/inst_fifo_gen/gaxi_full_lite.gread_ch.grdch2.axi_rdch/grf.rf/gntv_or_sync_fifo.gcx.clkx/wr_pntr_cdc_inst/dest_graysync_ff_reg[0][1]} {ddr_clock_converter_inst/inst/gen_clock_conv.gen_async_conv.asyncfifo_axi/inst_fifo_gen/gaxi_full_lite.gread_ch.grdch2.axi_rdch/grf.rf/gntv_or_sync_fifo.gcx.clkx/wr_pntr_cdc_inst/dest_graysync_ff_reg[0][2]} {ddr_clock_converter_inst/inst/gen_clock_conv.gen_async_conv.asyncfifo_axi/inst_fifo_gen/gaxi_full_lite.gread_ch.grdch2.axi_rdch/grf.rf/gntv_or_sync_fifo.gcx.clkx/wr_pntr_cdc_inst/dest_graysync_ff_reg[0][3]}]] 5.000
Requirement: 5.000ns
Endpoints: 4

From Clock            To Clock              Endpoint Pin                    Reference Pin                   Corner  Actual(ns)  Slack(ns)
--------------------  --------------------  ------------------------------  ------------------------------  ------  ----------  ---------
clk_pll_i             soc_mmcm_clk_unbuf    ddr_clock_converter_inst/inst/gen_clock_conv.gen_async_conv.asyncfifo_axi/inst_fifo_gen/gaxi_full_lite.gread_ch.grdch2.axi_rdch/grf.rf/gntv_or_sync_fifo.gcx.clkx/wr_pntr_cdc_inst/dest_graysync_ff_reg[0][1]/D
                                                                            ddr_clock_converter_inst/inst/gen_clock_conv.gen_async_conv.asyncfifo_axi/inst_fifo_gen/gaxi_full_lite.gread_ch.grdch2.axi_rdch/grf.rf/gntv_or_sync_fifo.gcx.clkx/wr_pntr_cdc_inst/dest_graysync_ff_reg[0][3]/D
                                                                                                            Slow         0.603      4.397


Slack (MET) :             4.397ns  (requirement - actual skew)
  Endpoint Source:        <hidden>
                            (rising edge-triggered cell FDRE clocked by clk_pll_i)
  Endpoint Destination:   <hidden>
                            (rising edge-triggered cell FDRE clocked by soc_mmcm_clk_unbuf)
  Reference Source:       <hidden>
                            (rising edge-triggered cell FDRE clocked by clk_pll_i)
  Reference Destination:  <hidden>
                            (rising edge-triggered cell FDRE clocked by soc_mmcm_clk_unbuf)
  Path Type:              Bus Skew (Max at Slow Process Corner)
  Requirement:            5.000ns
  Endpoint Relative Delay:    0.990ns
  Reference Relative Delay:   0.117ns
  Relative CRPR:              0.270ns
  Actual Bus Skew:            0.603ns  (Endpoint Relative Delay - Reference Relative Delay - Relative CRPR)

Endpoint path:
    Location             Delay type                Incr(ns)  Path(ns)    Netlist Resource(s)
  -------------------------------------------------------------------    -------------------
                         (clock clk_pll_i rise edge)
                                                      0.000     0.000 r  
    E19                                               0.000     0.000 r  sys_clk_p (IN)
                         net (fo=0)                   0.000     0.000    mig_inst/u_vc707_mig_mig/u_ddr3_clk_ibuf/sys_clk_p
    E19                  IBUFDS (Prop_ibufds_I_O)     0.880     0.880 r  mig_inst/u_vc707_mig_mig/u_ddr3_clk_ibuf/diff_input_clk.u_ibufg_sys_clk/O
                         net (fo=3, routed)           1.098     1.978    mig_inst/u_vc707_mig_mig/u_ddr3_infrastructure/out
    PLLE2_ADV_X1Y5       PLLE2_ADV (Prop_plle2_adv_CLKIN1_CLKOUT3)
                                                      0.077     2.055 r  mig_inst/u_vc707_mig_mig/u_ddr3_infrastructure/plle2_i/CLKOUT3
                         net (fo=1, routed)           1.163     3.218    mig_inst/u_vc707_mig_mig/u_ddr3_infrastructure/pll_clk3_out
    BUFHCE_X1Y60         BUFH (Prop_bufh_I_O)         0.103     3.321 r  mig_inst/u_vc707_mig_mig/u_ddr3_infrastructure/u_bufh_pll_clk3/O
                         net (fo=1, routed)           0.804     4.125    mig_inst/u_vc707_mig_mig/u_ddr3_infrastructure/pll_clk3
    MMCME2_ADV_X1Y5      MMCME2_ADV (Prop_mmcme2_adv_CLKIN1_CLKFBOUT)
                                                     -3.373     0.752 r  mig_inst/u_vc707_mig_mig/u_ddr3_infrastructure/gen_ui_extra_clocks.mmcm_i/CLKFBOUT
                         net (fo=1, routed)           1.697     2.449    mig_inst/u_vc707_mig_mig/u_ddr3_infrastructure/clk_pll_i
    BUFGCTRL_X0Y16       BUFG (Prop_bufg_I_O)         0.093     2.542 r  mig_inst/u_vc707_mig_mig/u_ddr3_infrastructure/u_bufg_clkdiv0/O
                         net (fo=19598, routed)       1.453     3.995    <hidden>
    SLICE_X161Y288       FDRE                                         r  <hidden>
  -------------------------------------------------------------------    -------------------
    SLICE_X161Y288       FDRE (Prop_fdre_C_Q)         0.204     4.199 r  <hidden>
                         net (fo=1, routed)           0.549     4.748    <hidden>
    SLICE_X162Y277       FDRE                                         r  <hidden>
  -------------------------------------------------------------------    -------------------

                         (clock soc_mmcm_clk_unbuf rise edge)
                                                      0.000     0.000 r  
    E19                                               0.000     0.000 r  sys_clk_p (IN)
                         net (fo=0)                   0.000     0.000    mig_inst/u_vc707_mig_mig/u_ddr3_clk_ibuf/sys_clk_p
    E19                  IBUFDS (Prop_ibufds_I_O)     0.783     0.783 r  mig_inst/u_vc707_mig_mig/u_ddr3_clk_ibuf/diff_input_clk.u_ibufg_sys_clk/O
                         net (fo=3, routed)           1.001     1.784    mig_inst/u_vc707_mig_mig/u_ddr3_infrastructure/out
    PLLE2_ADV_X1Y5       PLLE2_ADV (Prop_plle2_adv_CLKIN1_CLKOUT3)
                                                      0.073     1.857 r  mig_inst/u_vc707_mig_mig/u_ddr3_infrastructure/plle2_i/CLKOUT3
                         net (fo=1, routed)           1.051     2.908    mig_inst/u_vc707_mig_mig/u_ddr3_infrastructure/pll_clk3_out
    BUFHCE_X1Y60         BUFH (Prop_bufh_I_O)         0.066     2.974 r  mig_inst/u_vc707_mig_mig/u_ddr3_infrastructure/u_bufh_pll_clk3/O
                         net (fo=1, routed)           0.735     3.709    mig_inst/u_vc707_mig_mig/u_ddr3_infrastructure/pll_clk3
    MMCME2_ADV_X1Y5      MMCME2_ADV (Prop_mmcme2_adv_CLKIN1_CLKFBOUT)
                                                     -3.040     0.669 r  mig_inst/u_vc707_mig_mig/u_ddr3_infrastructure/gen_ui_extra_clocks.mmcm_i/CLKFBOUT
                         net (fo=1, routed)           1.566     2.235    mig_inst/u_vc707_mig_mig/u_ddr3_infrastructure/clk_pll_i
    BUFGCTRL_X0Y16       BUFG (Prop_bufg_I_O)         0.083     2.318 r  mig_inst/u_vc707_mig_mig/u_ddr3_infrastructure/u_bufg_clkdiv0/O
                         net (fo=19598, routed)       1.791     4.109    ui_clk
    MMCME2_ADV_X1Y0      MMCME2_ADV (Prop_mmcme2_adv_CLKIN1_CLKOUT0)
                                                     -4.216    -0.107 r  soc_clock_mmcm_inst/CLKOUT0
                         net (fo=1, routed)           2.344     2.237    soc_mmcm_clk_unbuf
    BUFGCTRL_X0Y1        BUFG (Prop_bufg_I_O)         0.083     2.320 r  soc_clock_bufg_inst/O
                         net (fo=45272, routed)       1.275     3.595    <hidden>
    SLICE_X162Y277       FDRE                                         r  <hidden>
                         clock pessimism              0.224     3.819    
    SLICE_X162Y277       FDRE (Setup_fdre_C_D)       -0.061     3.758    <hidden>
  -------------------------------------------------------------------
                         data arrival                           4.748    
                         clock arrival                          3.758    
  -------------------------------------------------------------------
                         relative delay                         0.990    

Reference path:
    Location             Delay type                Incr(ns)  Path(ns)    Netlist Resource(s)
  -------------------------------------------------------------------    -------------------
                         (clock clk_pll_i rise edge)
                                                      0.000     0.000 r  
    E19                                               0.000     0.000 r  sys_clk_p (IN)
                         net (fo=0)                   0.000     0.000    mig_inst/u_vc707_mig_mig/u_ddr3_clk_ibuf/sys_clk_p
    E19                  IBUFDS (Prop_ibufds_I_O)     0.783     0.783 r  mig_inst/u_vc707_mig_mig/u_ddr3_clk_ibuf/diff_input_clk.u_ibufg_sys_clk/O
                         net (fo=3, routed)           1.001     1.784    mig_inst/u_vc707_mig_mig/u_ddr3_infrastructure/out
    PLLE2_ADV_X1Y5       PLLE2_ADV (Prop_plle2_adv_CLKIN1_CLKOUT3)
                                                      0.073     1.857 r  mig_inst/u_vc707_mig_mig/u_ddr3_infrastructure/plle2_i/CLKOUT3
                         net (fo=1, routed)           1.051     2.908    mig_inst/u_vc707_mig_mig/u_ddr3_infrastructure/pll_clk3_out
    BUFHCE_X1Y60         BUFH (Prop_bufh_I_O)         0.066     2.974 r  mig_inst/u_vc707_mig_mig/u_ddr3_infrastructure/u_bufh_pll_clk3/O
                         net (fo=1, routed)           0.735     3.709    mig_inst/u_vc707_mig_mig/u_ddr3_infrastructure/pll_clk3
    MMCME2_ADV_X1Y5      MMCME2_ADV (Prop_mmcme2_adv_CLKIN1_CLKFBOUT)
                                                     -3.040     0.669 r  mig_inst/u_vc707_mig_mig/u_ddr3_infrastructure/gen_ui_extra_clocks.mmcm_i/CLKFBOUT
                         net (fo=1, routed)           1.566     2.235    mig_inst/u_vc707_mig_mig/u_ddr3_infrastructure/clk_pll_i
    BUFGCTRL_X0Y16       BUFG (Prop_bufg_I_O)         0.083     2.318 r  mig_inst/u_vc707_mig_mig/u_ddr3_infrastructure/u_bufg_clkdiv0/O
                         net (fo=19598, routed)       1.271     3.589    <hidden>
    SLICE_X163Y275       FDRE                                         r  <hidden>
  -------------------------------------------------------------------    -------------------
    SLICE_X163Y275       FDRE (Prop_fdre_C_Q)         0.178     3.767 r  <hidden>
                         net (fo=1, routed)           0.231     3.998    <hidden>
    SLICE_X163Y277       FDRE                                         r  <hidden>
  -------------------------------------------------------------------    -------------------

                         (clock soc_mmcm_clk_unbuf rise edge)
                                                      0.000     0.000 r  
    E19                                               0.000     0.000 r  sys_clk_p (IN)
                         net (fo=0)                   0.000     0.000    mig_inst/u_vc707_mig_mig/u_ddr3_clk_ibuf/sys_clk_p
    E19                  IBUFDS (Prop_ibufds_I_O)     0.880     0.880 r  mig_inst/u_vc707_mig_mig/u_ddr3_clk_ibuf/diff_input_clk.u_ibufg_sys_clk/O
                         net (fo=3, routed)           1.098     1.978    mig_inst/u_vc707_mig_mig/u_ddr3_infrastructure/out
    PLLE2_ADV_X1Y5       PLLE2_ADV (Prop_plle2_adv_CLKIN1_CLKOUT3)
                                                      0.077     2.055 r  mig_inst/u_vc707_mig_mig/u_ddr3_infrastructure/plle2_i/CLKOUT3
                         net (fo=1, routed)           1.163     3.218    mig_inst/u_vc707_mig_mig/u_ddr3_infrastructure/pll_clk3_out
    BUFHCE_X1Y60         BUFH (Prop_bufh_I_O)         0.103     3.321 r  mig_inst/u_vc707_mig_mig/u_ddr3_infrastructure/u_bufh_pll_clk3/O
                         net (fo=1, routed)           0.804     4.125    mig_inst/u_vc707_mig_mig/u_ddr3_infrastructure/pll_clk3
    MMCME2_ADV_X1Y5      MMCME2_ADV (Prop_mmcme2_adv_CLKIN1_CLKFBOUT)
                                                     -3.373     0.752 r  mig_inst/u_vc707_mig_mig/u_ddr3_infrastructure/gen_ui_extra_clocks.mmcm_i/CLKFBOUT
                         net (fo=1, routed)           1.697     2.449    mig_inst/u_vc707_mig_mig/u_ddr3_infrastructure/clk_pll_i
    BUFGCTRL_X0Y16       BUFG (Prop_bufg_I_O)         0.093     2.542 r  mig_inst/u_vc707_mig_mig/u_ddr3_infrastructure/u_bufg_clkdiv0/O
                         net (fo=19598, routed)       1.952     4.494    ui_clk
    MMCME2_ADV_X1Y0      MMCME2_ADV (Prop_mmcme2_adv_CLKIN1_CLKOUT0)
                                                     -4.520    -0.026 r  soc_clock_mmcm_inst/CLKOUT0
                         net (fo=1, routed)           2.477     2.451    soc_mmcm_clk_unbuf
    BUFGCTRL_X0Y1        BUFG (Prop_bufg_I_O)         0.093     2.544 r  soc_clock_bufg_inst/O
                         net (fo=45272, routed)       1.443     3.987    <hidden>
    SLICE_X163Y277       FDRE                                         r  <hidden>
                         clock pessimism             -0.224     3.763    
    SLICE_X163Y277       FDRE (Hold_fdre_C_D)         0.118     3.881    <hidden>
  -------------------------------------------------------------------
                         data arrival                           3.998    
                         clock arrival                          3.881    
  -------------------------------------------------------------------
                         relative delay                         0.117    



Id: 6
set_bus_skew -from [get_cells [list {ddr_clock_converter_inst/inst/gen_clock_conv.gen_async_conv.asyncfifo_axi/inst_fifo_gen/gaxi_full_lite.gwrite_ch.gwach2.axi_wach/grf.rf/gntv_or_sync_fifo.gcx.clkx/wr_pntr_cdc_inst/src_gray_ff_reg[0]} {ddr_clock_converter_inst/inst/gen_clock_conv.gen_async_conv.asyncfifo_axi/inst_fifo_gen/gaxi_full_lite.gwrite_ch.gwach2.axi_wach/grf.rf/gntv_or_sync_fifo.gcx.clkx/wr_pntr_cdc_inst/src_gray_ff_reg[1]} {ddr_clock_converter_inst/inst/gen_clock_conv.gen_async_conv.asyncfifo_axi/inst_fifo_gen/gaxi_full_lite.gwrite_ch.gwach2.axi_wach/grf.rf/gntv_or_sync_fifo.gcx.clkx/wr_pntr_cdc_inst/src_gray_ff_reg[2]} {ddr_clock_converter_inst/inst/gen_clock_conv.gen_async_conv.asyncfifo_axi/inst_fifo_gen/gaxi_full_lite.gwrite_ch.gwach2.axi_wach/grf.rf/gntv_or_sync_fifo.gcx.clkx/wr_pntr_cdc_inst/src_gray_ff_reg[3]}]] -to [get_cells [list {ddr_clock_converter_inst/inst/gen_clock_conv.gen_async_conv.asyncfifo_axi/inst_fifo_gen/gaxi_full_lite.gwrite_ch.gwach2.axi_wach/grf.rf/gntv_or_sync_fifo.gcx.clkx/wr_pntr_cdc_inst/dest_graysync_ff_reg[0][0]} {ddr_clock_converter_inst/inst/gen_clock_conv.gen_async_conv.asyncfifo_axi/inst_fifo_gen/gaxi_full_lite.gwrite_ch.gwach2.axi_wach/grf.rf/gntv_or_sync_fifo.gcx.clkx/wr_pntr_cdc_inst/dest_graysync_ff_reg[0][1]} {ddr_clock_converter_inst/inst/gen_clock_conv.gen_async_conv.asyncfifo_axi/inst_fifo_gen/gaxi_full_lite.gwrite_ch.gwach2.axi_wach/grf.rf/gntv_or_sync_fifo.gcx.clkx/wr_pntr_cdc_inst/dest_graysync_ff_reg[0][2]} {ddr_clock_converter_inst/inst/gen_clock_conv.gen_async_conv.asyncfifo_axi/inst_fifo_gen/gaxi_full_lite.gwrite_ch.gwach2.axi_wach/grf.rf/gntv_or_sync_fifo.gcx.clkx/wr_pntr_cdc_inst/dest_graysync_ff_reg[0][3]}]] 5.000
Requirement: 5.000ns
Endpoints: 4

From Clock            To Clock              Endpoint Pin                    Reference Pin                   Corner  Actual(ns)  Slack(ns)
--------------------  --------------------  ------------------------------  ------------------------------  ------  ----------  ---------
soc_mmcm_clk_unbuf    clk_pll_i             ddr_clock_converter_inst/inst/gen_clock_conv.gen_async_conv.asyncfifo_axi/inst_fifo_gen/gaxi_full_lite.gwrite_ch.gwach2.axi_wach/grf.rf/gntv_or_sync_fifo.gcx.clkx/wr_pntr_cdc_inst/dest_graysync_ff_reg[0][3]/D
                                                                            ddr_clock_converter_inst/inst/gen_clock_conv.gen_async_conv.asyncfifo_axi/inst_fifo_gen/gaxi_full_lite.gwrite_ch.gwach2.axi_wach/grf.rf/gntv_or_sync_fifo.gcx.clkx/wr_pntr_cdc_inst/dest_graysync_ff_reg[0][2]/D
                                                                                                            Slow         0.329      4.671


Slack (MET) :             4.671ns  (requirement - actual skew)
  Endpoint Source:        <hidden>
                            (rising edge-triggered cell FDRE clocked by soc_mmcm_clk_unbuf)
  Endpoint Destination:   <hidden>
                            (rising edge-triggered cell FDRE clocked by clk_pll_i)
  Reference Source:       <hidden>
                            (rising edge-triggered cell FDRE clocked by soc_mmcm_clk_unbuf)
  Reference Destination:  <hidden>
                            (rising edge-triggered cell FDRE clocked by clk_pll_i)
  Path Type:              Bus Skew (Max at Slow Process Corner)
  Requirement:            5.000ns
  Endpoint Relative Delay:    0.750ns
  Reference Relative Delay:   0.127ns
  Relative CRPR:              0.294ns
  Actual Bus Skew:            0.329ns  (Endpoint Relative Delay - Reference Relative Delay - Relative CRPR)

Endpoint path:
    Location             Delay type                Incr(ns)  Path(ns)    Netlist Resource(s)
  -------------------------------------------------------------------    -------------------
                         (clock soc_mmcm_clk_unbuf rise edge)
                                                      0.000     0.000 r  
    E19                                               0.000     0.000 r  sys_clk_p (IN)
                         net (fo=0)                   0.000     0.000    mig_inst/u_vc707_mig_mig/u_ddr3_clk_ibuf/sys_clk_p
    E19                  IBUFDS (Prop_ibufds_I_O)     0.880     0.880 r  mig_inst/u_vc707_mig_mig/u_ddr3_clk_ibuf/diff_input_clk.u_ibufg_sys_clk/O
                         net (fo=3, routed)           1.098     1.978    mig_inst/u_vc707_mig_mig/u_ddr3_infrastructure/out
    PLLE2_ADV_X1Y5       PLLE2_ADV (Prop_plle2_adv_CLKIN1_CLKOUT3)
                                                      0.077     2.055 r  mig_inst/u_vc707_mig_mig/u_ddr3_infrastructure/plle2_i/CLKOUT3
                         net (fo=1, routed)           1.163     3.218    mig_inst/u_vc707_mig_mig/u_ddr3_infrastructure/pll_clk3_out
    BUFHCE_X1Y60         BUFH (Prop_bufh_I_O)         0.103     3.321 r  mig_inst/u_vc707_mig_mig/u_ddr3_infrastructure/u_bufh_pll_clk3/O
                         net (fo=1, routed)           0.804     4.125    mig_inst/u_vc707_mig_mig/u_ddr3_infrastructure/pll_clk3
    MMCME2_ADV_X1Y5      MMCME2_ADV (Prop_mmcme2_adv_CLKIN1_CLKFBOUT)
                                                     -3.373     0.752 r  mig_inst/u_vc707_mig_mig/u_ddr3_infrastructure/gen_ui_extra_clocks.mmcm_i/CLKFBOUT
                         net (fo=1, routed)           1.697     2.449    mig_inst/u_vc707_mig_mig/u_ddr3_infrastructure/clk_pll_i
    BUFGCTRL_X0Y16       BUFG (Prop_bufg_I_O)         0.093     2.542 r  mig_inst/u_vc707_mig_mig/u_ddr3_infrastructure/u_bufg_clkdiv0/O
                         net (fo=19598, routed)       1.952     4.494    ui_clk
    MMCME2_ADV_X1Y0      MMCME2_ADV (Prop_mmcme2_adv_CLKIN1_CLKOUT0)
                                                     -4.520    -0.026 r  soc_clock_mmcm_inst/CLKOUT0
                         net (fo=1, routed)           2.477     2.451    soc_mmcm_clk_unbuf
    BUFGCTRL_X0Y1        BUFG (Prop_bufg_I_O)         0.093     2.544 r  soc_clock_bufg_inst/O
                         net (fo=45272, routed)       1.444     3.988    <hidden>
    SLICE_X137Y294       FDRE                                         r  <hidden>
  -------------------------------------------------------------------    -------------------
    SLICE_X137Y294       FDRE (Prop_fdre_C_Q)         0.204     4.192 r  <hidden>
                         net (fo=1, routed)           0.282     4.474    <hidden>
    SLICE_X137Y296       FDRE                                         r  <hidden>
  -------------------------------------------------------------------    -------------------

                         (clock clk_pll_i rise edge)
                                                      0.000     0.000 r  
    E19                                               0.000     0.000 r  sys_clk_p (IN)
                         net (fo=0)                   0.000     0.000    mig_inst/u_vc707_mig_mig/u_ddr3_clk_ibuf/sys_clk_p
    E19                  IBUFDS (Prop_ibufds_I_O)     0.783     0.783 r  mig_inst/u_vc707_mig_mig/u_ddr3_clk_ibuf/diff_input_clk.u_ibufg_sys_clk/O
                         net (fo=3, routed)           1.001     1.784    mig_inst/u_vc707_mig_mig/u_ddr3_infrastructure/out
    PLLE2_ADV_X1Y5       PLLE2_ADV (Prop_plle2_adv_CLKIN1_CLKOUT3)
                                                      0.073     1.857 r  mig_inst/u_vc707_mig_mig/u_ddr3_infrastructure/plle2_i/CLKOUT3
                         net (fo=1, routed)           1.051     2.908    mig_inst/u_vc707_mig_mig/u_ddr3_infrastructure/pll_clk3_out
    BUFHCE_X1Y60         BUFH (Prop_bufh_I_O)         0.066     2.974 r  mig_inst/u_vc707_mig_mig/u_ddr3_infrastructure/u_bufh_pll_clk3/O
                         net (fo=1, routed)           0.735     3.709    mig_inst/u_vc707_mig_mig/u_ddr3_infrastructure/pll_clk3
    MMCME2_ADV_X1Y5      MMCME2_ADV (Prop_mmcme2_adv_CLKIN1_CLKFBOUT)
                                                     -3.040     0.669 r  mig_inst/u_vc707_mig_mig/u_ddr3_infrastructure/gen_ui_extra_clocks.mmcm_i/CLKFBOUT
                         net (fo=1, routed)           1.566     2.235    mig_inst/u_vc707_mig_mig/u_ddr3_infrastructure/clk_pll_i
    BUFGCTRL_X0Y16       BUFG (Prop_bufg_I_O)         0.083     2.318 r  mig_inst/u_vc707_mig_mig/u_ddr3_infrastructure/u_bufg_clkdiv0/O
                         net (fo=19598, routed)       1.271     3.589    <hidden>
    SLICE_X137Y296       FDRE                                         r  <hidden>
                         clock pessimism              0.224     3.813    
    SLICE_X137Y296       FDRE (Setup_fdre_C_D)       -0.089     3.724    <hidden>
  -------------------------------------------------------------------
                         data arrival                           4.474    
                         clock arrival                          3.724    
  -------------------------------------------------------------------
                         relative delay                         0.750    

Reference path:
    Location             Delay type                Incr(ns)  Path(ns)    Netlist Resource(s)
  -------------------------------------------------------------------    -------------------
                         (clock soc_mmcm_clk_unbuf rise edge)
                                                      0.000     0.000 r  
    E19                                               0.000     0.000 r  sys_clk_p (IN)
                         net (fo=0)                   0.000     0.000    mig_inst/u_vc707_mig_mig/u_ddr3_clk_ibuf/sys_clk_p
    E19                  IBUFDS (Prop_ibufds_I_O)     0.783     0.783 r  mig_inst/u_vc707_mig_mig/u_ddr3_clk_ibuf/diff_input_clk.u_ibufg_sys_clk/O
                         net (fo=3, routed)           1.001     1.784    mig_inst/u_vc707_mig_mig/u_ddr3_infrastructure/out
    PLLE2_ADV_X1Y5       PLLE2_ADV (Prop_plle2_adv_CLKIN1_CLKOUT3)
                                                      0.073     1.857 r  mig_inst/u_vc707_mig_mig/u_ddr3_infrastructure/plle2_i/CLKOUT3
                         net (fo=1, routed)           1.051     2.908    mig_inst/u_vc707_mig_mig/u_ddr3_infrastructure/pll_clk3_out
    BUFHCE_X1Y60         BUFH (Prop_bufh_I_O)         0.066     2.974 r  mig_inst/u_vc707_mig_mig/u_ddr3_infrastructure/u_bufh_pll_clk3/O
                         net (fo=1, routed)           0.735     3.709    mig_inst/u_vc707_mig_mig/u_ddr3_infrastructure/pll_clk3
    MMCME2_ADV_X1Y5      MMCME2_ADV (Prop_mmcme2_adv_CLKIN1_CLKFBOUT)
                                                     -3.040     0.669 r  mig_inst/u_vc707_mig_mig/u_ddr3_infrastructure/gen_ui_extra_clocks.mmcm_i/CLKFBOUT
                         net (fo=1, routed)           1.566     2.235    mig_inst/u_vc707_mig_mig/u_ddr3_infrastructure/clk_pll_i
    BUFGCTRL_X0Y16       BUFG (Prop_bufg_I_O)         0.083     2.318 r  mig_inst/u_vc707_mig_mig/u_ddr3_infrastructure/u_bufg_clkdiv0/O
                         net (fo=19598, routed)       1.791     4.109    ui_clk
    MMCME2_ADV_X1Y0      MMCME2_ADV (Prop_mmcme2_adv_CLKIN1_CLKOUT0)
                                                     -4.216    -0.107 r  soc_clock_mmcm_inst/CLKOUT0
                         net (fo=1, routed)           2.344     2.237    soc_mmcm_clk_unbuf
    BUFGCTRL_X0Y1        BUFG (Prop_bufg_I_O)         0.083     2.320 r  soc_clock_bufg_inst/O
                         net (fo=45272, routed)       1.273     3.593    <hidden>
    SLICE_X137Y294       FDRE                                         r  <hidden>
  -------------------------------------------------------------------    -------------------
    SLICE_X137Y294       FDRE (Prop_fdre_C_Q)         0.178     3.771 r  <hidden>
                         net (fo=1, routed)           0.231     4.002    <hidden>
    SLICE_X135Y295       FDRE                                         r  <hidden>
  -------------------------------------------------------------------    -------------------

                         (clock clk_pll_i rise edge)
                                                      0.000     0.000 r  
    E19                                               0.000     0.000 r  sys_clk_p (IN)
                         net (fo=0)                   0.000     0.000    mig_inst/u_vc707_mig_mig/u_ddr3_clk_ibuf/sys_clk_p
    E19                  IBUFDS (Prop_ibufds_I_O)     0.880     0.880 r  mig_inst/u_vc707_mig_mig/u_ddr3_clk_ibuf/diff_input_clk.u_ibufg_sys_clk/O
                         net (fo=3, routed)           1.098     1.978    mig_inst/u_vc707_mig_mig/u_ddr3_infrastructure/out
    PLLE2_ADV_X1Y5       PLLE2_ADV (Prop_plle2_adv_CLKIN1_CLKOUT3)
                                                      0.077     2.055 r  mig_inst/u_vc707_mig_mig/u_ddr3_infrastructure/plle2_i/CLKOUT3
                         net (fo=1, routed)           1.163     3.218    mig_inst/u_vc707_mig_mig/u_ddr3_infrastructure/pll_clk3_out
    BUFHCE_X1Y60         BUFH (Prop_bufh_I_O)         0.103     3.321 r  mig_inst/u_vc707_mig_mig/u_ddr3_infrastructure/u_bufh_pll_clk3/O
                         net (fo=1, routed)           0.804     4.125    mig_inst/u_vc707_mig_mig/u_ddr3_infrastructure/pll_clk3
    MMCME2_ADV_X1Y5      MMCME2_ADV (Prop_mmcme2_adv_CLKIN1_CLKFBOUT)
                                                     -3.373     0.752 r  mig_inst/u_vc707_mig_mig/u_ddr3_infrastructure/gen_ui_extra_clocks.mmcm_i/CLKFBOUT
                         net (fo=1, routed)           1.697     2.449    mig_inst/u_vc707_mig_mig/u_ddr3_infrastructure/clk_pll_i
    BUFGCTRL_X0Y16       BUFG (Prop_bufg_I_O)         0.093     2.542 r  mig_inst/u_vc707_mig_mig/u_ddr3_infrastructure/u_bufg_clkdiv0/O
                         net (fo=19598, routed)       1.440     3.982    <hidden>
    SLICE_X135Y295       FDRE                                         r  <hidden>
                         clock pessimism             -0.224     3.758    
    SLICE_X135Y295       FDRE (Hold_fdre_C_D)         0.117     3.875    <hidden>
  -------------------------------------------------------------------
                         data arrival                           4.002    
                         clock arrival                          3.875    
  -------------------------------------------------------------------
                         relative delay                         0.127    



Id: 7
set_bus_skew -from [get_cells [list {ddr_clock_converter_inst/inst/gen_clock_conv.gen_async_conv.asyncfifo_axi/inst_fifo_gen/gaxi_full_lite.gwrite_ch.gwach2.axi_wach/grf.rf/gntv_or_sync_fifo.gcx.clkx/rd_pntr_cdc_inst/src_gray_ff_reg[0]} {ddr_clock_converter_inst/inst/gen_clock_conv.gen_async_conv.asyncfifo_axi/inst_fifo_gen/gaxi_full_lite.gwrite_ch.gwach2.axi_wach/grf.rf/gntv_or_sync_fifo.gcx.clkx/rd_pntr_cdc_inst/src_gray_ff_reg[1]} {ddr_clock_converter_inst/inst/gen_clock_conv.gen_async_conv.asyncfifo_axi/inst_fifo_gen/gaxi_full_lite.gwrite_ch.gwach2.axi_wach/grf.rf/gntv_or_sync_fifo.gcx.clkx/rd_pntr_cdc_inst/src_gray_ff_reg[2]} {ddr_clock_converter_inst/inst/gen_clock_conv.gen_async_conv.asyncfifo_axi/inst_fifo_gen/gaxi_full_lite.gwrite_ch.gwach2.axi_wach/grf.rf/gntv_or_sync_fifo.gcx.clkx/rd_pntr_cdc_inst/src_gray_ff_reg[3]}]] -to [get_cells [list {ddr_clock_converter_inst/inst/gen_clock_conv.gen_async_conv.asyncfifo_axi/inst_fifo_gen/gaxi_full_lite.gwrite_ch.gwach2.axi_wach/grf.rf/gntv_or_sync_fifo.gcx.clkx/rd_pntr_cdc_inst/dest_graysync_ff_reg[0][0]} {ddr_clock_converter_inst/inst/gen_clock_conv.gen_async_conv.asyncfifo_axi/inst_fifo_gen/gaxi_full_lite.gwrite_ch.gwach2.axi_wach/grf.rf/gntv_or_sync_fifo.gcx.clkx/rd_pntr_cdc_inst/dest_graysync_ff_reg[0][1]} {ddr_clock_converter_inst/inst/gen_clock_conv.gen_async_conv.asyncfifo_axi/inst_fifo_gen/gaxi_full_lite.gwrite_ch.gwach2.axi_wach/grf.rf/gntv_or_sync_fifo.gcx.clkx/rd_pntr_cdc_inst/dest_graysync_ff_reg[0][2]} {ddr_clock_converter_inst/inst/gen_clock_conv.gen_async_conv.asyncfifo_axi/inst_fifo_gen/gaxi_full_lite.gwrite_ch.gwach2.axi_wach/grf.rf/gntv_or_sync_fifo.gcx.clkx/rd_pntr_cdc_inst/dest_graysync_ff_reg[0][3]}]] 5.000
Requirement: 5.000ns
Endpoints: 4

From Clock            To Clock              Endpoint Pin                    Reference Pin                   Corner  Actual(ns)  Slack(ns)
--------------------  --------------------  ------------------------------  ------------------------------  ------  ----------  ---------
clk_pll_i             soc_mmcm_clk_unbuf    ddr_clock_converter_inst/inst/gen_clock_conv.gen_async_conv.asyncfifo_axi/inst_fifo_gen/gaxi_full_lite.gwrite_ch.gwach2.axi_wach/grf.rf/gntv_or_sync_fifo.gcx.clkx/rd_pntr_cdc_inst/dest_graysync_ff_reg[0][1]/D
                                                                            ddr_clock_converter_inst/inst/gen_clock_conv.gen_async_conv.asyncfifo_axi/inst_fifo_gen/gaxi_full_lite.gwrite_ch.gwach2.axi_wach/grf.rf/gntv_or_sync_fifo.gcx.clkx/rd_pntr_cdc_inst/dest_graysync_ff_reg[0][2]/D
                                                                                                            Slow         0.408      4.592


Slack (MET) :             4.592ns  (requirement - actual skew)
  Endpoint Source:        <hidden>
                            (rising edge-triggered cell FDRE clocked by clk_pll_i)
  Endpoint Destination:   <hidden>
                            (rising edge-triggered cell FDRE clocked by soc_mmcm_clk_unbuf)
  Reference Source:       <hidden>
                            (rising edge-triggered cell FDRE clocked by clk_pll_i)
  Reference Destination:  <hidden>
                            (rising edge-triggered cell FDRE clocked by soc_mmcm_clk_unbuf)
  Path Type:              Bus Skew (Max at Slow Process Corner)
  Requirement:            5.000ns
  Endpoint Relative Delay:    0.768ns
  Reference Relative Delay:   0.068ns
  Relative CRPR:              0.292ns
  Actual Bus Skew:            0.408ns  (Endpoint Relative Delay - Reference Relative Delay - Relative CRPR)

Endpoint path:
    Location             Delay type                Incr(ns)  Path(ns)    Netlist Resource(s)
  -------------------------------------------------------------------    -------------------
                         (clock clk_pll_i rise edge)
                                                      0.000     0.000 r  
    E19                                               0.000     0.000 r  sys_clk_p (IN)
                         net (fo=0)                   0.000     0.000    mig_inst/u_vc707_mig_mig/u_ddr3_clk_ibuf/sys_clk_p
    E19                  IBUFDS (Prop_ibufds_I_O)     0.880     0.880 r  mig_inst/u_vc707_mig_mig/u_ddr3_clk_ibuf/diff_input_clk.u_ibufg_sys_clk/O
                         net (fo=3, routed)           1.098     1.978    mig_inst/u_vc707_mig_mig/u_ddr3_infrastructure/out
    PLLE2_ADV_X1Y5       PLLE2_ADV (Prop_plle2_adv_CLKIN1_CLKOUT3)
                                                      0.077     2.055 r  mig_inst/u_vc707_mig_mig/u_ddr3_infrastructure/plle2_i/CLKOUT3
                         net (fo=1, routed)           1.163     3.218    mig_inst/u_vc707_mig_mig/u_ddr3_infrastructure/pll_clk3_out
    BUFHCE_X1Y60         BUFH (Prop_bufh_I_O)         0.103     3.321 r  mig_inst/u_vc707_mig_mig/u_ddr3_infrastructure/u_bufh_pll_clk3/O
                         net (fo=1, routed)           0.804     4.125    mig_inst/u_vc707_mig_mig/u_ddr3_infrastructure/pll_clk3
    MMCME2_ADV_X1Y5      MMCME2_ADV (Prop_mmcme2_adv_CLKIN1_CLKFBOUT)
                                                     -3.373     0.752 r  mig_inst/u_vc707_mig_mig/u_ddr3_infrastructure/gen_ui_extra_clocks.mmcm_i/CLKFBOUT
                         net (fo=1, routed)           1.697     2.449    mig_inst/u_vc707_mig_mig/u_ddr3_infrastructure/clk_pll_i
    BUFGCTRL_X0Y16       BUFG (Prop_bufg_I_O)         0.093     2.542 r  mig_inst/u_vc707_mig_mig/u_ddr3_infrastructure/u_bufg_clkdiv0/O
                         net (fo=19598, routed)       1.441     3.983    <hidden>
    SLICE_X146Y284       FDRE                                         r  <hidden>
  -------------------------------------------------------------------    -------------------
    SLICE_X146Y284       FDRE (Prop_fdre_C_Q)         0.236     4.219 r  <hidden>
                         net (fo=1, routed)           0.305     4.523    <hidden>
    SLICE_X148Y284       FDRE                                         r  <hidden>
  -------------------------------------------------------------------    -------------------

                         (clock soc_mmcm_clk_unbuf rise edge)
                                                      0.000     0.000 r  
    E19                                               0.000     0.000 r  sys_clk_p (IN)
                         net (fo=0)                   0.000     0.000    mig_inst/u_vc707_mig_mig/u_ddr3_clk_ibuf/sys_clk_p
    E19                  IBUFDS (Prop_ibufds_I_O)     0.783     0.783 r  mig_inst/u_vc707_mig_mig/u_ddr3_clk_ibuf/diff_input_clk.u_ibufg_sys_clk/O
                         net (fo=3, routed)           1.001     1.784    mig_inst/u_vc707_mig_mig/u_ddr3_infrastructure/out
    PLLE2_ADV_X1Y5       PLLE2_ADV (Prop_plle2_adv_CLKIN1_CLKOUT3)
                                                      0.073     1.857 r  mig_inst/u_vc707_mig_mig/u_ddr3_infrastructure/plle2_i/CLKOUT3
                         net (fo=1, routed)           1.051     2.908    mig_inst/u_vc707_mig_mig/u_ddr3_infrastructure/pll_clk3_out
    BUFHCE_X1Y60         BUFH (Prop_bufh_I_O)         0.066     2.974 r  mig_inst/u_vc707_mig_mig/u_ddr3_infrastructure/u_bufh_pll_clk3/O
                         net (fo=1, routed)           0.735     3.709    mig_inst/u_vc707_mig_mig/u_ddr3_infrastructure/pll_clk3
    MMCME2_ADV_X1Y5      MMCME2_ADV (Prop_mmcme2_adv_CLKIN1_CLKFBOUT)
                                                     -3.040     0.669 r  mig_inst/u_vc707_mig_mig/u_ddr3_infrastructure/gen_ui_extra_clocks.mmcm_i/CLKFBOUT
                         net (fo=1, routed)           1.566     2.235    mig_inst/u_vc707_mig_mig/u_ddr3_infrastructure/clk_pll_i
    BUFGCTRL_X0Y16       BUFG (Prop_bufg_I_O)         0.083     2.318 r  mig_inst/u_vc707_mig_mig/u_ddr3_infrastructure/u_bufg_clkdiv0/O
                         net (fo=19598, routed)       1.791     4.109    ui_clk
    MMCME2_ADV_X1Y0      MMCME2_ADV (Prop_mmcme2_adv_CLKIN1_CLKOUT0)
                                                     -4.216    -0.107 r  soc_clock_mmcm_inst/CLKOUT0
                         net (fo=1, routed)           2.344     2.237    soc_mmcm_clk_unbuf
    BUFGCTRL_X0Y1        BUFG (Prop_bufg_I_O)         0.083     2.320 r  soc_clock_bufg_inst/O
                         net (fo=45272, routed)       1.276     3.596    <hidden>
    SLICE_X148Y284       FDRE                                         r  <hidden>
                         clock pessimism              0.224     3.820    
    SLICE_X148Y284       FDRE (Setup_fdre_C_D)       -0.064     3.756    <hidden>
  -------------------------------------------------------------------
                         data arrival                           4.523    
                         clock arrival                          3.756    
  -------------------------------------------------------------------
                         relative delay                         0.768    

Reference path:
    Location             Delay type                Incr(ns)  Path(ns)    Netlist Resource(s)
  -------------------------------------------------------------------    -------------------
                         (clock clk_pll_i rise edge)
                                                      0.000     0.000 r  
    E19                                               0.000     0.000 r  sys_clk_p (IN)
                         net (fo=0)                   0.000     0.000    mig_inst/u_vc707_mig_mig/u_ddr3_clk_ibuf/sys_clk_p
    E19                  IBUFDS (Prop_ibufds_I_O)     0.783     0.783 r  mig_inst/u_vc707_mig_mig/u_ddr3_clk_ibuf/diff_input_clk.u_ibufg_sys_clk/O
                         net (fo=3, routed)           1.001     1.784    mig_inst/u_vc707_mig_mig/u_ddr3_infrastructure/out
    PLLE2_ADV_X1Y5       PLLE2_ADV (Prop_plle2_adv_CLKIN1_CLKOUT3)
                                                      0.073     1.857 r  mig_inst/u_vc707_mig_mig/u_ddr3_infrastructure/plle2_i/CLKOUT3
                         net (fo=1, routed)           1.051     2.908    mig_inst/u_vc707_mig_mig/u_ddr3_infrastructure/pll_clk3_out
    BUFHCE_X1Y60         BUFH (Prop_bufh_I_O)         0.066     2.974 r  mig_inst/u_vc707_mig_mig/u_ddr3_infrastructure/u_bufh_pll_clk3/O
                         net (fo=1, routed)           0.735     3.709    mig_inst/u_vc707_mig_mig/u_ddr3_infrastructure/pll_clk3
    MMCME2_ADV_X1Y5      MMCME2_ADV (Prop_mmcme2_adv_CLKIN1_CLKFBOUT)
                                                     -3.040     0.669 r  mig_inst/u_vc707_mig_mig/u_ddr3_infrastructure/gen_ui_extra_clocks.mmcm_i/CLKFBOUT
                         net (fo=1, routed)           1.566     2.235    mig_inst/u_vc707_mig_mig/u_ddr3_infrastructure/clk_pll_i
    BUFGCTRL_X0Y16       BUFG (Prop_bufg_I_O)         0.083     2.318 r  mig_inst/u_vc707_mig_mig/u_ddr3_infrastructure/u_bufg_clkdiv0/O
                         net (fo=19598, routed)       1.272     3.590    <hidden>
    SLICE_X146Y284       FDRE                                         r  <hidden>
  -------------------------------------------------------------------    -------------------
    SLICE_X146Y284       FDRE (Prop_fdre_C_Q)         0.206     3.796 r  <hidden>
                         net (fo=1, routed)           0.151     3.947    <hidden>
    SLICE_X147Y283       FDRE                                         r  <hidden>
  -------------------------------------------------------------------    -------------------

                         (clock soc_mmcm_clk_unbuf rise edge)
                                                      0.000     0.000 r  
    E19                                               0.000     0.000 r  sys_clk_p (IN)
                         net (fo=0)                   0.000     0.000    mig_inst/u_vc707_mig_mig/u_ddr3_clk_ibuf/sys_clk_p
    E19                  IBUFDS (Prop_ibufds_I_O)     0.880     0.880 r  mig_inst/u_vc707_mig_mig/u_ddr3_clk_ibuf/diff_input_clk.u_ibufg_sys_clk/O
                         net (fo=3, routed)           1.098     1.978    mig_inst/u_vc707_mig_mig/u_ddr3_infrastructure/out
    PLLE2_ADV_X1Y5       PLLE2_ADV (Prop_plle2_adv_CLKIN1_CLKOUT3)
                                                      0.077     2.055 r  mig_inst/u_vc707_mig_mig/u_ddr3_infrastructure/plle2_i/CLKOUT3
                         net (fo=1, routed)           1.163     3.218    mig_inst/u_vc707_mig_mig/u_ddr3_infrastructure/pll_clk3_out
    BUFHCE_X1Y60         BUFH (Prop_bufh_I_O)         0.103     3.321 r  mig_inst/u_vc707_mig_mig/u_ddr3_infrastructure/u_bufh_pll_clk3/O
                         net (fo=1, routed)           0.804     4.125    mig_inst/u_vc707_mig_mig/u_ddr3_infrastructure/pll_clk3
    MMCME2_ADV_X1Y5      MMCME2_ADV (Prop_mmcme2_adv_CLKIN1_CLKFBOUT)
                                                     -3.373     0.752 r  mig_inst/u_vc707_mig_mig/u_ddr3_infrastructure/gen_ui_extra_clocks.mmcm_i/CLKFBOUT
                         net (fo=1, routed)           1.697     2.449    mig_inst/u_vc707_mig_mig/u_ddr3_infrastructure/clk_pll_i
    BUFGCTRL_X0Y16       BUFG (Prop_bufg_I_O)         0.093     2.542 r  mig_inst/u_vc707_mig_mig/u_ddr3_infrastructure/u_bufg_clkdiv0/O
                         net (fo=19598, routed)       1.952     4.494    ui_clk
    MMCME2_ADV_X1Y0      MMCME2_ADV (Prop_mmcme2_adv_CLKIN1_CLKOUT0)
                                                     -4.520    -0.026 r  soc_clock_mmcm_inst/CLKOUT0
                         net (fo=1, routed)           2.477     2.451    soc_mmcm_clk_unbuf
    BUFGCTRL_X0Y1        BUFG (Prop_bufg_I_O)         0.093     2.544 r  soc_clock_bufg_inst/O
                         net (fo=45272, routed)       1.442     3.986    <hidden>
    SLICE_X147Y283       FDRE                                         r  <hidden>
                         clock pessimism             -0.224     3.762    
    SLICE_X147Y283       FDRE (Hold_fdre_C_D)         0.117     3.879    <hidden>
  -------------------------------------------------------------------
                         data arrival                           3.947    
                         clock arrival                          3.879    
  -------------------------------------------------------------------
                         relative delay                         0.068    



Id: 8
set_bus_skew -from [get_cells [list {ddr_clock_converter_inst/inst/gen_clock_conv.gen_async_conv.asyncfifo_axi/inst_fifo_gen/gaxi_full_lite.gwrite_ch.gwdch2.axi_wdch/grf.rf/gntv_or_sync_fifo.gcx.clkx/wr_pntr_cdc_inst/src_gray_ff_reg[0]} {ddr_clock_converter_inst/inst/gen_clock_conv.gen_async_conv.asyncfifo_axi/inst_fifo_gen/gaxi_full_lite.gwrite_ch.gwdch2.axi_wdch/grf.rf/gntv_or_sync_fifo.gcx.clkx/wr_pntr_cdc_inst/src_gray_ff_reg[1]} {ddr_clock_converter_inst/inst/gen_clock_conv.gen_async_conv.asyncfifo_axi/inst_fifo_gen/gaxi_full_lite.gwrite_ch.gwdch2.axi_wdch/grf.rf/gntv_or_sync_fifo.gcx.clkx/wr_pntr_cdc_inst/src_gray_ff_reg[2]} {ddr_clock_converter_inst/inst/gen_clock_conv.gen_async_conv.asyncfifo_axi/inst_fifo_gen/gaxi_full_lite.gwrite_ch.gwdch2.axi_wdch/grf.rf/gntv_or_sync_fifo.gcx.clkx/wr_pntr_cdc_inst/src_gray_ff_reg[3]}]] -to [get_cells [list {ddr_clock_converter_inst/inst/gen_clock_conv.gen_async_conv.asyncfifo_axi/inst_fifo_gen/gaxi_full_lite.gwrite_ch.gwdch2.axi_wdch/grf.rf/gntv_or_sync_fifo.gcx.clkx/wr_pntr_cdc_inst/dest_graysync_ff_reg[0][0]} {ddr_clock_converter_inst/inst/gen_clock_conv.gen_async_conv.asyncfifo_axi/inst_fifo_gen/gaxi_full_lite.gwrite_ch.gwdch2.axi_wdch/grf.rf/gntv_or_sync_fifo.gcx.clkx/wr_pntr_cdc_inst/dest_graysync_ff_reg[0][1]} {ddr_clock_converter_inst/inst/gen_clock_conv.gen_async_conv.asyncfifo_axi/inst_fifo_gen/gaxi_full_lite.gwrite_ch.gwdch2.axi_wdch/grf.rf/gntv_or_sync_fifo.gcx.clkx/wr_pntr_cdc_inst/dest_graysync_ff_reg[0][2]} {ddr_clock_converter_inst/inst/gen_clock_conv.gen_async_conv.asyncfifo_axi/inst_fifo_gen/gaxi_full_lite.gwrite_ch.gwdch2.axi_wdch/grf.rf/gntv_or_sync_fifo.gcx.clkx/wr_pntr_cdc_inst/dest_graysync_ff_reg[0][3]}]] 5.000
Requirement: 5.000ns
Endpoints: 4

From Clock            To Clock              Endpoint Pin                    Reference Pin                   Corner  Actual(ns)  Slack(ns)
--------------------  --------------------  ------------------------------  ------------------------------  ------  ----------  ---------
soc_mmcm_clk_unbuf    clk_pll_i             ddr_clock_converter_inst/inst/gen_clock_conv.gen_async_conv.asyncfifo_axi/inst_fifo_gen/gaxi_full_lite.gwrite_ch.gwdch2.axi_wdch/grf.rf/gntv_or_sync_fifo.gcx.clkx/wr_pntr_cdc_inst/dest_graysync_ff_reg[0][2]/D
                                                                            ddr_clock_converter_inst/inst/gen_clock_conv.gen_async_conv.asyncfifo_axi/inst_fifo_gen/gaxi_full_lite.gwrite_ch.gwdch2.axi_wdch/grf.rf/gntv_or_sync_fifo.gcx.clkx/wr_pntr_cdc_inst/dest_graysync_ff_reg[0][3]/D
                                                                                                            Slow         0.389      4.611


Slack (MET) :             4.611ns  (requirement - actual skew)
  Endpoint Source:        <hidden>
                            (rising edge-triggered cell FDRE clocked by soc_mmcm_clk_unbuf)
  Endpoint Destination:   <hidden>
                            (rising edge-triggered cell FDRE clocked by clk_pll_i)
  Reference Source:       <hidden>
                            (rising edge-triggered cell FDRE clocked by soc_mmcm_clk_unbuf)
  Reference Destination:  <hidden>
                            (rising edge-triggered cell FDRE clocked by clk_pll_i)
  Path Type:              Bus Skew (Max at Slow Process Corner)
  Requirement:            5.000ns
  Endpoint Relative Delay:    0.785ns
  Reference Relative Delay:   0.102ns
  Relative CRPR:              0.294ns
  Actual Bus Skew:            0.389ns  (Endpoint Relative Delay - Reference Relative Delay - Relative CRPR)

Endpoint path:
    Location             Delay type                Incr(ns)  Path(ns)    Netlist Resource(s)
  -------------------------------------------------------------------    -------------------
                         (clock soc_mmcm_clk_unbuf rise edge)
                                                      0.000     0.000 r  
    E19                                               0.000     0.000 r  sys_clk_p (IN)
                         net (fo=0)                   0.000     0.000    mig_inst/u_vc707_mig_mig/u_ddr3_clk_ibuf/sys_clk_p
    E19                  IBUFDS (Prop_ibufds_I_O)     0.880     0.880 r  mig_inst/u_vc707_mig_mig/u_ddr3_clk_ibuf/diff_input_clk.u_ibufg_sys_clk/O
                         net (fo=3, routed)           1.098     1.978    mig_inst/u_vc707_mig_mig/u_ddr3_infrastructure/out
    PLLE2_ADV_X1Y5       PLLE2_ADV (Prop_plle2_adv_CLKIN1_CLKOUT3)
                                                      0.077     2.055 r  mig_inst/u_vc707_mig_mig/u_ddr3_infrastructure/plle2_i/CLKOUT3
                         net (fo=1, routed)           1.163     3.218    mig_inst/u_vc707_mig_mig/u_ddr3_infrastructure/pll_clk3_out
    BUFHCE_X1Y60         BUFH (Prop_bufh_I_O)         0.103     3.321 r  mig_inst/u_vc707_mig_mig/u_ddr3_infrastructure/u_bufh_pll_clk3/O
                         net (fo=1, routed)           0.804     4.125    mig_inst/u_vc707_mig_mig/u_ddr3_infrastructure/pll_clk3
    MMCME2_ADV_X1Y5      MMCME2_ADV (Prop_mmcme2_adv_CLKIN1_CLKFBOUT)
                                                     -3.373     0.752 r  mig_inst/u_vc707_mig_mig/u_ddr3_infrastructure/gen_ui_extra_clocks.mmcm_i/CLKFBOUT
                         net (fo=1, routed)           1.697     2.449    mig_inst/u_vc707_mig_mig/u_ddr3_infrastructure/clk_pll_i
    BUFGCTRL_X0Y16       BUFG (Prop_bufg_I_O)         0.093     2.542 r  mig_inst/u_vc707_mig_mig/u_ddr3_infrastructure/u_bufg_clkdiv0/O
                         net (fo=19598, routed)       1.952     4.494    ui_clk
    MMCME2_ADV_X1Y0      MMCME2_ADV (Prop_mmcme2_adv_CLKIN1_CLKOUT0)
                                                     -4.520    -0.026 r  soc_clock_mmcm_inst/CLKOUT0
                         net (fo=1, routed)           2.477     2.451    soc_mmcm_clk_unbuf
    BUFGCTRL_X0Y1        BUFG (Prop_bufg_I_O)         0.093     2.544 r  soc_clock_bufg_inst/O
                         net (fo=45272, routed)       1.586     4.130    <hidden>
    SLICE_X186Y265       FDRE                                         r  <hidden>
  -------------------------------------------------------------------    -------------------
    SLICE_X186Y265       FDRE (Prop_fdre_C_Q)         0.259     4.389 r  <hidden>
                         net (fo=1, routed)           0.371     4.759    <hidden>
    SLICE_X188Y267       FDRE                                         r  <hidden>
  -------------------------------------------------------------------    -------------------

                         (clock clk_pll_i rise edge)
                                                      0.000     0.000 r  
    E19                                               0.000     0.000 r  sys_clk_p (IN)
                         net (fo=0)                   0.000     0.000    mig_inst/u_vc707_mig_mig/u_ddr3_clk_ibuf/sys_clk_p
    E19                  IBUFDS (Prop_ibufds_I_O)     0.783     0.783 r  mig_inst/u_vc707_mig_mig/u_ddr3_clk_ibuf/diff_input_clk.u_ibufg_sys_clk/O
                         net (fo=3, routed)           1.001     1.784    mig_inst/u_vc707_mig_mig/u_ddr3_infrastructure/out
    PLLE2_ADV_X1Y5       PLLE2_ADV (Prop_plle2_adv_CLKIN1_CLKOUT3)
                                                      0.073     1.857 r  mig_inst/u_vc707_mig_mig/u_ddr3_infrastructure/plle2_i/CLKOUT3
                         net (fo=1, routed)           1.051     2.908    mig_inst/u_vc707_mig_mig/u_ddr3_infrastructure/pll_clk3_out
    BUFHCE_X1Y60         BUFH (Prop_bufh_I_O)         0.066     2.974 r  mig_inst/u_vc707_mig_mig/u_ddr3_infrastructure/u_bufh_pll_clk3/O
                         net (fo=1, routed)           0.735     3.709    mig_inst/u_vc707_mig_mig/u_ddr3_infrastructure/pll_clk3
    MMCME2_ADV_X1Y5      MMCME2_ADV (Prop_mmcme2_adv_CLKIN1_CLKFBOUT)
                                                     -3.040     0.669 r  mig_inst/u_vc707_mig_mig/u_ddr3_infrastructure/gen_ui_extra_clocks.mmcm_i/CLKFBOUT
                         net (fo=1, routed)           1.566     2.235    mig_inst/u_vc707_mig_mig/u_ddr3_infrastructure/clk_pll_i
    BUFGCTRL_X0Y16       BUFG (Prop_bufg_I_O)         0.083     2.318 r  mig_inst/u_vc707_mig_mig/u_ddr3_infrastructure/u_bufg_clkdiv0/O
                         net (fo=19598, routed)       1.412     3.730    <hidden>
    SLICE_X188Y267       FDRE                                         r  <hidden>
                         clock pessimism              0.224     3.954    
    SLICE_X188Y267       FDRE (Setup_fdre_C_D)        0.021     3.975    <hidden>
  -------------------------------------------------------------------
                         data arrival                           4.759    
                         clock arrival                          3.975    
  -------------------------------------------------------------------
                         relative delay                         0.785    

Reference path:
    Location             Delay type                Incr(ns)  Path(ns)    Netlist Resource(s)
  -------------------------------------------------------------------    -------------------
                         (clock soc_mmcm_clk_unbuf rise edge)
                                                      0.000     0.000 r  
    E19                                               0.000     0.000 r  sys_clk_p (IN)
                         net (fo=0)                   0.000     0.000    mig_inst/u_vc707_mig_mig/u_ddr3_clk_ibuf/sys_clk_p
    E19                  IBUFDS (Prop_ibufds_I_O)     0.783     0.783 r  mig_inst/u_vc707_mig_mig/u_ddr3_clk_ibuf/diff_input_clk.u_ibufg_sys_clk/O
                         net (fo=3, routed)           1.001     1.784    mig_inst/u_vc707_mig_mig/u_ddr3_infrastructure/out
    PLLE2_ADV_X1Y5       PLLE2_ADV (Prop_plle2_adv_CLKIN1_CLKOUT3)
                                                      0.073     1.857 r  mig_inst/u_vc707_mig_mig/u_ddr3_infrastructure/plle2_i/CLKOUT3
                         net (fo=1, routed)           1.051     2.908    mig_inst/u_vc707_mig_mig/u_ddr3_infrastructure/pll_clk3_out
    BUFHCE_X1Y60         BUFH (Prop_bufh_I_O)         0.066     2.974 r  mig_inst/u_vc707_mig_mig/u_ddr3_infrastructure/u_bufh_pll_clk3/O
                         net (fo=1, routed)           0.735     3.709    mig_inst/u_vc707_mig_mig/u_ddr3_infrastructure/pll_clk3
    MMCME2_ADV_X1Y5      MMCME2_ADV (Prop_mmcme2_adv_CLKIN1_CLKFBOUT)
                                                     -3.040     0.669 r  mig_inst/u_vc707_mig_mig/u_ddr3_infrastructure/gen_ui_extra_clocks.mmcm_i/CLKFBOUT
                         net (fo=1, routed)           1.566     2.235    mig_inst/u_vc707_mig_mig/u_ddr3_infrastructure/clk_pll_i
    BUFGCTRL_X0Y16       BUFG (Prop_bufg_I_O)         0.083     2.318 r  mig_inst/u_vc707_mig_mig/u_ddr3_infrastructure/u_bufg_clkdiv0/O
                         net (fo=19598, routed)       1.791     4.109    ui_clk
    MMCME2_ADV_X1Y0      MMCME2_ADV (Prop_mmcme2_adv_CLKIN1_CLKOUT0)
                                                     -4.216    -0.107 r  soc_clock_mmcm_inst/CLKOUT0
                         net (fo=1, routed)           2.344     2.237    soc_mmcm_clk_unbuf
    BUFGCTRL_X0Y1        BUFG (Prop_bufg_I_O)         0.083     2.320 r  soc_clock_bufg_inst/O
                         net (fo=45272, routed)       1.415     3.735    <hidden>
    SLICE_X186Y265       FDRE                                         r  <hidden>
  -------------------------------------------------------------------    -------------------
    SLICE_X186Y265       FDRE (Prop_fdre_C_Q)         0.189     3.924 r  <hidden>
                         net (fo=1, routed)           0.166     4.090    <hidden>
    SLICE_X186Y267       FDRE                                         r  <hidden>
  -------------------------------------------------------------------    -------------------

                         (clock clk_pll_i rise edge)
                                                      0.000     0.000 r  
    E19                                               0.000     0.000 r  sys_clk_p (IN)
                         net (fo=0)                   0.000     0.000    mig_inst/u_vc707_mig_mig/u_ddr3_clk_ibuf/sys_clk_p
    E19                  IBUFDS (Prop_ibufds_I_O)     0.880     0.880 r  mig_inst/u_vc707_mig_mig/u_ddr3_clk_ibuf/diff_input_clk.u_ibufg_sys_clk/O
                         net (fo=3, routed)           1.098     1.978    mig_inst/u_vc707_mig_mig/u_ddr3_infrastructure/out
    PLLE2_ADV_X1Y5       PLLE2_ADV (Prop_plle2_adv_CLKIN1_CLKOUT3)
                                                      0.077     2.055 r  mig_inst/u_vc707_mig_mig/u_ddr3_infrastructure/plle2_i/CLKOUT3
                         net (fo=1, routed)           1.163     3.218    mig_inst/u_vc707_mig_mig/u_ddr3_infrastructure/pll_clk3_out
    BUFHCE_X1Y60         BUFH (Prop_bufh_I_O)         0.103     3.321 r  mig_inst/u_vc707_mig_mig/u_ddr3_infrastructure/u_bufh_pll_clk3/O
                         net (fo=1, routed)           0.804     4.125    mig_inst/u_vc707_mig_mig/u_ddr3_infrastructure/pll_clk3
    MMCME2_ADV_X1Y5      MMCME2_ADV (Prop_mmcme2_adv_CLKIN1_CLKFBOUT)
                                                     -3.373     0.752 r  mig_inst/u_vc707_mig_mig/u_ddr3_infrastructure/gen_ui_extra_clocks.mmcm_i/CLKFBOUT
                         net (fo=1, routed)           1.697     2.449    mig_inst/u_vc707_mig_mig/u_ddr3_infrastructure/clk_pll_i
    BUFGCTRL_X0Y16       BUFG (Prop_bufg_I_O)         0.093     2.542 r  mig_inst/u_vc707_mig_mig/u_ddr3_infrastructure/u_bufg_clkdiv0/O
                         net (fo=19598, routed)       1.582     4.124    <hidden>
    SLICE_X186Y267       FDRE                                         r  <hidden>
                         clock pessimism             -0.224     3.900    
    SLICE_X186Y267       FDRE (Hold_fdre_C_D)         0.088     3.988    <hidden>
  -------------------------------------------------------------------
                         data arrival                           4.090    
                         clock arrival                          3.988    
  -------------------------------------------------------------------
                         relative delay                         0.102    



Id: 9
set_bus_skew -from [get_cells [list {ddr_clock_converter_inst/inst/gen_clock_conv.gen_async_conv.asyncfifo_axi/inst_fifo_gen/gaxi_full_lite.gwrite_ch.gwdch2.axi_wdch/grf.rf/gntv_or_sync_fifo.gcx.clkx/rd_pntr_cdc_inst/src_gray_ff_reg[0]} {ddr_clock_converter_inst/inst/gen_clock_conv.gen_async_conv.asyncfifo_axi/inst_fifo_gen/gaxi_full_lite.gwrite_ch.gwdch2.axi_wdch/grf.rf/gntv_or_sync_fifo.gcx.clkx/rd_pntr_cdc_inst/src_gray_ff_reg[1]} {ddr_clock_converter_inst/inst/gen_clock_conv.gen_async_conv.asyncfifo_axi/inst_fifo_gen/gaxi_full_lite.gwrite_ch.gwdch2.axi_wdch/grf.rf/gntv_or_sync_fifo.gcx.clkx/rd_pntr_cdc_inst/src_gray_ff_reg[2]} {ddr_clock_converter_inst/inst/gen_clock_conv.gen_async_conv.asyncfifo_axi/inst_fifo_gen/gaxi_full_lite.gwrite_ch.gwdch2.axi_wdch/grf.rf/gntv_or_sync_fifo.gcx.clkx/rd_pntr_cdc_inst/src_gray_ff_reg[3]}]] -to [get_cells [list {ddr_clock_converter_inst/inst/gen_clock_conv.gen_async_conv.asyncfifo_axi/inst_fifo_gen/gaxi_full_lite.gwrite_ch.gwdch2.axi_wdch/grf.rf/gntv_or_sync_fifo.gcx.clkx/rd_pntr_cdc_inst/dest_graysync_ff_reg[0][0]} {ddr_clock_converter_inst/inst/gen_clock_conv.gen_async_conv.asyncfifo_axi/inst_fifo_gen/gaxi_full_lite.gwrite_ch.gwdch2.axi_wdch/grf.rf/gntv_or_sync_fifo.gcx.clkx/rd_pntr_cdc_inst/dest_graysync_ff_reg[0][1]} {ddr_clock_converter_inst/inst/gen_clock_conv.gen_async_conv.asyncfifo_axi/inst_fifo_gen/gaxi_full_lite.gwrite_ch.gwdch2.axi_wdch/grf.rf/gntv_or_sync_fifo.gcx.clkx/rd_pntr_cdc_inst/dest_graysync_ff_reg[0][2]} {ddr_clock_converter_inst/inst/gen_clock_conv.gen_async_conv.asyncfifo_axi/inst_fifo_gen/gaxi_full_lite.gwrite_ch.gwdch2.axi_wdch/grf.rf/gntv_or_sync_fifo.gcx.clkx/rd_pntr_cdc_inst/dest_graysync_ff_reg[0][3]}]] 5.000
Requirement: 5.000ns
Endpoints: 4

From Clock            To Clock              Endpoint Pin                    Reference Pin                   Corner  Actual(ns)  Slack(ns)
--------------------  --------------------  ------------------------------  ------------------------------  ------  ----------  ---------
clk_pll_i             soc_mmcm_clk_unbuf    ddr_clock_converter_inst/inst/gen_clock_conv.gen_async_conv.asyncfifo_axi/inst_fifo_gen/gaxi_full_lite.gwrite_ch.gwdch2.axi_wdch/grf.rf/gntv_or_sync_fifo.gcx.clkx/rd_pntr_cdc_inst/dest_graysync_ff_reg[0][1]/D
                                                                            ddr_clock_converter_inst/inst/gen_clock_conv.gen_async_conv.asyncfifo_axi/inst_fifo_gen/gaxi_full_lite.gwrite_ch.gwdch2.axi_wdch/grf.rf/gntv_or_sync_fifo.gcx.clkx/rd_pntr_cdc_inst/dest_graysync_ff_reg[0][0]/D
                                                                                                            Slow         0.507      4.493


Slack (MET) :             4.493ns  (requirement - actual skew)
  Endpoint Source:        <hidden>
                            (rising edge-triggered cell FDRE clocked by clk_pll_i)
  Endpoint Destination:   <hidden>
                            (rising edge-triggered cell FDRE clocked by soc_mmcm_clk_unbuf)
  Reference Source:       <hidden>
                            (rising edge-triggered cell FDRE clocked by clk_pll_i)
  Reference Destination:  <hidden>
                            (rising edge-triggered cell FDRE clocked by soc_mmcm_clk_unbuf)
  Path Type:              Bus Skew (Max at Slow Process Corner)
  Requirement:            5.000ns
  Endpoint Relative Delay:    0.812ns
  Reference Relative Delay:   0.011ns
  Relative CRPR:              0.294ns
  Actual Bus Skew:            0.507ns  (Endpoint Relative Delay - Reference Relative Delay - Relative CRPR)

Endpoint path:
    Location             Delay type                Incr(ns)  Path(ns)    Netlist Resource(s)
  -------------------------------------------------------------------    -------------------
                         (clock clk_pll_i rise edge)
                                                      0.000     0.000 r  
    E19                                               0.000     0.000 r  sys_clk_p (IN)
                         net (fo=0)                   0.000     0.000    mig_inst/u_vc707_mig_mig/u_ddr3_clk_ibuf/sys_clk_p
    E19                  IBUFDS (Prop_ibufds_I_O)     0.880     0.880 r  mig_inst/u_vc707_mig_mig/u_ddr3_clk_ibuf/diff_input_clk.u_ibufg_sys_clk/O
                         net (fo=3, routed)           1.098     1.978    mig_inst/u_vc707_mig_mig/u_ddr3_infrastructure/out
    PLLE2_ADV_X1Y5       PLLE2_ADV (Prop_plle2_adv_CLKIN1_CLKOUT3)
                                                      0.077     2.055 r  mig_inst/u_vc707_mig_mig/u_ddr3_infrastructure/plle2_i/CLKOUT3
                         net (fo=1, routed)           1.163     3.218    mig_inst/u_vc707_mig_mig/u_ddr3_infrastructure/pll_clk3_out
    BUFHCE_X1Y60         BUFH (Prop_bufh_I_O)         0.103     3.321 r  mig_inst/u_vc707_mig_mig/u_ddr3_infrastructure/u_bufh_pll_clk3/O
                         net (fo=1, routed)           0.804     4.125    mig_inst/u_vc707_mig_mig/u_ddr3_infrastructure/pll_clk3
    MMCME2_ADV_X1Y5      MMCME2_ADV (Prop_mmcme2_adv_CLKIN1_CLKFBOUT)
                                                     -3.373     0.752 r  mig_inst/u_vc707_mig_mig/u_ddr3_infrastructure/gen_ui_extra_clocks.mmcm_i/CLKFBOUT
                         net (fo=1, routed)           1.697     2.449    mig_inst/u_vc707_mig_mig/u_ddr3_infrastructure/clk_pll_i
    BUFGCTRL_X0Y16       BUFG (Prop_bufg_I_O)         0.093     2.542 r  mig_inst/u_vc707_mig_mig/u_ddr3_infrastructure/u_bufg_clkdiv0/O
                         net (fo=19598, routed)       1.578     4.120    <hidden>
    SLICE_X183Y267       FDRE                                         r  <hidden>
  -------------------------------------------------------------------    -------------------
    SLICE_X183Y267       FDRE (Prop_fdre_C_Q)         0.204     4.324 r  <hidden>
                         net (fo=1, routed)           0.386     4.710    <hidden>
    SLICE_X186Y264       FDRE                                         r  <hidden>
  -------------------------------------------------------------------    -------------------

                         (clock soc_mmcm_clk_unbuf rise edge)
                                                      0.000     0.000 r  
    E19                                               0.000     0.000 r  sys_clk_p (IN)
                         net (fo=0)                   0.000     0.000    mig_inst/u_vc707_mig_mig/u_ddr3_clk_ibuf/sys_clk_p
    E19                  IBUFDS (Prop_ibufds_I_O)     0.783     0.783 r  mig_inst/u_vc707_mig_mig/u_ddr3_clk_ibuf/diff_input_clk.u_ibufg_sys_clk/O
                         net (fo=3, routed)           1.001     1.784    mig_inst/u_vc707_mig_mig/u_ddr3_infrastructure/out
    PLLE2_ADV_X1Y5       PLLE2_ADV (Prop_plle2_adv_CLKIN1_CLKOUT3)
                                                      0.073     1.857 r  mig_inst/u_vc707_mig_mig/u_ddr3_infrastructure/plle2_i/CLKOUT3
                         net (fo=1, routed)           1.051     2.908    mig_inst/u_vc707_mig_mig/u_ddr3_infrastructure/pll_clk3_out
    BUFHCE_X1Y60         BUFH (Prop_bufh_I_O)         0.066     2.974 r  mig_inst/u_vc707_mig_mig/u_ddr3_infrastructure/u_bufh_pll_clk3/O
                         net (fo=1, routed)           0.735     3.709    mig_inst/u_vc707_mig_mig/u_ddr3_infrastructure/pll_clk3
    MMCME2_ADV_X1Y5      MMCME2_ADV (Prop_mmcme2_adv_CLKIN1_CLKFBOUT)
                                                     -3.040     0.669 r  mig_inst/u_vc707_mig_mig/u_ddr3_infrastructure/gen_ui_extra_clocks.mmcm_i/CLKFBOUT
                         net (fo=1, routed)           1.566     2.235    mig_inst/u_vc707_mig_mig/u_ddr3_infrastructure/clk_pll_i
    BUFGCTRL_X0Y16       BUFG (Prop_bufg_I_O)         0.083     2.318 r  mig_inst/u_vc707_mig_mig/u_ddr3_infrastructure/u_bufg_clkdiv0/O
                         net (fo=19598, routed)       1.791     4.109    ui_clk
    MMCME2_ADV_X1Y0      MMCME2_ADV (Prop_mmcme2_adv_CLKIN1_CLKOUT0)
                                                     -4.216    -0.107 r  soc_clock_mmcm_inst/CLKOUT0
                         net (fo=1, routed)           2.344     2.237    soc_mmcm_clk_unbuf
    BUFGCTRL_X0Y1        BUFG (Prop_bufg_I_O)         0.083     2.320 r  soc_clock_bufg_inst/O
                         net (fo=45272, routed)       1.416     3.736    <hidden>
    SLICE_X186Y264       FDRE                                         r  <hidden>
                         clock pessimism              0.224     3.960    
    SLICE_X186Y264       FDRE (Setup_fdre_C_D)       -0.062     3.898    <hidden>
  -------------------------------------------------------------------
                         data arrival                           4.710    
                         clock arrival                          3.898    
  -------------------------------------------------------------------
                         relative delay                         0.812    

Reference path:
    Location             Delay type                Incr(ns)  Path(ns)    Netlist Resource(s)
  -------------------------------------------------------------------    -------------------
                         (clock clk_pll_i rise edge)
                                                      0.000     0.000 r  
    E19                                               0.000     0.000 r  sys_clk_p (IN)
                         net (fo=0)                   0.000     0.000    mig_inst/u_vc707_mig_mig/u_ddr3_clk_ibuf/sys_clk_p
    E19                  IBUFDS (Prop_ibufds_I_O)     0.783     0.783 r  mig_inst/u_vc707_mig_mig/u_ddr3_clk_ibuf/diff_input_clk.u_ibufg_sys_clk/O
                         net (fo=3, routed)           1.001     1.784    mig_inst/u_vc707_mig_mig/u_ddr3_infrastructure/out
    PLLE2_ADV_X1Y5       PLLE2_ADV (Prop_plle2_adv_CLKIN1_CLKOUT3)
                                                      0.073     1.857 r  mig_inst/u_vc707_mig_mig/u_ddr3_infrastructure/plle2_i/CLKOUT3
                         net (fo=1, routed)           1.051     2.908    mig_inst/u_vc707_mig_mig/u_ddr3_infrastructure/pll_clk3_out
    BUFHCE_X1Y60         BUFH (Prop_bufh_I_O)         0.066     2.974 r  mig_inst/u_vc707_mig_mig/u_ddr3_infrastructure/u_bufh_pll_clk3/O
                         net (fo=1, routed)           0.735     3.709    mig_inst/u_vc707_mig_mig/u_ddr3_infrastructure/pll_clk3
    MMCME2_ADV_X1Y5      MMCME2_ADV (Prop_mmcme2_adv_CLKIN1_CLKFBOUT)
                                                     -3.040     0.669 r  mig_inst/u_vc707_mig_mig/u_ddr3_infrastructure/gen_ui_extra_clocks.mmcm_i/CLKFBOUT
                         net (fo=1, routed)           1.566     2.235    mig_inst/u_vc707_mig_mig/u_ddr3_infrastructure/clk_pll_i
    BUFGCTRL_X0Y16       BUFG (Prop_bufg_I_O)         0.083     2.318 r  mig_inst/u_vc707_mig_mig/u_ddr3_infrastructure/u_bufg_clkdiv0/O
                         net (fo=19598, routed)       1.407     3.725    <hidden>
    SLICE_X183Y267       FDRE                                         r  <hidden>
  -------------------------------------------------------------------    -------------------
    SLICE_X183Y267       FDRE (Prop_fdre_C_Q)         0.178     3.903 r  <hidden>
                         net (fo=1, routed)           0.160     4.063    <hidden>
    SLICE_X184Y267       FDRE                                         r  <hidden>
  -------------------------------------------------------------------    -------------------

                         (clock soc_mmcm_clk_unbuf rise edge)
                                                      0.000     0.000 r  
    E19                                               0.000     0.000 r  sys_clk_p (IN)
                         net (fo=0)                   0.000     0.000    mig_inst/u_vc707_mig_mig/u_ddr3_clk_ibuf/sys_clk_p
    E19                  IBUFDS (Prop_ibufds_I_O)     0.880     0.880 r  mig_inst/u_vc707_mig_mig/u_ddr3_clk_ibuf/diff_input_clk.u_ibufg_sys_clk/O
                         net (fo=3, routed)           1.098     1.978    mig_inst/u_vc707_mig_mig/u_ddr3_infrastructure/out
    PLLE2_ADV_X1Y5       PLLE2_ADV (Prop_plle2_adv_CLKIN1_CLKOUT3)
                                                      0.077     2.055 r  mig_inst/u_vc707_mig_mig/u_ddr3_infrastructure/plle2_i/CLKOUT3
                         net (fo=1, routed)           1.163     3.218    mig_inst/u_vc707_mig_mig/u_ddr3_infrastructure/pll_clk3_out
    BUFHCE_X1Y60         BUFH (Prop_bufh_I_O)         0.103     3.321 r  mig_inst/u_vc707_mig_mig/u_ddr3_infrastructure/u_bufh_pll_clk3/O
                         net (fo=1, routed)           0.804     4.125    mig_inst/u_vc707_mig_mig/u_ddr3_infrastructure/pll_clk3
    MMCME2_ADV_X1Y5      MMCME2_ADV (Prop_mmcme2_adv_CLKIN1_CLKFBOUT)
                                                     -3.373     0.752 r  mig_inst/u_vc707_mig_mig/u_ddr3_infrastructure/gen_ui_extra_clocks.mmcm_i/CLKFBOUT
                         net (fo=1, routed)           1.697     2.449    mig_inst/u_vc707_mig_mig/u_ddr3_infrastructure/clk_pll_i
    BUFGCTRL_X0Y16       BUFG (Prop_bufg_I_O)         0.093     2.542 r  mig_inst/u_vc707_mig_mig/u_ddr3_infrastructure/u_bufg_clkdiv0/O
                         net (fo=19598, routed)       1.952     4.494    ui_clk
    MMCME2_ADV_X1Y0      MMCME2_ADV (Prop_mmcme2_adv_CLKIN1_CLKOUT0)
                                                     -4.520    -0.026 r  soc_clock_mmcm_inst/CLKOUT0
                         net (fo=1, routed)           2.477     2.451    soc_mmcm_clk_unbuf
    BUFGCTRL_X0Y1        BUFG (Prop_bufg_I_O)         0.093     2.544 r  soc_clock_bufg_inst/O
                         net (fo=45272, routed)       1.580     4.124    <hidden>
    SLICE_X184Y267       FDRE                                         r  <hidden>
                         clock pessimism             -0.224     3.900    
    SLICE_X184Y267       FDRE (Hold_fdre_C_D)         0.152     4.052    <hidden>
  -------------------------------------------------------------------
                         data arrival                           4.063    
                         clock arrival                          4.052    
  -------------------------------------------------------------------
                         relative delay                         0.011    



Id: 10
set_bus_skew -from [get_cells [list {ddr_clock_converter_inst/inst/gen_clock_conv.gen_async_conv.asyncfifo_axi/inst_fifo_gen/gaxi_full_lite.gwrite_ch.gwrch2.axi_wrch/grf.rf/gntv_or_sync_fifo.gcx.clkx/wr_pntr_cdc_inst/src_gray_ff_reg[0]} {ddr_clock_converter_inst/inst/gen_clock_conv.gen_async_conv.asyncfifo_axi/inst_fifo_gen/gaxi_full_lite.gwrite_ch.gwrch2.axi_wrch/grf.rf/gntv_or_sync_fifo.gcx.clkx/wr_pntr_cdc_inst/src_gray_ff_reg[1]} {ddr_clock_converter_inst/inst/gen_clock_conv.gen_async_conv.asyncfifo_axi/inst_fifo_gen/gaxi_full_lite.gwrite_ch.gwrch2.axi_wrch/grf.rf/gntv_or_sync_fifo.gcx.clkx/wr_pntr_cdc_inst/src_gray_ff_reg[2]} {ddr_clock_converter_inst/inst/gen_clock_conv.gen_async_conv.asyncfifo_axi/inst_fifo_gen/gaxi_full_lite.gwrite_ch.gwrch2.axi_wrch/grf.rf/gntv_or_sync_fifo.gcx.clkx/wr_pntr_cdc_inst/src_gray_ff_reg[3]}]] -to [get_cells [list {ddr_clock_converter_inst/inst/gen_clock_conv.gen_async_conv.asyncfifo_axi/inst_fifo_gen/gaxi_full_lite.gwrite_ch.gwrch2.axi_wrch/grf.rf/gntv_or_sync_fifo.gcx.clkx/wr_pntr_cdc_inst/dest_graysync_ff_reg[0][0]} {ddr_clock_converter_inst/inst/gen_clock_conv.gen_async_conv.asyncfifo_axi/inst_fifo_gen/gaxi_full_lite.gwrite_ch.gwrch2.axi_wrch/grf.rf/gntv_or_sync_fifo.gcx.clkx/wr_pntr_cdc_inst/dest_graysync_ff_reg[0][1]} {ddr_clock_converter_inst/inst/gen_clock_conv.gen_async_conv.asyncfifo_axi/inst_fifo_gen/gaxi_full_lite.gwrite_ch.gwrch2.axi_wrch/grf.rf/gntv_or_sync_fifo.gcx.clkx/wr_pntr_cdc_inst/dest_graysync_ff_reg[0][2]} {ddr_clock_converter_inst/inst/gen_clock_conv.gen_async_conv.asyncfifo_axi/inst_fifo_gen/gaxi_full_lite.gwrite_ch.gwrch2.axi_wrch/grf.rf/gntv_or_sync_fifo.gcx.clkx/wr_pntr_cdc_inst/dest_graysync_ff_reg[0][3]}]] 5.000
Requirement: 5.000ns
Endpoints: 4

From Clock            To Clock              Endpoint Pin                    Reference Pin                   Corner  Actual(ns)  Slack(ns)
--------------------  --------------------  ------------------------------  ------------------------------  ------  ----------  ---------
clk_pll_i             soc_mmcm_clk_unbuf    ddr_clock_converter_inst/inst/gen_clock_conv.gen_async_conv.asyncfifo_axi/inst_fifo_gen/gaxi_full_lite.gwrite_ch.gwrch2.axi_wrch/grf.rf/gntv_or_sync_fifo.gcx.clkx/wr_pntr_cdc_inst/dest_graysync_ff_reg[0][3]/D
                                                                            ddr_clock_converter_inst/inst/gen_clock_conv.gen_async_conv.asyncfifo_axi/inst_fifo_gen/gaxi_full_lite.gwrite_ch.gwrch2.axi_wrch/grf.rf/gntv_or_sync_fifo.gcx.clkx/wr_pntr_cdc_inst/dest_graysync_ff_reg[0][0]/D
                                                                                                            Slow         0.588      4.412


Slack (MET) :             4.412ns  (requirement - actual skew)
  Endpoint Source:        <hidden>
                            (rising edge-triggered cell FDRE clocked by clk_pll_i)
  Endpoint Destination:   <hidden>
                            (rising edge-triggered cell FDRE clocked by soc_mmcm_clk_unbuf)
  Reference Source:       <hidden>
                            (rising edge-triggered cell FDRE clocked by clk_pll_i)
  Reference Destination:  <hidden>
                            (rising edge-triggered cell FDRE clocked by soc_mmcm_clk_unbuf)
  Path Type:              Bus Skew (Max at Slow Process Corner)
  Requirement:            5.000ns
  Endpoint Relative Delay:    0.949ns
  Reference Relative Delay:   0.069ns
  Relative CRPR:              0.292ns
  Actual Bus Skew:            0.588ns  (Endpoint Relative Delay - Reference Relative Delay - Relative CRPR)

Endpoint path:
    Location             Delay type                Incr(ns)  Path(ns)    Netlist Resource(s)
  -------------------------------------------------------------------    -------------------
                         (clock clk_pll_i rise edge)
                                                      0.000     0.000 r  
    E19                                               0.000     0.000 r  sys_clk_p (IN)
                         net (fo=0)                   0.000     0.000    mig_inst/u_vc707_mig_mig/u_ddr3_clk_ibuf/sys_clk_p
    E19                  IBUFDS (Prop_ibufds_I_O)     0.880     0.880 r  mig_inst/u_vc707_mig_mig/u_ddr3_clk_ibuf/diff_input_clk.u_ibufg_sys_clk/O
                         net (fo=3, routed)           1.098     1.978    mig_inst/u_vc707_mig_mig/u_ddr3_infrastructure/out
    PLLE2_ADV_X1Y5       PLLE2_ADV (Prop_plle2_adv_CLKIN1_CLKOUT3)
                                                      0.077     2.055 r  mig_inst/u_vc707_mig_mig/u_ddr3_infrastructure/plle2_i/CLKOUT3
                         net (fo=1, routed)           1.163     3.218    mig_inst/u_vc707_mig_mig/u_ddr3_infrastructure/pll_clk3_out
    BUFHCE_X1Y60         BUFH (Prop_bufh_I_O)         0.103     3.321 r  mig_inst/u_vc707_mig_mig/u_ddr3_infrastructure/u_bufh_pll_clk3/O
                         net (fo=1, routed)           0.804     4.125    mig_inst/u_vc707_mig_mig/u_ddr3_infrastructure/pll_clk3
    MMCME2_ADV_X1Y5      MMCME2_ADV (Prop_mmcme2_adv_CLKIN1_CLKFBOUT)
                                                     -3.373     0.752 r  mig_inst/u_vc707_mig_mig/u_ddr3_infrastructure/gen_ui_extra_clocks.mmcm_i/CLKFBOUT
                         net (fo=1, routed)           1.697     2.449    mig_inst/u_vc707_mig_mig/u_ddr3_infrastructure/clk_pll_i
    BUFGCTRL_X0Y16       BUFG (Prop_bufg_I_O)         0.093     2.542 r  mig_inst/u_vc707_mig_mig/u_ddr3_infrastructure/u_bufg_clkdiv0/O
                         net (fo=19598, routed)       1.437     3.979    <hidden>
    SLICE_X156Y275       FDRE                                         r  <hidden>
  -------------------------------------------------------------------    -------------------
    SLICE_X156Y275       FDRE (Prop_fdre_C_Q)         0.236     4.215 r  <hidden>
                         net (fo=1, routed)           0.465     4.680    <hidden>
    SLICE_X157Y275       FDRE                                         r  <hidden>
  -------------------------------------------------------------------    -------------------

                         (clock soc_mmcm_clk_unbuf rise edge)
                                                      0.000     0.000 r  
    E19                                               0.000     0.000 r  sys_clk_p (IN)
                         net (fo=0)                   0.000     0.000    mig_inst/u_vc707_mig_mig/u_ddr3_clk_ibuf/sys_clk_p
    E19                  IBUFDS (Prop_ibufds_I_O)     0.783     0.783 r  mig_inst/u_vc707_mig_mig/u_ddr3_clk_ibuf/diff_input_clk.u_ibufg_sys_clk/O
                         net (fo=3, routed)           1.001     1.784    mig_inst/u_vc707_mig_mig/u_ddr3_infrastructure/out
    PLLE2_ADV_X1Y5       PLLE2_ADV (Prop_plle2_adv_CLKIN1_CLKOUT3)
                                                      0.073     1.857 r  mig_inst/u_vc707_mig_mig/u_ddr3_infrastructure/plle2_i/CLKOUT3
                         net (fo=1, routed)           1.051     2.908    mig_inst/u_vc707_mig_mig/u_ddr3_infrastructure/pll_clk3_out
    BUFHCE_X1Y60         BUFH (Prop_bufh_I_O)         0.066     2.974 r  mig_inst/u_vc707_mig_mig/u_ddr3_infrastructure/u_bufh_pll_clk3/O
                         net (fo=1, routed)           0.735     3.709    mig_inst/u_vc707_mig_mig/u_ddr3_infrastructure/pll_clk3
    MMCME2_ADV_X1Y5      MMCME2_ADV (Prop_mmcme2_adv_CLKIN1_CLKFBOUT)
                                                     -3.040     0.669 r  mig_inst/u_vc707_mig_mig/u_ddr3_infrastructure/gen_ui_extra_clocks.mmcm_i/CLKFBOUT
                         net (fo=1, routed)           1.566     2.235    mig_inst/u_vc707_mig_mig/u_ddr3_infrastructure/clk_pll_i
    BUFGCTRL_X0Y16       BUFG (Prop_bufg_I_O)         0.083     2.318 r  mig_inst/u_vc707_mig_mig/u_ddr3_infrastructure/u_bufg_clkdiv0/O
                         net (fo=19598, routed)       1.791     4.109    ui_clk
    MMCME2_ADV_X1Y0      MMCME2_ADV (Prop_mmcme2_adv_CLKIN1_CLKOUT0)
                                                     -4.216    -0.107 r  soc_clock_mmcm_inst/CLKOUT0
                         net (fo=1, routed)           2.344     2.237    soc_mmcm_clk_unbuf
    BUFGCTRL_X0Y1        BUFG (Prop_bufg_I_O)         0.083     2.320 r  soc_clock_bufg_inst/O
                         net (fo=45272, routed)       1.272     3.592    <hidden>
    SLICE_X157Y275       FDRE                                         r  <hidden>
                         clock pessimism              0.224     3.816    
    SLICE_X157Y275       FDRE (Setup_fdre_C_D)       -0.085     3.731    <hidden>
  -------------------------------------------------------------------
                         data arrival                           4.680    
                         clock arrival                          3.731    
  -------------------------------------------------------------------
                         relative delay                         0.949    

Reference path:
    Location             Delay type                Incr(ns)  Path(ns)    Netlist Resource(s)
  -------------------------------------------------------------------    -------------------
                         (clock clk_pll_i rise edge)
                                                      0.000     0.000 r  
    E19                                               0.000     0.000 r  sys_clk_p (IN)
                         net (fo=0)                   0.000     0.000    mig_inst/u_vc707_mig_mig/u_ddr3_clk_ibuf/sys_clk_p
    E19                  IBUFDS (Prop_ibufds_I_O)     0.783     0.783 r  mig_inst/u_vc707_mig_mig/u_ddr3_clk_ibuf/diff_input_clk.u_ibufg_sys_clk/O
                         net (fo=3, routed)           1.001     1.784    mig_inst/u_vc707_mig_mig/u_ddr3_infrastructure/out
    PLLE2_ADV_X1Y5       PLLE2_ADV (Prop_plle2_adv_CLKIN1_CLKOUT3)
                                                      0.073     1.857 r  mig_inst/u_vc707_mig_mig/u_ddr3_infrastructure/plle2_i/CLKOUT3
                         net (fo=1, routed)           1.051     2.908    mig_inst/u_vc707_mig_mig/u_ddr3_infrastructure/pll_clk3_out
    BUFHCE_X1Y60         BUFH (Prop_bufh_I_O)         0.066     2.974 r  mig_inst/u_vc707_mig_mig/u_ddr3_infrastructure/u_bufh_pll_clk3/O
                         net (fo=1, routed)           0.735     3.709    mig_inst/u_vc707_mig_mig/u_ddr3_infrastructure/pll_clk3
    MMCME2_ADV_X1Y5      MMCME2_ADV (Prop_mmcme2_adv_CLKIN1_CLKFBOUT)
                                                     -3.040     0.669 r  mig_inst/u_vc707_mig_mig/u_ddr3_infrastructure/gen_ui_extra_clocks.mmcm_i/CLKFBOUT
                         net (fo=1, routed)           1.566     2.235    mig_inst/u_vc707_mig_mig/u_ddr3_infrastructure/clk_pll_i
    BUFGCTRL_X0Y16       BUFG (Prop_bufg_I_O)         0.083     2.318 r  mig_inst/u_vc707_mig_mig/u_ddr3_infrastructure/u_bufg_clkdiv0/O
                         net (fo=19598, routed)       1.272     3.590    <hidden>
    SLICE_X158Y277       FDRE                                         r  <hidden>
  -------------------------------------------------------------------    -------------------
    SLICE_X158Y277       FDRE (Prop_fdre_C_Q)         0.206     3.796 r  <hidden>
                         net (fo=1, routed)           0.152     3.948    <hidden>
    SLICE_X157Y277       FDRE                                         r  <hidden>
  -------------------------------------------------------------------    -------------------

                         (clock soc_mmcm_clk_unbuf rise edge)
                                                      0.000     0.000 r  
    E19                                               0.000     0.000 r  sys_clk_p (IN)
                         net (fo=0)                   0.000     0.000    mig_inst/u_vc707_mig_mig/u_ddr3_clk_ibuf/sys_clk_p
    E19                  IBUFDS (Prop_ibufds_I_O)     0.880     0.880 r  mig_inst/u_vc707_mig_mig/u_ddr3_clk_ibuf/diff_input_clk.u_ibufg_sys_clk/O
                         net (fo=3, routed)           1.098     1.978    mig_inst/u_vc707_mig_mig/u_ddr3_infrastructure/out
    PLLE2_ADV_X1Y5       PLLE2_ADV (Prop_plle2_adv_CLKIN1_CLKOUT3)
                                                      0.077     2.055 r  mig_inst/u_vc707_mig_mig/u_ddr3_infrastructure/plle2_i/CLKOUT3
                         net (fo=1, routed)           1.163     3.218    mig_inst/u_vc707_mig_mig/u_ddr3_infrastructure/pll_clk3_out
    BUFHCE_X1Y60         BUFH (Prop_bufh_I_O)         0.103     3.321 r  mig_inst/u_vc707_mig_mig/u_ddr3_infrastructure/u_bufh_pll_clk3/O
                         net (fo=1, routed)           0.804     4.125    mig_inst/u_vc707_mig_mig/u_ddr3_infrastructure/pll_clk3
    MMCME2_ADV_X1Y5      MMCME2_ADV (Prop_mmcme2_adv_CLKIN1_CLKFBOUT)
                                                     -3.373     0.752 r  mig_inst/u_vc707_mig_mig/u_ddr3_infrastructure/gen_ui_extra_clocks.mmcm_i/CLKFBOUT
                         net (fo=1, routed)           1.697     2.449    mig_inst/u_vc707_mig_mig/u_ddr3_infrastructure/clk_pll_i
    BUFGCTRL_X0Y16       BUFG (Prop_bufg_I_O)         0.093     2.542 r  mig_inst/u_vc707_mig_mig/u_ddr3_infrastructure/u_bufg_clkdiv0/O
                         net (fo=19598, routed)       1.952     4.494    ui_clk
    MMCME2_ADV_X1Y0      MMCME2_ADV (Prop_mmcme2_adv_CLKIN1_CLKOUT0)
                                                     -4.520    -0.026 r  soc_clock_mmcm_inst/CLKOUT0
                         net (fo=1, routed)           2.477     2.451    soc_mmcm_clk_unbuf
    BUFGCTRL_X0Y1        BUFG (Prop_bufg_I_O)         0.093     2.544 r  soc_clock_bufg_inst/O
                         net (fo=45272, routed)       1.442     3.986    <hidden>
    SLICE_X157Y277       FDRE                                         r  <hidden>
                         clock pessimism             -0.224     3.762    
    SLICE_X157Y277       FDRE (Hold_fdre_C_D)         0.117     3.879    <hidden>
  -------------------------------------------------------------------
                         data arrival                           3.948    
                         clock arrival                          3.879    
  -------------------------------------------------------------------
                         relative delay                         0.069    



